{
"type": "FeatureCollection",
"name": "capas_diales_comparativo",
"crs": { "type": "name", "properties": { "name": "urn:ogc:def:crs:OGC:1.3:CRS84" } },
"features": [
{ "type": "Feature", "properties": { "Dialgeo": 201002, "Dial": 1, "VERSION": "Capa actual", "ID_MAPA": "actual_1", "layer": "Capa actual", "path": "C:\\Users\\said.calderon\\Downloads\\Capa actual.geojson" }, "geometry": { "type": "MultiPolygon", "coordinates": [ [ [ [ -88.060199539915544, 15.484119810399742 ], [ -88.055860369413949, 15.46061002030331 ], [ -88.080966330364717, 15.460309899143232 ], [ -88.094599849429713, 15.458962718356487 ], [ -88.098760867933407, 15.45851251661311 ], [ -88.100979007508755, 15.461862274729002 ], [ -88.103756068818029, 15.481206087717958 ], [ -88.118976462600273, 15.493405160734481 ], [ -88.139521871667, 15.497603908764168 ], [ -88.145725420450049, 15.499636925534775 ], [ -88.150514771625851, 15.500620482535226 ], [ -88.154464353814348, 15.500196521309109 ], [ -88.157370599050651, 15.499172898745227 ], [ -88.165882294213503, 15.496304588660406 ], [ -88.173776617944014, 15.49464934922824 ], [ -88.178103308948437, 15.495047197120915 ], [ -88.186554968912205, 15.496940552167301 ], [ -88.186178335414581, 15.50878921334029 ], [ -88.182124642880368, 15.519985487247409 ], [ -88.177441747316806, 15.539592196915001 ], [ -88.171830854278127, 15.546419795991222 ], [ -88.164961242220627, 15.553994799949916 ], [ -88.153524758390219, 15.562467291578258 ], [ -88.148213410947974, 15.567868244907046 ], [ -88.139042468840586, 15.572956086228238 ], [ -88.117580043390333, 15.569752199737225 ], [ -88.11100357686567, 15.562649766262567 ], [ -88.105151989869626, 15.559119247084668 ], [ -88.102539701545084, 15.555362967122752 ], [ -88.097871036703197, 15.545448921852852 ], [ -88.100358762995427, 15.537122387304777 ], [ -88.104519722994965, 15.525848071947603 ], [ -88.103417789047427, 15.517055364450293 ], [ -88.096606687364471, 15.506040330971066 ], [ -88.082810876949523, 15.490762503468382 ], [ -88.069242527523272, 15.484852156505813 ], [ -88.065265469970385, 15.48450470635454 ], [ -88.060199539915544, 15.484119810399742 ] ] ] ] } },
{ "type": "Feature", "properties": { "Dialgeo": 201014, "Dial": 8, "VERSION": "Capa actual", "ID_MAPA": "actual_2", "layer": "Capa actual", "path": "C:\\Users\\said.calderon\\Downloads\\Capa actual.geojson" }, "geometry": { "type": "MultiPolygon", "coordinates": [ [ [ [ -87.972744630042627, 15.430325187297786 ], [ -87.976214084275654, 15.431621137002182 ], [ -87.977211552367635, 15.4315793322993 ], [ -87.978187336370667, 15.430764138910256 ], [ -87.978230704548579, 15.429029229502634 ], [ -87.978057231836928, 15.427921388199378 ], [ -87.978187336370652, 15.427210694439452 ], [ -87.978555965882919, 15.426667221099255 ], [ -87.978772806772483, 15.426374581019161 ], [ -87.979271540818488, 15.426332775259766 ], [ -87.979813643042377, 15.426416386770139 ], [ -87.98065932251167, 15.426834443816986 ], [ -87.984325288800761, 15.426395483895597 ], [ -87.985452861426495, 15.426646318249965 ], [ -87.987014113490218, 15.427733263247969 ], [ -87.987186233287503, 15.430576016904283 ], [ -87.987316337821241, 15.432039183567895 ], [ -87.987924847567498, 15.433209709472333 ], [ -87.989702942861939, 15.433920382693552 ], [ -87.991481038156351, 15.43337692691979 ], [ -87.994039760653195, 15.431579332299201 ], [ -87.995168084704545, 15.44269641651753 ], [ -87.990256848872619, 15.443020939330751 ], [ -87.986565329628078, 15.442834028985464 ], [ -87.982546337138345, 15.44312079567595 ], [ -87.980015303167576, 15.443657994530918 ], [ -87.974790905998844, 15.4448358185508 ], [ -87.972022662854172, 15.44578921939025 ], [ -87.964829937573654, 15.448321442005691 ], [ -87.962748265033852, 15.437661828046547 ], [ -87.961924269653494, 15.43373226354838 ], [ -87.962683212766947, 15.433878578453873 ], [ -87.964526360328222, 15.434171207955385 ], [ -87.964764885306735, 15.434108501668369 ], [ -87.965046778566105, 15.433774067649969 ], [ -87.964938358018415, 15.432937980832959 ], [ -87.964526360328222, 15.432039183567893 ], [ -87.964331203527607, 15.431098577611008 ], [ -87.964613096684047, 15.429698111955553 ], [ -87.965111830730038, 15.428820203294128 ], [ -87.966998346469225, 15.42930096325906 ], [ -87.969014966742165, 15.429196450317914 ], [ -87.972744630042627, 15.430325187297786 ] ] ] ] } },
{ "type": "Feature", "properties": { "Dialgeo": 201024, "Dial": 11, "VERSION": "Capa actual", "ID_MAPA": "actual_3", "layer": "Capa actual", "path": "C:\\Users\\said.calderon\\Downloads\\Capa actual.geojson" }, "geometry": { "type": "MultiPolygon", "coordinates": [ [ [ [ -88.009220646603438, 15.277661578596241 ], [ -88.009828715275503, 15.274725641504551 ], [ -88.010050853325865, 15.270427849485088 ], [ -88.011083454572869, 15.258540531404311 ], [ -88.012124290842763, 15.248331477687666 ], [ -88.012240472773343, 15.244519641877199 ], [ -88.013782787140002, 15.24446996702379 ], [ -88.061657659199625, 15.243370530274278 ], [ -88.060131387732966, 15.254222450085715 ], [ -88.057652931735959, 15.264362694370401 ], [ -88.045649004562947, 15.266465188380803 ], [ -88.03843720941066, 15.284044698375366 ], [ -88.023681136114519, 15.284010342216657 ], [ -88.013392872248588, 15.283595395785548 ], [ -88.005729949087524, 15.281818266291651 ], [ -88.008603492303692, 15.278699604489482 ], [ -88.009220646603438, 15.277661578596241 ] ] ] ] } },
{ "type": "Feature", "properties": { "Dialgeo": 201030, "Dial": 12, "VERSION": "Capa actual", "ID_MAPA": "actual_4", "layer": "Capa actual", "path": "C:\\Users\\said.calderon\\Downloads\\Capa actual.geojson" }, "geometry": { "type": "MultiPolygon", "coordinates": [ [ [ [ -87.93759406706539, 15.36165759422679 ], [ -87.938660755215849, 15.362625897320834 ], [ -87.947073346041776, 15.368661152254013 ], [ -87.950726905786226, 15.370202400941444 ], [ -87.956357196278248, 15.373267495102796 ], [ -87.947258593578667, 15.37859729595008 ], [ -87.943989887614194, 15.379821374442814 ], [ -87.941809821320518, 15.380435705584533 ], [ -87.941033648775644, 15.381195360848448 ], [ -87.938856946783247, 15.382566023451387 ], [ -87.936224633625628, 15.3866615284698 ], [ -87.934442028601964, 15.389013779511565 ], [ -87.931172068769683, 15.39001077383509 ], [ -87.928052969986922, 15.389872529961867 ], [ -87.925861462824003, 15.388734457238183 ], [ -87.915710920533101, 15.384331916464028 ], [ -87.917452611235205, 15.379709258129186 ], [ -87.918565330856325, 15.37750731358523 ], [ -87.921979439650642, 15.373862593796471 ], [ -87.929158264488279, 15.367310041661572 ], [ -87.931761583621622, 15.364783195452349 ], [ -87.935220636735622, 15.36257521655893 ], [ -87.93759406706539, 15.36165759422679 ] ] ] ] } },
{ "type": "Feature", "properties": { "Dialgeo": 201032, "Dial": 10, "VERSION": "Capa actual", "ID_MAPA": "actual_5", "layer": "Capa actual", "path": "C:\\Users\\said.calderon\\Downloads\\Capa actual.geojson" }, "geometry": { "type": "MultiPolygon", "coordinates": [ [ [ [ -87.806910138727503, 15.574455055576218 ], [ -87.804568257120238, 15.570528092769175 ], [ -87.801532484666367, 15.567018828506354 ], [ -87.799017130347437, 15.564010840050452 ], [ -87.798670184924134, 15.561420592522964 ], [ -87.799277339414928, 15.559749447779231 ], [ -87.800404912040648, 15.557660497763695 ], [ -87.803440684494504, 15.555905763363985 ], [ -87.81324189270272, 15.554652372490564 ], [ -87.815236828886682, 15.553566094226674 ], [ -87.816364401512402, 15.551560642372214 ], [ -87.816451137868228, 15.543622203767738 ], [ -87.815757247021637, 15.535934161096947 ], [ -87.812894947279418, 15.531839325657625 ], [ -87.808731602199828, 15.529415813307176 ], [ -87.806736666015851, 15.528412972277902 ], [ -87.805782566101769, 15.526825130673837 ], [ -87.805175411611003, 15.522395823691667 ], [ -87.806649929660026, 15.520306494932907 ], [ -87.809078547623116, 15.519637905261341 ], [ -87.810639802027964, 15.519220035616421 ], [ -87.813415365414372, 15.520473642012266 ], [ -87.81497661981922, 15.523315121641913 ], [ -87.820354273880355, 15.529415813307178 ], [ -87.832670836407502, 15.532507875775305 ], [ -87.837400262896566, 15.533641290722963 ], [ -87.844159086862177, 15.534843276159043 ], [ -87.845367486305804, 15.563458278272638 ], [ -87.832884646175444, 15.578522013860253 ], [ -87.823217480295867, 15.589505721082602 ], [ -87.820549326492483, 15.59191199680159 ], [ -87.815161325623563, 15.597680528880442 ], [ -87.80584363809507, 15.609816988652993 ], [ -87.799678733522555, 15.617012147323807 ], [ -87.796629390730956, 15.620194896503129 ], [ -87.788273792178373, 15.616234885767092 ], [ -87.782892139803522, 15.612506071828573 ], [ -87.772492068531733, 15.606646009806569 ], [ -87.766690078007528, 15.603675700464514 ], [ -87.766870068063838, 15.60239616521347 ], [ -87.766786524021413, 15.601219861851805 ], [ -87.766595802569654, 15.599609103469495 ], [ -87.765159503479211, 15.5965958840564 ], [ -87.764573701325034, 15.595191122417686 ], [ -87.764834101818593, 15.594243824322572 ], [ -87.765623631945402, 15.593652778781603 ], [ -87.766573776669219, 15.593675046792864 ], [ -87.768133085169637, 15.594283481329629 ], [ -87.769482422590883, 15.595199577084099 ], [ -87.772393788660395, 15.59744024498913 ], [ -87.77699125632715, 15.598881996840765 ], [ -87.780077924359631, 15.598589706543654 ], [ -87.782263226332802, 15.597226303194939 ], [ -87.784358686213039, 15.594673548508229 ], [ -87.78513931341547, 15.591749509414649 ], [ -87.781236177403343, 15.585567118243993 ], [ -87.779935132065958, 15.580721330215468 ], [ -87.776986095967928, 15.576460284247341 ], [ -87.7748176870723, 15.575290569899819 ], [ -87.772649278176672, 15.574371503957078 ], [ -87.77178191461843, 15.573535985897934 ], [ -87.771608441906778, 15.571614281475211 ], [ -87.773343169023278, 15.569274790978502 ], [ -87.7748176870723, 15.568355698143881 ], [ -87.776725886900451, 15.567353046730442 ], [ -87.778981032151904, 15.567269492225334 ], [ -87.780021868421798, 15.568021481549215 ], [ -87.780889231980026, 15.570360986305115 ], [ -87.780975968335866, 15.572533359744558 ], [ -87.786353622397016, 15.578298393343728 ], [ -87.796415039672695, 15.584313908159832 ], [ -87.800331356601461, 15.583748223587291 ], [ -87.803718079270396, 15.581718855656892 ], [ -87.804988628599133, 15.580680487353813 ], [ -87.806563193304228, 15.577880642719903 ], [ -87.806910138727503, 15.574455055576218 ] ] ] ] } },
{ "type": "Feature", "properties": { "Dialgeo": 201036, "Dial": 8, "VERSION": "Capa actual", "ID_MAPA": "actual_6", "layer": "Capa actual", "path": "C:\\Users\\said.calderon\\Downloads\\Capa actual.geojson" }, "geometry": { "type": "MultiPolygon", "coordinates": [ [ [ [ -88.01289189153897, 15.418722613374515 ], [ -88.013533788800103, 15.418887764728105 ], [ -88.014088972567649, 15.41903650213855 ], [ -88.01459299316393, 15.419353550994042 ], [ -88.014855130795766, 15.41954445344737 ], [ -88.015131602929969, 15.419758714878462 ], [ -88.015358220890093, 15.419938331352752 ], [ -88.015641179020449, 15.420103623059445 ], [ -88.01579838866536, 15.420276076935174 ], [ -88.01593391422135, 15.420391046106124 ], [ -88.016270017600164, 15.420735953237172 ], [ -88.016421806222851, 15.420986794427311 ], [ -88.016562752801079, 15.421268990404126 ], [ -88.016866330046454, 15.421875187872756 ], [ -88.016942224357805, 15.422073769417413 ], [ -88.017061486847069, 15.4225545450024 ], [ -88.017115697069457, 15.42292035176718 ], [ -88.017202433425297, 15.423432480155434 ], [ -88.017245801603195, 15.423693769662906 ], [ -88.017310853870057, 15.424017768195608 ], [ -88.017321695914532, 15.424205896143929 ], [ -88.01747348453722, 15.424832988074119 ], [ -88.017820429960508, 15.425397369192178 ], [ -88.018026428805598, 15.425731816538308 ], [ -88.0181782174283, 15.425899040009364 ], [ -88.018454689562489, 15.426249163715729 ], [ -88.018595636140702, 15.426515675394988 ], [ -88.018866687252668, 15.426719478213016 ], [ -88.019056423031031, 15.427001666400042 ], [ -88.019598525254949, 15.427299531292489 ], [ -88.019864155344663, 15.427461527808983 ], [ -88.020097259300925, 15.42762874988698 ], [ -88.020411678590804, 15.427764617726183 ], [ -88.020845360369947, 15.427963193638918 ], [ -88.021203147837696, 15.428140866663009 ], [ -88.021186884770998, 15.428229703118028 ], [ -88.021447093838461, 15.428334216545862 ], [ -88.02165309268355, 15.428407375914038 ], [ -88.021804881306238, 15.428470083923385 ], [ -88.021956669928926, 15.428511889252425 ], [ -88.022162668774016, 15.428585048557997 ], [ -88.022390351708054, 15.428626853863889 ], [ -88.02259635055313, 15.428626853863882 ], [ -88.023008348243309, 15.428647756513675 ], [ -88.023311925488699, 15.428679110484417 ], [ -88.023528766378263, 15.428741818411686 ], [ -88.02391907997945, 15.428720915771372 ], [ -88.024396129936491, 15.428616402538207 ], [ -88.024656339003954, 15.428888136834983 ], [ -88.025458650295349, 15.429661532502125 ], [ -88.024764759448757, 15.430246802983614 ], [ -88.024461182203353, 15.430581242517878 ], [ -88.023138452777033, 15.431605460239593 ], [ -88.022769823264781, 15.431981702215044 ], [ -88.022401193752515, 15.432399748054545 ], [ -88.021728986994873, 15.433131326247562 ], [ -88.021718144950412, 15.433920382693644 ], [ -88.021718144950412, 15.434589249384615 ], [ -88.02165309268355, 15.435268564911015 ], [ -88.021620566550112, 15.43559777086614 ], [ -88.020705454443799, 15.435721107204332 ], [ -88.020551003444254, 15.436149946109568 ], [ -88.0204591948863, 15.436411887549211 ], [ -88.020372653029682, 15.436764725461206 ], [ -88.020330363257202, 15.437196763790297 ], [ -88.019364728818729, 15.438745576955258 ], [ -88.018101690322695, 15.438813848057984 ], [ -88.017853891141669, 15.442861238038736 ], [ -88.020638630818652, 15.442925330719353 ], [ -88.02217339070576, 15.448761774157077 ], [ -88.022719505689622, 15.451008237595994 ], [ -88.023345473870506, 15.453369662317359 ], [ -88.024562430433221, 15.45499791527574 ], [ -88.025761479045514, 15.45701068387071 ], [ -88.024685158032796, 15.457285972564897 ], [ -88.023148032496096, 15.457560981196798 ], [ -88.020454823887576, 15.458015505401681 ], [ -88.01912689632006, 15.45831171992053 ], [ -88.013077035501269, 15.458499816768267 ], [ -88.010041263047412, 15.458562515679567 ], [ -88.009716289948969, 15.456162242518596 ], [ -88.009549586773872, 15.453694730006481 ], [ -88.009434108556661, 15.452668735090834 ], [ -88.009364656142608, 15.451900713758791 ], [ -88.00688426561814, 15.445354919063535 ], [ -88.00295056595877, 15.438853223857171 ], [ -88.000955629774793, 15.435843368619487 ], [ -87.999828057149074, 15.433335122570659 ], [ -87.999502795814706, 15.430617821809241 ], [ -87.99943774354783, 15.429593599214359 ], [ -87.999459427636808, 15.428799300661701 ], [ -87.999416059458881, 15.428297636852101 ], [ -87.999372691280982, 15.427189791644992 ], [ -87.999524479903684, 15.426249163715735 ], [ -88.000001529860711, 15.425413046423554 ], [ -88.001627836532421, 15.423531770206996 ], [ -88.001757941066174, 15.419643745357547 ], [ -88.005488959622127, 15.420145430072631 ], [ -88.008849993410365, 15.419330191795126 ], [ -88.009564213090428, 15.419100252215468 ], [ -88.010679831440584, 15.418911798583721 ], [ -88.011354896973259, 15.418770060605585 ], [ -88.011744805612366, 15.418780890982255 ], [ -88.012367951213747, 15.418651992404126 ], [ -88.01289189153897, 15.418722613374515 ] ] ] ] } },
{ "type": "Feature", "properties": { "Dialgeo": 201050, "Dial": 15, "VERSION": "Capa actual", "ID_MAPA": "actual_7", "layer": "Capa actual", "path": "C:\\Users\\said.calderon\\Downloads\\Capa actual.geojson" }, "geometry": { "type": "MultiPolygon", "coordinates": [ [ [ [ -87.98451374185835, 15.346877138139796 ], [ -87.988055185512451, 15.348479050857335 ], [ -87.989692725371413, 15.349312927335822 ], [ -87.989421916308402, 15.350802293155576 ], [ -87.990459386279042, 15.352590853619777 ], [ -87.991274142188615, 15.354960503923394 ], [ -87.991821422297548, 15.360807291981098 ], [ -87.993911510223867, 15.363218347066246 ], [ -87.997964580754243, 15.364639219585268 ], [ -88.036648995452296, 15.374382623332943 ], [ -88.038123513501318, 15.379860474311609 ], [ -88.01548532463093, 15.383080212630256 ], [ -88.003645812060796, 15.385338181236024 ], [ -88.000913616852316, 15.384125571509957 ], [ -87.997704371686766, 15.381700330874256 ], [ -87.994646915143989, 15.375407117862185 ], [ -87.9908738836656, 15.374947141349701 ], [ -87.986623802230156, 15.375114405653548 ], [ -87.983804870665821, 15.3770379354967 ], [ -87.980170255301758, 15.377534612573468 ], [ -87.977265911051802, 15.377427224800655 ], [ -87.975484744220523, 15.377473215235552 ], [ -87.971785733281209, 15.377660330928478 ], [ -87.96628002560773, 15.378267650224828 ], [ -87.965032737198328, 15.378273059568311 ], [ -87.960526003130084, 15.379006092053888 ], [ -87.958881452072191, 15.375765277823618 ], [ -87.957634142749626, 15.373632538924427 ], [ -87.947352063217437, 15.368378609902784 ], [ -87.939237645362411, 15.362346129457654 ], [ -87.958087638156641, 15.355821723086049 ], [ -87.963177655672567, 15.352315328891947 ], [ -87.963677124915378, 15.346276864145899 ], [ -87.972287208829982, 15.346380787956413 ], [ -87.98451374185835, 15.346877138139796 ] ] ] ] } },
{ "type": "Feature", "properties": { "Dialgeo": 201057, "Dial": 13, "VERSION": "Capa actual", "ID_MAPA": "actual_8", "layer": "Capa actual", "path": "C:\\Users\\said.calderon\\Downloads\\Capa actual.geojson" }, "geometry": { "type": "MultiPolygon", "coordinates": [ [ [ [ -88.045856099318584, 15.267346040084336 ], [ -88.058196819022982, 15.264958837083302 ], [ -88.060457084676955, 15.254940903521328 ], [ -88.062530787714834, 15.243198445093176 ], [ -88.103855186721987, 15.196680976765897 ], [ -88.136482701196556, 15.210381132473252 ], [ -88.140216679999071, 15.219007125493482 ], [ -88.141481249965139, 15.228822114741885 ], [ -88.138632959198532, 15.232792949903272 ], [ -88.133920403399628, 15.257881857674493 ], [ -88.118118723882148, 15.258984274215184 ], [ -88.12017137493882, 15.288336009342645 ], [ -88.118377389486625, 15.307783194511762 ], [ -88.112105990950525, 15.317840509381638 ], [ -88.10025232314139, 15.339025518258621 ], [ -88.101435323630668, 15.363573226167228 ], [ -88.084774525773426, 15.363245723221564 ], [ -88.071279883162859, 15.363515616821211 ], [ -88.058625541119881, 15.363166859194168 ], [ -88.045551488375182, 15.363228581421565 ], [ -88.029101396283821, 15.362895918610608 ], [ -88.029487009574552, 15.355527930741841 ], [ -88.029537611895492, 15.333582511520436 ], [ -88.029712387134751, 15.326215480307397 ], [ -88.028405366066224, 15.317627564226381 ], [ -88.02516301216636, 15.301221870262546 ], [ -88.047207308583182, 15.293446610475147 ], [ -88.050356343915951, 15.290822986274543 ], [ -88.052537384580518, 15.288407646394067 ], [ -88.053060512216263, 15.286377855395001 ], [ -88.052875659050898, 15.284955279758877 ], [ -88.051931517849511, 15.282759847235285 ], [ -88.04059002652933, 15.280742368689204 ], [ -88.045856099318584, 15.267346040084336 ] ] ] ] } },
{ "type": "Feature", "properties": { "Dialgeo": 201058, "Dial": 13, "VERSION": "Capa actual", "ID_MAPA": "actual_9", "layer": "Capa actual", "path": "C:\\Users\\said.calderon\\Downloads\\Capa actual.geojson" }, "geometry": { "type": "MultiPolygon", "coordinates": [ [ [ [ -87.943481385880958, 15.122390173746036 ], [ -87.966011922102325, 15.133674966735516 ], [ -87.994862625061216, 15.145130444937919 ], [ -87.988826239165249, 15.160810603706516 ], [ -87.987159123720716, 15.164756892274381 ], [ -87.99050667371688, 15.165747739567362 ], [ -87.993037685475798, 15.166350473437433 ], [ -87.996042978877782, 15.167002238755932 ], [ -87.999524001776138, 15.168009942573573 ], [ -88.001950683574933, 15.168817657557463 ], [ -88.006800568787938, 15.174901121443922 ], [ -88.014779427175881, 15.186050738598203 ], [ -88.016903627703158, 15.190427321250967 ], [ -88.013948057139999, 15.204641388181006 ], [ -88.011567770330387, 15.213655406347547 ], [ -88.007412119451331, 15.226053607523012 ], [ -88.004672031158776, 15.237064228164188 ], [ -88.000651760377139, 15.235656002637851 ], [ -87.984454037060829, 15.228003433770883 ], [ -87.963394211036587, 15.217032550031647 ], [ -87.94117273963991, 15.201515548292132 ], [ -87.932630420728998, 15.198890054992594 ], [ -87.907650350251345, 15.193030801792597 ], [ -87.914155576938242, 15.180809550124428 ], [ -87.921961848962525, 15.165908711101444 ], [ -87.928995615571324, 15.153069387903528 ], [ -87.943481385880958, 15.122390173746036 ] ] ] ] } },
{ "type": "Feature", "properties": { "Dialgeo": 201060, "Dial": 11, "VERSION": "Capa actual", "ID_MAPA": "actual_10", "layer": "Capa actual", "path": "C:\\Users\\said.calderon\\Downloads\\Capa actual.geojson" }, "geometry": { "type": "MultiPolygon", "coordinates": [ [ [ [ -88.00564251471215, 15.282120605847592 ], [ -88.010192165560127, 15.283351048185763 ], [ -88.013009037671054, 15.283930995009634 ], [ -88.024737344145478, 15.284465902129536 ], [ -88.03153621785529, 15.28458814430687 ], [ -88.039149141092409, 15.284143704096291 ], [ -88.040293623582244, 15.28112027961328 ], [ -88.051533740931603, 15.28319306289162 ], [ -88.052377167575912, 15.284235381422786 ], [ -88.052775439177665, 15.285742959375964 ], [ -88.052213648549298, 15.28843079578518 ], [ -88.050326667043748, 15.290485827379499 ], [ -88.047175857553071, 15.292751379450708 ], [ -88.040291440522509, 15.29537725092589 ], [ -88.035588517967383, 15.296951922650731 ], [ -88.032483665793023, 15.298174050130649 ], [ -88.028224594348075, 15.299660254525689 ], [ -88.025430527474228, 15.300837724650712 ], [ -88.0091789119259, 15.308486992381752 ], [ -88.007365277729463, 15.310480218813169 ], [ -88.006266015244179, 15.312877350347634 ], [ -88.006002143263416, 15.315245965658557 ], [ -88.006327606900172, 15.322768679875361 ], [ -88.006773257367072, 15.323877787897741 ], [ -88.006515598413515, 15.32524647647136 ], [ -88.006084252778891, 15.327128769999829 ], [ -88.004363367407777, 15.331004055011162 ], [ -88.00377354703194, 15.333052726888999 ], [ -88.001141668664658, 15.336846367458003 ], [ -87.999438152553338, 15.339198732381336 ], [ -87.998667016995412, 15.340941823291168 ], [ -87.997898563546428, 15.343252173486812 ], [ -87.997449802966301, 15.344945382002802 ], [ -87.996771512891954, 15.347067179844313 ], [ -87.996669662170063, 15.347504645613316 ], [ -87.996653537711637, 15.3477568391961 ], [ -87.996638051264938, 15.348143494738869 ], [ -87.996483519669923, 15.348429922894294 ], [ -87.996310550591701, 15.348481119880374 ], [ -87.996051375785996, 15.34861674223424 ], [ -87.992813269063035, 15.351632770029402 ], [ -87.991697245213516, 15.352549945105013 ], [ -87.990853473580273, 15.35272623657066 ], [ -87.989550309456106, 15.350792566089735 ], [ -87.989847948873816, 15.349236751914312 ], [ -87.985459332525963, 15.347088639083761 ], [ -87.984554650874344, 15.34669724776559 ], [ -87.973266403433129, 15.346322061004113 ], [ -87.969168110620373, 15.34607112986042 ], [ -87.969124742442474, 15.345401978669443 ], [ -87.9692114787983, 15.344189136669668 ], [ -87.969233162887235, 15.343896380648719 ], [ -87.969319899243061, 15.342704441183152 ], [ -87.969897529777185, 15.337567296003972 ], [ -87.969955871430258, 15.327755074738173 ], [ -87.970190123376355, 15.325972382883421 ], [ -87.970593064553967, 15.323214079228574 ], [ -87.971750094867033, 15.322218127786627 ], [ -87.978575061389833, 15.31775702687645 ], [ -87.981035093269099, 15.318289762522944 ], [ -87.980223124669749, 15.319367582262217 ], [ -87.979995519565733, 15.322840729995466 ], [ -87.984094599738711, 15.323027329732227 ], [ -87.984693906187857, 15.320153614935416 ], [ -87.986539774111222, 15.320375669332893 ], [ -87.985549936973996, 15.318640768329621 ], [ -87.986222768046645, 15.31740368558941 ], [ -87.986008911512883, 15.315352035135415 ], [ -87.978870268079433, 15.314648062094561 ], [ -87.978961256847242, 15.311662304620013 ], [ -87.979317191389626, 15.30963800756798 ], [ -87.981291691082291, 15.309813788672628 ], [ -87.981267387677718, 15.308174748522312 ], [ -87.981509460267262, 15.307666844492173 ], [ -87.981821006791264, 15.307152001946509 ], [ -87.981986915682043, 15.30640842827658 ], [ -87.981801982939544, 15.3060641567836 ], [ -87.981359377100077, 15.305876838116996 ], [ -87.979243231104988, 15.305591973243041 ], [ -87.979654896002927, 15.300703206291564 ], [ -87.978172824507368, 15.299760711262417 ], [ -87.977977807500892, 15.299634853390167 ], [ -87.978402623230465, 15.29960064407061 ], [ -87.978974047971846, 15.299436385866267 ], [ -87.979970298836832, 15.299240609925166 ], [ -87.982711448122984, 15.298570768920788 ], [ -87.985485353674818, 15.297782128482265 ], [ -87.994118022856753, 15.292880120900572 ], [ -88.00564251471215, 15.282120605847592 ] ] ] ] } },
{ "type": "Feature", "properties": { "Dialgeo": 201061, "Dial": 12, "VERSION": "Capa actual", "ID_MAPA": "actual_11", "layer": "Capa actual", "path": "C:\\Users\\said.calderon\\Downloads\\Capa actual.geojson" }, "geometry": { "type": "MultiPolygon", "coordinates": [ [ [ [ -87.96095580334692, 15.30711368319751 ], [ -87.958038348340764, 15.30008666749217 ], [ -87.964986675709724, 15.298610235114735 ], [ -87.969421279422107, 15.297031042161883 ], [ -87.96701591381705, 15.302365215081435 ], [ -87.966880804554648, 15.306055128483969 ], [ -87.966823440562109, 15.308016832827407 ], [ -87.967149027111049, 15.308045007568996 ], [ -87.967646473013389, 15.308109919973065 ], [ -87.968640788456213, 15.308261091031641 ], [ -87.970001173082522, 15.308461094504166 ], [ -87.970586070533557, 15.30855100162589 ], [ -87.970703139162069, 15.308588311989734 ], [ -87.974217552247794, 15.308952500625702 ], [ -87.974561630675922, 15.309007851325861 ], [ -87.975355501652814, 15.309122736565893 ], [ -87.975680442122894, 15.309171743466459 ], [ -87.976317179308936, 15.309236196729602 ], [ -87.977478069904237, 15.309361387960381 ], [ -87.97893796550504, 15.309544092822668 ], [ -87.978632026742233, 15.310789241732609 ], [ -87.978461894500953, 15.311445507649296 ], [ -87.978268183439894, 15.312152301354713 ], [ -87.976605281259552, 15.312077632683012 ], [ -87.975769369396644, 15.31201194923973 ], [ -87.974886018366462, 15.311986389135479 ], [ -87.973021699369198, 15.312360091859945 ], [ -87.971332304313705, 15.31217414450292 ], [ -87.97047454040009, 15.313942738290043 ], [ -87.97024055209576, 15.313901733497699 ], [ -87.970153845316261, 15.313876897476549 ], [ -87.969963036260239, 15.313810492554705 ], [ -87.969737823356184, 15.313794661542627 ], [ -87.96911456463674, 15.313839385517547 ], [ -87.968262893605754, 15.314114110156272 ], [ -87.96812252181131, 15.314188254441165 ], [ -87.968016689629863, 15.314241238703605 ], [ -87.967926010786243, 15.314294157293421 ], [ -87.967815858614458, 15.314349261209246 ], [ -87.967727296153186, 15.31439166538544 ], [ -87.967608562038123, 15.314463614640456 ], [ -87.967545976758203, 15.314505906281962 ], [ -87.967507107402611, 15.314527084895978 ], [ -87.967332108316157, 15.314603479643443 ], [ -87.966630167740689, 15.314957389542213 ], [ -87.966129791149896, 15.311425537281005 ], [ -87.963720928508096, 15.309438038659387 ], [ -87.963334385303028, 15.30916192211351 ], [ -87.961316187469166, 15.308341911854923 ], [ -87.96095580334692, 15.30711368319751 ] ] ] ] } },
{ "type": "Feature", "properties": { "Dialgeo": 201068, "Dial": 13, "VERSION": "Capa actual", "ID_MAPA": "actual_12", "layer": "Capa actual", "path": "C:\\Users\\said.calderon\\Downloads\\Capa actual.geojson" }, "geometry": { "type": "MultiPolygon", "coordinates": [ [ [ [ -87.956190954921681, 15.258710168952044 ], [ -87.95734441548008, 15.257426356596767 ], [ -87.958189359090497, 15.257831992858879 ], [ -87.96082982783102, 15.259099584352411 ], [ -87.965426302277081, 15.261739927980477 ], [ -87.969178601350308, 15.264128044776344 ], [ -87.971129708532686, 15.264426533101549 ], [ -87.977348239066231, 15.264880685981353 ], [ -87.980341241239969, 15.26523778203962 ], [ -87.982937788603763, 15.265347015531367 ], [ -87.984624730554174, 15.265493077214527 ], [ -87.987312632466299, 15.265583564006842 ], [ -87.989948319567162, 15.26577655937802 ], [ -87.992241787705879, 15.266025366933532 ], [ -87.994123471346029, 15.266066630509565 ], [ -87.995852278711723, 15.266210801624405 ], [ -88.000596728133445, 15.266598911420049 ], [ -88.010031497664926, 15.267068141220609 ], [ -88.010033619857396, 15.267856236653211 ], [ -88.009776994451869, 15.269289729907547 ], [ -88.00959116297058, 15.27450836441678 ], [ -88.009233049159249, 15.276760791994485 ], [ -88.008659249095345, 15.277991093312846 ], [ -88.006039988722748, 15.281276786476663 ], [ -87.998959246754836, 15.288040158686865 ], [ -87.993549004212014, 15.292908342705191 ], [ -87.98505200634176, 15.297786676818069 ], [ -87.983138583590133, 15.298391260727502 ], [ -87.979071622433608, 15.299385228178885 ], [ -87.978464046899106, 15.299558918481454 ], [ -87.977836523756196, 15.29960788516993 ], [ -87.970084756067195, 15.296641881851764 ], [ -87.968340065466364, 15.297035724504616 ], [ -87.966711185804172, 15.297823610712147 ], [ -87.964868618020589, 15.298355468095782 ], [ -87.963183162242018, 15.298847327158395 ], [ -87.961102700932273, 15.299194236485759 ], [ -87.959339992312849, 15.290720080778071 ], [ -87.957731077707138, 15.28458831213227 ], [ -87.9559142541749, 15.27907127780338 ], [ -87.954945777730615, 15.274676029604532 ], [ -87.953237751578783, 15.269874675604415 ], [ -87.951317646640831, 15.264767268571383 ], [ -87.952731873916591, 15.262868502517538 ], [ -87.956190954921681, 15.258710168952044 ] ] ] ] } },
{ "type": "Feature", "properties": { "Dialgeo": 201069, "Dial": 12, "VERSION": "Capa actual", "ID_MAPA": "actual_13", "layer": "Capa actual", "path": "C:\\Users\\said.calderon\\Downloads\\Capa actual.geojson" }, "geometry": { "type": "MultiPolygon", "coordinates": [ [ [ [ -87.939727510101847, 15.275408113500271 ], [ -87.941194291665028, 15.275488227643748 ], [ -87.941683475547904, 15.275572443799428 ], [ -87.942573356905697, 15.275827517167983 ], [ -87.946397586798454, 15.276415296379849 ], [ -87.948511998427662, 15.27722593559791 ], [ -87.949136531178553, 15.28270154994763 ], [ -87.949071025924582, 15.284578692730351 ], [ -87.949157762280393, 15.286754058612656 ], [ -87.949157762280393, 15.288260067922883 ], [ -87.950372071261953, 15.300977048297007 ], [ -87.938353480714383, 15.322350902765686 ], [ -87.937883030738831, 15.325259432706037 ], [ -87.933992016934241, 15.3248443783377 ], [ -87.929654736292306, 15.324021321652889 ], [ -87.926185426469971, 15.323474965771178 ], [ -87.918335134606181, 15.322256430792818 ], [ -87.916284683422745, 15.315115415957886 ], [ -87.908131465975188, 15.312773030519107 ], [ -87.906396738858689, 15.31043061885951 ], [ -87.905529375300446, 15.307920862988418 ], [ -87.907437575128597, 15.304909116222305 ], [ -87.916805101557699, 15.306414995021408 ], [ -87.920794973925638, 15.306414995021408 ], [ -87.926693046121741, 15.301730003189816 ], [ -87.928427773238226, 15.29637559846771 ], [ -87.927025405318872, 15.29215471897588 ], [ -87.925241749156697, 15.290781744624898 ], [ -87.915821268390985, 15.290993035703865 ], [ -87.91332740386747, 15.289795411766988 ], [ -87.912344319838127, 15.288548469577405 ], [ -87.911624526615626, 15.286523997320495 ], [ -87.911728763357573, 15.279794311730869 ], [ -87.911023781851455, 15.276044321099352 ], [ -87.911037622828928, 15.274103130112762 ], [ -87.911925604716487, 15.273926972055737 ], [ -87.913347193366363, 15.273834908412077 ], [ -87.917510794773477, 15.275845299842839 ], [ -87.925444808126727, 15.27628716064463 ], [ -87.928641588282204, 15.27567002474518 ], [ -87.93288469708834, 15.275522986412776 ], [ -87.934748159832381, 15.274868177265153 ], [ -87.93692572581196, 15.274902216667707 ], [ -87.939727510101847, 15.275408113500271 ] ] ] ] } },
{ "type": "Feature", "properties": { "Dialgeo": 201074, "Dial": 15, "VERSION": "Capa actual", "ID_MAPA": "actual_14", "layer": "Capa actual", "path": "C:\\Users\\said.calderon\\Downloads\\Capa actual.geojson" }, "geometry": { "type": "MultiPolygon", "coordinates": [ [ [ [ -88.011199951977787, 15.399595275257912 ], [ -88.01356670958873, 15.399576032157738 ], [ -88.017497535501036, 15.400095200673093 ], [ -88.021508966423013, 15.400920853127907 ], [ -88.030288304878184, 15.408106708083803 ], [ -88.033579689614527, 15.410737786756133 ], [ -88.036138670711324, 15.41392863848951 ], [ -88.036458205586044, 15.419964556614291 ], [ -88.036642380967351, 15.4222331402256 ], [ -88.036648725002564, 15.423511956413817 ], [ -88.034127467191183, 15.423242028929508 ], [ -88.032908640691076, 15.423138964549972 ], [ -88.030053676576216, 15.422465904616539 ], [ -88.028669250716433, 15.422465706119308 ], [ -88.026934523599948, 15.422674738724627 ], [ -88.024202328391439, 15.423928929938427 ], [ -88.023877067057072, 15.425214468071799 ], [ -88.024408327236486, 15.425820654023957 ], [ -88.024776956748752, 15.426395483895599 ], [ -88.024917903326966, 15.426782186732057 ], [ -88.025069691949653, 15.427325659771331 ], [ -88.024917903326966, 15.427733263617224 ], [ -88.024603484037101, 15.428015450426377 ], [ -88.024321590880675, 15.428099061259147 ], [ -88.02372527843437, 15.428234928790561 ], [ -88.023053071676728, 15.428130415312742 ], [ -88.022445917185934, 15.428151318012517 ], [ -88.02162192180559, 15.427879582751332 ], [ -88.019973931044916, 15.426834443816878 ], [ -88.018976462952963, 15.42581020255702 ], [ -88.017827206238252, 15.423552673369571 ], [ -88.016916474502068, 15.420605306663868 ], [ -88.014249331560478, 15.417699705642349 ], [ -88.013490388446996, 15.417490668030647 ], [ -88.012796497600391, 15.417407052927079 ], [ -88.011452084085107, 15.417448860483074 ], [ -88.011040086394942, 15.417469764257914 ], [ -88.009305359278443, 15.418013261665545 ], [ -88.007787473051494, 15.41901663775959 ], [ -88.006898425404287, 15.419267481025885 ], [ -88.006009377757081, 15.41939290254545 ], [ -88.004968541487173, 15.419288384617737 ], [ -88.00329886663755, 15.418598564976 ], [ -87.99864865890369, 15.417036027021814 ], [ -87.992825451671663, 15.414543215317272 ], [ -87.994777019677727, 15.407644758323354 ], [ -87.99521070145687, 15.406808566161466 ], [ -87.994083128831122, 15.404467210217478 ], [ -87.99742247853041, 15.400453395839596 ], [ -87.999786044226639, 15.397233926245523 ], [ -88.005749168689619, 15.400160718844536 ], [ -88.008893361588292, 15.401979490641656 ], [ -88.011199951977787, 15.399595275257912 ] ] ] ] } },
{ "type": "Feature", "properties": { "Dialgeo": 201081, "Dial": 13, "VERSION": "Capa actual", "ID_MAPA": "actual_15", "layer": "Capa actual", "path": "C:\\Users\\said.calderon\\Downloads\\Capa actual.geojson" }, "geometry": { "type": "MultiPolygon", "coordinates": [ [ [ [ -87.963279792467148, 15.217005866976523 ], [ -87.965419979564857, 15.218156812951948 ], [ -87.966138794191849, 15.218560982806308 ], [ -87.984038693823749, 15.228107117324502 ], [ -87.993851681351529, 15.232968810544609 ], [ -87.995013185242556, 15.233475219763514 ], [ -87.993653181937219, 15.235578606993304 ], [ -87.992816908298209, 15.237014653424126 ], [ -87.991928175752321, 15.238502084239814 ], [ -87.990829157618577, 15.240092750843399 ], [ -87.988946011388137, 15.243016906305394 ], [ -87.987258532723331, 15.242717403588127 ], [ -87.975339837686548, 15.239797487404132 ], [ -87.971986834278638, 15.239131291557696 ], [ -87.969541237914996, 15.238705773702721 ], [ -87.96850039866537, 15.238501928463711 ], [ -87.968339065088728, 15.238479447565956 ], [ -87.966875053683736, 15.23823363158145 ], [ -87.966336268052814, 15.238110604074171 ], [ -87.963728756932653, 15.237616992958491 ], [ -87.962829090676038, 15.237364562331898 ], [ -87.962268197680174, 15.237155417348989 ], [ -87.961137524850685, 15.236923892049179 ], [ -87.960723298557298, 15.236845299621274 ], [ -87.960250645052611, 15.236766956300171 ], [ -87.959661233369218, 15.23671038419813 ], [ -87.958789240462821, 15.236614834752116 ], [ -87.958180942074648, 15.236688342076011 ], [ -87.957277008850056, 15.23679738186777 ], [ -87.942116521435111, 15.230967916294032 ], [ -87.940550083424526, 15.228386310266702 ], [ -87.938528492925116, 15.225170987192806 ], [ -87.937053974876093, 15.222660211761569 ], [ -87.934538620557149, 15.218308130091343 ], [ -87.934278411489672, 15.213704868923809 ], [ -87.934365147845497, 15.21027328152632 ], [ -87.93419167513386, 15.207092735992278 ], [ -87.934278411489672, 15.204330644355045 ], [ -87.934278411489672, 15.20332623842341 ], [ -87.934451884201323, 15.201317412205574 ], [ -87.934321779667584, 15.199559673566149 ], [ -87.940957110888206, 15.201631292563679 ], [ -87.94577097863656, 15.20527227056998 ], [ -87.95336040977125, 15.210587148549271 ], [ -87.962202792684536, 15.21632926727287 ], [ -87.963279792467148, 15.217005866976523 ] ] ] ] } },
{ "type": "Feature", "properties": { "Dialgeo": 201082, "Dial": 12, "VERSION": "Capa actual", "ID_MAPA": "actual_16", "layer": "Capa actual", "path": "C:\\Users\\said.calderon\\Downloads\\Capa actual.geojson" }, "geometry": { "type": "MultiPolygon", "coordinates": [ [ [ [ -87.957892751476834, 15.300200747319868 ], [ -87.960650143230993, 15.306770658778825 ], [ -87.961012993868295, 15.30853997973524 ], [ -87.962982722754276, 15.309291644438167 ], [ -87.965962547099252, 15.311427205495439 ], [ -87.966612684859456, 15.314994330291386 ], [ -87.962547307032651, 15.317077362888419 ], [ -87.961865964469439, 15.317517044885278 ], [ -87.962829871839091, 15.31812218424359 ], [ -87.963203998613736, 15.318535752067415 ], [ -87.96345518688986, 15.318793482747894 ], [ -87.963552076682632, 15.319326868012832 ], [ -87.963676547861112, 15.319816998626363 ], [ -87.963834822974988, 15.320409430325464 ], [ -87.963941714651128, 15.320700134409455 ], [ -87.965148781018542, 15.323139497388558 ], [ -87.964667630510462, 15.325725269954406 ], [ -87.964339357161464, 15.327454527650854 ], [ -87.963652913161411, 15.332849435528189 ], [ -87.963748531962153, 15.33431563130207 ], [ -87.962914835106631, 15.352311422818715 ], [ -87.960118002954317, 15.354340472280095 ], [ -87.95781548627771, 15.355612357227095 ], [ -87.94828861138528, 15.358978175549895 ], [ -87.93965535134808, 15.361828281823435 ], [ -87.938813442571544, 15.362189917577119 ], [ -87.937596550620043, 15.361223087183854 ], [ -87.925516446246789, 15.359544764509323 ], [ -87.926266089173041, 15.356904971575958 ], [ -87.927203801801681, 15.352208230201228 ], [ -87.927891285753077, 15.349028584745673 ], [ -87.92823151143493, 15.346644579249723 ], [ -87.929222900324731, 15.341967660685553 ], [ -87.929779012562761, 15.33966054985868 ], [ -87.931222077940419, 15.335513364232519 ], [ -87.932228002062999, 15.325071147080275 ], [ -87.938218401840473, 15.32571095065866 ], [ -87.938612265375326, 15.324328948664611 ], [ -87.938706973893616, 15.322973429054274 ], [ -87.940058575383759, 15.319750466956407 ], [ -87.946319434879882, 15.308508727378241 ], [ -87.950979225752718, 15.301311695250252 ], [ -87.957892751476834, 15.300200747319868 ] ] ] ] } },
{ "type": "Feature", "properties": { "Dialgeo": 201085, "Dial": 15, "VERSION": "Capa actual", "ID_MAPA": "actual_17", "layer": "Capa actual", "path": "C:\\Users\\said.calderon\\Downloads\\Capa actual.geojson" }, "geometry": { "type": "MultiPolygon", "coordinates": [ [ [ [ -88.028755987072216, 15.381658516132857 ], [ -88.031444814102812, 15.381282183082588 ], [ -88.038123513501347, 15.380194994895456 ], [ -88.039554663372456, 15.381156738581383 ], [ -88.04182223357158, 15.382257743715352 ], [ -88.044565306093759, 15.383887240741723 ], [ -88.046102462960775, 15.384686797333007 ], [ -88.047560162064869, 15.385184175869885 ], [ -88.050947365277764, 15.386983449932455 ], [ -88.053660442178384, 15.387828938378524 ], [ -88.056675377303449, 15.389174951799395 ], [ -88.059786269061604, 15.389743688106623 ], [ -88.065813836308479, 15.391479036265494 ], [ -88.077037030111569, 15.395220780993967 ], [ -88.079780003641588, 15.400360482552635 ], [ -88.083201271010239, 15.412007710576566 ], [ -88.082944675957606, 15.420253141158605 ], [ -88.083874457062961, 15.429015631655744 ], [ -88.084099730549525, 15.431776800195184 ], [ -88.069088554443468, 15.432043623029971 ], [ -88.064555363851113, 15.421325023098754 ], [ -88.063871110377363, 15.419943943417209 ], [ -88.06258813511414, 15.418851441045073 ], [ -88.060022184587652, 15.418768987802684 ], [ -88.057327936534804, 15.4209333745696 ], [ -88.055489005324191, 15.423716124416604 ], [ -88.052281567166077, 15.425756783940104 ], [ -88.050784762692288, 15.426333936530972 ], [ -88.049330724060624, 15.426189648533652 ], [ -88.047833919586822, 15.426189648533656 ], [ -88.046764773534122, 15.425694946067358 ], [ -88.045054139849782, 15.424540635729315 ], [ -88.042616486849639, 15.425406369084403 ], [ -88.041461809112718, 15.427261499833914 ], [ -88.039836707112599, 15.429199063142084 ], [ -88.038510966007252, 15.429446410347921 ], [ -88.037227990744, 15.429363961312049 ], [ -88.036372673901823, 15.413409456858483 ], [ -88.035402738306217, 15.412268093663052 ], [ -88.03273867880155, 15.409608042937547 ], [ -88.021732674849048, 15.400822155730593 ], [ -88.020396840409759, 15.400469877002964 ], [ -88.019284458702714, 15.40030243997953 ], [ -88.017081615951355, 15.399902746623519 ], [ -88.016002742077816, 15.39976749062583 ], [ -88.014911514935847, 15.399621053000356 ], [ -88.013539726435098, 15.399448269501631 ], [ -88.012477335611948, 15.399406140459218 ], [ -88.011899231372809, 15.399387204342794 ], [ -88.011232516661778, 15.399433371813474 ], [ -88.009977566036099, 15.400620639651885 ], [ -88.008898657187785, 15.401827169166831 ], [ -88.007170405041208, 15.40072428298339 ], [ -88.003526750540132, 15.398885957788247 ], [ -87.99984579612952, 15.397195521017574 ], [ -87.999647946336992, 15.397170833124804 ], [ -87.999533690807851, 15.396120733889079 ], [ -87.999280110409018, 15.394130584385763 ], [ -88.000656387138491, 15.393035576551236 ], [ -88.002113666705966, 15.391801310342018 ], [ -88.003511646858129, 15.389198921743006 ], [ -88.004296334729489, 15.385589065125268 ], [ -88.008698204787649, 15.384731877255696 ], [ -88.018499412995908, 15.382892047474622 ], [ -88.021535185449792, 15.382473902075638 ], [ -88.023703594345406, 15.382223014433258 ], [ -88.026045475952699, 15.382055755837101 ], [ -88.028755987072216, 15.381658516132857 ] ] ] ] } },
{ "type": "Feature", "properties": { "Dialgeo": 201090, "Dial": 13, "VERSION": "Capa actual", "ID_MAPA": "actual_18", "layer": "Capa actual", "path": "C:\\Users\\said.calderon\\Downloads\\Capa actual.geojson" }, "geometry": { "type": "MultiPolygon", "coordinates": [ [ [ [ -87.961292296784634, 15.236963412073887 ], [ -87.962442585532642, 15.237225580364814 ], [ -87.962735422210486, 15.237377964257618 ], [ -87.963105947684085, 15.237482740845898 ], [ -87.963469024769978, 15.237555639055149 ], [ -87.963570233454021, 15.237594205468822 ], [ -87.966261543983947, 15.238113285081013 ], [ -87.966856326009378, 15.238278545690729 ], [ -87.967626100508994, 15.238379231161431 ], [ -87.968581264778507, 15.238559479278397 ], [ -87.969380622806341, 15.238740396058621 ], [ -87.970949716385405, 15.239012529224617 ], [ -87.971992766260755, 15.239244383261779 ], [ -87.976174505699746, 15.240124434669612 ], [ -87.989003210288843, 15.243573893178365 ], [ -87.995224652545403, 15.233627748414353 ], [ -88.009371923486938, 15.239293969285361 ], [ -88.012330997605574, 15.241071069147988 ], [ -88.011732503412915, 15.248133152811947 ], [ -88.009572609232478, 15.266946452045618 ], [ -87.969124968152286, 15.263923654854198 ], [ -87.961303835558951, 15.259046397139329 ], [ -87.957818188981719, 15.257322022273954 ], [ -87.955482122897124, 15.253444157163367 ], [ -87.953144761961084, 15.249259333001746 ], [ -87.951582314476795, 15.245235191247481 ], [ -87.950584846384814, 15.243059395114898 ], [ -87.949327169225356, 15.240590676083016 ], [ -87.948026123887971, 15.238582205320771 ], [ -87.945727610458604, 15.235192867418673 ], [ -87.943342360673427, 15.231636096087133 ], [ -87.955467288469677, 15.236335898490085 ], [ -87.957018137449268, 15.236887123664145 ], [ -87.95752903639314, 15.236809307467253 ], [ -87.958497424286293, 15.236686991249792 ], [ -87.959156922835206, 15.236660483209601 ], [ -87.959593153719553, 15.23672958464824 ], [ -87.960202116339289, 15.236802619107364 ], [ -87.960367746676781, 15.236820820188765 ], [ -87.961292296784634, 15.236963412073887 ] ] ] ] } },
{ "type": "Feature", "properties": { "Dialgeo": 201091, "Dial": 12, "VERSION": "Capa actual", "ID_MAPA": "actual_19", "layer": "Capa actual", "path": "C:\\Users\\said.calderon\\Downloads\\Capa actual.geojson" }, "geometry": { "type": "MultiPolygon", "coordinates": [ [ [ [ -87.925185378101276, 15.323479109951313 ], [ -87.932049016093941, 15.324652000179857 ], [ -87.931962279738102, 15.325572173897429 ], [ -87.931832175204377, 15.327454334796366 ], [ -87.931615334314813, 15.329294653512106 ], [ -87.931398493425249, 15.331678678666002 ], [ -87.931094916179859, 15.335317401466492 ], [ -87.930357657155355, 15.337450416405382 ], [ -87.929837239020401, 15.338914237585175 ], [ -87.929186716351708, 15.340838101248954 ], [ -87.928449457327218, 15.344309375631115 ], [ -87.927473673324158, 15.348993413441377 ], [ -87.926693046121756, 15.352339090384779 ], [ -87.925435368962326, 15.359113921905118 ], [ -87.916154578889063, 15.36078668594315 ], [ -87.914246379060913, 15.34840791446255 ], [ -87.913636765928402, 15.344436856838842 ], [ -87.91349928629279, 15.34348842685422 ], [ -87.914499648575557, 15.338426627822583 ], [ -87.909351966105092, 15.335277156839387 ], [ -87.908632983951691, 15.334762451063641 ], [ -87.900867296174908, 15.330800356773175 ], [ -87.900260141684129, 15.327537985998569 ], [ -87.899956564438753, 15.326345953207078 ], [ -87.901127505242357, 15.326617820933288 ], [ -87.902688759647219, 15.326785123973691 ], [ -87.906461791125608, 15.326701472470221 ], [ -87.909193986334074, 15.326575995152266 ], [ -87.910364927137707, 15.326534169362882 ], [ -87.913747645014894, 15.326408691944508 ], [ -87.916306367511723, 15.325446695901686 ], [ -87.917954358272382, 15.32410825926139 ], [ -87.918583196852126, 15.322518854623222 ], [ -87.919892362209282, 15.32261668043602 ], [ -87.92296338282128, 15.323041686429697 ], [ -87.923548853223096, 15.323208992331688 ], [ -87.925185378101276, 15.323479109951313 ] ] ] ] } },
{ "type": "Feature", "properties": { "Dialgeo": 201092, "Dial": 12, "VERSION": "Capa actual", "ID_MAPA": "actual_20", "layer": "Capa actual", "path": "C:\\Users\\said.calderon\\Downloads\\Capa actual.geojson" }, "geometry": { "type": "MultiPolygon", "coordinates": [ [ [ [ -87.914472008150682, 15.3384590931172 ], [ -87.913299538144813, 15.343553948649294 ], [ -87.915644219733949, 15.361359501807366 ], [ -87.910733556649959, 15.368899401183366 ], [ -87.908130098903683, 15.373123382730585 ], [ -87.908092531809245, 15.374619299753496 ], [ -87.908282785742301, 15.377866467474934 ], [ -87.9082021002461, 15.37957624021902 ], [ -87.910648234800988, 15.395122164967024 ], [ -87.903022152514822, 15.399073629257746 ], [ -87.893914835153197, 15.410613213335211 ], [ -87.888645601536837, 15.411240346294132 ], [ -87.887214451665713, 15.395436018948418 ], [ -87.869260026009954, 15.394056219091054 ], [ -87.861423938363558, 15.393486526329761 ], [ -87.858995320400453, 15.388552608190087 ], [ -87.851275784732039, 15.375339166850639 ], [ -87.853530929983478, 15.373499254108332 ], [ -87.858388165909687, 15.368648497195162 ], [ -87.86289845641258, 15.365135809652674 ], [ -87.867755692338775, 15.361623062931308 ], [ -87.874217550847689, 15.357482964052389 ], [ -87.879768677620504, 15.353551885031582 ], [ -87.885276436215378, 15.346609585902474 ], [ -87.886447377019024, 15.345564038920646 ], [ -87.888008631423872, 15.343263817130802 ], [ -87.888572417736711, 15.338956060896736 ], [ -87.888008631423872, 15.334940984804899 ], [ -87.887835158712207, 15.333435311377247 ], [ -87.888615785914624, 15.331469554740613 ], [ -87.891521453834756, 15.327454334796366 ], [ -87.894166912687425, 15.323940954078928 ], [ -87.895749850953749, 15.323522691853158 ], [ -87.900130038241315, 15.326283209489189 ], [ -87.900607087107431, 15.330925831555284 ], [ -87.907853912232653, 15.334485235899381 ], [ -87.914472008150682, 15.3384590931172 ] ] ] ] } },
{ "type": "Feature", "properties": { "Dialgeo": 201100, "Dial": 14, "VERSION": "Capa actual", "ID_MAPA": "actual_21", "layer": "Capa actual", "path": "C:\\Users\\said.calderon\\Downloads\\Capa actual.geojson" }, "geometry": { "type": "MultiPolygon", "coordinates": [ [ [ [ -88.116338694071672, 15.397518466163033 ], [ -88.119551826652838, 15.395787954439424 ], [ -88.122516726063267, 15.393949097413506 ], [ -88.125145844930643, 15.392230166789567 ], [ -88.129805291976112, 15.388878685215097 ], [ -88.130220143056462, 15.388437958253141 ], [ -88.133136306154455, 15.396326197482725 ], [ -88.133831980577568, 15.398215295600195 ], [ -88.134261544723358, 15.399645375427502 ], [ -88.135049096811372, 15.401457270429802 ], [ -88.135516764906257, 15.402618601472172 ], [ -88.135627214738605, 15.403538781839133 ], [ -88.134294401980824, 15.405706778315045 ], [ -88.133147287494921, 15.408091219554972 ], [ -88.136012910440442, 15.409880064462431 ], [ -88.138473823708239, 15.410793312926657 ], [ -88.139933535498272, 15.411592582022635 ], [ -88.142225147208123, 15.412437988046017 ], [ -88.142949737070964, 15.41369049103479 ], [ -88.144233343692903, 15.41847828562689 ], [ -88.14020527485485, 15.426009595806962 ], [ -88.136995407240775, 15.430440250627095 ], [ -88.133391713980757, 15.43371733913545 ], [ -88.126738629804464, 15.437047423242523 ], [ -88.120622580539646, 15.440406258692654 ], [ -88.118038189266315, 15.442184241054118 ], [ -88.114423131118244, 15.444004861239835 ], [ -88.111097909070267, 15.446157867814012 ], [ -88.108107338534339, 15.449088533963833 ], [ -88.103122867641289, 15.453972898487553 ], [ -88.100018264909352, 15.456644557708618 ], [ -88.09866234087319, 15.458240732636813 ], [ -88.094075740132851, 15.458621493075334 ], [ -88.089858038888195, 15.458949192693833 ], [ -88.086483651098789, 15.459170373869936 ], [ -88.085673367644603, 15.44536303479193 ], [ -88.084882919912786, 15.435340901963899 ], [ -88.084762511566652, 15.429747120604317 ], [ -88.083496159602021, 15.421659954119093 ], [ -88.083695564466794, 15.409770122686432 ], [ -88.089091783807774, 15.408083351036899 ], [ -88.096225231914758, 15.405923348254676 ], [ -88.102960377735187, 15.403230078766688 ], [ -88.112087115140199, 15.399156328572719 ], [ -88.116338694071672, 15.397518466163033 ] ] ] ] } },
{ "type": "Feature", "properties": { "Dialgeo": 201112, "Dial": 17, "VERSION": "Capa actual", "ID_MAPA": "actual_22", "layer": "Capa actual", "path": "C:\\Users\\said.calderon\\Downloads\\Capa actual.geojson" }, "geometry": { "type": "MultiPolygon", "coordinates": [ [ [ [ -87.945011569349745, 15.687534530515803 ], [ -87.985955762488842, 15.691340234912458 ], [ -87.991058198421655, 15.692067192417273 ], [ -87.98946441788361, 15.715994794848855 ], [ -87.985040863736515, 15.741124882514502 ], [ -87.983913291110781, 15.744714641563659 ], [ -87.957800226985185, 15.745340755834192 ], [ -87.948834399622257, 15.74532944109583 ], [ -87.946047450770877, 15.74554946016236 ], [ -87.940843269421364, 15.745674682656388 ], [ -87.938458019636187, 15.733736458003925 ], [ -87.908317396113773, 15.7350139057839 ], [ -87.908185430997634, 15.736560782105386 ], [ -87.906907670204774, 15.747052124997724 ], [ -87.904739261309132, 15.747219087071269 ], [ -87.901096334364468, 15.747386049007636 ], [ -87.893983953186805, 15.747386049007636 ], [ -87.893550271407676, 15.744965087503353 ], [ -87.892975643050349, 15.741281414027569 ], [ -87.890453049386281, 15.73920469022312 ], [ -87.883905315034696, 15.737264014761829 ], [ -87.884846487336588, 15.735060560071727 ], [ -87.888578155989038, 15.730850733518109 ], [ -87.892834679124419, 15.725922541530613 ], [ -87.894357982625763, 15.724023594473321 ], [ -87.896121019051563, 15.72233794262066 ], [ -87.920040698263008, 15.70396676255902 ], [ -87.924458935421484, 15.700060406545413 ], [ -87.928515736127622, 15.686333925675292 ], [ -87.934592830779437, 15.686806396344167 ], [ -87.945011569349745, 15.687534530515803 ] ] ] ] } },
{ "type": "Feature", "properties": { "Dialgeo": 201121, "Dial": 3, "VERSION": "Capa actual", "ID_MAPA": "actual_23", "layer": "Capa actual", "path": "C:\\Users\\said.calderon\\Downloads\\Capa actual.geojson" }, "geometry": { "type": "MultiPolygon", "coordinates": [ [ [ [ -88.027091589193503, 15.490820588885136 ], [ -88.028534341673605, 15.490886510261568 ], [ -88.029722124965431, 15.491102252801113 ], [ -88.03047459500894, 15.491329980793026 ], [ -88.031233283813151, 15.491635615335266 ], [ -88.031488253001456, 15.491803414499646 ], [ -88.031861378647946, 15.491947242277636 ], [ -88.032116060788198, 15.492083256464007 ], [ -88.03230291065185, 15.492186954935306 ], [ -88.032508129754618, 15.492426667346223 ], [ -88.032738223900168, 15.492726307468947 ], [ -88.032968318045704, 15.493043925524804 ], [ -88.033223287233994, 15.493439449213939 ], [ -88.033366318729875, 15.493727102330656 ], [ -88.033484475182973, 15.494152588498423 ], [ -88.033633725439543, 15.494542117320627 ], [ -88.033758100653358, 15.495183340090522 ], [ -88.033894535559213, 15.496339360798432 ], [ -88.03392600719198, 15.496723465157459 ], [ -88.034025507363012, 15.496771406609573 ], [ -88.034503601724353, 15.496990348341305 ], [ -88.034666039714139, 15.497077033105375 ], [ -88.035113790483805, 15.497358688495373 ], [ -88.035586416296255, 15.497604387564634 ], [ -88.03590357309146, 15.497826115742193 ], [ -88.036432167750121, 15.498293541931639 ], [ -88.037116559285167, 15.498949815459349 ], [ -88.037442496422585, 15.499292306762857 ], [ -88.037582130718249, 15.499485873772215 ], [ -88.037670857803832, 15.499842925992279 ], [ -88.037800295101974, 15.500450879872346 ], [ -88.037835956193575, 15.500948819295001 ], [ -88.03783841785517, 15.501441833380396 ], [ -88.037764066355905, 15.501980028569506 ], [ -88.037713232452305, 15.502428419861713 ], [ -88.037638607324041, 15.502883850631843 ], [ -88.037651044845404, 15.503387220314798 ], [ -88.037430700272665, 15.504538032750835 ], [ -88.037373844033226, 15.505067135418075 ], [ -88.037376196050843, 15.50553826898564 ], [ -88.037260082948734, 15.506115725716947 ], [ -88.037193837935362, 15.506750639529335 ], [ -88.037129848476312, 15.50783745687804 ], [ -88.037062546947055, 15.508260841293033 ], [ -88.036965592503989, 15.508703595231703 ], [ -88.036927991222342, 15.509117225033018 ], [ -88.036829269402361, 15.510199397589277 ], [ -88.036481917835658, 15.512100115407389 ], [ -88.036199262329319, 15.512609829704706 ], [ -88.036062004476861, 15.512894336548575 ], [ -88.035903573091474, 15.513106808613975 ], [ -88.035223645409104, 15.513944211704342 ], [ -88.033776440417924, 15.514966787156141 ], [ -88.033330340417137, 15.515118276174864 ], [ -88.032961281809676, 15.515269404063115 ], [ -88.032407247165892, 15.515406455833221 ], [ -88.031566096593892, 15.515989537356534 ], [ -88.031154619140764, 15.516222618714776 ], [ -88.030935611408779, 15.516437019532606 ], [ -88.030490163908482, 15.517223169753466 ], [ -88.029968273293917, 15.517628989054334 ], [ -88.029523275650178, 15.518004568425981 ], [ -88.029200138578659, 15.518095715623623 ], [ -88.028707654032075, 15.518217531609944 ], [ -88.02802882957657, 15.518290958736772 ], [ -88.027066377102102, 15.518366562976928 ], [ -88.025974451220719, 15.518220495061623 ], [ -88.024314013571228, 15.518077059151635 ], [ -88.022438267804702, 15.517970170648876 ], [ -88.020470696193513, 15.517837018020051 ], [ -88.01985585487445, 15.517742059307871 ], [ -88.019850868381809, 15.517642538473277 ], [ -88.020903848461856, 15.512726626775027 ], [ -88.021258229915873, 15.51085209304636 ], [ -88.021539314034328, 15.509721347209116 ], [ -88.021776917216542, 15.508847953955312 ], [ -88.021990123588679, 15.507625545520444 ], [ -88.02198876384233, 15.507349113823544 ], [ -88.022057851114099, 15.507111644124162 ], [ -88.022182830781006, 15.50648284517357 ], [ -88.022299412188616, 15.505991928964473 ], [ -88.022449540438529, 15.505265284258163 ], [ -88.022771011703128, 15.503684490555198 ], [ -88.022939516627474, 15.502708582599904 ], [ -88.023005639349833, 15.502339980088424 ], [ -88.023095755040288, 15.502076045469874 ], [ -88.023101677655276, 15.501992349633463 ], [ -88.023226709681936, 15.501469381982181 ], [ -88.023339660942312, 15.501012132461627 ], [ -88.02343537684915, 15.50050118042417 ], [ -88.023505775667374, 15.500197974570005 ], [ -88.023299929786134, 15.500163203196896 ], [ -88.022742285397712, 15.500088587942846 ], [ -88.022455317587045, 15.500061401727722 ], [ -88.021877059713177, 15.499985017216508 ], [ -88.021676911064915, 15.499952831829836 ], [ -88.02172511984908, 15.499673767041104 ], [ -88.021738363200697, 15.499341980002407 ], [ -88.021820875449151, 15.498981027107519 ], [ -88.021200216189314, 15.498796397424448 ], [ -88.021078633722269, 15.498759322234548 ], [ -88.020935794730832, 15.498713485172345 ], [ -88.020786789197203, 15.498659486453713 ], [ -88.020807403553377, 15.498579782874549 ], [ -88.020870350403897, 15.498109433603881 ], [ -88.021137761738956, 15.497511585910157 ], [ -88.021245744429606, 15.497466879645915 ], [ -88.022016673345604, 15.497445934023311 ], [ -88.022244601470263, 15.497431014542855 ], [ -88.022529887871428, 15.497471211599278 ], [ -88.022753019372871, 15.497476739696271 ], [ -88.022975526103011, 15.497522843667094 ], [ -88.023527533864367, 15.497568106374649 ], [ -88.02393668826042, 15.497592653949033 ], [ -88.023924256531672, 15.497612856083505 ], [ -88.023899501860029, 15.497844024229359 ], [ -88.023858472679464, 15.498070172299217 ], [ -88.023841934185612, 15.498220249558859 ], [ -88.02374546588787, 15.498967707808653 ], [ -88.024467704151448, 15.49915896242921 ], [ -88.025432619142023, 15.499445695079768 ], [ -88.026136466007046, 15.499571088808613 ], [ -88.026707187187171, 15.499607036989655 ], [ -88.028304604659539, 15.499846302339378 ], [ -88.028415893267578, 15.499174530074207 ], [ -88.028429140543722, 15.499072224370671 ], [ -88.028573859849573, 15.498208033189057 ], [ -88.028639410176979, 15.497905441376306 ], [ -88.028715298231972, 15.497491666571442 ], [ -88.028737559977472, 15.497358201143228 ], [ -88.02760739142569, 15.49710451195125 ], [ -88.027702664370423, 15.49554068139342 ], [ -88.027846204745231, 15.49359261400288 ], [ -88.027901783562953, 15.493147884109463 ], [ -88.02778997348473, 15.493125993388789 ], [ -88.027691045315692, 15.493101876336167 ], [ -88.026954818636199, 15.493012498331863 ], [ -88.025943696616892, 15.492898276417433 ], [ -88.025498423821304, 15.492836160940726 ], [ -88.025374540190526, 15.492814508297068 ], [ -88.02541757892368, 15.492754633951098 ], [ -88.025459270128692, 15.491156099036306 ], [ -88.02555158989459, 15.490682450627546 ], [ -88.025844727675107, 15.490742681776805 ], [ -88.027091589193503, 15.490820588885136 ] ] ] ] } },
{ "type": "Feature", "properties": { "Dialgeo": 201126, "Dial": 3, "VERSION": "Capa actual", "ID_MAPA": "actual_24", "layer": "Capa actual", "path": "C:\\Users\\said.calderon\\Downloads\\Capa actual.geojson" }, "geometry": { "type": "MultiPolygon", "coordinates": [ [ [ [ -88.020246499204816, 15.48974954496286 ], [ -88.021798414020637, 15.489909581642195 ], [ -88.023191443438805, 15.490083143431677 ], [ -88.024071548535488, 15.490275132021816 ], [ -88.024711801542125, 15.490416395708094 ], [ -88.024956895967762, 15.490494971790648 ], [ -88.025386799430223, 15.490651763650964 ], [ -88.02551076942467, 15.490691197570511 ], [ -88.02547174271038, 15.490911425882466 ], [ -88.025437212452317, 15.491113851736548 ], [ -88.025356088448589, 15.492851059869221 ], [ -88.025876907324502, 15.492892195953711 ], [ -88.026668737649729, 15.492985487060503 ], [ -88.026797743060925, 15.492999891413659 ], [ -88.027414417765797, 15.493074544278729 ], [ -88.027642348890794, 15.493104325301118 ], [ -88.027871043794946, 15.493162967193289 ], [ -88.027832299191488, 15.49350677235328 ], [ -88.027813797485834, 15.493659995606841 ], [ -88.02780634326578, 15.493710453495959 ], [ -88.027808509094072, 15.493758999150321 ], [ -88.027808785986565, 15.493815023693488 ], [ -88.027786672506153, 15.494016819446975 ], [ -88.027723973587939, 15.494488965299295 ], [ -88.027559558203791, 15.497165858445314 ], [ -88.027978349586931, 15.497259487915324 ], [ -88.02868287806379, 15.497425136470914 ], [ -88.028658599041734, 15.497614178720671 ], [ -88.028616741448047, 15.497956668878086 ], [ -88.028516068054103, 15.498457244153393 ], [ -88.028279214686535, 15.499810857272033 ], [ -88.027047827091494, 15.499617231890481 ], [ -88.026691612605319, 15.499596087875117 ], [ -88.02616739991015, 15.499563426732994 ], [ -88.025247322055748, 15.499369807742205 ], [ -88.023972796477395, 15.498981595312953 ], [ -88.02377220786255, 15.498922763291104 ], [ -88.023767988183835, 15.498848081675165 ], [ -88.023776199273172, 15.498796727445558 ], [ -88.023824624919698, 15.498616245839607 ], [ -88.023919080550996, 15.498242302663204 ], [ -88.023977138585494, 15.497574013364776 ], [ -88.023670096268447, 15.497572254035276 ], [ -88.023016447502698, 15.497483934411264 ], [ -88.022923546611651, 15.497496383257666 ], [ -88.02283915050468, 15.497473937477565 ], [ -88.022493229846035, 15.497453302120693 ], [ -88.022065592203404, 15.497389868176635 ], [ -88.021150413849043, 15.49745842625588 ], [ -88.020822060920025, 15.498141837943958 ], [ -88.020763318842882, 15.498675820536864 ], [ -88.021319447923617, 15.498845124813798 ], [ -88.021515729207493, 15.498919582024856 ], [ -88.021661996619613, 15.498961379286646 ], [ -88.021788767211163, 15.499005213601341 ], [ -88.021720597003309, 15.499257928738821 ], [ -88.021692263557171, 15.499720330414517 ], [ -88.021649067017222, 15.499961974790054 ], [ -88.021994508033416, 15.500010257269057 ], [ -88.022116045270479, 15.500023517318319 ], [ -88.02215205527051, 15.500036571788685 ], [ -88.023278861529448, 15.500180996393556 ], [ -88.02344255020077, 15.500195863457034 ], [ -88.023390949075704, 15.50062378876664 ], [ -88.02335620607208, 15.50084799590487 ], [ -88.023336414294334, 15.500982099877122 ], [ -88.023261230593775, 15.501097986484739 ], [ -88.023186912329294, 15.501463186438517 ], [ -88.02304645923013, 15.502133965031414 ], [ -88.023028232111528, 15.502208266988847 ], [ -88.02300297105451, 15.502301531492927 ], [ -88.022988824773407, 15.502386481464553 ], [ -88.022974697012884, 15.502412237553182 ], [ -88.022835096331946, 15.503155781131301 ], [ -88.022704446881718, 15.503772102428295 ], [ -88.02263000834273, 15.504155091584598 ], [ -88.02247552971798, 15.504793955081702 ], [ -88.022259250930659, 15.505891154766323 ], [ -88.022142220128302, 15.506290728308153 ], [ -88.022064924577805, 15.50670454088845 ], [ -88.02203153039882, 15.506971518089534 ], [ -88.021888304938045, 15.508035436463691 ], [ -88.021705866421797, 15.508804726149163 ], [ -88.021608306974102, 15.509383293152695 ], [ -88.021209041183013, 15.510870692430082 ], [ -88.020957749065872, 15.512201159798442 ], [ -88.020923927664754, 15.512381601710844 ], [ -88.020701819618253, 15.513234343877038 ], [ -88.020502873256518, 15.514482071681918 ], [ -88.019787628958085, 15.517751922766346 ], [ -88.018340235386248, 15.517677926431581 ], [ -88.017757641137379, 15.517613930909365 ], [ -88.016697946909176, 15.517494340392183 ], [ -88.016082389777239, 15.517363949618256 ], [ -88.015875108093951, 15.517290304101721 ], [ -88.014542481045041, 15.516603026988038 ], [ -88.013859089252861, 15.515919269326817 ], [ -88.013485641662072, 15.515494224161085 ], [ -88.013282524808886, 15.515210649996442 ], [ -88.013162367407418, 15.515015603255161 ], [ -88.013042231924643, 15.51482500173935 ], [ -88.012893959558056, 15.514505612346312 ], [ -88.012597502966273, 15.513884614387415 ], [ -88.012457881323627, 15.513458495146049 ], [ -88.012368821884252, 15.513058816521811 ], [ -88.012297819892595, 15.512601264771535 ], [ -88.012274350270275, 15.512043984112164 ], [ -88.012292883757652, 15.511845357147479 ], [ -88.012455045987366, 15.510995751613576 ], [ -88.012457143303436, 15.510955733318378 ], [ -88.012513302910975, 15.510719869268025 ], [ -88.012589887390263, 15.510441680211988 ], [ -88.012621058835208, 15.510252607453973 ], [ -88.012683109035819, 15.509814450237268 ], [ -88.012780172069682, 15.509505049401808 ], [ -88.012885277016025, 15.508964450368527 ], [ -88.012943007362736, 15.508580769151804 ], [ -88.013042058372932, 15.508209123371916 ], [ -88.013119372981734, 15.507610861305796 ], [ -88.013581656732043, 15.505756507852796 ], [ -88.013875310544918, 15.504063442630832 ], [ -88.013933489681833, 15.503921882859592 ], [ -88.014020436361378, 15.503446643222599 ], [ -88.014350752868253, 15.502134943686372 ], [ -88.014516930506204, 15.501349758625839 ], [ -88.014570773800443, 15.501043773764053 ], [ -88.014680699536243, 15.500645526749585 ], [ -88.014835806711247, 15.499757949366211 ], [ -88.014885149891086, 15.49953545231997 ], [ -88.014943010646633, 15.499179553833992 ], [ -88.01507086706799, 15.498657296035093 ], [ -88.015265097035268, 15.497542163817732 ], [ -88.015299796339605, 15.497137472061629 ], [ -88.015391637795744, 15.496684772045969 ], [ -88.015499120369199, 15.496178570610216 ], [ -88.015639008423832, 15.495722273491099 ], [ -88.015879371285067, 15.494718729149019 ], [ -88.015951449251418, 15.494458341462058 ], [ -88.016047513391086, 15.493946677798784 ], [ -88.016240183528623, 15.49303448316474 ], [ -88.016405129452124, 15.492546952626794 ], [ -88.016514097233511, 15.492330849380384 ], [ -88.016570845995346, 15.492217230566046 ], [ -88.016654328634928, 15.491945676743907 ], [ -88.017006269834624, 15.491540181537282 ], [ -88.017181185980689, 15.491407582438184 ], [ -88.017445612906812, 15.49110852374473 ], [ -88.017646534622671, 15.490947564678386 ], [ -88.01816723954903, 15.490558417817235 ], [ -88.018459691408736, 15.490365918881544 ], [ -88.018898531465226, 15.490110509629659 ], [ -88.020246499204816, 15.48974954496286 ] ] ] ] } },
{ "type": "Feature", "properties": { "Dialgeo": 201127, "Dial": 4, "VERSION": "Capa actual", "ID_MAPA": "actual_25", "layer": "Capa actual", "path": "C:\\Users\\said.calderon\\Downloads\\Capa actual.geojson" }, "geometry": { "type": "MultiPolygon", "coordinates": [ [ [ [ -87.988319688273819, 15.568465370248747 ], [ -87.992894899445275, 15.567117980450622 ], [ -87.995517386002561, 15.566467971528093 ], [ -87.995554599752865, 15.568718568148158 ], [ -87.995409425757913, 15.570787533863415 ], [ -87.994828072552593, 15.574294583493598 ], [ -87.994701609683631, 15.576955659388604 ], [ -87.995072736385183, 15.585499006706646 ], [ -87.995256278643382, 15.594963042298676 ], [ -87.987766064855293, 15.595538778232454 ], [ -87.987114575207656, 15.590136540703259 ], [ -87.986812598011312, 15.587906112658773 ], [ -87.985532821504421, 15.578559487052457 ], [ -87.982778942207005, 15.579081673474638 ], [ -87.980532858770104, 15.579583316131362 ], [ -87.977907534424844, 15.580136959092846 ], [ -87.975059437319558, 15.580881245249351 ], [ -87.97448868578762, 15.578417847085548 ], [ -87.973996886179719, 15.574549051107219 ], [ -87.972273001107709, 15.563603504898825 ], [ -87.977260341567629, 15.563979506605936 ], [ -87.981250213935596, 15.561545927831636 ], [ -87.983520963836895, 15.570349329952544 ], [ -87.988319688273819, 15.568465370248747 ] ] ] ] } },
{ "type": "Feature", "properties": { "Dialgeo": 201129, "Dial": 1, "VERSION": "Capa actual", "ID_MAPA": "actual_26", "layer": "Capa actual", "path": "C:\\Users\\said.calderon\\Downloads\\Capa actual.geojson" }, "geometry": { "type": "MultiPolygon", "coordinates": [ [ [ [ -88.021463356905187, 15.435655251217449 ], [ -88.022340251550631, 15.435606431685464 ], [ -88.024577978741945, 15.435384543222765 ], [ -88.034278709891936, 15.434776851463226 ], [ -88.048729444060001, 15.434913647630427 ], [ -88.049678950438107, 15.43496031213159 ], [ -88.050229471271578, 15.439561529447426 ], [ -88.050831473379404, 15.443906730564949 ], [ -88.051055310497034, 15.446463346505306 ], [ -88.051914093945499, 15.449426178101982 ], [ -88.052881484313914, 15.453002330077338 ], [ -88.053851497352824, 15.457089996716824 ], [ -88.054654657485301, 15.46201341963396 ], [ -88.054806185321667, 15.463351747953652 ], [ -88.054944387793896, 15.464604348026313 ], [ -88.054976327830929, 15.465703993722212 ], [ -88.055087643686875, 15.466854414598503 ], [ -88.055197665723, 15.467749074543738 ], [ -88.055306522862992, 15.468413549713063 ], [ -88.055257924418783, 15.469232235107473 ], [ -88.055421082766614, 15.470203371483322 ], [ -88.055530849718991, 15.471046878681101 ], [ -88.05566556441714, 15.471608923375268 ], [ -88.055748701437764, 15.472401403871965 ], [ -88.055776759723429, 15.472733766815255 ], [ -88.056419566709977, 15.474674527453933 ], [ -88.056608330769038, 15.475492079802786 ], [ -88.056742662583019, 15.475977395148011 ], [ -88.056930780227134, 15.476667066806778 ], [ -88.057121626500972, 15.477893834809235 ], [ -88.057099798624222, 15.478789121740808 ], [ -88.058125963281228, 15.48317540738282 ], [ -88.058782366038287, 15.487776059554026 ], [ -88.059197325553924, 15.490159280360169 ], [ -88.059618778774109, 15.4912329487778 ], [ -88.060807320277476, 15.493176933438251 ], [ -88.061786176826715, 15.494785765146286 ], [ -88.062419768515852, 15.496665171885702 ], [ -88.063264806073832, 15.499215862209088 ], [ -88.064112964040547, 15.502371604993545 ], [ -88.06551582207085, 15.505524668587329 ], [ -88.066009028346841, 15.507091452304058 ], [ -88.066395089908028, 15.507974330310788 ], [ -88.065812815348352, 15.509355358677032 ], [ -88.063537145072075, 15.511786612228059 ], [ -88.062019830245092, 15.513373822175208 ], [ -88.061054785105981, 15.514487758845908 ], [ -88.060485424770064, 15.516067347893655 ], [ -88.060227432427709, 15.517141474705456 ], [ -88.059823946352239, 15.51793367654151 ], [ -88.059418105019702, 15.518264900950582 ], [ -88.05935220080157, 15.518660349761541 ], [ -88.059289819541661, 15.519033662580656 ], [ -88.059353968304833, 15.519383918969297 ], [ -88.059525031673274, 15.519692968230208 ], [ -88.059589180436433, 15.519899000813647 ], [ -88.059631946278543, 15.520084429962829 ], [ -88.059653329199591, 15.52033166856917 ], [ -88.059631946278543, 15.520661319583423 ], [ -88.059460882910102, 15.520867351199851 ], [ -88.059375351225896, 15.521361826239806 ], [ -88.059163895389219, 15.52169060317112 ], [ -88.060472910517547, 15.525306366946465 ], [ -88.059569270220209, 15.528321725447979 ], [ -88.058016785001428, 15.529921039121074 ], [ -88.051732930787097, 15.530713852594285 ], [ -88.051282544375312, 15.530783228877546 ], [ -88.047078698612992, 15.53172177276957 ], [ -88.046127215666218, 15.532257012997604 ], [ -88.044958088656472, 15.532976009816053 ], [ -88.044410837715731, 15.533335507284876 ], [ -88.044075024638474, 15.533479306096858 ], [ -88.04311733549217, 15.534042517144572 ], [ -88.042271584038318, 15.534617709817718 ], [ -88.041425832584437, 15.53524083340228 ], [ -88.04013233036089, 15.535911887463461 ], [ -88.039386079078056, 15.536535007135319 ], [ -88.03826670215382, 15.537493649105466 ], [ -88.036724449502671, 15.538644013583205 ], [ -88.035306572065295, 15.539410919667267 ], [ -88.034037944884503, 15.539458851202747 ], [ -88.033223287234094, 15.539458851202751 ], [ -88.03147581548015, 15.53953074848506 ], [ -88.031164877445619, 15.539542731363017 ], [ -88.0310031896677, 15.532508662169313 ], [ -88.03096587710354, 15.530723144737191 ], [ -88.030891251975291, 15.529165298104708 ], [ -88.030847720650428, 15.528584098461719 ], [ -88.030816626846971, 15.528056823141563 ], [ -88.031332783984197, 15.527074170083694 ], [ -88.031214627531099, 15.526516931817937 ], [ -88.031133783642119, 15.526265275333412 ], [ -88.031146221163496, 15.525941716544951 ], [ -88.031363877787669, 15.524911118502038 ], [ -88.031699690860634, 15.524216061084095 ], [ -88.031768097232515, 15.523556952779893 ], [ -88.031270596377311, 15.522532334754599 ], [ -88.031202190009722, 15.522226745937207 ], [ -88.031233283844173, 15.521969092379129 ], [ -88.031457159197984, 15.52174139806151 ], [ -88.032047941463574, 15.521567631260526 ], [ -88.03299941184919, 15.521393864313175 ], [ -88.034921008902472, 15.521226089190646 ], [ -88.037271700443327, 15.521118233682678 ], [ -88.03908757856486, 15.52086657061149 ], [ -88.039529110573866, 15.520578955297092 ], [ -88.039945767540104, 15.520099595548752 ], [ -88.039995517625627, 15.519392537887045 ], [ -88.039751241243692, 15.519089837593857 ], [ -88.039476577873316, 15.518763381246899 ], [ -88.039027608107645, 15.518270066693638 ], [ -88.038666896088884, 15.517779672394225 ], [ -88.038635892091648, 15.517742467836491 ], [ -88.038521646683023, 15.517621616386478 ], [ -88.038486827957726, 15.517591899815612 ], [ -88.038449952407618, 15.517536047652117 ], [ -88.038294960931211, 15.51735562705629 ], [ -88.037964042273742, 15.516967475534615 ], [ -88.03751685709031, 15.516476139778943 ], [ -88.037134193131436, 15.516051180694493 ], [ -88.036828117894729, 15.515694823198482 ], [ -88.036752554244671, 15.515605536944991 ], [ -88.036257984186463, 15.515307187044515 ], [ -88.034914975899937, 15.514639068063049 ], [ -88.035286376430236, 15.513909645354332 ], [ -88.036077698390798, 15.512945018965446 ], [ -88.036525449160479, 15.512094123171222 ], [ -88.036874420674408, 15.51030495283563 ], [ -88.036882873179778, 15.510011649774823 ], [ -88.037245722591692, 15.507211925374873 ], [ -88.037456388742783, 15.505710966086852 ], [ -88.037568660531164, 15.504364311626995 ], [ -88.037733199776298, 15.503555862683077 ], [ -88.037818266377826, 15.50271894117877 ], [ -88.038030174381987, 15.501467970556529 ], [ -88.037736624460763, 15.499799964386575 ], [ -88.037582638477815, 15.499438132366524 ], [ -88.037333888050213, 15.499102546299151 ], [ -88.035929069627301, 15.497775218132798 ], [ -88.034351854554416, 15.496877104399534 ], [ -88.033981976038191, 15.496711479792694 ], [ -88.033932225952668, 15.49632195505934 ], [ -88.033745663131953, 15.494781827000166 ], [ -88.033335224926432, 15.493511362530645 ], [ -88.032377535780128, 15.4921569908644 ], [ -88.031097534970627, 15.491533417315477 ], [ -88.029738254849235, 15.49104128422095 ], [ -88.028539431128578, 15.490846927004721 ], [ -88.027256496872553, 15.490785657641968 ], [ -88.026285713058016, 15.490756548288939 ], [ -88.025938897966938, 15.490724541569387 ], [ -88.025591917205517, 15.490658919540612 ], [ -88.025769805301834, 15.489826110415267 ], [ -88.02581189302164, 15.489573798789896 ], [ -88.025834574089231, 15.489376351651043 ], [ -88.026276989076905, 15.487101497455447 ], [ -88.027075168552287, 15.483131124484915 ], [ -88.027635517067409, 15.479110562081159 ], [ -88.028194327995806, 15.475835466859024 ], [ -88.024958673122853, 15.475282788005593 ], [ -88.026313699961676, 15.471951517165627 ], [ -88.025970096162808, 15.471799648092457 ], [ -88.02524370839906, 15.471572820310788 ], [ -88.020482045893203, 15.470645271032552 ], [ -88.020624802458642, 15.470140785976767 ], [ -88.020885146977776, 15.46889160570206 ], [ -88.020654330346417, 15.466882034089688 ], [ -88.020123799586884, 15.464716268584549 ], [ -88.019858168701347, 15.463557751421281 ], [ -88.019435583318455, 15.462198261865389 ], [ -88.019325683975467, 15.460988603388206 ], [ -88.019280145976026, 15.458444997901866 ], [ -88.021042343212429, 15.458090889042666 ], [ -88.025972627678485, 15.457126240140086 ], [ -88.02507284081247, 15.45551575203352 ], [ -88.023596160178428, 15.453465816597006 ], [ -88.022361978837864, 15.448319998542566 ], [ -88.021371614387277, 15.444892220237524 ], [ -88.020692470920167, 15.44279052837558 ], [ -88.017888196812748, 15.442784192214511 ], [ -88.01817628594128, 15.438871172069161 ], [ -88.019395041226645, 15.438865575813415 ], [ -88.020351508227179, 15.437252007518754 ], [ -88.020532725593355, 15.436511628057071 ], [ -88.02074674177824, 15.435748230077872 ], [ -88.021463356905187, 15.435655251217449 ] ] ] ] } },
{ "type": "Feature", "properties": { "Dialgeo": 201136, "Dial": 3, "VERSION": "Capa actual", "ID_MAPA": "actual_27", "layer": "Capa actual", "path": "C:\\Users\\said.calderon\\Downloads\\Capa actual.geojson" }, "geometry": { "type": "MultiPolygon", "coordinates": [ [ [ [ -88.013453524023092, 15.485621682962895 ], [ -88.013699050889826, 15.485668613394338 ], [ -88.014058669396491, 15.485739048261166 ], [ -88.01442332552098, 15.485826278724808 ], [ -88.014415656355709, 15.485872939471921 ], [ -88.014090380356492, 15.487509248473428 ], [ -88.01436459488778, 15.487570490681019 ], [ -88.014628350761342, 15.487647405316924 ], [ -88.01477181179078, 15.487683005311652 ], [ -88.015055236079561, 15.487753618965506 ], [ -88.015395233853738, 15.487833788571461 ], [ -88.015737663740154, 15.487904331206595 ], [ -88.016296753018167, 15.488052002173131 ], [ -88.016609519780673, 15.488139506394344 ], [ -88.016648538990083, 15.488166608655453 ], [ -88.016794456765723, 15.488192742367369 ], [ -88.01692160068886, 15.488181307968354 ], [ -88.017243811102318, 15.488277915976301 ], [ -88.017426959537133, 15.488347981700928 ], [ -88.01799585524428, 15.488548043133212 ], [ -88.017198903330168, 15.491057121978058 ], [ -88.016622315165563, 15.491961382828014 ], [ -88.01642742057966, 15.492417933245431 ], [ -88.016273620415888, 15.492840954111294 ], [ -88.016115365395905, 15.493525163303987 ], [ -88.015825779876252, 15.49477064066703 ], [ -88.01575264002291, 15.495052717142897 ], [ -88.01563412014346, 15.495660060179942 ], [ -88.015529625647417, 15.495853915476637 ], [ -88.015500739498563, 15.496040755416596 ], [ -88.015453429217473, 15.496209898311777 ], [ -88.01533616323195, 15.496716104762088 ], [ -88.01519081889883, 15.497910449118368 ], [ -88.014652737777482, 15.500548744458008 ], [ -88.014453008873645, 15.50140339689383 ], [ -88.013880866527259, 15.50393784652149 ], [ -88.013802210124126, 15.504054195126329 ], [ -88.011523700002613, 15.503447818256745 ], [ -88.01084413774808, 15.503233101726483 ], [ -88.010623910051223, 15.503198545416508 ], [ -88.008898955986581, 15.502727895669929 ], [ -88.008672854461409, 15.502660670866135 ], [ -88.008938914118076, 15.501748146177494 ], [ -88.008943423037053, 15.501732566638577 ], [ -88.009055401293892, 15.501189714647673 ], [ -88.00922903129991, 15.500597681580839 ], [ -88.00947465629541, 15.499726369752112 ], [ -88.009968845037633, 15.497882043070941 ], [ -88.010167273758029, 15.497205433190196 ], [ -88.010522933715336, 15.495865737502902 ], [ -88.011340891234894, 15.492492371940225 ], [ -88.011520866402634, 15.491793618340745 ], [ -88.011980000716378, 15.490110434542409 ], [ -88.01058699832177, 15.489798804862421 ], [ -88.00941787131201, 15.489571075183843 ], [ -88.008659182507813, 15.489415259996077 ], [ -88.007738805925669, 15.489235473095048 ], [ -88.006345803531062, 15.48899575698381 ], [ -88.005898052761381, 15.48892384209624 ], [ -88.006097053103446, 15.487917031043898 ], [ -88.006208990795884, 15.486766383838317 ], [ -88.006420428659354, 15.485435940025404 ], [ -88.006513710069711, 15.484836638214439 ], [ -88.006563460155206, 15.484465070219487 ], [ -88.009166011504036, 15.484868101602698 ], [ -88.009386777508539, 15.484393153756265 ], [ -88.009840747038922, 15.483320396877923 ], [ -88.010742467339, 15.483458237458738 ], [ -88.011669062681847, 15.483775869751758 ], [ -88.011528756781246, 15.484657083012229 ], [ -88.011853276270244, 15.48472887097261 ], [ -88.01236706120298, 15.484864982437259 ], [ -88.012773421936927, 15.484987021212124 ], [ -88.012762620796821, 15.485021342863423 ], [ -88.012932434540119, 15.485106837010777 ], [ -88.01281869356616, 15.485514062876774 ], [ -88.013453524023092, 15.485621682962895 ] ] ] ] } },
{ "type": "Feature", "properties": { "Dialgeo": 201138, "Dial": 1, "VERSION": "Capa actual", "ID_MAPA": "actual_28", "layer": "Capa actual", "path": "C:\\Users\\said.calderon\\Downloads\\Capa actual.geojson" }, "geometry": { "type": "MultiPolygon", "coordinates": [ [ [ [ -88.037159762750917, 15.516180787840714 ], [ -88.039679834151485, 15.519177790781878 ], [ -88.039824501706761, 15.519434482053223 ], [ -88.039743657817809, 15.519788011115077 ], [ -88.039246156962591, 15.520243403590184 ], [ -88.038655374697015, 15.520632883199083 ], [ -88.038319561619744, 15.520776690868814 ], [ -88.036509902258899, 15.520794666820478 ], [ -88.035508681787775, 15.520932482397903 ], [ -88.033332115546202, 15.521160177498029 ], [ -88.032197191720243, 15.521381880380375 ], [ -88.031873816164364, 15.521525687528007 ], [ -88.031267486997066, 15.521705446321583 ], [ -88.031180424347411, 15.522029011755313 ], [ -88.031136893022591, 15.52235257668154 ], [ -88.031339002744986, 15.52286788273852 ], [ -88.031510018663994, 15.523407155140607 ], [ -88.031625065736748, 15.523682782712809 ], [ -88.031562878129847, 15.524323914988576 ], [ -88.031289252659505, 15.524947069683238 ], [ -88.03122706505259, 15.525144801067867 ], [ -88.031115127360181, 15.525504312190627 ], [ -88.031062267894299, 15.525827871665308 ], [ -88.031087142937039, 15.526283250806769 ], [ -88.031211518150826, 15.526762596185179 ], [ -88.031276815138099, 15.5270262356684 ], [ -88.031084033556709, 15.52740371888714 ], [ -88.030717126675981, 15.527966946532029 ], [ -88.030738892338377, 15.528200625635307 ], [ -88.030791751804244, 15.528452279758072 ], [ -88.030816626847013, 15.528865710864435 ], [ -88.030835283129079, 15.529683583002464 ], [ -88.030807298706023, 15.529845359524575 ], [ -88.030847720650456, 15.530249800274502 ], [ -88.030878814453914, 15.530836986914203 ], [ -88.030903689496668, 15.531238429878846 ], [ -88.030903689496668, 15.531442146905199 ], [ -88.030909908257357, 15.531831605365893 ], [ -88.030909908257357, 15.532101230023077 ], [ -88.030916127018031, 15.532382837621853 ], [ -88.030909908257357, 15.532700394665383 ], [ -88.030931673919781, 15.533002972147967 ], [ -88.030916127018031, 15.533281582704522 ], [ -88.03093789268047, 15.533515255784177 ], [ -88.030947220821503, 15.533814836268034 ], [ -88.030953439582177, 15.534018550748351 ], [ -88.030965877103554, 15.534114416316488 ], [ -88.030965877103554, 15.534180323868719 ], [ -88.0310031896677, 15.534449945453847 ], [ -88.031006299048158, 15.534788469833568 ], [ -88.031021845949766, 15.53551045360015 ], [ -88.031031174090927, 15.536226443302523 ], [ -88.031031174090884, 15.53695740930298 ], [ -88.03106848665503, 15.537340865840207 ], [ -88.031080924176379, 15.538371401748508 ], [ -88.031130674261917, 15.539497795567128 ], [ -88.030284922808036, 15.539617624334401 ], [ -88.028966545541735, 15.539449864040707 ], [ -88.027636176216703, 15.539391389648724 ], [ -88.025830893822302, 15.539218791720105 ], [ -88.024706063124725, 15.539046946655974 ], [ -88.024042495115296, 15.538901363385795 ], [ -88.023414623743179, 15.538621352642666 ], [ -88.022922816558932, 15.538497744341404 ], [ -88.022559306901002, 15.538271128929857 ], [ -88.021556150209847, 15.537595688628377 ], [ -88.021343966108986, 15.537366480203216 ], [ -88.021145004582124, 15.537143604531463 ], [ -88.020899844906836, 15.53691454825054 ], [ -88.020800348808933, 15.536799913185042 ], [ -88.020694320477759, 15.536698096675654 ], [ -88.020462195067054, 15.536437008570248 ], [ -88.020304386964682, 15.536227564605745 ], [ -88.020069174822112, 15.535980344933634 ], [ -88.019924580383048, 15.535748921610429 ], [ -88.019725747731215, 15.535551620641193 ], [ -88.019586524231954, 15.535405197574937 ], [ -88.01935802147166, 15.535209631890032 ], [ -88.019540770889563, 15.534818741529826 ], [ -88.019697610344409, 15.534523883727246 ], [ -88.019841258939906, 15.534229086799808 ], [ -88.020030947803917, 15.533908500178129 ], [ -88.020227168391713, 15.533575094825315 ], [ -88.020502058665272, 15.533145412574816 ], [ -88.020923789056795, 15.532400136607075 ], [ -88.021182385320145, 15.532010492730876 ], [ -88.021388219596588, 15.531621092801526 ], [ -88.021515817004314, 15.531415887968238 ], [ -88.021676169302594, 15.531165772071121 ], [ -88.021767729279688, 15.53100869040653 ], [ -88.021891902414112, 15.530777924463226 ], [ -88.021980203897115, 15.530628850554677 ], [ -88.021861287405713, 15.530587838937628 ], [ -88.021592080621403, 15.530496369442369 ], [ -88.021398843541661, 15.530430124803043 ], [ -88.021250170655208, 15.530373265067697 ], [ -88.020966093958776, 15.530275469388643 ], [ -88.020731637961518, 15.530209414819836 ], [ -88.022102170806747, 15.527731581818701 ], [ -88.023530947724879, 15.524809855126536 ], [ -88.024072251707778, 15.523843001836537 ], [ -88.024252358689282, 15.523454538272807 ], [ -88.025889696855188, 15.518400109073184 ], [ -88.028391498618518, 15.518564936189168 ], [ -88.029995217697575, 15.518152868152329 ], [ -88.03082915161869, 15.51712269446017 ], [ -88.031513405092412, 15.516277948195091 ], [ -88.034485631118926, 15.514691464157385 ], [ -88.034700242898069, 15.51458088623707 ], [ -88.036527700079588, 15.515484707700653 ], [ -88.037159762750917, 15.516180787840714 ] ] ] ] } },
{ "type": "Feature", "properties": { "Dialgeo": 201141, "Dial": 2, "VERSION": "Capa actual", "ID_MAPA": "actual_29", "layer": "Capa actual", "path": "C:\\Users\\said.calderon\\Downloads\\Capa actual.geojson" }, "geometry": { "type": "MultiPolygon", "coordinates": [ [ [ [ -87.996276938132652, 15.483052855609365 ], [ -87.997417808625244, 15.483163497442655 ], [ -87.997858314606646, 15.483134817288589 ], [ -87.997921162892624, 15.483194881829329 ], [ -87.999729372959322, 15.483431911047006 ], [ -88.000560561219032, 15.483579786134786 ], [ -88.002269136094782, 15.483782152915687 ], [ -88.005026755333546, 15.484223458442186 ], [ -88.005706894934633, 15.484364532763374 ], [ -88.006058986279356, 15.484420462249535 ], [ -88.006209416779271, 15.484452065312356 ], [ -88.006414618329558, 15.484486076537165 ], [ -88.006501272548306, 15.484483049331393 ], [ -88.006488835026943, 15.484674826427721 ], [ -88.006432866180717, 15.485118310281889 ], [ -88.006401772377288, 15.485423954006203 ], [ -88.006336475390015, 15.485738586779982 ], [ -88.006302272206227, 15.486047226083432 ], [ -88.006221428317275, 15.486598580585877 ], [ -88.006171678231738, 15.486754397896231 ], [ -88.00611570938554, 15.487197877290752 ], [ -88.006009990453819, 15.487809158140376 ], [ -88.005991334171711, 15.488153751940484 ], [ -88.005954021607579, 15.488432423028396 ], [ -88.00590427152207, 15.488687122081316 ], [ -88.005838974534811, 15.488959799543153 ], [ -88.006199662654865, 15.489022725060194 ], [ -88.006529256971433, 15.48907965765436 ], [ -88.006995664023194, 15.489166554741528 ], [ -88.007443414792874, 15.489256448241552 ], [ -88.0078662905198, 15.489334355909959 ], [ -88.00861254180262, 15.489454213804031 ], [ -88.009340136803416, 15.489628007627005 ], [ -88.010123700650368, 15.489783822654442 ], [ -88.010664732830406, 15.489909673167789 ], [ -88.011908484968444, 15.490185345453146 ], [ -88.011560444645696, 15.491624789299445 ], [ -88.011254250920686, 15.492823118202582 ], [ -88.010846375377099, 15.494500627452513 ], [ -88.010637432718397, 15.495371217231686 ], [ -88.010264972358613, 15.496673203781665 ], [ -88.0100561201088, 15.497563241389143 ], [ -88.009812751271298, 15.4984262082918 ], [ -88.009213099145185, 15.500621092752061 ], [ -88.009102464168535, 15.500968340322084 ], [ -88.008826320406172, 15.502164306538454 ], [ -88.008631633315062, 15.502676363184783 ], [ -88.008621928141949, 15.502714772864561 ], [ -88.008290451310074, 15.502692306728818 ], [ -88.008092531105447, 15.502674026726618 ], [ -88.007137011293679, 15.502650310586883 ], [ -88.005400762544966, 15.502508398569454 ], [ -88.002931700508697, 15.501936170210092 ], [ -87.997593994792624, 15.501927471236408 ], [ -87.997196642740818, 15.499680227463433 ], [ -87.99541268206508, 15.499375900242274 ], [ -87.99371184041361, 15.498488100576735 ], [ -87.992345718553281, 15.497984037254932 ], [ -87.991903735585268, 15.497621592608427 ], [ -87.99144888156718, 15.496811478999859 ], [ -87.991274101469159, 15.496187528996465 ], [ -87.991207293572387, 15.495688041564085 ], [ -87.991123756734467, 15.495206585224972 ], [ -87.991153594115332, 15.493001280074948 ], [ -87.991048650547114, 15.492542925994391 ], [ -87.991008429316153, 15.492374968698666 ], [ -87.990968109187577, 15.492097818741332 ], [ -87.990780801157513, 15.491892760865174 ], [ -87.990587233870556, 15.491738154592332 ], [ -87.990371960946845, 15.491575241358721 ], [ -87.990078771157613, 15.491429484587865 ], [ -87.989761649320556, 15.491262824588055 ], [ -87.98918281911169, 15.490735964196826 ], [ -87.988982143977566, 15.489997312696161 ], [ -87.988968744135548, 15.489771532283994 ], [ -87.989053661195584, 15.489391514799959 ], [ -87.989135767623381, 15.488420428124103 ], [ -87.989933650857765, 15.488426470438586 ], [ -87.990295300277452, 15.488403226970574 ], [ -87.990547939801814, 15.48838287379003 ], [ -87.991330990436353, 15.488396185788641 ], [ -87.991328445643816, 15.48578198318036 ], [ -87.991370718247765, 15.482531432081435 ], [ -87.991690022276345, 15.482527200187135 ], [ -87.993636426187592, 15.482730436302878 ], [ -87.99425667742446, 15.48283503449712 ], [ -87.99492436016692, 15.482916073360968 ], [ -87.995378540550462, 15.482976593800625 ], [ -87.996276938132652, 15.483052855609365 ] ] ] ] } },
{ "type": "Feature", "properties": { "Dialgeo": 201144, "Dial": 2, "VERSION": "Capa actual", "ID_MAPA": "actual_30", "layer": "Capa actual", "path": "C:\\Users\\said.calderon\\Downloads\\Capa actual.geojson" }, "geometry": { "type": "MultiPolygon", "coordinates": [ [ [ [ -88.005450874283596, 15.509271507469521 ], [ -88.00700284748018, 15.509326913172734 ], [ -88.007049453334361, 15.508972686932303 ], [ -88.00814557541446, 15.509138187995418 ], [ -88.008739334338756, 15.509233092286323 ], [ -88.009384182346892, 15.509344681345695 ], [ -88.010007352044994, 15.509414718920929 ], [ -88.009002462199746, 15.510345992652352 ], [ -88.00895851674484, 15.51097092323535 ], [ -88.009052590515822, 15.51099392098968 ], [ -88.009101517917543, 15.51139456585387 ], [ -88.009082686094487, 15.511662765086236 ], [ -88.009078025095945, 15.511808556667361 ], [ -88.009083025704342, 15.512008967977165 ], [ -88.009077743250614, 15.512303135720151 ], [ -88.009070990278218, 15.512847202082391 ], [ -88.009586729766724, 15.512906017241349 ], [ -88.010177498875763, 15.512935854670278 ], [ -88.010189700104277, 15.512684605524951 ], [ -88.012232629282778, 15.512666143921196 ], [ -88.012371982324396, 15.513256711819045 ], [ -88.012675627287436, 15.514164369751091 ], [ -88.013084166744335, 15.5149626170387 ], [ -88.013610492901122, 15.515711476177515 ], [ -88.01452930688032, 15.516593278501263 ], [ -88.014946694403918, 15.516866584141072 ], [ -88.015465182954841, 15.517142156840844 ], [ -88.01613743177785, 15.51739638283814 ], [ -88.016821953681884, 15.51753822352595 ], [ -88.017665945504376, 15.517614353441461 ], [ -88.019756534353007, 15.517818093243374 ], [ -88.022801056893542, 15.518088516471138 ], [ -88.025611718881478, 15.518379505674421 ], [ -88.024948848328819, 15.520872501987627 ], [ -88.024820550802488, 15.521490595586958 ], [ -88.02431452885169, 15.522809653699053 ], [ -88.020710160963048, 15.530218196854412 ], [ -88.021960386636081, 15.530628402205442 ], [ -88.020008277358031, 15.53380971197622 ], [ -88.019294855907248, 15.53510601802471 ], [ -88.018502578198905, 15.534609426883799 ], [ -88.018301662311018, 15.534490832591839 ], [ -88.017668157844739, 15.534243915983616 ], [ -88.017005177648386, 15.534078486344693 ], [ -88.016480216128684, 15.533871742361697 ], [ -88.01614017398677, 15.533664145564114 ], [ -88.015366462432297, 15.53301033760334 ], [ -88.014901682242538, 15.532504508230858 ], [ -88.013907910563461, 15.531526220346224 ], [ -88.013079520907581, 15.53054999698047 ], [ -88.011926481550447, 15.529429905655645 ], [ -88.011254586492441, 15.529013405918924 ], [ -88.010179213651298, 15.527909641921338 ], [ -88.00930739648544, 15.527237360196706 ], [ -88.005708433209747, 15.528665642048773 ], [ -88.003312343756306, 15.523816734930037 ], [ -88.002620170768068, 15.522515456160601 ], [ -88.002274584226967, 15.521218590775595 ], [ -88.00207730421613, 15.520597071393226 ], [ -88.002057962534934, 15.51943794442562 ], [ -88.002193523963896, 15.518412577066607 ], [ -88.002258037726008, 15.517637023236041 ], [ -88.002357658183996, 15.516881794583911 ], [ -88.002387794574403, 15.516237182600356 ], [ -88.002559200444523, 15.515385508269276 ], [ -88.003469257362781, 15.515306563880696 ], [ -88.003286871872888, 15.514786783525125 ], [ -88.004014342120627, 15.514770463001375 ], [ -88.004576148747418, 15.514361833991124 ], [ -88.004465188502692, 15.513623074186228 ], [ -88.004322416809202, 15.512967756261174 ], [ -88.004859525711723, 15.513004359498401 ], [ -88.005071747685619, 15.513032027568594 ], [ -88.005110933347083, 15.512807987555639 ], [ -88.005146628128756, 15.512417368636024 ], [ -88.005161224031113, 15.512104937005676 ], [ -88.005218988798404, 15.511282112404567 ], [ -88.005270639562994, 15.510860184318632 ], [ -88.005273337417478, 15.510585550923233 ], [ -88.005315157412852, 15.510073862528667 ], [ -88.0053885614374, 15.50970910239189 ], [ -88.005450874283596, 15.509271507469521 ] ] ] ] } },
{ "type": "Feature", "properties": { "Dialgeo": 201145, "Dial": 5, "VERSION": "Capa actual", "ID_MAPA": "actual_31", "layer": "Capa actual", "path": "C:\\Users\\said.calderon\\Downloads\\Capa actual.geojson" }, "geometry": { "type": "MultiPolygon", "coordinates": [ [ [ [ -88.017647022494344, 15.477892675313893 ], [ -88.01777592688785, 15.47789448651001 ], [ -88.018254951727485, 15.478022089724542 ], [ -88.018557688996879, 15.478089205751424 ], [ -88.018783451242399, 15.478129031734046 ], [ -88.019288406443806, 15.478236681817117 ], [ -88.020592428238885, 15.478528746624812 ], [ -88.020762340681017, 15.478552602276508 ], [ -88.021156283954596, 15.478642130298894 ], [ -88.021950514279141, 15.478787801964927 ], [ -88.021982772937847, 15.478794864475713 ], [ -88.021977968923935, 15.478826136245166 ], [ -88.021932808962788, 15.478968169801568 ], [ -88.021879598836904, 15.479237642687496 ], [ -88.020981477478244, 15.482484533282689 ], [ -88.020874127784253, 15.482834783511654 ], [ -88.020726141971437, 15.483491707475466 ], [ -88.020656188929706, 15.483759454478994 ], [ -88.020584155606102, 15.483982139538302 ], [ -88.020564561178958, 15.484030306195022 ], [ -88.020545061051095, 15.48409770293075 ], [ -88.020416053219364, 15.48464426421098 ], [ -88.020373623370929, 15.48483796692633 ], [ -88.020359147435812, 15.484855761809227 ], [ -88.020212438976472, 15.484825789628145 ], [ -88.020152865637513, 15.48480923758313 ], [ -88.020055136800138, 15.484783847109711 ], [ -88.019977630586681, 15.484775190079901 ], [ -88.019834271648548, 15.484733183128423 ], [ -88.019632887263299, 15.48467431628109 ], [ -88.019368596492811, 15.484614236656535 ], [ -88.019240799759288, 15.484589272104449 ], [ -88.019084647239524, 15.484556375695446 ], [ -88.019000420008851, 15.484536906985198 ], [ -88.01893159847539, 15.484530012449737 ], [ -88.018723765057572, 15.484482893044413 ], [ -88.018425311936468, 15.484412342894764 ], [ -88.018362029612291, 15.484392011166925 ], [ -88.018130677409999, 15.484351008961717 ], [ -88.017996038895745, 15.484317974967443 ], [ -88.017892458664846, 15.484299821876485 ], [ -88.017839749299966, 15.484292852879774 ], [ -88.017693327881517, 15.48425393536635 ], [ -88.017484851696921, 15.484206144753166 ], [ -88.017163003390337, 15.484130315103833 ], [ -88.016928765235292, 15.484078867255835 ], [ -88.01692880614506, 15.484045241233122 ], [ -88.016939179672946, 15.483739666163652 ], [ -88.017096252524482, 15.482884742817069 ], [ -88.016299141202225, 15.482599957456094 ], [ -88.017445331165092, 15.47821331016474 ], [ -88.017478282600067, 15.477854989877285 ], [ -88.017647022494344, 15.477892675313893 ] ] ] ] } },
{ "type": "Feature", "properties": { "Dialgeo": 201149, "Dial": 4, "VERSION": "Capa actual", "ID_MAPA": "actual_32", "layer": "Capa actual", "path": "C:\\Users\\said.calderon\\Downloads\\Capa actual.geojson" }, "geometry": { "type": "MultiPolygon", "coordinates": [ [ [ [ -88.012535594468545, 15.55421584294435 ], [ -88.014073367046393, 15.556183657130925 ], [ -88.014509534128806, 15.556736304212405 ], [ -88.014910121256449, 15.557104229301688 ], [ -88.015774260566445, 15.558254856661348 ], [ -88.016556354389948, 15.559018552333201 ], [ -88.017121789548952, 15.558645079974628 ], [ -88.017556088772821, 15.558204359761728 ], [ -88.020775330320859, 15.554800184984334 ], [ -88.021282871151428, 15.555125776596617 ], [ -88.023574720886856, 15.556275325118255 ], [ -88.026514988411293, 15.557561463684081 ], [ -88.027605034047852, 15.558346497368886 ], [ -88.028788114336734, 15.559085027262812 ], [ -88.02772542442051, 15.56001067261791 ], [ -88.027052044749198, 15.560580604207548 ], [ -88.025616662076743, 15.562048898258416 ], [ -88.023527794181433, 15.564783727665512 ], [ -88.021225619541283, 15.564201820897539 ], [ -88.019119530177562, 15.563655588056882 ], [ -88.016128288410428, 15.563189536975557 ], [ -88.015375763083213, 15.563077911687088 ], [ -88.014979806296324, 15.563041371370833 ], [ -88.013989795903839, 15.560232486985202 ], [ -88.011884773964098, 15.555115445267923 ], [ -88.011220519068445, 15.553710344860509 ], [ -88.011542685387965, 15.553497857899911 ], [ -88.011675639716699, 15.55337938278034 ], [ -88.011923963673169, 15.553233945521145 ], [ -88.01210295736638, 15.553418555401645 ], [ -88.012163007377112, 15.553558951999321 ], [ -88.012535594468545, 15.55421584294435 ] ] ] ] } },
{ "type": "Feature", "properties": { "Dialgeo": 201152, "Dial": 2, "VERSION": "Capa actual", "ID_MAPA": "actual_33", "layer": "Capa actual", "path": "C:\\Users\\said.calderon\\Downloads\\Capa actual.geojson" }, "geometry": { "type": "MultiPolygon", "coordinates": [ [ [ [ -88.008966799689233, 15.502770464789609 ], [ -88.013820706441109, 15.504085705441597 ], [ -88.013540223647553, 15.50569428972384 ], [ -88.013490486364717, 15.50580787827089 ], [ -88.013427378666549, 15.506078883739049 ], [ -88.013396231007562, 15.506297681859374 ], [ -88.013279585202639, 15.506600169251948 ], [ -88.013238207036835, 15.506923135826989 ], [ -88.013121509933285, 15.507215211230193 ], [ -88.013079979151243, 15.50750694200863 ], [ -88.013016895918526, 15.507783153343487 ], [ -88.012991954387431, 15.508173723540683 ], [ -88.012934087664931, 15.508418674471638 ], [ -88.012859682123633, 15.508575197870913 ], [ -88.012723359980058, 15.509247406755263 ], [ -88.012692541227111, 15.509533882288331 ], [ -88.012565611407013, 15.509930125911032 ], [ -88.012524460166759, 15.510299946016444 ], [ -88.012418930037711, 15.510680473270213 ], [ -88.012293419907337, 15.511368250608665 ], [ -88.012262498944665, 15.511633902236905 ], [ -88.012276408743475, 15.512284598176038 ], [ -88.012267471860071, 15.51265427060137 ], [ -88.012095683491722, 15.51266026374816 ], [ -88.011408352374119, 15.51264779326986 ], [ -88.010868648344967, 15.512629439124542 ], [ -88.010160131615308, 15.512676931608281 ], [ -88.010142466210453, 15.512908682939349 ], [ -88.009624212868658, 15.512885021620171 ], [ -88.009093695511424, 15.512823671006876 ], [ -88.009083997670899, 15.512485320008421 ], [ -88.00914462111767, 15.511701527813518 ], [ -88.009073978566761, 15.510975602021229 ], [ -88.008966469307211, 15.510950062589572 ], [ -88.009029402653582, 15.510365392433638 ], [ -88.010077030098941, 15.509389671529661 ], [ -88.007022525856613, 15.508955889870883 ], [ -88.006989317476837, 15.509304848967624 ], [ -88.005410473735367, 15.509244359336348 ], [ -88.005255396446046, 15.510484113840128 ], [ -88.005259548555443, 15.510787349554967 ], [ -88.005033986933597, 15.512995756751014 ], [ -88.004292810685953, 15.512952272588521 ], [ -88.004541097619835, 15.514330756866569 ], [ -88.003998202916392, 15.514764028747381 ], [ -88.00326398968663, 15.514773872231606 ], [ -88.00345982341868, 15.51529879760575 ], [ -88.002176779269135, 15.515368714968893 ], [ -88.00234113520338, 15.51457908029823 ], [ -88.00227407528314, 15.514519438607758 ], [ -88.002194581051555, 15.514445466274658 ], [ -88.002061888880448, 15.51430242422286 ], [ -88.00170261705783, 15.513968129862288 ], [ -88.000972440914794, 15.513324022910387 ], [ -88.000301620421354, 15.512679644515005 ], [ -87.999859562760861, 15.512293195439154 ], [ -87.999492501884447, 15.511908674921374 ], [ -87.999108898596987, 15.511552100137049 ], [ -87.998818549331034, 15.511305389663246 ], [ -87.998453619835814, 15.510999923637197 ], [ -87.998053389153611, 15.510637783659691 ], [ -87.997368364342847, 15.509972297588723 ], [ -87.99477011621093, 15.507208973335388 ], [ -87.995702659224918, 15.506798474057273 ], [ -87.999428862961622, 15.50491258586122 ], [ -87.997594755001288, 15.501971279646231 ], [ -88.002920733622602, 15.501961746271617 ], [ -88.003502269474453, 15.502095213516304 ], [ -88.004038409558788, 15.502252309485456 ], [ -88.004210265428569, 15.502261941032732 ], [ -88.005495291551696, 15.502597950437814 ], [ -88.008966799689233, 15.502770464789609 ] ] ] ] } },
{ "type": "Feature", "properties": { "Dialgeo": 201153, "Dial": 5, "VERSION": "Capa actual", "ID_MAPA": "actual_34", "layer": "Capa actual", "path": "C:\\Users\\said.calderon\\Downloads\\Capa actual.geojson" }, "geometry": { "type": "MultiPolygon", "coordinates": [ [ [ [ -88.025528828014274, 15.475724204897816 ], [ -88.02622340128967, 15.47583156184365 ], [ -88.026451274966689, 15.475864480586006 ], [ -88.028004542686745, 15.476207750798949 ], [ -88.027487580714322, 15.479666249138207 ], [ -88.027102557328718, 15.482424510517584 ], [ -88.026532176339629, 15.485566682782773 ], [ -88.026342191192143, 15.486394671671256 ], [ -88.026075308265035, 15.487785390678818 ], [ -88.025756223308377, 15.489573827375899 ], [ -88.025513631111977, 15.490600455319525 ], [ -88.025369523584317, 15.490500621985536 ], [ -88.022870367825348, 15.489992232155371 ], [ -88.020895909050964, 15.489736933678085 ], [ -88.019760598622867, 15.48974217014884 ], [ -88.019405656978975, 15.489742258203218 ], [ -88.017295936464095, 15.490962131864704 ], [ -88.018112940969928, 15.488566413107268 ], [ -88.01713138940697, 15.488216388428562 ], [ -88.015776705240157, 15.487904151958793 ], [ -88.015132769706298, 15.487767686130544 ], [ -88.014648820419666, 15.487641959359106 ], [ -88.014604345009815, 15.48762955746145 ], [ -88.014539906187821, 15.487610797289982 ], [ -88.014387375913415, 15.487571315493399 ], [ -88.014096956893056, 15.487495829863734 ], [ -88.014100070097371, 15.487462930566036 ], [ -88.014449163907585, 15.485858221140001 ], [ -88.014470355084455, 15.485816452083426 ], [ -88.012843341955261, 15.485487519726183 ], [ -88.012965472623208, 15.485126547116357 ], [ -88.012775991550029, 15.48501419086319 ], [ -88.012792195809226, 15.484987622503095 ], [ -88.013238125029517, 15.484107843466035 ], [ -88.014235369842041, 15.482227695505507 ], [ -88.014527816514658, 15.482216739807122 ], [ -88.01524224708632, 15.482325842106489 ], [ -88.015996602453882, 15.482488844669154 ], [ -88.01672749891209, 15.482793994290645 ], [ -88.017059552905209, 15.48290162546685 ], [ -88.016960852910742, 15.483487877436032 ], [ -88.016934483135131, 15.4836022140947 ], [ -88.016904682398419, 15.483805850970265 ], [ -88.016885597840144, 15.484080295135012 ], [ -88.017121375556982, 15.484139306957307 ], [ -88.017533913385847, 15.484227553507349 ], [ -88.018443430290304, 15.48443670808645 ], [ -88.018810672490247, 15.484513141577834 ], [ -88.019001730026261, 15.484551323844485 ], [ -88.019094822707544, 15.484579139963877 ], [ -88.019686014089899, 15.484703217728239 ], [ -88.019912828150098, 15.484766474469225 ], [ -88.020285976117634, 15.484846483947051 ], [ -88.020373538951077, 15.484883940265362 ], [ -88.020875998001145, 15.482963378957553 ], [ -88.021007262678211, 15.482435136127892 ], [ -88.02112312060008, 15.482104650582432 ], [ -88.022310663080361, 15.48234258178617 ], [ -88.02272695835245, 15.4824392147303 ], [ -88.02373584609694, 15.482693560919698 ], [ -88.024039050855947, 15.480838818572488 ], [ -88.024118007177535, 15.480512736609345 ], [ -88.024116271086172, 15.480411784501758 ], [ -88.024168996062045, 15.48029615752046 ], [ -88.024245207174417, 15.479916002431651 ], [ -88.024505485453446, 15.478910004091015 ], [ -88.024534425529055, 15.478746410864497 ], [ -88.024598055642002, 15.478580253255336 ], [ -88.024792684059321, 15.477834170298124 ], [ -88.024806716135188, 15.477663434615858 ], [ -88.024867772391289, 15.477478058355329 ], [ -88.025239091056818, 15.475849335432928 ], [ -88.025321087129029, 15.475719072474488 ], [ -88.025528828014274, 15.475724204897816 ] ] ] ] } },
{ "type": "Feature", "properties": { "Dialgeo": 201158, "Dial": 4, "VERSION": "Capa actual", "ID_MAPA": "actual_35", "layer": "Capa actual", "path": "C:\\Users\\said.calderon\\Downloads\\Capa actual.geojson" }, "geometry": { "type": "MultiPolygon", "coordinates": [ [ [ [ -88.010630107819409, 15.528668539877435 ], [ -88.011676991011541, 15.529661241058246 ], [ -88.012020621794903, 15.529800338297198 ], [ -88.01296155821413, 15.530703999482554 ], [ -88.013909822699119, 15.531917406724121 ], [ -88.014572512755876, 15.532412245598151 ], [ -88.015215539386944, 15.533072286621017 ], [ -88.016267500946441, 15.533969225497671 ], [ -88.017160545270841, 15.534291016027705 ], [ -88.017715673623229, 15.534518647402134 ], [ -88.018006805339454, 15.534709130325622 ], [ -88.018178720953529, 15.534797855838065 ], [ -88.018403838229247, 15.53497585442113 ], [ -88.018695285282078, 15.535230276875263 ], [ -88.019013176917724, 15.53549736515526 ], [ -88.019437159429245, 15.535879058264607 ], [ -88.019755430330122, 15.536222873938291 ], [ -88.01999487333245, 15.53663099549356 ], [ -88.020059780116384, 15.536881790363893 ], [ -88.02015570885645, 15.536999000831159 ], [ -88.020295002360527, 15.537218000869416 ], [ -88.020408657542148, 15.537317177645475 ], [ -88.020530673996703, 15.537451074970335 ], [ -88.020571602849017, 15.537519007921642 ], [ -88.020876065683055, 15.53789101185937 ], [ -88.021498844446256, 15.539526636023721 ], [ -88.021511921681764, 15.540377485452208 ], [ -88.021563435346337, 15.541585177301021 ], [ -88.025285605303694, 15.54250257006451 ], [ -88.025210503690019, 15.544355429272237 ], [ -88.021229971415181, 15.544328247342321 ], [ -88.021222106035509, 15.544743957639383 ], [ -88.02130695195109, 15.546279689607946 ], [ -88.021039802991922, 15.546796363061016 ], [ -88.020398011239536, 15.547908642627817 ], [ -88.020252747897302, 15.548140887698391 ], [ -88.01943173668154, 15.548850609200018 ], [ -88.018709139786623, 15.549103488908665 ], [ -88.018333693874609, 15.548860592517794 ], [ -88.017340762099195, 15.548983356027829 ], [ -88.016651409904469, 15.549139841840388 ], [ -88.016324255633151, 15.549208581176378 ], [ -88.016074046346247, 15.549254555117912 ], [ -88.015935420375669, 15.549270134197979 ], [ -88.015707906299653, 15.549230097008408 ], [ -88.015387596668063, 15.549123256108423 ], [ -88.014967042570447, 15.549001936062798 ], [ -88.014689333381128, 15.548939718578941 ], [ -88.014372948089502, 15.548840015777678 ], [ -88.014140349554495, 15.548768147434206 ], [ -88.013936785421379, 15.548685462462629 ], [ -88.013026404468732, 15.54845807432655 ], [ -88.012787625546139, 15.548477846639836 ], [ -88.011064402395533, 15.549354950437474 ], [ -88.010818201477178, 15.54949021312355 ], [ -88.010304919336164, 15.549728924959046 ], [ -88.009984505586644, 15.549126573164649 ], [ -88.009286275125334, 15.547706442000027 ], [ -88.009052635953111, 15.547391616256119 ], [ -88.008805232060951, 15.546855126879356 ], [ -88.008467301296264, 15.546384009457464 ], [ -88.008043940726651, 15.545644236256205 ], [ -88.007511280238489, 15.544798377055708 ], [ -88.007082981730505, 15.54383265200233 ], [ -88.006670268887888, 15.543054442377059 ], [ -88.006230866880841, 15.542212411381193 ], [ -88.005519243550125, 15.540646570369825 ], [ -88.003503374306689, 15.537403596363447 ], [ -88.003038049907758, 15.536651194261214 ], [ -88.003537004883043, 15.53617575272016 ], [ -88.004147230167334, 15.535631178891999 ], [ -88.004311287772623, 15.535353769051303 ], [ -88.004525942662269, 15.535074797785077 ], [ -88.004801612989084, 15.534720578893735 ], [ -88.005214750155332, 15.534113616604879 ], [ -88.005541937640018, 15.533658315451131 ], [ -88.005782932171286, 15.533304253502523 ], [ -88.006277117937756, 15.531537182566087 ], [ -88.006274508841756, 15.530999345163988 ], [ -88.006236820445864, 15.530377628719346 ], [ -88.006129707574303, 15.529739420927408 ], [ -88.005848504369283, 15.528950736298377 ], [ -88.005723752168066, 15.528767681466512 ], [ -88.007171874007199, 15.528185598286008 ], [ -88.008146015019278, 15.527784709487307 ], [ -88.009264993681583, 15.527332000641506 ], [ -88.010245103626772, 15.528158765173098 ], [ -88.010630107819409, 15.528668539877435 ] ] ] ] } },
{ "type": "Feature", "properties": { "Dialgeo": 201160, "Dial": 4, "VERSION": "Capa actual", "ID_MAPA": "actual_36", "layer": "Capa actual", "path": "C:\\Users\\said.calderon\\Downloads\\Capa actual.geojson" }, "geometry": { "type": "MultiPolygon", "coordinates": [ [ [ [ -88.021235275433611, 15.538483152092761 ], [ -88.021200143089629, 15.538280046453441 ], [ -88.022007086313209, 15.538767934881596 ], [ -88.022569352270224, 15.53907732217453 ], [ -88.02278928059836, 15.539180300208983 ], [ -88.02311206313675, 15.539271848493973 ], [ -88.023453429345096, 15.539385215016649 ], [ -88.023991775448906, 15.539536689597549 ], [ -88.02434187091481, 15.539589086263717 ], [ -88.024840078412296, 15.539682151611075 ], [ -88.02536697972009, 15.53982068153873 ], [ -88.025827370564656, 15.539886724613126 ], [ -88.026030477537759, 15.539893230788945 ], [ -88.026690642166514, 15.539942468740861 ], [ -88.02711349128154, 15.540001642192648 ], [ -88.027769954216993, 15.540056963556184 ], [ -88.02833350028942, 15.540203952751979 ], [ -88.028973142660888, 15.54029039640927 ], [ -88.029533631977841, 15.540330714677816 ], [ -88.030283537312073, 15.540388860440087 ], [ -88.030674924704613, 15.540391564750914 ], [ -88.031084946974104, 15.540400055686634 ], [ -88.031316250027857, 15.540428854582515 ], [ -88.031650107316366, 15.540387005712461 ], [ -88.032024900401922, 15.540380719528596 ], [ -88.032564334856602, 15.540393135012732 ], [ -88.033269051107311, 15.540407790450113 ], [ -88.036505156302795, 15.539594480677835 ], [ -88.038424722865514, 15.538184364880587 ], [ -88.040788127549291, 15.536231012198755 ], [ -88.045671157742234, 15.532771700142506 ], [ -88.045425186064449, 15.537616544463324 ], [ -88.044655920435815, 15.54201936369263 ], [ -88.044400867347704, 15.543759780044335 ], [ -88.044304103493658, 15.545499446469575 ], [ -88.044046601023922, 15.547409318779893 ], [ -88.043812767577805, 15.548126570393935 ], [ -88.043605830500738, 15.548946000830684 ], [ -88.043567287290358, 15.549150795972562 ], [ -88.043542064138123, 15.5493811046417 ], [ -88.043504164924016, 15.549713779650018 ], [ -88.043426756007833, 15.55005942995701 ], [ -88.043297611847706, 15.55060993777847 ], [ -88.043169175464186, 15.551301113398738 ], [ -88.042933918918536, 15.551737028567208 ], [ -88.04269827519181, 15.552096215599983 ], [ -88.042332774948093, 15.552865241932688 ], [ -88.04223071754059, 15.553556292375186 ], [ -88.041970617572858, 15.554299243198029 ], [ -88.041472680031049, 15.554966588114485 ], [ -88.041028534733513, 15.555838290652574 ], [ -88.040768170937767, 15.556530088382383 ], [ -88.040611412068543, 15.556837747778157 ], [ -88.040324019656808, 15.557401789766315 ], [ -88.040115519959826, 15.557914305864225 ], [ -88.039828381742822, 15.558529499295362 ], [ -88.039541755578796, 15.559246996365257 ], [ -88.03936079188729, 15.559989571275056 ], [ -88.03896965293724, 15.560912173492065 ], [ -88.038868352114108, 15.561756678723949 ], [ -88.035435736937444, 15.561298927282039 ], [ -88.033743765173924, 15.561080420305375 ], [ -88.031950283141995, 15.560582005178116 ], [ -88.030792052512311, 15.560317840327787 ], [ -88.030055467224685, 15.561156717123438 ], [ -88.029940392951801, 15.561303120533839 ], [ -88.029730163935412, 15.561530556475171 ], [ -88.029350682501857, 15.561996658403832 ], [ -88.029235939074553, 15.562123143562262 ], [ -88.028747619543608, 15.562654597802567 ], [ -88.028588963565667, 15.562585002872773 ], [ -88.027781985048136, 15.562134783660603 ], [ -88.027094829302868, 15.561762728460909 ], [ -88.026369676592353, 15.561335960536573 ], [ -88.026684671603832, 15.560998541407683 ], [ -88.026813587765915, 15.560861843315019 ], [ -88.026965964711053, 15.560704261616344 ], [ -88.027115470240886, 15.560550428244149 ], [ -88.027350425668729, 15.560340170820094 ], [ -88.02751923245448, 15.560193717262631 ], [ -88.028106284837691, 15.559697954132156 ], [ -88.028819905597885, 15.559085812574635 ], [ -88.02658214507629, 15.557545545664857 ], [ -88.026469040757263, 15.557488920281795 ], [ -88.023473594789095, 15.556070908161834 ], [ -88.020717330902258, 15.554656388400801 ], [ -88.020139683330484, 15.555248855033268 ], [ -88.01925100613461, 15.55613336197912 ], [ -88.019091882029059, 15.55632227019121 ], [ -88.017428318381761, 15.558077958262908 ], [ -88.016817180535156, 15.558598109041071 ], [ -88.01656854180375, 15.55881388209718 ], [ -88.016064484090165, 15.558253518528749 ], [ -88.015626890648221, 15.557795154328979 ], [ -88.015361358510191, 15.557451091787478 ], [ -88.015016863871963, 15.557145757753354 ], [ -88.014754650309357, 15.556769822563309 ], [ -88.014326436929764, 15.556240961619482 ], [ -88.014180574954693, 15.55608817232482 ], [ -88.01395537432245, 15.555897382821309 ], [ -88.013756432550068, 15.555680895489916 ], [ -88.013517289916905, 15.555336708944399 ], [ -88.013159171819936, 15.554941915517553 ], [ -88.012587736186191, 15.55408771944283 ], [ -88.012130239492819, 15.55329261949462 ], [ -88.010671226080078, 15.550348869771621 ], [ -88.010324533493957, 15.549751289164716 ], [ -88.011111872809579, 15.549339960289011 ], [ -88.012810868614054, 15.54851376900648 ], [ -88.013910454983531, 15.548714844007858 ], [ -88.014618728031834, 15.548922504465601 ], [ -88.015024929406124, 15.549050392593729 ], [ -88.015934137650319, 15.549330101908238 ], [ -88.017317881941139, 15.549009756493636 ], [ -88.018347196174318, 15.5488794388228 ], [ -88.018715179872387, 15.5491185402509 ], [ -88.019446171590246, 15.548888043490894 ], [ -88.020262777705668, 15.548202912927144 ], [ -88.021308054387291, 15.546381132441718 ], [ -88.021297290757929, 15.544409628701628 ], [ -88.025081722145103, 15.544375249851148 ], [ -88.025227911893523, 15.544367362021411 ], [ -88.025225326525856, 15.544345749411956 ], [ -88.025295471260534, 15.542492913249898 ], [ -88.021582978086187, 15.541527421032129 ], [ -88.021604508656679, 15.539816682476713 ], [ -88.021564731410351, 15.539562883534575 ], [ -88.021525285540505, 15.5393763138813 ], [ -88.021235275433611, 15.538483152092761 ] ] ] ] } },
{ "type": "Feature", "properties": { "Dialgeo": 201161, "Dial": 4, "VERSION": "Capa actual", "ID_MAPA": "actual_37", "layer": "Capa actual", "path": "C:\\Users\\said.calderon\\Downloads\\Capa actual.geojson" }, "geometry": { "type": "MultiPolygon", "coordinates": [ [ [ [ -88.034401478767293, 15.561357703345628 ], [ -88.034940026682023, 15.561381046365561 ], [ -88.039167145362114, 15.561961775603695 ], [ -88.040200960505231, 15.565307166575804 ], [ -88.041551176590389, 15.578964701866713 ], [ -88.041503255928461, 15.579568474635559 ], [ -88.04078513739951, 15.581588779510962 ], [ -88.040268744014099, 15.582347561719541 ], [ -88.039547887094443, 15.583509760995767 ], [ -88.038408177303708, 15.584776640104147 ], [ -88.036051973852466, 15.586930714700539 ], [ -88.034121127748662, 15.585729654219813 ], [ -88.030895441550953, 15.585669159580657 ], [ -88.030404131882136, 15.586251323603477 ], [ -88.030046014629448, 15.587463148066474 ], [ -88.028980576203352, 15.587669825891524 ], [ -88.027496078301382, 15.587298593965155 ], [ -88.026292820680041, 15.585942794022341 ], [ -88.02546465134408, 15.584166098269211 ], [ -88.024205352054281, 15.582485199865788 ], [ -88.022981619591818, 15.582054774604792 ], [ -88.020928859170638, 15.581601639464296 ], [ -88.019132693802106, 15.580077450294148 ], [ -88.017978016065186, 15.577605768148938 ], [ -88.016264616363813, 15.572931956332734 ], [ -88.017635889328318, 15.572250354863577 ], [ -88.018320142802054, 15.572044374643301 ], [ -88.014954111489544, 15.563182161900972 ], [ -88.016062640825496, 15.563253781656616 ], [ -88.01793525022309, 15.563557810200628 ], [ -88.023514684854277, 15.5648977521103 ], [ -88.025232052983895, 15.562702958709504 ], [ -88.026360433540276, 15.561457235342029 ], [ -88.028768352711296, 15.562737408963546 ], [ -88.030803525419657, 15.560387879287358 ], [ -88.034401478767293, 15.561357703345628 ] ] ] ] } },
{ "type": "Feature", "properties": { "Dialgeo": 201162, "Dial": 4, "VERSION": "Capa actual", "ID_MAPA": "actual_38", "layer": "Capa actual", "path": "C:\\Users\\said.calderon\\Downloads\\Capa actual.geojson" }, "geometry": { "type": "MultiPolygon", "coordinates": [ [ [ [ -88.024297688643131, 15.583129461157485 ], [ -88.024632403524265, 15.58354364826595 ], [ -88.025051532584399, 15.584139300548539 ], [ -88.025315342092711, 15.584496633983161 ], [ -88.02578101268405, 15.585151828133862 ], [ -88.026045269822191, 15.585598799081705 ], [ -88.02640416222026, 15.58647859117762 ], [ -88.026946538742891, 15.587058723864017 ], [ -88.027256448341262, 15.587385959058489 ], [ -88.027550202200558, 15.587563868227692 ], [ -88.028167721401218, 15.587755203950763 ], [ -88.028799911684231, 15.587797068311827 ], [ -88.029354735251729, 15.587779532536546 ], [ -88.029678425673183, 15.587778017540183 ], [ -88.030047761779116, 15.587656767607735 ], [ -88.03026154414583, 15.587252384011785 ], [ -88.030320964698035, 15.586803903025091 ], [ -88.030686945723588, 15.586010363855477 ], [ -88.031517793633569, 15.585707667855061 ], [ -88.032504715880478, 15.585792678527179 ], [ -88.033263662058985, 15.585910162978472 ], [ -88.033569454154502, 15.586026719908297 ], [ -88.033784377878916, 15.586008562118574 ], [ -88.03435724147333, 15.586131926181965 ], [ -88.035296527416193, 15.586707369158981 ], [ -88.036075045060699, 15.587208981480876 ], [ -88.036045303836062, 15.587942342107773 ], [ -88.036129714488709, 15.589406070727131 ], [ -88.034880590198995, 15.592370084674172 ], [ -88.033375469830588, 15.595108812033702 ], [ -88.030528966739155, 15.60015858214862 ], [ -88.025845810614342, 15.607081900526598 ], [ -88.020759027210559, 15.605296091494278 ], [ -88.026288037202079, 15.592834989006437 ], [ -88.025646336673546, 15.592821175315658 ], [ -88.025143447555678, 15.592823520287418 ], [ -88.024744521025426, 15.592808572046692 ], [ -88.024033373039416, 15.592778269632737 ], [ -88.02320133755218, 15.592849373173348 ], [ -88.022923631562492, 15.592800242296459 ], [ -88.022420908440324, 15.592836195520727 ], [ -88.02202189861174, 15.592804435086824 ], [ -88.021605547839485, 15.592772754484058 ], [ -88.02143205452289, 15.592756752790239 ], [ -88.021223879184902, 15.592740912024219 ], [ -88.020946007520692, 15.592658164114692 ], [ -88.020551497728874, 15.592674986829698 ], [ -88.019641290271323, 15.592717574135888 ], [ -88.018427427184662, 15.59272319922785 ], [ -88.017635021113662, 15.592573407650258 ], [ -88.016631509544993, 15.592424589199672 ], [ -88.015575222539255, 15.59227600981915 ], [ -88.014330473385542, 15.585989887064034 ], [ -88.013678813690959, 15.583665332467049 ], [ -88.013310318911721, 15.582439424954549 ], [ -88.012929997449163, 15.580216001024946 ], [ -88.012363602744117, 15.577712087426034 ], [ -88.011779401127015, 15.574261913245122 ], [ -88.012464561477714, 15.574079725869126 ], [ -88.014440625912911, 15.573482363825832 ], [ -88.016021518760439, 15.573014692342543 ], [ -88.018066137763867, 15.578334583489996 ], [ -88.018872714573959, 15.580146078611158 ], [ -88.019500268862259, 15.580815478527178 ], [ -88.02012716374459, 15.581350418208061 ], [ -88.020700298823456, 15.581532644595631 ], [ -88.02148218034651, 15.581848361665227 ], [ -88.021968866488649, 15.582081408838798 ], [ -88.022628788764777, 15.582280034521082 ], [ -88.022924070053193, 15.582379507820015 ], [ -88.023237024534566, 15.582546129075135 ], [ -88.023671693588611, 15.582779414164134 ], [ -88.023845428278833, 15.582845836343889 ], [ -88.024106113778515, 15.582962276589821 ], [ -88.024297688643131, 15.583129461157485 ] ] ] ] } },
{ "type": "Feature", "properties": { "Dialgeo": 201166, "Dial": 4, "VERSION": "Capa actual", "ID_MAPA": "actual_39", "layer": "Capa actual", "path": "C:\\Users\\said.calderon\\Downloads\\Capa actual.geojson" }, "geometry": { "type": "MultiPolygon", "coordinates": [ [ [ [ -88.008273797424465, 15.575045300762158 ], [ -88.011673982100859, 15.574287974490963 ], [ -88.012581454142691, 15.579580792783181 ], [ -88.01403846372979, 15.586302994233154 ], [ -88.015312596577701, 15.592532989358896 ], [ -87.995454076445995, 15.593901682808065 ], [ -87.995496518715498, 15.587239585205236 ], [ -87.995291255529537, 15.581699989263614 ], [ -87.995277662458321, 15.578876345923431 ], [ -87.994967985475427, 15.57682505256672 ], [ -87.999971055234241, 15.576243722755731 ], [ -88.008273797424465, 15.575045300762158 ] ] ] ] } },
{ "type": "Feature", "properties": { "Dialgeo": 201172, "Dial": 5, "VERSION": "Capa actual", "ID_MAPA": "actual_40", "layer": "Capa actual", "path": "C:\\Users\\said.calderon\\Downloads\\Capa actual.geojson" }, "geometry": { "type": "MultiPolygon", "coordinates": [ [ [ [ -88.00996597192983, 15.472520879093572 ], [ -88.018638793351428, 15.47430040974065 ], [ -88.01726191315484, 15.475977789309251 ], [ -88.017317276690036, 15.476229546991455 ], [ -88.017354895301864, 15.476430871239005 ], [ -88.017348137625063, 15.4765946133373 ], [ -88.017412423702112, 15.477439432098135 ], [ -88.017416009579648, 15.477539174057206 ], [ -88.017423398680506, 15.477783127601564 ], [ -88.017440984557638, 15.477831123130159 ], [ -88.017449336997927, 15.478018582522038 ], [ -88.017354946358068, 15.478485356975289 ], [ -88.01710691254533, 15.479404454667884 ], [ -88.016897793655744, 15.480234732572756 ], [ -88.016896853742878, 15.480296034239005 ], [ -88.016819856739374, 15.480581540836077 ], [ -88.016556687841913, 15.481447823563071 ], [ -88.016296939633463, 15.482456425882443 ], [ -88.016270905300161, 15.482533378575413 ], [ -88.014939266236894, 15.48224563642286 ], [ -88.014624149630762, 15.48219961636145 ], [ -88.014210488541849, 15.482208578979568 ], [ -88.014118398814958, 15.482243131855265 ], [ -88.014039193857514, 15.482379165591784 ], [ -88.013925952525469, 15.482696485443817 ], [ -88.01272316321618, 15.484968390164592 ], [ -88.011573831286825, 15.484602620335023 ], [ -88.01165437138134, 15.484182855279309 ], [ -88.011744894577959, 15.483716527385013 ], [ -88.010659711334455, 15.483391969131199 ], [ -88.009905963367302, 15.483242569128908 ], [ -88.009740396312864, 15.483238288116477 ], [ -88.009154925911034, 15.484852586100445 ], [ -88.006689243660659, 15.484385698871074 ], [ -88.007034100727921, 15.482069412597648 ], [ -88.007180895355916, 15.481064847827593 ], [ -88.007302861911285, 15.480380108316874 ], [ -88.00737919927262, 15.479804278622593 ], [ -88.007443308617951, 15.479426726230935 ], [ -88.007481477052025, 15.479138811361057 ], [ -88.0074960931059, 15.478881187948856 ], [ -88.007913861282518, 15.475837410987372 ], [ -88.008013947465102, 15.475292194049548 ], [ -88.00807888910434, 15.474925254982439 ], [ -88.008143047452464, 15.474396565022079 ], [ -88.008153227122705, 15.474202413339233 ], [ -88.008152757267339, 15.474105362811127 ], [ -88.008124071357727, 15.473922171712546 ], [ -88.00816325530144, 15.47353648951715 ], [ -88.008227404064613, 15.473299498864744 ], [ -88.008270169906709, 15.472877036593959 ], [ -88.008409158893571, 15.472196973566364 ], [ -88.00996597192983, 15.472520879093572 ] ] ] ] } },
{ "type": "Feature", "properties": { "Dialgeo": 201180, "Dial": 14, "VERSION": "Capa actual", "ID_MAPA": "actual_41", "layer": "Capa actual", "path": "C:\\Users\\said.calderon\\Downloads\\Capa actual.geojson" }, "geometry": { "type": "MultiPolygon", "coordinates": [ [ [ [ -88.19878363546772, 15.386551335690637 ], [ -88.1992009700664, 15.386826403708071 ], [ -88.200369104137636, 15.386618421218587 ], [ -88.201472087526525, 15.387693802884113 ], [ -88.20136835954716, 15.388680295917679 ], [ -88.201286394034, 15.397798269642806 ], [ -88.200850887991649, 15.407187635268002 ], [ -88.200175232799026, 15.407191284529652 ], [ -88.199459677732079, 15.407161226737289 ], [ -88.198446194485385, 15.40716669350838 ], [ -88.197042476533397, 15.407098625898808 ], [ -88.195483270454872, 15.407107017415866 ], [ -88.194546882579786, 15.406960788218889 ], [ -88.192675834694285, 15.406970835635727 ], [ -88.191441375241027, 15.406834902130637 ], [ -88.189309741709621, 15.406720264624521 ], [ -88.182877173659875, 15.402104776543196 ], [ -88.17607711350152, 15.39775262195521 ], [ -88.173539612438447, 15.393361108041452 ], [ -88.172551522661919, 15.39232570894764 ], [ -88.171389561521394, 15.389004004459386 ], [ -88.170306579626597, 15.385858351009874 ], [ -88.165908584391161, 15.382665464455602 ], [ -88.167470402933901, 15.379102209245756 ], [ -88.169426746264079, 15.380114983083267 ], [ -88.170589159689428, 15.380569242325185 ], [ -88.172386653600412, 15.381454943417911 ], [ -88.174712658008531, 15.382568024256001 ], [ -88.180425643291045, 15.385939399875713 ], [ -88.181689814765065, 15.386171109140864 ], [ -88.18257316841661, 15.38614645844418 ], [ -88.186780152944834, 15.386186938981917 ], [ -88.191074899437325, 15.385805933159823 ], [ -88.193235007734017, 15.385538603783052 ], [ -88.195475872011116, 15.385207755708509 ], [ -88.196595922190284, 15.385680738222623 ], [ -88.19878363546772, 15.386551335690637 ] ] ] ] } },
{ "type": "Feature", "properties": { "Dialgeo": 201183, "Dial": 17, "VERSION": "Capa actual", "ID_MAPA": "actual_42", "layer": "Capa actual", "path": "C:\\Users\\said.calderon\\Downloads\\Capa actual.geojson" }, "geometry": { "type": "MultiPolygon", "coordinates": [ [ [ [ -87.95236440989396, 15.643985942094613 ], [ -87.952204593634747, 15.641379614066812 ], [ -87.960879866401513, 15.640283634897436 ], [ -87.961486351443014, 15.640153092079705 ], [ -87.964017696083559, 15.6436259348619 ], [ -87.962839378047036, 15.6568499801007 ], [ -87.962872736468412, 15.663974281719975 ], [ -87.960863104550072, 15.688716582035124 ], [ -87.935838179942095, 15.68633872031676 ], [ -87.928857374827999, 15.685877311315668 ], [ -87.929030861962232, 15.685209342120986 ], [ -87.929030861962232, 15.676357468570089 ], [ -87.929291071029709, 15.670177631220762 ], [ -87.932413579839434, 15.670553437481079 ], [ -87.938615229280913, 15.667275548479985 ], [ -87.942843626627379, 15.665688780770534 ], [ -87.942865310716357, 15.665563509110694 ], [ -87.942735206182618, 15.663621788561226 ], [ -87.942518365293068, 15.661836642098962 ], [ -87.944751826455573, 15.660260271731662 ], [ -87.945098695726031, 15.659392327576477 ], [ -87.944263934454071, 15.658663009885506 ], [ -87.944448249210197, 15.657963551421835 ], [ -87.944356232548103, 15.657569687751261 ], [ -87.943619512002897, 15.652245745669207 ], [ -87.945922767259191, 15.647085098357406 ], [ -87.94657306850182, 15.645571756378583 ], [ -87.947279911544484, 15.645596393652378 ], [ -87.950507687501627, 15.645720078233504 ], [ -87.950640053563745, 15.645732191161615 ], [ -87.952370080789777, 15.645807481007521 ], [ -87.95237191656372, 15.645608489932659 ], [ -87.95236440989396, 15.643985942094613 ] ] ] ] } },
{ "type": "Feature", "properties": { "Dialgeo": 201185, "Dial": 17, "VERSION": "Capa actual", "ID_MAPA": "actual_43", "layer": "Capa actual", "path": "C:\\Users\\said.calderon\\Downloads\\Capa actual.geojson" }, "geometry": { "type": "MultiPolygon", "coordinates": [ [ [ [ -87.989421049705555, 15.638858014517748 ], [ -87.991177571528354, 15.63889609977748 ], [ -87.992598402575837, 15.639299447649547 ], [ -87.992983524900097, 15.639545725155429 ], [ -87.993420026144207, 15.640061357061841 ], [ -87.994044358343302, 15.640295765315152 ], [ -87.994769315975077, 15.640626766872751 ], [ -87.99610708011005, 15.641108648137134 ], [ -87.996428368279354, 15.64081064210148 ], [ -87.998740380987314, 15.641393217076613 ], [ -87.998775675431418, 15.641786653995537 ], [ -87.999094836736347, 15.642197668811372 ], [ -88.00172618333562, 15.64322087872659 ], [ -88.00342120734588, 15.643930229955547 ], [ -88.00498551615091, 15.644191215766105 ], [ -88.006150324335238, 15.642125918637971 ], [ -88.048717255463643, 15.681719179005158 ], [ -87.999719320374581, 15.683781081041694 ], [ -87.982528372914274, 15.684858527942598 ], [ -87.982375454621305, 15.661869323916706 ], [ -87.982221932172052, 15.637354552285737 ], [ -87.989421049705555, 15.638858014517748 ] ] ] ] } },
{ "type": "Feature", "properties": { "Dialgeo": 201190, "Dial": 10, "VERSION": "Capa actual", "ID_MAPA": "actual_44", "layer": "Capa actual", "path": "C:\\Users\\said.calderon\\Downloads\\Capa actual.geojson" }, "geometry": { "type": "MultiPolygon", "coordinates": [ [ [ [ -87.880363499198012, 15.598132902445492 ], [ -87.88788340011007, 15.598308621246714 ], [ -87.894738034424407, 15.602831050087147 ], [ -87.927620855049781, 15.615289001484539 ], [ -87.931686203122695, 15.617152130902731 ], [ -87.934069825393379, 15.618493742836908 ], [ -87.935606131525617, 15.620705853224772 ], [ -87.936376587351702, 15.622316132446706 ], [ -87.93510796985943, 15.634053052630458 ], [ -87.932164540353185, 15.640944690698493 ], [ -87.931339332264145, 15.645245152638072 ], [ -87.928324129170832, 15.667305406348421 ], [ -87.927751543319573, 15.680812525990522 ], [ -87.910605795365214, 15.675970543518359 ], [ -87.89392762718812, 15.668357966482466 ], [ -87.869446876439312, 15.658064052946473 ], [ -87.870140485169827, 15.64979167873334 ], [ -87.87125291749463, 15.642122729935297 ], [ -87.872161167530479, 15.637300563564304 ], [ -87.872205076592394, 15.635203034723204 ], [ -87.87225459206347, 15.632891052523043 ], [ -87.872235126451216, 15.629831640431711 ], [ -87.87069021469091, 15.626512698425241 ], [ -87.865366366249546, 15.615791176500121 ], [ -87.862222338646589, 15.608692968815539 ], [ -87.865607121905086, 15.601738561928082 ], [ -87.865779940179948, 15.601133586613123 ], [ -87.872693444412448, 15.598676311410616 ], [ -87.875029125582373, 15.598367877627064 ], [ -87.877115155244695, 15.598096073156912 ], [ -87.880363499198012, 15.598132902445492 ] ] ] ] } },
{ "type": "Feature", "properties": { "Dialgeo": 201191, "Dial": 10, "VERSION": "Capa actual", "ID_MAPA": "actual_45", "layer": "Capa actual", "path": "C:\\Users\\said.calderon\\Downloads\\Capa actual.geojson" }, "geometry": { "type": "MultiPolygon", "coordinates": [ [ [ [ -87.89730162015131, 15.551877909501565 ], [ -87.892392146411567, 15.560691439814088 ], [ -87.897949902727859, 15.564556638509467 ], [ -87.906948147750526, 15.570709511942949 ], [ -87.910020669257023, 15.573356885439441 ], [ -87.910794192727892, 15.581231523906125 ], [ -87.909776062448259, 15.589727426205696 ], [ -87.907681589217901, 15.593521532065385 ], [ -87.899901108291843, 15.600612876993869 ], [ -87.896534704624827, 15.603286685569204 ], [ -87.888148423118622, 15.597903084892163 ], [ -87.884154046949618, 15.597775806159305 ], [ -87.880447649564132, 15.597732362110468 ], [ -87.877464798439945, 15.597744287800321 ], [ -87.873236240610439, 15.598213825280359 ], [ -87.865615702018331, 15.600883983587025 ], [ -87.861971380371699, 15.608630112234881 ], [ -87.867337908841549, 15.620182739525539 ], [ -87.87202418934362, 15.629883633783816 ], [ -87.871922744896935, 15.637096891529737 ], [ -87.87145510013778, 15.638863596848712 ], [ -87.868922405759733, 15.657928869809385 ], [ -87.85366549271339, 15.658244624940036 ], [ -87.84300856033235, 15.660204211480378 ], [ -87.833131989379893, 15.650726789816437 ], [ -87.824035730797689, 15.642397570116255 ], [ -87.813337634417763, 15.633817786139888 ], [ -87.803911027532692, 15.62617916376816 ], [ -87.796921597159738, 15.62067981712841 ], [ -87.804727834682382, 15.612287365991207 ], [ -87.809930596119926, 15.605002119992459 ], [ -87.812577197945657, 15.602070801703967 ], [ -87.81755156233065, 15.596908969741889 ], [ -87.822837029901905, 15.591544168776956 ], [ -87.829366758544566, 15.585166057530943 ], [ -87.839827661411491, 15.573326878717403 ], [ -87.846697888372603, 15.563698503892192 ], [ -87.84533048283761, 15.533939952778599 ], [ -87.875819699490208, 15.526142884801555 ], [ -87.887792010507809, 15.537525993954244 ], [ -87.891390319367062, 15.54009152800824 ], [ -87.895946235814264, 15.543215547575686 ], [ -87.900879493474861, 15.546613516479681 ], [ -87.900033814005567, 15.547929628083061 ], [ -87.89730162015131, 15.551877909501565 ] ] ] ] } },
{ "type": "Feature", "properties": { "Dialgeo": 201192, "Dial": 9, "VERSION": "Capa actual", "ID_MAPA": "actual_46", "layer": "Capa actual", "path": "C:\\Users\\said.calderon\\Downloads\\Capa actual.geojson" }, "geometry": { "type": "MultiPolygon", "coordinates": [ [ [ [ -87.895968372051811, 15.470619252181995 ], [ -87.892268221088472, 15.485662940014699 ], [ -87.888888728048244, 15.496205722515644 ], [ -87.886529079661571, 15.50038543705357 ], [ -87.884438993251607, 15.506267794513121 ], [ -87.877844836247334, 15.505651164881392 ], [ -87.875309193242771, 15.505547764968755 ], [ -87.87316262309767, 15.505215885956861 ], [ -87.871797059601278, 15.505107819845367 ], [ -87.860444655527189, 15.504509383573144 ], [ -87.861723507742553, 15.500051269375877 ], [ -87.864059175603543, 15.49205284530735 ], [ -87.867598482694007, 15.482360606255451 ], [ -87.873794630763754, 15.465100171369285 ], [ -87.895968372051811, 15.470619252181995 ] ] ] ] } },
{ "type": "Feature", "properties": { "Dialgeo": 201195, "Dial": 6, "VERSION": "Capa actual", "ID_MAPA": "actual_47", "layer": "Capa actual", "path": "C:\\Users\\said.calderon\\Downloads\\Capa actual.geojson" }, "geometry": { "type": "MultiPolygon", "coordinates": [ [ [ [ -87.94928003644867, 15.50242155571428 ], [ -87.950776840922458, 15.502957284821356 ], [ -87.951632157764607, 15.503328173389249 ], [ -87.952102582027806, 15.50353422230587 ], [ -87.952872367185748, 15.503781480734496 ], [ -87.953813215712145, 15.503987529198914 ], [ -87.955352786028016, 15.504399625511095 ], [ -87.956122571185972, 15.504646882903725 ], [ -87.957234483080796, 15.504894140000358 ], [ -87.958346394975592, 15.50518260623897 ], [ -87.959201711817755, 15.505265025090283 ], [ -87.960570218765213, 15.505347443908713 ], [ -87.961767662344243, 15.50530623450361 ], [ -87.961382769765279, 15.506748558789477 ], [ -87.960955111344191, 15.508232081831151 ], [ -87.960698516291558, 15.508973839355136 ], [ -87.960441921238896, 15.509674385681006 ], [ -87.960228092028359, 15.510168887538757 ], [ -87.959757667765174, 15.510951846391235 ], [ -87.958816819238791, 15.513135873811567 ], [ -87.956631869632801, 15.517412333513038 ], [ -87.953831790278201, 15.521274354276446 ], [ -87.951208783107575, 15.524846899366624 ], [ -87.946285975749191, 15.534642782044248 ], [ -87.938716873447987, 15.544698089029852 ], [ -87.933145417841729, 15.549057717048514 ], [ -87.925339164359556, 15.55958624890159 ], [ -87.924818727682535, 15.570740892210489 ], [ -87.909986810836486, 15.571618198010711 ], [ -87.907124511094253, 15.570239572929712 ], [ -87.892943116916882, 15.560526270657002 ], [ -87.901139702542352, 15.547804284483211 ], [ -87.916752246590804, 15.526369407429234 ], [ -87.918313500995652, 15.523611542124621 ], [ -87.919623685492482, 15.520226056693678 ], [ -87.926751751449743, 15.517306225670225 ], [ -87.927857516440369, 15.516815612067973 ], [ -87.927871895869245, 15.514129921750721 ], [ -87.925149563667333, 15.505072279298858 ], [ -87.930928241564629, 15.494683629580729 ], [ -87.938716873447973, 15.496652077288889 ], [ -87.942266438342926, 15.498753834513034 ], [ -87.94320728686931, 15.499248362517692 ], [ -87.943977072027266, 15.499742889338702 ], [ -87.94496068639576, 15.50023741497602 ], [ -87.945431110658944, 15.500567098076614 ], [ -87.946243661658997, 15.5008967806511 ], [ -87.946927915132733, 15.501226462699469 ], [ -87.947911529501212, 15.501679774656898 ], [ -87.948510251290728, 15.502050665518544 ], [ -87.94928003644867, 15.50242155571428 ] ] ] ] } },
{ "type": "Feature", "properties": { "Dialgeo": 201197, "Dial": 6, "VERSION": "Capa actual", "ID_MAPA": "actual_48", "layer": "Capa actual", "path": "C:\\Users\\said.calderon\\Downloads\\Capa actual.geojson" }, "geometry": { "type": "MultiPolygon", "coordinates": [ [ [ [ -87.966468803906182, 15.512896980346163 ], [ -87.968041083675431, 15.509168220721822 ], [ -87.973066107239518, 15.509146149481357 ], [ -87.97318825262677, 15.50932575572331 ], [ -87.974324737570441, 15.51086702177933 ], [ -87.97814458377664, 15.515164465062295 ], [ -87.981811474086967, 15.520384668901546 ], [ -87.983902449066022, 15.527160719926608 ], [ -87.982013800180397, 15.527707492723112 ], [ -87.979913761027476, 15.529916453149696 ], [ -87.977758341014322, 15.532259190867794 ], [ -87.972563785094806, 15.537557729813242 ], [ -87.971670251525808, 15.538495653549724 ], [ -87.969608164859778, 15.537583951000897 ], [ -87.964235184936058, 15.535509828829927 ], [ -87.965064053026552, 15.534800270345661 ], [ -87.966098955715125, 15.53366120396643 ], [ -87.967031357608676, 15.532850337633514 ], [ -87.96790625787753, 15.531444613167151 ], [ -87.968248587906587, 15.530501865880057 ], [ -87.968886130692539, 15.529085623861665 ], [ -87.969291711324871, 15.526839980845056 ], [ -87.969361651760522, 15.525059098916167 ], [ -87.968269358452574, 15.524567842476877 ], [ -87.964371471876191, 15.523484965673873 ], [ -87.963419830965748, 15.522141156709655 ], [ -87.961386344635244, 15.521832418360923 ], [ -87.96170761914685, 15.520002249464625 ], [ -87.962224293783336, 15.518566176747726 ], [ -87.966468803906182, 15.512896980346163 ] ] ] ] } },
{ "type": "Feature", "properties": { "Dialgeo": 201198, "Dial": 6, "VERSION": "Capa actual", "ID_MAPA": "actual_49", "layer": "Capa actual", "path": "C:\\Users\\said.calderon\\Downloads\\Capa actual.geojson" }, "geometry": { "type": "MultiPolygon", "coordinates": [ [ [ [ -87.972728757476332, 15.494946450946955 ], [ -87.972951159264554, 15.494782645202024 ], [ -87.97552289390886, 15.493047286437303 ], [ -87.977873087413187, 15.491499316084576 ], [ -87.982365988343759, 15.495497979363311 ], [ -87.982880799489152, 15.498385905973814 ], [ -87.982972731478228, 15.499333598982661 ], [ -87.983133183580108, 15.500274130126908 ], [ -87.983276462843691, 15.50124835325304 ], [ -87.983327996061504, 15.501475813591149 ], [ -87.983584191982843, 15.502423839754677 ], [ -87.983614147561823, 15.50285863782714 ], [ -87.983702650712885, 15.503397872592034 ], [ -87.983862075917415, 15.50411990401973 ], [ -87.983986675479315, 15.50480847441704 ], [ -87.98407589180151, 15.505345930869455 ], [ -87.984936662040582, 15.506992522358605 ], [ -87.985096295450575, 15.507196937846157 ], [ -87.985875912128563, 15.508488325110788 ], [ -87.986111962886966, 15.508849710129256 ], [ -87.986701389267111, 15.509689761164777 ], [ -87.986554107963741, 15.509772706683123 ], [ -87.985891806829031, 15.509694305793325 ], [ -87.984625822874719, 15.509756711812855 ], [ -87.984355517714405, 15.509914966511721 ], [ -87.98416142750095, 15.510025606081344 ], [ -87.984052756452272, 15.510112628039101 ], [ -87.983011529199118, 15.510815976829507 ], [ -87.982983599303196, 15.510851357301199 ], [ -87.982501697447134, 15.511176415617779 ], [ -87.982398115394702, 15.511255539602081 ], [ -87.982324931594462, 15.511310387157746 ], [ -87.982292495813809, 15.510975423843439 ], [ -87.982202958594101, 15.51057386162287 ], [ -87.982006101625743, 15.509363828774264 ], [ -87.980876756302109, 15.508814183031177 ], [ -87.967973079914501, 15.508945271262597 ], [ -87.96842136438417, 15.504707693171017 ], [ -87.971855131968482, 15.505045589080144 ], [ -87.974193767536761, 15.505471648858464 ], [ -87.974712840439039, 15.505267664676769 ], [ -87.975022480806274, 15.505203158128271 ], [ -87.976025490729853, 15.504807706760365 ], [ -87.976289200702809, 15.504652696448954 ], [ -87.976754072902452, 15.50439743834176 ], [ -87.97732534969974, 15.504276323753635 ], [ -87.977945754228728, 15.504058836880924 ], [ -87.978208223560245, 15.503962211673096 ], [ -87.978593168950582, 15.503805034172338 ], [ -87.978796504723263, 15.503732700059755 ], [ -87.97961585668034, 15.503421561378342 ], [ -87.979936640049473, 15.503322570883935 ], [ -87.980206765711273, 15.503270218948968 ], [ -87.980437114199319, 15.503173283168303 ], [ -87.980541537126172, 15.502942625919887 ], [ -87.980553187202332, 15.502616465983067 ], [ -87.980578469633016, 15.502289167812462 ], [ -87.980597787695203, 15.502180108226712 ], [ -87.980024584509508, 15.5011327097286 ], [ -87.980108059663223, 15.501041942821319 ], [ -87.979922607047129, 15.500346095223604 ], [ -87.979561109305664, 15.500157548539025 ], [ -87.978864020241247, 15.499796775575398 ], [ -87.977761398883828, 15.499343351758069 ], [ -87.977353988106699, 15.499207304118411 ], [ -87.97667821226527, 15.498892983607238 ], [ -87.976141712866408, 15.498674199646322 ], [ -87.975654703913435, 15.498435965224113 ], [ -87.975148425631161, 15.498266680401665 ], [ -87.974586972644659, 15.498063271183089 ], [ -87.974388530504527, 15.498037703518101 ], [ -87.974224043933503, 15.498014983545735 ], [ -87.973902695930548, 15.498049459314332 ], [ -87.973486127575882, 15.497979060709783 ], [ -87.972757891039038, 15.497931841747169 ], [ -87.972029536814077, 15.497859408900446 ], [ -87.971639300911363, 15.497810700084701 ], [ -87.971405418590109, 15.497836939695283 ], [ -87.970989418286891, 15.497838766891253 ], [ -87.96970243285989, 15.497753510469471 ], [ -87.970135499121227, 15.497291221257299 ], [ -87.970456843240783, 15.497003856631355 ], [ -87.97122721506976, 15.496331306045951 ], [ -87.971865873146996, 15.495757028351537 ], [ -87.972193946010677, 15.49548665842465 ], [ -87.972306022016227, 15.4953601057484 ], [ -87.972504606286066, 15.495199556631659 ], [ -87.972728757476332, 15.494946450946955 ] ] ] ] } },
{ "type": "Feature", "properties": { "Dialgeo": 201199, "Dial": 6, "VERSION": "Capa actual", "ID_MAPA": "actual_50", "layer": "Capa actual", "path": "C:\\Users\\said.calderon\\Downloads\\Capa actual.geojson" }, "geometry": { "type": "MultiPolygon", "coordinates": [ [ [ [ -87.974542283216394, 15.510989015175365 ], [ -87.973233877299563, 15.509124309012927 ], [ -87.976795488910625, 15.508983270918421 ], [ -87.980861255589957, 15.508857903642436 ], [ -87.981375844093179, 15.50914457555047 ], [ -87.981979341426737, 15.509378960883989 ], [ -87.981967750375631, 15.509679799699972 ], [ -87.982308668527736, 15.511365234698834 ], [ -87.984341551867388, 15.510048889690943 ], [ -87.985788964805209, 15.509876510556516 ], [ -87.986715959608091, 15.510017548040846 ], [ -87.988017004945476, 15.511177185925863 ], [ -87.989610785483748, 15.51211742807779 ], [ -87.992375506825667, 15.513120348319541 ], [ -87.995660646302525, 15.513809853159135 ], [ -87.997352005241112, 15.514217286754453 ], [ -87.996571378038709, 15.517131980555297 ], [ -87.996018433770303, 15.51910642716047 ], [ -87.995530541768801, 15.520955494944195 ], [ -87.995042649767285, 15.522522488567455 ], [ -87.994782440699808, 15.523995451720113 ], [ -87.994066865764253, 15.525499743657779 ], [ -87.993513921495875, 15.526345903051199 ], [ -87.992424296025831, 15.526283224696666 ], [ -87.991172039888596, 15.526283224696666 ], [ -87.988130846412488, 15.526533938000492 ], [ -87.987024957875718, 15.526643624975083 ], [ -87.986455750540628, 15.526831659652924 ], [ -87.9857564386718, 15.527035363693779 ], [ -87.984992074536081, 15.527129380875543 ], [ -87.984146395066787, 15.527145050401668 ], [ -87.981909724791308, 15.520206238479016 ], [ -87.981853292686722, 15.520083122149034 ], [ -87.980678032383452, 15.518740566491836 ], [ -87.980569963738063, 15.518606431735568 ], [ -87.980471539653237, 15.518414562119458 ], [ -87.980358543156896, 15.518286859337145 ], [ -87.980158723157004, 15.51797364543012 ], [ -87.980072232518935, 15.517858645281285 ], [ -87.980025258028789, 15.517711418642955 ], [ -87.979932186615457, 15.517602857849063 ], [ -87.979859243708589, 15.517468140936659 ], [ -87.979705983615247, 15.517302580942554 ], [ -87.979591214443033, 15.517149244671685 ], [ -87.979411230342834, 15.516835941960332 ], [ -87.979268092019751, 15.516625039277653 ], [ -87.979071656508737, 15.516327834721171 ], [ -87.978882150035403, 15.516097906596814 ], [ -87.978475545963548, 15.515394583453556 ], [ -87.977374073853412, 15.51419683959034 ], [ -87.974542283216394, 15.510989015175365 ] ] ] ] } },
{ "type": "Feature", "properties": { "Dialgeo": 201202, "Dial": 2, "VERSION": "Capa actual", "ID_MAPA": "actual_51", "layer": "Capa actual", "path": "C:\\Users\\said.calderon\\Downloads\\Capa actual.geojson" }, "geometry": { "type": "MultiPolygon", "coordinates": [ [ [ [ -87.990964790391828, 15.503619494817478 ], [ -87.99152731083305, 15.504105101364969 ], [ -87.992314520325507, 15.504813462247853 ], [ -87.995410624135658, 15.507913920594591 ], [ -87.997333642104735, 15.509961249076113 ], [ -87.998450402894179, 15.511069813969305 ], [ -88.000262024433667, 15.512781777933762 ], [ -88.001886727967332, 15.514197487487142 ], [ -88.002316248279612, 15.514587713571734 ], [ -88.002107590031812, 15.515353416658613 ], [ -87.99988226737122, 15.514461485350772 ], [ -87.997236808518551, 15.513771982687942 ], [ -87.994537139443509, 15.513134713027183 ], [ -87.993734828152142, 15.512915324655935 ], [ -87.993152558654316, 15.512771844806071 ], [ -87.99277648367385, 15.512735169609172 ], [ -87.991270262129262, 15.512185632810796 ], [ -87.987883735727863, 15.510836937544049 ], [ -87.987191236022042, 15.510214580754106 ], [ -87.986395371448111, 15.508902528869434 ], [ -87.985443359560065, 15.507494116819519 ], [ -87.984242506952057, 15.505202547395994 ], [ -87.984013344477304, 15.503780123441926 ], [ -87.983897131049076, 15.502723841035916 ], [ -87.983727621098822, 15.502091875573202 ], [ -87.984498549392313, 15.501440602467691 ], [ -87.984858650717342, 15.501158623083679 ], [ -87.985011864940716, 15.500634932479946 ], [ -87.985188240083772, 15.500305244640369 ], [ -87.985465264538277, 15.500093728434196 ], [ -87.986438132218353, 15.499302342615572 ], [ -87.987016140375104, 15.498814337546872 ], [ -87.987717493466789, 15.49829413136268 ], [ -87.987956018445303, 15.498623237131156 ], [ -87.988813307840047, 15.50012660221852 ], [ -87.990167259396301, 15.502318639119711 ], [ -87.990964790391828, 15.503619494817478 ] ] ] ] } },
{ "type": "Feature", "properties": { "Dialgeo": 201212, "Dial": 10, "VERSION": "Capa actual", "ID_MAPA": "actual_52", "layer": "Capa actual", "path": "C:\\Users\\said.calderon\\Downloads\\Capa actual.geojson" }, "geometry": { "type": "MultiPolygon", "coordinates": [ [ [ [ -87.922720792075978, 15.418661275947162 ], [ -87.922503951186414, 15.419225673835857 ], [ -87.922525635275363, 15.420061816037562 ], [ -87.922460583008501, 15.420772534262795 ], [ -87.924889200971606, 15.421127892463502 ], [ -87.924518962790785, 15.421858496378162 ], [ -87.924377477701483, 15.422165820076494 ], [ -87.924283678994215, 15.422280498031496 ], [ -87.924115727568648, 15.422382572007514 ], [ -87.923632122918747, 15.422737558131718 ], [ -87.923135720620152, 15.423137768790721 ], [ -87.922306120710743, 15.423620252465888 ], [ -87.922086308636338, 15.423873289888553 ], [ -87.921464299541753, 15.424279271178706 ], [ -87.921257092314804, 15.424444011919215 ], [ -87.920959137584035, 15.424659553792269 ], [ -87.920829236780989, 15.424672698731206 ], [ -87.920518396686646, 15.424913505948805 ], [ -87.919832734866347, 15.425622296465887 ], [ -87.919729157717825, 15.425710969161965 ], [ -87.919651238972307, 15.425723898128355 ], [ -87.919443862421289, 15.425850819291812 ], [ -87.919275528249628, 15.425990184874738 ], [ -87.919081146928121, 15.426117051919162 ], [ -87.918873714179966, 15.426231366577493 ], [ -87.918562758606399, 15.426446959255477 ], [ -87.918407197449653, 15.426535846428074 ], [ -87.918277406056589, 15.426574201964746 ], [ -87.918082441884962, 15.426568705077758 ], [ -87.917913303084191, 15.426525282534691 ], [ -87.917796064320314, 15.426462735972981 ], [ -87.917626704178474, 15.426368889152501 ], [ -87.917366152530334, 15.426224994005333 ], [ -87.917144726789644, 15.426112452534396 ], [ -87.916866760736781, 15.426072104948251 ], [ -87.916294395327682, 15.425948405191095 ], [ -87.91608532508215, 15.426060097770563 ], [ -87.915669903356275, 15.42616266128184 ], [ -87.915150901661548, 15.426353894715582 ], [ -87.914735644383597, 15.426494274601074 ], [ -87.9141905390033, 15.426660400905137 ], [ -87.913684254679922, 15.426788547403326 ], [ -87.913333864210614, 15.426903445301424 ], [ -87.912762764836856, 15.427069675129349 ], [ -87.912008154462072, 15.426877379055444 ], [ -87.911370122564335, 15.426596358039097 ], [ -87.910719206427046, 15.426340600467409 ], [ -87.910002928619164, 15.425996864929555 ], [ -87.909172302245381, 15.425622076062268 ], [ -87.908239886420276, 15.425141307578743 ], [ -87.90735083877307, 15.424765053206498 ], [ -87.90665694792645, 15.42449331351369 ], [ -87.905572743478658, 15.424075251753486 ], [ -87.904770432187263, 15.423908026813752 ], [ -87.902038236978768, 15.424075251753484 ], [ -87.897809839632302, 15.426249163715758 ], [ -87.895663114825638, 15.427210694439497 ], [ -87.893082708239831, 15.429677209411562 ], [ -87.89095766752213, 15.430471504605119 ], [ -87.88336823638744, 15.430262479848849 ], [ -87.877682071494959, 15.432580303877845 ], [ -87.876999590546518, 15.433324761272043 ], [ -87.876857298879784, 15.433977560466966 ], [ -87.876452976152294, 15.436180451526612 ], [ -87.874088852343945, 15.439791639456143 ], [ -87.866953381047566, 15.451895425198943 ], [ -87.866302858378887, 15.452898637475336 ], [ -87.864828340329865, 15.449972588097603 ], [ -87.861549801732792, 15.446788141235901 ], [ -87.857195541017276, 15.44537442706188 ], [ -87.845180137598788, 15.442189875262757 ], [ -87.836552288330935, 15.436219602911969 ], [ -87.834513983969046, 15.435174505970798 ], [ -87.836213474440683, 15.434317522551448 ], [ -87.854054058629416, 15.427106180446099 ], [ -87.860559285316285, 15.425099501571054 ], [ -87.872512639353417, 15.422904674347665 ], [ -87.882010270316243, 15.414626831573495 ], [ -87.894339066530236, 15.410879956468532 ], [ -87.903183740163954, 15.39962884903977 ], [ -87.911514183852688, 15.395059710803741 ], [ -87.922604135123237, 15.392656786819824 ], [ -87.924958319005583, 15.39731754946286 ], [ -87.927733882391962, 15.40321290154607 ], [ -87.929555345864301, 15.406474088355262 ], [ -87.931767122937828, 15.411073111023395 ], [ -87.932244172894869, 15.41211832925768 ], [ -87.930552813956282, 15.412954500060556 ], [ -87.929117598318086, 15.41393699645489 ], [ -87.928163498404018, 15.414689543743229 ], [ -87.925561407729248, 15.41602739885993 ], [ -87.924303730569775, 15.416779938577687 ], [ -87.92339299883362, 15.41765789813682 ], [ -87.922720792075978, 15.418661275947162 ] ] ] ] } },
{ "type": "Feature", "properties": { "Dialgeo": 201213, "Dial": 10, "VERSION": "Capa actual", "ID_MAPA": "actual_53", "layer": "Capa actual", "path": "C:\\Users\\said.calderon\\Downloads\\Capa actual.geojson" }, "geometry": { "type": "MultiPolygon", "coordinates": [ [ [ [ -87.905746216190295, 15.425036792543724 ], [ -87.911056087191042, 15.426939446756005 ], [ -87.912800190788303, 15.427377630565926 ], [ -87.914296523582706, 15.427008219029283 ], [ -87.915285640643688, 15.426512681598558 ], [ -87.915656697921705, 15.426732623176536 ], [ -87.915709565132275, 15.426934105098331 ], [ -87.915710811026685, 15.427683734478418 ], [ -87.915698752705921, 15.428123634387532 ], [ -87.915666014517129, 15.429426498191763 ], [ -87.915705499315379, 15.430267696835871 ], [ -87.915711884652026, 15.43092187089942 ], [ -87.915715515342114, 15.431255921339684 ], [ -87.915720556691724, 15.431417680646707 ], [ -87.915738740475604, 15.432106746825527 ], [ -87.913399438421422, 15.432116385577931 ], [ -87.913362978644372, 15.431208885704793 ], [ -87.907454275837082, 15.431275140511204 ], [ -87.907464108418566, 15.431544034005892 ], [ -87.907415099637618, 15.432178131913455 ], [ -87.90715308304658, 15.434042921859866 ], [ -87.908750157091035, 15.435179779271982 ], [ -87.909783514298127, 15.435917315116464 ], [ -87.909840161538213, 15.435992720400119 ], [ -87.910045374150016, 15.436359561339508 ], [ -87.909634855758355, 15.436598662285707 ], [ -87.909417884254935, 15.436746157204025 ], [ -87.907206656331937, 15.436655550212283 ], [ -87.902465591378842, 15.436603247388698 ], [ -87.902538326279895, 15.43794661407083 ], [ -87.901966408433665, 15.437964903068204 ], [ -87.90048646936242, 15.438061573456142 ], [ -87.899187566692845, 15.43807625726842 ], [ -87.898166290228559, 15.438025230268879 ], [ -87.89284030822337, 15.437763300529129 ], [ -87.892738003159238, 15.436674820929541 ], [ -87.892438414117507, 15.431987870268282 ], [ -87.892587454232455, 15.431243286887119 ], [ -87.892848112722973, 15.43054069903728 ], [ -87.893682677343151, 15.42978585467505 ], [ -87.894661398526168, 15.428929873818666 ], [ -87.897438078704511, 15.427166848062649 ], [ -87.900151721239595, 15.42587291135092 ], [ -87.90253697102483, 15.424911374432272 ], [ -87.905746216190295, 15.425036792543724 ] ] ] ] } },
{ "type": "Feature", "properties": { "Dialgeo": 201214, "Dial": 10, "VERSION": "Capa actual", "ID_MAPA": "actual_54", "layer": "Capa actual", "path": "C:\\Users\\said.calderon\\Downloads\\Capa actual.geojson" }, "geometry": { "type": "MultiPolygon", "coordinates": [ [ [ [ -87.917094906563293, 15.426605352316825 ], [ -87.917416465323683, 15.426830936268139 ], [ -87.918145337168639, 15.427080048225472 ], [ -87.918544318317288, 15.427179247882076 ], [ -87.918111577603426, 15.427714468432782 ], [ -87.91918151379781, 15.428252342925301 ], [ -87.919702384406321, 15.42848550215324 ], [ -87.920657193261391, 15.428884944054136 ], [ -87.920935031938328, 15.429018258120308 ], [ -87.921782157876862, 15.429556810083758 ], [ -87.922442530035752, 15.429986880740033 ], [ -87.922330677697929, 15.430163832617406 ], [ -87.921685181009352, 15.431141394982436 ], [ -87.921272088214749, 15.431773421076985 ], [ -87.920878830961641, 15.432114336887389 ], [ -87.916923791940448, 15.435927333559334 ], [ -87.916386741108013, 15.436478938420059 ], [ -87.916227462989767, 15.436578422636813 ], [ -87.915978092044881, 15.436719174863692 ], [ -87.915869150399018, 15.436800702764376 ], [ -87.912849245559102, 15.436878163359159 ], [ -87.909593397501737, 15.436755571582962 ], [ -87.909579628770317, 15.436708417144782 ], [ -87.910054075051619, 15.43636792982606 ], [ -87.909896396782543, 15.435973580448382 ], [ -87.90975937634002, 15.435845978628985 ], [ -87.907367662060196, 15.434101441645652 ], [ -87.907214059540195, 15.433983275654498 ], [ -87.907454959880255, 15.43223294684821 ], [ -87.907513802179849, 15.431611459213959 ], [ -87.907520581258922, 15.431330547116513 ], [ -87.907877855245147, 15.431301772571995 ], [ -87.911070579742471, 15.4312928934227 ], [ -87.913332852020503, 15.431254182057998 ], [ -87.913348752857701, 15.432165968619632 ], [ -87.91575827150416, 15.432115070407617 ], [ -87.915735246812744, 15.431400073318944 ], [ -87.915714636675403, 15.431095665645438 ], [ -87.91572206595589, 15.430905994804395 ], [ -87.915711349400354, 15.429850034818504 ], [ -87.915685394232071, 15.429333130572978 ], [ -87.9157284210401, 15.428533356873443 ], [ -87.915722515328497, 15.426800110316137 ], [ -87.915683049106889, 15.426691018940783 ], [ -87.915933877150025, 15.426593336477781 ], [ -87.916453155094572, 15.426465131308477 ], [ -87.916756205194801, 15.426421859453656 ], [ -87.917094906563293, 15.426605352316825 ] ] ] ] } },
{ "type": "Feature", "properties": { "Dialgeo": 201215, "Dial": 9, "VERSION": "Capa actual", "ID_MAPA": "actual_55", "layer": "Capa actual", "path": "C:\\Users\\said.calderon\\Downloads\\Capa actual.geojson" }, "geometry": { "type": "MultiPolygon", "coordinates": [ [ [ [ -87.921030414250438, 15.43205247766555 ], [ -87.921347740492351, 15.431845606218964 ], [ -87.922493460852692, 15.432410858899397 ], [ -87.922594552664208, 15.435017079170988 ], [ -87.922427279508298, 15.436584530559713 ], [ -87.922186522889078, 15.436589796524313 ], [ -87.920741563650637, 15.436756055773351 ], [ -87.920287110921109, 15.43673523759788 ], [ -87.920827298223486, 15.444796776247742 ], [ -87.921915365265818, 15.445661442198867 ], [ -87.920601353999388, 15.449621354145263 ], [ -87.92050578483574, 15.451206202384547 ], [ -87.915974335323313, 15.451042416231671 ], [ -87.910603359793399, 15.45131870810882 ], [ -87.899773604937977, 15.451728222680755 ], [ -87.899773604937977, 15.446377670893979 ], [ -87.899773604937977, 15.443911354439583 ], [ -87.89981697311589, 15.442531876513449 ], [ -87.899838657204839, 15.440985178231232 ], [ -87.899882025382752, 15.438095538716883 ], [ -87.902562390283478, 15.437965713762701 ], [ -87.902503089635303, 15.436635027483989 ], [ -87.903701135550165, 15.436645478405904 ], [ -87.904546815019458, 15.436666380248131 ], [ -87.906075543290854, 15.436666380248134 ], [ -87.907241063072235, 15.436708183926278 ], [ -87.908479766653841, 15.436727779397517 ], [ -87.908624778998728, 15.436727779397529 ], [ -87.908692541776759, 15.436730392126897 ], [ -87.908752173021412, 15.436736923950157 ], [ -87.908828067332763, 15.436744762137787 ], [ -87.908901251133017, 15.436752600325114 ], [ -87.908990697999954, 15.436763051241089 ], [ -87.909231933489579, 15.436781340342803 ], [ -87.90977945673572, 15.436812693084836 ], [ -87.910318848448526, 15.436810080356505 ], [ -87.910511294738001, 15.436825756725947 ], [ -87.910646820293991, 15.436828369454073 ], [ -87.911123870251004, 15.436857109461263 ], [ -87.91137323727402, 15.436878011282181 ], [ -87.911763550875222, 15.436867560371988 ], [ -87.912262284921241, 15.436904138555359 ], [ -87.91293991270112, 15.436925040371538 ], [ -87.915459884932147, 15.436831740156322 ], [ -87.916000357687224, 15.436812032405316 ], [ -87.916518564641734, 15.436398264397454 ], [ -87.917111093050664, 15.435772700853219 ], [ -87.921030414250438, 15.43205247766555 ] ] ] ] } },
{ "type": "Feature", "properties": { "Dialgeo": 201216, "Dial": 9, "VERSION": "Capa actual", "ID_MAPA": "actual_56", "layer": "Capa actual", "path": "C:\\Users\\said.calderon\\Downloads\\Capa actual.geojson" }, "geometry": { "type": "MultiPolygon", "coordinates": [ [ [ [ -87.932020176671458, 15.43119833983982 ], [ -87.934011426144778, 15.430137064894055 ], [ -87.935394428188673, 15.432456643197879 ], [ -87.936342465707583, 15.434244365266325 ], [ -87.936732779308784, 15.434923681921701 ], [ -87.937318249710614, 15.435885172463474 ], [ -87.937518325834773, 15.436267865540115 ], [ -87.937753587417703, 15.436665874291176 ], [ -87.937960837823425, 15.437015473773638 ], [ -87.938178770440985, 15.437267973132226 ], [ -87.938430395886044, 15.437595816750047 ], [ -87.938586721892264, 15.437746129544619 ], [ -87.93882727938518, 15.43808480330865 ], [ -87.939129639981573, 15.438568797212916 ], [ -87.939549053727333, 15.4391223900067 ], [ -87.940041148022374, 15.439767336658848 ], [ -87.940417407350523, 15.440612274267385 ], [ -87.941342676568922, 15.442393076584777 ], [ -87.943316392246416, 15.446137467681831 ], [ -87.945860197560549, 15.450537218494203 ], [ -87.942795665639267, 15.452927592966478 ], [ -87.935824833375662, 15.454493941094574 ], [ -87.925278159317614, 15.466896077077255 ], [ -87.914784039058475, 15.478812037255311 ], [ -87.912312429376883, 15.481864296411858 ], [ -87.895614325625459, 15.476342116038138 ], [ -87.901557121254569, 15.471248204992301 ], [ -87.908756238788058, 15.464560623782097 ], [ -87.920541541135847, 15.452146228723199 ], [ -87.920926433714854, 15.451675971866166 ], [ -87.920893907581402, 15.451216164129947 ], [ -87.921002328026191, 15.449554577671901 ], [ -87.921208326871252, 15.448781256162505 ], [ -87.922498530164162, 15.4459544279942 ], [ -87.922016059184884, 15.445672265581075 ], [ -87.921907638740109, 15.445620013240212 ], [ -87.920903917532428, 15.44467583769139 ], [ -87.920841561801396, 15.441321687033975 ], [ -87.920692854721054, 15.440072284127444 ], [ -87.920579379729446, 15.438069517297679 ], [ -87.920413990882423, 15.436782789076872 ], [ -87.921025207495262, 15.436758885146929 ], [ -87.922616517943723, 15.43663766334098 ], [ -87.922732282866363, 15.435159787716534 ], [ -87.923854776525232, 15.435068846506402 ], [ -87.923864080954559, 15.434659019654665 ], [ -87.92617590864414, 15.434509193211687 ], [ -87.926420494391436, 15.434508172362291 ], [ -87.927165416938792, 15.434515845441393 ], [ -87.927184683221398, 15.43384716378656 ], [ -87.927265095537052, 15.433178226648314 ], [ -87.927320072277865, 15.433040502355574 ], [ -87.928192587352029, 15.431740092612269 ], [ -87.92873516899995, 15.431249852120107 ], [ -87.92888412616891, 15.430995807464765 ], [ -87.929209520890012, 15.430417507591763 ], [ -87.929407233152432, 15.429877485512115 ], [ -87.929582565993115, 15.429305205330017 ], [ -87.930174337326235, 15.428628733680354 ], [ -87.930476039094486, 15.428972553756511 ], [ -87.930756228162224, 15.429478221829642 ], [ -87.931550410579391, 15.43056406278021 ], [ -87.932020176671458, 15.43119833983982 ] ] ] ] } },
{ "type": "Feature", "properties": { "Dialgeo": 201218, "Dial": 7, "VERSION": "Capa actual", "ID_MAPA": "actual_57", "layer": "Capa actual", "path": "C:\\Users\\said.calderon\\Downloads\\Capa actual.geojson" }, "geometry": { "type": "MultiPolygon", "coordinates": [ [ [ [ -87.944262974821982, 15.474077159383011 ], [ -87.94448349378041, 15.474078621656664 ], [ -87.944621061556219, 15.47409125021813 ], [ -87.944771028338252, 15.474106228590065 ], [ -87.94496930325036, 15.474119799295879 ], [ -87.945057285975551, 15.474125430791586 ], [ -87.945205975815355, 15.474132004511945 ], [ -87.945458867459436, 15.474169369629559 ], [ -87.945825707834175, 15.474201442130958 ], [ -87.95752072826329, 15.475376600916578 ], [ -87.957356447847829, 15.476290372868963 ], [ -87.95948002709693, 15.47687226660519 ], [ -87.959699078439016, 15.47709237397677 ], [ -87.960333520691208, 15.478135443766634 ], [ -87.960633236278568, 15.478897532995884 ], [ -87.963471744843616, 15.478780766168017 ], [ -87.962086937770295, 15.481243641783912 ], [ -87.960171144827882, 15.480598402157971 ], [ -87.957967023316399, 15.479752558787924 ], [ -87.956338664715361, 15.479106040373049 ], [ -87.954392399323368, 15.478172922663175 ], [ -87.954471182066783, 15.478181816397921 ], [ -87.954316318041847, 15.478158827521177 ], [ -87.952639120739889, 15.477825505014083 ], [ -87.951694527526158, 15.477607611622094 ], [ -87.951363646626021, 15.477525700062884 ], [ -87.951052947340784, 15.477520624785541 ], [ -87.950857762032769, 15.477479796341722 ], [ -87.950672521059587, 15.477445335308886 ], [ -87.948939352621224, 15.477509894225363 ], [ -87.948840250108773, 15.47957522326678 ], [ -87.94879561371593, 15.479867404532829 ], [ -87.947939579197637, 15.479914207422597 ], [ -87.945516520700139, 15.480161814771021 ], [ -87.943392502066018, 15.480261318353596 ], [ -87.943421582779393, 15.478647039761009 ], [ -87.943416916337469, 15.478322534595119 ], [ -87.94346665200969, 15.477628407346568 ], [ -87.943514854516167, 15.477325315091848 ], [ -87.943550933577015, 15.477264263441086 ], [ -87.943653399875743, 15.476172472567702 ], [ -87.943736976120917, 15.475652881735028 ], [ -87.943759413664012, 15.475498938803264 ], [ -87.943769052574041, 15.47543799983025 ], [ -87.943768202746185, 15.475250502066237 ], [ -87.943774456778414, 15.475171949185057 ], [ -87.943794003317407, 15.47510936540157 ], [ -87.943835478830366, 15.474780660523308 ], [ -87.943859052994981, 15.474512929835285 ], [ -87.943987877439653, 15.474060311369305 ], [ -87.944262974821982, 15.474077159383011 ] ] ] ] } },
{ "type": "Feature", "properties": { "Dialgeo": 201219, "Dial": 7, "VERSION": "Capa actual", "ID_MAPA": "actual_58", "layer": "Capa actual", "path": "C:\\Users\\said.calderon\\Downloads\\Capa actual.geojson" }, "geometry": { "type": "MultiPolygon", "coordinates": [ [ [ [ -87.964899994370512, 15.47859658843527 ], [ -87.965236833984903, 15.478351403234148 ], [ -87.96679630112088, 15.478260557646738 ], [ -87.967682407196008, 15.478727310904381 ], [ -87.971027278319752, 15.48053633363752 ], [ -87.971794402377256, 15.480921126960826 ], [ -87.972052215352221, 15.481036075184598 ], [ -87.976666799517176, 15.48255973762635 ], [ -87.977696775870783, 15.482847571783466 ], [ -87.978034105438311, 15.482954849864539 ], [ -87.97825077396017, 15.483157019703953 ], [ -87.979722643448056, 15.484888739760637 ], [ -87.98039791924694, 15.485671451145809 ], [ -87.98172479504278, 15.487269363801106 ], [ -87.984127952101375, 15.490351069891005 ], [ -87.98487318668505, 15.492488484339358 ], [ -87.987007339553472, 15.497066509982899 ], [ -87.987712072444538, 15.498252340116478 ], [ -87.986423302688024, 15.499264505449698 ], [ -87.985950240216852, 15.499652342262829 ], [ -87.985680970465424, 15.499850134287575 ], [ -87.985448353235043, 15.500045277301837 ], [ -87.985149265990572, 15.500294634644005 ], [ -87.984972763048034, 15.500597363849378 ], [ -87.984786467044017, 15.501180511986988 ], [ -87.983950054842992, 15.501863607661905 ], [ -87.983716779054333, 15.502070980335253 ], [ -87.983685654348022, 15.501943938357936 ], [ -87.982652618530494, 15.495451945944135 ], [ -87.977697938529516, 15.491109105228006 ], [ -87.97645772910839, 15.492015772536536 ], [ -87.976231564050551, 15.49230242170532 ], [ -87.975816241476764, 15.492592740571478 ], [ -87.9754313488978, 15.492881223985032 ], [ -87.974960924634615, 15.493210918821786 ], [ -87.974469117450369, 15.493437583717009 ], [ -87.973870395660853, 15.49387030691765 ], [ -87.973399971397654, 15.494179394363446 ], [ -87.97297231297658, 15.494426663987271 ], [ -87.972587420397616, 15.494797567868339 ], [ -87.972245293660734, 15.495003625292421 ], [ -87.971916991419462, 15.495397080327423 ], [ -87.971352409552964, 15.495936681989853 ], [ -87.970590538522032, 15.496592245759915 ], [ -87.970104602263802, 15.497029190516498 ], [ -87.969850406502687, 15.497311454405635 ], [ -87.969593811450039, 15.497641142174997 ], [ -87.969294450555282, 15.497970829418339 ], [ -87.968824026292083, 15.498218094505646 ], [ -87.968524665397339, 15.49850657006685 ], [ -87.968054241134155, 15.498836255929346 ], [ -87.967733497318335, 15.499186546581836 ], [ -87.967198924291978, 15.499660468284064 ], [ -87.965274459501472, 15.501102833431839 ], [ -87.964632973765518, 15.501638564520057 ], [ -87.961682130660051, 15.504976558966796 ], [ -87.957904785353975, 15.504813106221091 ], [ -87.950220884975067, 15.502339135728334 ], [ -87.944163759863315, 15.499449832327601 ], [ -87.939090923982448, 15.496470980388585 ], [ -87.930992293217386, 15.494380300955944 ], [ -87.931024442890731, 15.491288755692452 ], [ -87.931067811068644, 15.488572215039527 ], [ -87.930937706534905, 15.487402001912821 ], [ -87.930720865645341, 15.486461647279796 ], [ -87.930482340666813, 15.485792948050264 ], [ -87.93074254973429, 15.485563082190717 ], [ -87.934841219007112, 15.483582582770554 ], [ -87.943165327792386, 15.482714028889527 ], [ -87.943464692569279, 15.480323612124982 ], [ -87.948962657728316, 15.47992060738094 ], [ -87.949061580645761, 15.478700252439465 ], [ -87.949039501863354, 15.477702009373113 ], [ -87.950958459807097, 15.477629592934324 ], [ -87.952183395740846, 15.477752690463049 ], [ -87.956448521197274, 15.479288178019297 ], [ -87.957322252788828, 15.47963040312915 ], [ -87.958335002578735, 15.480029689784956 ], [ -87.959238206459474, 15.480314112377609 ], [ -87.960419622841201, 15.480751102703934 ], [ -87.962127291659314, 15.481397244892129 ], [ -87.9625380995992, 15.480486002932963 ], [ -87.963491944230611, 15.478862373080265 ], [ -87.964621470700692, 15.478683073452341 ], [ -87.964899994370512, 15.47859658843527 ] ] ] ] } },
{ "type": "Feature", "properties": { "Dialgeo": 201221, "Dial": 7, "VERSION": "Capa actual", "ID_MAPA": "actual_59", "layer": "Capa actual", "path": "C:\\Users\\said.calderon\\Downloads\\Capa actual.geojson" }, "geometry": { "type": "MultiPolygon", "coordinates": [ [ [ [ -87.952526094047656, 15.458972078719334 ], [ -87.953162708170439, 15.45809285738609 ], [ -87.954305182039718, 15.458712668674981 ], [ -87.954782522890412, 15.459727138287507 ], [ -87.954974580297176, 15.460037260911355 ], [ -87.955114262282166, 15.460263568497737 ], [ -87.955831990995804, 15.461298039455382 ], [ -87.955932808976698, 15.461662991192911 ], [ -87.956098430196377, 15.462106189308725 ], [ -87.956183649805553, 15.462312553462255 ], [ -87.957030829495025, 15.463897751442319 ], [ -87.958420600314668, 15.466180233726119 ], [ -87.958546891301623, 15.466401071041554 ], [ -87.95896367641339, 15.467182596702713 ], [ -87.958336825065516, 15.47452949983537 ], [ -87.958175329707572, 15.475484297423083 ], [ -87.956707602220021, 15.475295930144295 ], [ -87.956524184334384, 15.475298325204124 ], [ -87.956241611637381, 15.4752379614647 ], [ -87.955230211838511, 15.475126993202128 ], [ -87.953762445987039, 15.474912263606617 ], [ -87.950360433277083, 15.474603715955155 ], [ -87.948000731223203, 15.474392774248194 ], [ -87.945368167119739, 15.474110888274325 ], [ -87.943984172652492, 15.474044444236338 ], [ -87.943796883414549, 15.47465101638649 ], [ -87.943820265105828, 15.474705404303229 ], [ -87.943792016710489, 15.475035655374709 ], [ -87.943732479962321, 15.475390078445633 ], [ -87.943700911893913, 15.475717138496137 ], [ -87.943531993489188, 15.477096073707752 ], [ -87.943364550676051, 15.478186196762191 ], [ -87.943385220904489, 15.47825696406904 ], [ -87.94338255493976, 15.478398002090882 ], [ -87.943349914586818, 15.478853272677586 ], [ -87.943325883768495, 15.480165329934673 ], [ -87.943133850878127, 15.481962091413395 ], [ -87.943069183045679, 15.482415286674049 ], [ -87.942958959851723, 15.482631432378152 ], [ -87.938606747825702, 15.483041474470888 ], [ -87.93664548457177, 15.483262136602404 ], [ -87.934622497220943, 15.483464798310344 ], [ -87.934142129774727, 15.483670090982065 ], [ -87.932735697933495, 15.484260667934695 ], [ -87.931637271972406, 15.484752732259432 ], [ -87.929982701103896, 15.485696013498771 ], [ -87.928378984038062, 15.486231782163539 ], [ -87.926861097811127, 15.486900479974031 ], [ -87.925516684295843, 15.487360208464377 ], [ -87.922264070952409, 15.48585563869489 ], [ -87.919705348455565, 15.484685410195032 ], [ -87.916365998756305, 15.48309723235424 ], [ -87.912809808167481, 15.481801604557347 ], [ -87.9173634668483, 15.4769951724893 ], [ -87.91861483894057, 15.475494042340404 ], [ -87.918827910533139, 15.475217988995078 ], [ -87.92378195717933, 15.470140589280001 ], [ -87.926620057812784, 15.469935045156465 ], [ -87.927446568212957, 15.469868909049293 ], [ -87.928704245372415, 15.469827112059072 ], [ -87.932834408631095, 15.469581890533217 ], [ -87.933508308531003, 15.469579051147537 ], [ -87.934118401823028, 15.469505132228587 ], [ -87.937732983567926, 15.466914707931045 ], [ -87.937952232239567, 15.466929884446275 ], [ -87.938878586724812, 15.467094378823765 ], [ -87.9394356378494, 15.467280771959221 ], [ -87.940051948722285, 15.467513471647807 ], [ -87.940432567988225, 15.467650469867948 ], [ -87.94070742638803, 15.467783821583561 ], [ -87.942059328829529, 15.468271344735612 ], [ -87.942777710457861, 15.468623134126588 ], [ -87.943458323323298, 15.469009490188059 ], [ -87.944425078474154, 15.469663737940941 ], [ -87.945115083519696, 15.4686742835078 ], [ -87.945971068826935, 15.467619585887654 ], [ -87.946411396711156, 15.466776702520459 ], [ -87.946454827024183, 15.466794521958233 ], [ -87.946980291010959, 15.467113066243185 ], [ -87.947965538377545, 15.467749182442974 ], [ -87.948520690865621, 15.468059169917538 ], [ -87.948904379786526, 15.468256958932209 ], [ -87.948965243844242, 15.468292740179589 ], [ -87.949015705177601, 15.46822043997483 ], [ -87.949677281972612, 15.467031199926138 ], [ -87.950034622613956, 15.466530676301989 ], [ -87.95051982878374, 15.466515988744211 ], [ -87.951054899346602, 15.466509490109194 ], [ -87.951955834120895, 15.466446791817969 ], [ -87.952048484700413, 15.466350284460022 ], [ -87.952602567020733, 15.465088613325312 ], [ -87.95307072993819, 15.461275760887789 ], [ -87.950703789675913, 15.46093825932727 ], [ -87.950862363030424, 15.460748904063367 ], [ -87.951041322165807, 15.460581240433878 ], [ -87.952526094047656, 15.458972078719334 ] ] ] ] } },
{ "type": "Feature", "properties": { "Dialgeo": 201222, "Dial": 9, "VERSION": "Capa actual", "ID_MAPA": "actual_60", "layer": "Capa actual", "path": "C:\\Users\\said.calderon\\Downloads\\Capa actual.geojson" }, "geometry": { "type": "MultiPolygon", "coordinates": [ [ [ [ -87.941971102396238, 15.459548751829505 ], [ -87.943038187459351, 15.459938273589486 ], [ -87.94446634602069, 15.460473372415683 ], [ -87.945611489468561, 15.460849984548613 ], [ -87.946497601258471, 15.461211427487923 ], [ -87.947242041629366, 15.461472554679709 ], [ -87.947862435428604, 15.461695765106702 ], [ -87.947962426877041, 15.461509343106412 ], [ -87.948103373455254, 15.461198465240496 ], [ -87.948298530255855, 15.460749128340874 ], [ -87.948408428074643, 15.460511926379183 ], [ -87.948556028812234, 15.460171781242623 ], [ -87.949837679601814, 15.460575034385172 ], [ -87.950308319190384, 15.460711906413376 ], [ -87.950768430901846, 15.460955660925197 ], [ -87.951568624808743, 15.461080409836439 ], [ -87.953055991528615, 15.461303456469917 ], [ -87.952946241532942, 15.462225401958172 ], [ -87.952768862464282, 15.463528481829314 ], [ -87.952569970355825, 15.46478014791527 ], [ -87.952555351615601, 15.465057579963226 ], [ -87.952399544364113, 15.465411185187998 ], [ -87.952262473143563, 15.465756340918404 ], [ -87.951966612376594, 15.466343205237969 ], [ -87.951922258506087, 15.466396257414656 ], [ -87.951698038009283, 15.466447899523589 ], [ -87.951142042140447, 15.466497185183059 ], [ -87.949956442215438, 15.466488991261317 ], [ -87.949324741492589, 15.467634652267877 ], [ -87.948957712699155, 15.468271147244154 ], [ -87.94829954413558, 15.467918351587402 ], [ -87.947741843743671, 15.467592756212822 ], [ -87.94640627505909, 15.466741867754578 ], [ -87.946506936878393, 15.466539602295093 ], [ -87.946166161707481, 15.466342211090828 ], [ -87.945586289537516, 15.466008146038103 ], [ -87.944588393692541, 15.465399862815632 ], [ -87.944080638978093, 15.465177666427776 ], [ -87.943916710129258, 15.46506262325998 ], [ -87.943245205977561, 15.464764554901 ], [ -87.942457415503199, 15.464329869662862 ], [ -87.942427894556701, 15.464297943682261 ], [ -87.942381399279768, 15.464266117319667 ], [ -87.940880377897003, 15.463542405987569 ], [ -87.940655775852051, 15.463408030806583 ], [ -87.940050508787763, 15.463545928626312 ], [ -87.938282735147922, 15.463539844744842 ], [ -87.938013065695401, 15.464175327832887 ], [ -87.937434785417409, 15.463950710108444 ], [ -87.936722721258093, 15.463726656478959 ], [ -87.931322599114168, 15.461138379548734 ], [ -87.932341751295112, 15.459811265043928 ], [ -87.932734663074086, 15.459219907097498 ], [ -87.933154904630968, 15.458693138350519 ], [ -87.933773939892973, 15.457899900879642 ], [ -87.934271635212212, 15.457261509382342 ], [ -87.935233101603714, 15.455995791238985 ], [ -87.937328352263293, 15.457086892630537 ], [ -87.937796598904299, 15.457365291729978 ], [ -87.938777085194658, 15.457814062038224 ], [ -87.940183026442668, 15.45860002772571 ], [ -87.941971102396238, 15.459548751829505 ] ] ] ] } },
{ "type": "Feature", "properties": { "Dialgeo": 201226, "Dial": 4, "VERSION": "Capa actual", "ID_MAPA": "actual_61", "layer": "Capa actual", "path": "C:\\Users\\said.calderon\\Downloads\\Capa actual.geojson" }, "geometry": { "type": "MultiPolygon", "coordinates": [ [ [ [ -87.994254714260293, 15.555346959678277 ], [ -87.994900762573252, 15.555086324338777 ], [ -87.994971514239936, 15.555377340211745 ], [ -87.994961032215102, 15.555601491600921 ], [ -87.994978297573738, 15.556789165112841 ], [ -87.995005632118747, 15.557127775441028 ], [ -87.995306359516405, 15.558370194510591 ], [ -87.995550550039994, 15.558671631688537 ], [ -87.996082809595549, 15.559322152407431 ], [ -87.996056999727244, 15.55993196272486 ], [ -87.995956266992721, 15.561913702268852 ], [ -87.995858057525766, 15.563124307172638 ], [ -87.995801253523666, 15.563931337856131 ], [ -87.995697406006528, 15.565495236441691 ], [ -87.995542540762827, 15.56621208906085 ], [ -87.995068592122919, 15.566418845963369 ], [ -87.994436085486711, 15.566575164130414 ], [ -87.993750684532316, 15.566706142322326 ], [ -87.993223655374905, 15.566849192685646 ], [ -87.992617162927331, 15.566928657759917 ], [ -87.992037606939746, 15.567123095892534 ], [ -87.991286545257296, 15.567318304608722 ], [ -87.990944026108508, 15.567422153718903 ], [ -87.990274915664386, 15.567620717931232 ], [ -87.988480906738033, 15.568251684687905 ], [ -87.98771707149433, 15.568536458175084 ], [ -87.986057892995206, 15.569196105704622 ], [ -87.983490220546244, 15.570243455116682 ], [ -87.983448879060276, 15.56987277402127 ], [ -87.982191972140512, 15.5643422563692 ], [ -87.98134779233591, 15.561535483225509 ], [ -87.982295655761462, 15.561160081615787 ], [ -87.984047461410967, 15.560355239317198 ], [ -87.984844768358869, 15.560005767625098 ], [ -87.98519671812565, 15.559780781868099 ], [ -87.985640470789292, 15.55961002641236 ], [ -87.98614794396758, 15.55937244587162 ], [ -87.986309395466066, 15.55929328660843 ], [ -87.986447942520272, 15.559259050678486 ], [ -87.98725498394009, 15.558818432269051 ], [ -87.989988228601817, 15.557506363446958 ], [ -87.990876059407043, 15.557042959070289 ], [ -87.991348897027578, 15.556816728106345 ], [ -87.991579589701175, 15.556714843241407 ], [ -87.991821840901579, 15.556612906122913 ], [ -87.992075435886818, 15.556466096837706 ], [ -87.992490477046218, 15.556240123741663 ], [ -87.992744285930954, 15.556138133604819 ], [ -87.993032663277219, 15.556013577000771 ], [ -87.993401682546633, 15.555832630491329 ], [ -87.994254714260293, 15.555346959678277 ] ] ] ] } },
{ "type": "Feature", "properties": { "Dialgeo": 201228, "Dial": 4, "VERSION": "Capa actual", "ID_MAPA": "actual_62", "layer": "Capa actual", "path": "C:\\Users\\said.calderon\\Downloads\\Capa actual.geojson" }, "geometry": { "type": "MultiPolygon", "coordinates": [ [ [ [ -87.992190948861207, 15.529651253184383 ], [ -87.993220803008512, 15.527495215947189 ], [ -87.993907146480751, 15.526013035611779 ], [ -87.99471989396632, 15.524581786249422 ], [ -87.997049097531416, 15.516048621893709 ], [ -87.997784557613713, 15.513977934991457 ], [ -87.999832542690882, 15.514489718356112 ], [ -88.001952105351904, 15.515463372910196 ], [ -88.002073812917544, 15.515538456051376 ], [ -88.001364563003477, 15.519441089687684 ], [ -88.001613416066832, 15.520717356049277 ], [ -88.00172294214471, 15.521859791356407 ], [ -88.002891326284498, 15.523493157212346 ], [ -88.004799731764706, 15.527274507571885 ], [ -88.005097470536057, 15.528693636779135 ], [ -88.005589877568923, 15.530136864404957 ], [ -88.00566476175004, 15.531279453191782 ], [ -88.005517838441747, 15.532263378580561 ], [ -88.004968134197199, 15.533307965930881 ], [ -88.003544309226882, 15.535603983252532 ], [ -88.002032183130225, 15.53750173374967 ], [ -88.000169965778824, 15.539609059347182 ], [ -87.999589867120307, 15.540651672000173 ], [ -87.995945675604787, 15.540493047367615 ], [ -87.995065252295802, 15.54046541313684 ], [ -87.994925887027676, 15.540522014452421 ], [ -87.994255340203864, 15.541543735212212 ], [ -87.993616025073067, 15.542141470890858 ], [ -87.993267086583032, 15.542588450210538 ], [ -87.992535259908678, 15.543195095697788 ], [ -87.987656301530862, 15.547499691604013 ], [ -87.986325083251145, 15.546146902110509 ], [ -87.985004025581034, 15.544445200704976 ], [ -87.984188407989208, 15.543507303067893 ], [ -87.983722200076656, 15.543110372884199 ], [ -87.984346244197397, 15.542497661144088 ], [ -87.985513536710329, 15.54179964885301 ], [ -87.986841919890168, 15.540415464426456 ], [ -87.988324232531284, 15.538593578839947 ], [ -87.988721052055837, 15.538188412020203 ], [ -87.98932366361818, 15.537311701775943 ], [ -87.989720077663037, 15.536822495891942 ], [ -87.990098148828366, 15.535887013293701 ], [ -87.990367259664296, 15.535234274283225 ], [ -87.991072790004139, 15.532407322449632 ], [ -87.991615659599333, 15.53079677293392 ], [ -87.992190948861207, 15.529651253184383 ] ] ] ] } },
{ "type": "Feature", "properties": { "Dialgeo": 201229, "Dial": 8, "VERSION": "Capa actual", "ID_MAPA": "actual_63", "layer": "Capa actual", "path": "C:\\Users\\said.calderon\\Downloads\\Capa actual.geojson" }, "geometry": { "type": "MultiPolygon", "coordinates": [ [ [ [ -87.996166346327925, 15.462940701467589 ], [ -87.996255303898266, 15.461547217184338 ], [ -87.996574162270647, 15.457338596259287 ], [ -87.998909814964165, 15.45854345502306 ], [ -88.001132758094315, 15.459943682720827 ], [ -88.005239154875298, 15.46408646472935 ], [ -88.00883850387396, 15.468974571086283 ], [ -88.010453260737563, 15.471060119723022 ], [ -88.011568914532347, 15.471886682466412 ], [ -88.012071990528284, 15.472293615445283 ], [ -88.012034481659853, 15.472715806961908 ], [ -88.008267125655607, 15.47212215993226 ], [ -88.006814811641476, 15.471866538793801 ], [ -88.006528121747778, 15.471828540302473 ], [ -88.006184632811369, 15.471744404070483 ], [ -88.002840781687041, 15.471421565800354 ], [ -88.002571989673356, 15.471389167065416 ], [ -88.001297556448364, 15.471268873825277 ], [ -87.999639185580591, 15.471187214992899 ], [ -87.997497033355657, 15.471138955872378 ], [ -87.995918788188135, 15.470910748136168 ], [ -87.995478931208424, 15.470781939087258 ], [ -87.995586245996506, 15.470231522303971 ], [ -87.995738206994375, 15.469390442744402 ], [ -87.995874001058269, 15.467043151617084 ], [ -87.996166346327925, 15.462940701467589 ] ] ] ] } },
{ "type": "Feature", "properties": { "Dialgeo": 201230, "Dial": 5, "VERSION": "Capa actual", "ID_MAPA": "actual_64", "layer": "Capa actual", "path": "C:\\Users\\said.calderon\\Downloads\\Capa actual.geojson" }, "geometry": { "type": "MultiPolygon", "coordinates": [ [ [ [ -87.997419526853363, 15.47124015247805 ], [ -88.000857064455715, 15.471332024399649 ], [ -88.006563977523214, 15.471871932582857 ], [ -88.008235271669605, 15.472294375697212 ], [ -88.00756102768176, 15.477920069354674 ], [ -88.007509030703986, 15.478664376321962 ], [ -88.006569098303018, 15.484398076291942 ], [ -87.999917504015713, 15.4833793437825 ], [ -87.996713679872414, 15.482979685812273 ], [ -87.991421694739643, 15.48240206721875 ], [ -87.991550156189689, 15.477627329170925 ], [ -87.994908138467721, 15.477804245745421 ], [ -87.995452677950681, 15.474135128702555 ], [ -87.995955889560221, 15.471120951788711 ], [ -87.997419526853363, 15.47124015247805 ] ] ] ] } },
{ "type": "Feature", "properties": { "Dialgeo": 201231, "Dial": 5, "VERSION": "Capa actual", "ID_MAPA": "actual_65", "layer": "Capa actual", "path": "C:\\Users\\said.calderon\\Downloads\\Capa actual.geojson" }, "geometry": { "type": "MultiPolygon", "coordinates": [ [ [ [ -87.987995565339304, 15.477472188331394 ], [ -87.990277926807863, 15.477486455342717 ], [ -87.99147292181928, 15.477533990885 ], [ -87.991367951628874, 15.479353938994519 ], [ -87.991384356030267, 15.480100295960971 ], [ -87.991327041524983, 15.481946442372436 ], [ -87.991298053218387, 15.483042960616331 ], [ -87.991308125409034, 15.485157353866631 ], [ -87.991269789104862, 15.487512240626362 ], [ -87.991311053908618, 15.488372247421854 ], [ -87.990339785496644, 15.488379000134245 ], [ -87.989968236539255, 15.488404690741504 ], [ -87.989757627295518, 15.488405633065444 ], [ -87.989203848803513, 15.488408109866766 ], [ -87.988596490161754, 15.488345949879115 ], [ -87.988218506793544, 15.488321208097197 ], [ -87.988316922598656, 15.487131396339345 ], [ -87.988331886557532, 15.486891052283347 ], [ -87.988332353462994, 15.486807607818326 ], [ -87.988328404438349, 15.486679623886753 ], [ -87.988324072067641, 15.486289192750412 ], [ -87.988123439306207, 15.484722102221989 ], [ -87.987996640572149, 15.477698761254381 ], [ -87.987995565339304, 15.477472188331394 ] ] ] ] } },
{ "type": "Feature", "properties": { "Dialgeo": 201232, "Dial": 8, "VERSION": "Capa actual", "ID_MAPA": "actual_66", "layer": "Capa actual", "path": "C:\\Users\\said.calderon\\Downloads\\Capa actual.geojson" }, "geometry": { "type": "MultiPolygon", "coordinates": [ [ [ [ -87.985084231914271, 15.450390597680297 ], [ -87.990028204196307, 15.453149439785669 ], [ -87.993001807857397, 15.455310438792594 ], [ -87.996339066677535, 15.457379648453726 ], [ -87.995959088207186, 15.462459854212053 ], [ -87.995477826684393, 15.470550835048643 ], [ -87.995357152606829, 15.470685840870035 ], [ -87.988162949274354, 15.468645559280588 ], [ -87.985993631257529, 15.468237879587956 ], [ -87.983173113500925, 15.467692926958192 ], [ -87.976103382022458, 15.466075401774505 ], [ -87.974496225455866, 15.463359577152225 ], [ -87.974078408867669, 15.46281575341612 ], [ -87.967683194214416, 15.451724639990902 ], [ -87.966088969988562, 15.450056190081524 ], [ -87.967203529853961, 15.448605157377663 ], [ -87.975694839042305, 15.445436933787608 ], [ -87.985084231914271, 15.450390597680297 ] ] ] ] } },
{ "type": "Feature", "properties": { "Dialgeo": 201234, "Dial": 9, "VERSION": "Capa actual", "ID_MAPA": "actual_67", "layer": "Capa actual", "path": "C:\\Users\\said.calderon\\Downloads\\Capa actual.geojson" }, "geometry": { "type": "MultiPolygon", "coordinates": [ [ [ [ -87.951104064531989, 15.451611181981376 ], [ -87.951461486527705, 15.451725033890739 ], [ -87.951900799533632, 15.451858849659621 ], [ -87.952236077693641, 15.452010172037152 ], [ -87.952474429539521, 15.452101849025953 ], [ -87.952950836583469, 15.452218640921895 ], [ -87.953426962263691, 15.452274286572381 ], [ -87.954141195137908, 15.452367368363925 ], [ -87.954904045854079, 15.452423157262144 ], [ -87.956006133998457, 15.45260933587843 ], [ -87.957280747191334, 15.452956915565482 ], [ -87.959415671274954, 15.454114104945008 ], [ -87.960422646493456, 15.455443221834756 ], [ -87.963341915164875, 15.455914053473931 ], [ -87.965165484930893, 15.456437719833973 ], [ -87.965564382133124, 15.45723507181912 ], [ -87.965581360443764, 15.458512549861812 ], [ -87.965180732219906, 15.45973097757892 ], [ -87.962120229291713, 15.46161261536483 ], [ -87.960488371348347, 15.462841264785283 ], [ -87.955980115367154, 15.460156494195409 ], [ -87.955659662656984, 15.459932029425545 ], [ -87.955575795331129, 15.459872694233812 ], [ -87.955254308728598, 15.45961565574679 ], [ -87.954325001470252, 15.458712583330069 ], [ -87.953181978242924, 15.457972634519894 ], [ -87.952538280099915, 15.4589022787299 ], [ -87.952034951048489, 15.459410352926705 ], [ -87.951576692975053, 15.459918616742913 ], [ -87.950715081051229, 15.460882149108151 ], [ -87.950267933331133, 15.460662911701768 ], [ -87.949083357799907, 15.460326710094128 ], [ -87.948540280367766, 15.460103001781899 ], [ -87.948235394019505, 15.459981487647326 ], [ -87.948005795054925, 15.459907925245719 ], [ -87.948103373455226, 15.459649293793893 ], [ -87.948507239612042, 15.458572965496298 ], [ -87.948637344145794, 15.458243796016912 ], [ -87.948787020477553, 15.45767885018676 ], [ -87.94884334299087, 15.457575005622736 ], [ -87.948913816279969, 15.457460057056331 ], [ -87.94912833034445, 15.457205541365774 ], [ -87.949507418215148, 15.456765139365011 ], [ -87.95052114937387, 15.455683571103869 ], [ -87.949501997192925, 15.455046122431579 ], [ -87.950404597395661, 15.451493093911488 ], [ -87.951104064531989, 15.451611181981376 ] ] ] ] } },
{ "type": "Feature", "properties": { "Dialgeo": 201235, "Dial": 7, "VERSION": "Capa actual", "ID_MAPA": "actual_68", "layer": "Capa actual", "path": "C:\\Users\\said.calderon\\Downloads\\Capa actual.geojson" }, "geometry": { "type": "MultiPolygon", "coordinates": [ [ [ [ -87.967442870292757, 15.451613270871293 ], [ -87.967778973671571, 15.452052177437144 ], [ -87.968147603183823, 15.452700085430985 ], [ -87.968689705407726, 15.45371374387439 ], [ -87.972597550594429, 15.460526586384123 ], [ -87.975961251769803, 15.466125604044798 ], [ -87.975480646016422, 15.46687654391855 ], [ -87.974994097899952, 15.467029860902237 ], [ -87.97384228476615, 15.469488301849816 ], [ -87.973758331496825, 15.469666607545367 ], [ -87.973701585305506, 15.46979996212486 ], [ -87.973704694685864, 15.469811574457774 ], [ -87.974075099619483, 15.470132224425395 ], [ -87.97488509319939, 15.471001273242365 ], [ -87.975242671939071, 15.471414819329311 ], [ -87.975628235101865, 15.471978199625598 ], [ -87.976337173820554, 15.472973101510307 ], [ -87.976921737325441, 15.473716278111086 ], [ -87.978078426813781, 15.475274542964989 ], [ -87.979060991002811, 15.478822548396609 ], [ -87.979486976110053, 15.481246784012061 ], [ -87.981190916539205, 15.481034027758993 ], [ -87.981284197949549, 15.481108941957562 ], [ -87.981396135641972, 15.481315705004862 ], [ -87.981458323248887, 15.481507485037898 ], [ -87.981461432629231, 15.481582399065017 ], [ -87.981126281123821, 15.482005867371608 ], [ -87.981654868941774, 15.482719016703495 ], [ -87.982272162455416, 15.483016421011056 ], [ -87.983560331335156, 15.483701938488112 ], [ -87.984625924165059, 15.484258073267934 ], [ -87.98537209363019, 15.484700418810029 ], [ -87.987015267194494, 15.485745111544652 ], [ -87.98488630834909, 15.48717193992564 ], [ -87.984459319097297, 15.487452761017023 ], [ -87.983633488597278, 15.488017307495451 ], [ -87.982835525841665, 15.488525639953057 ], [ -87.978976561936065, 15.483922359576194 ], [ -87.978048446968472, 15.482929774514524 ], [ -87.978030840240706, 15.482925304695318 ], [ -87.97664383220237, 15.482521371055112 ], [ -87.972505718344593, 15.481069274768267 ], [ -87.971278747796532, 15.480568846305749 ], [ -87.968509906513418, 15.479053024299397 ], [ -87.966789921355172, 15.478169717039268 ], [ -87.965247942497697, 15.478294102385743 ], [ -87.964651848968231, 15.478667501105429 ], [ -87.960647565080137, 15.478869929781338 ], [ -87.96035506164263, 15.478093192981 ], [ -87.959677044912908, 15.476967084982579 ], [ -87.959404032775922, 15.476780088457728 ], [ -87.957399557882383, 15.476236123593848 ], [ -87.957532115133262, 15.475428211730831 ], [ -87.958213915345539, 15.475523776515701 ], [ -87.95826245055386, 15.475302509491165 ], [ -87.958417479511709, 15.474532944672301 ], [ -87.959166092818663, 15.467138106085583 ], [ -87.957214065762273, 15.463896959843842 ], [ -87.956232654841088, 15.462275718553999 ], [ -87.955867181474119, 15.461313256255719 ], [ -87.955126462959697, 15.460153349304818 ], [ -87.954863894424321, 15.4596909438647 ], [ -87.954406199137154, 15.458828848976879 ], [ -87.955364832744436, 15.459790365534898 ], [ -87.960466602935824, 15.462923911761784 ], [ -87.962746632339972, 15.461343994262064 ], [ -87.964968855729595, 15.460032364721656 ], [ -87.965233932731479, 15.459828378221461 ], [ -87.965620904411693, 15.458569521692812 ], [ -87.96567355881777, 15.457216881263014 ], [ -87.965296439405577, 15.456361361986046 ], [ -87.963831984421546, 15.455880923046136 ], [ -87.960450465098674, 15.455383409831287 ], [ -87.959542346999839, 15.454094066800605 ], [ -87.957435663239465, 15.452971788180493 ], [ -87.958378921109059, 15.452783686314916 ], [ -87.960102806181069, 15.452397031944036 ], [ -87.961978479875782, 15.452250730102094 ], [ -87.964190256949323, 15.452135778582408 ], [ -87.967442870292757, 15.451613270871293 ] ] ] ] } },
{ "type": "Feature", "properties": { "Dialgeo": 201236, "Dial": 5, "VERSION": "Capa actual", "ID_MAPA": "actual_69", "layer": "Capa actual", "path": "C:\\Users\\said.calderon\\Downloads\\Capa actual.geojson" }, "geometry": { "type": "MultiPolygon", "coordinates": [ [ [ [ -87.976043778657456, 15.466123639339934 ], [ -87.982996888913021, 15.467788900383399 ], [ -87.98322064094701, 15.46944423550352 ], [ -87.98302424346322, 15.477458841318528 ], [ -87.980308311321465, 15.477255088383524 ], [ -87.978698267716467, 15.477067008573128 ], [ -87.978177849581513, 15.475358609133529 ], [ -87.975283656561558, 15.471391952026888 ], [ -87.974089518800213, 15.470118161342453 ], [ -87.97370785673165, 15.469808720212864 ], [ -87.974984279755731, 15.467100859410515 ], [ -87.975493778898766, 15.4669082332756 ], [ -87.976043778657456, 15.466123639339934 ] ] ] ] } },
{ "type": "Feature", "properties": { "Dialgeo": 201239, "Dial": 16, "VERSION": "Capa actual", "ID_MAPA": "actual_70", "layer": "Capa actual", "path": "C:\\Users\\said.calderon\\Downloads\\Capa actual.geojson" }, "geometry": { "type": "MultiPolygon", "coordinates": [ [ [ [ -87.925421198860079, 15.560894078163441 ], [ -87.925521021826881, 15.55961479176009 ], [ -87.927628643306463, 15.556940478651784 ], [ -87.929011006516234, 15.555129990691141 ], [ -87.930320717582603, 15.553200247435427 ], [ -87.933361034507001, 15.554691408814367 ], [ -87.936281008173026, 15.556258980351732 ], [ -87.937983977853222, 15.557092140664361 ], [ -87.939443916263201, 15.557859091188051 ], [ -87.94073536684192, 15.559702464840504 ], [ -87.941884459758086, 15.560739653012533 ], [ -87.942928153091614, 15.561474741335957 ], [ -87.943470482151156, 15.562531324385494 ], [ -87.94364494378523, 15.562765889309869 ], [ -87.943907020222937, 15.563201774804352 ], [ -87.944309496661958, 15.564006834271554 ], [ -87.945306341524343, 15.565868246865067 ], [ -87.947484005360991, 15.566499832593951 ], [ -87.947988574338552, 15.567711561258465 ], [ -87.948142352969015, 15.568198344921287 ], [ -87.948244576464859, 15.568558481011422 ], [ -87.948304590665728, 15.568809585188035 ], [ -87.948515319005764, 15.56961500517148 ], [ -87.948529426569195, 15.569687059636305 ], [ -87.949089346943978, 15.571086553506738 ], [ -87.949178145041429, 15.571222388347131 ], [ -87.949352145353075, 15.571680868618291 ], [ -87.949311120740219, 15.571903236997382 ], [ -87.949045804646119, 15.572031250162205 ], [ -87.948511727256786, 15.572813130539609 ], [ -87.948487801158365, 15.572828752073399 ], [ -87.948143143085758, 15.573064975080488 ], [ -87.94664185479283, 15.573966893200886 ], [ -87.94635645177074, 15.573335461264744 ], [ -87.946137200159527, 15.572829066503418 ], [ -87.946020738419733, 15.572506007121758 ], [ -87.94571023605944, 15.571548965795625 ], [ -87.945426987236459, 15.570732219785643 ], [ -87.94535648860213, 15.57046396721409 ], [ -87.945123556657464, 15.570335718159155 ], [ -87.944366844862472, 15.569959691822463 ], [ -87.944140292724796, 15.56982711646852 ], [ -87.943521622037423, 15.569509255743384 ], [ -87.941100038848418, 15.5698999480203 ], [ -87.941155379381385, 15.570572980105366 ], [ -87.939969886671634, 15.573766050657678 ], [ -87.938997391758477, 15.574933392454177 ], [ -87.937830462568044, 15.575100051280765 ], [ -87.937426185650963, 15.575049447740863 ], [ -87.93694071431571, 15.574939335072179 ], [ -87.936278796620201, 15.574808604314695 ], [ -87.935622925132208, 15.574651875271332 ], [ -87.935145506589024, 15.5745278436567 ], [ -87.934820021866102, 15.57444938792878 ], [ -87.934672499499172, 15.574420600279009 ], [ -87.93447293838932, 15.574387831427064 ], [ -87.934394908698309, 15.574388162644471 ], [ -87.933832233386255, 15.574197134652227 ], [ -87.933356812233043, 15.574096841821753 ], [ -87.931811811497994, 15.573796459633725 ], [ -87.931230730485893, 15.573671032033593 ], [ -87.93083447122828, 15.573570398754216 ], [ -87.92960646055198, 15.57334539203868 ], [ -87.927454292404803, 15.57298359835584 ], [ -87.926226459617851, 15.572796937620213 ], [ -87.925817468612991, 15.572798657900329 ], [ -87.925725001335906, 15.572773469415008 ], [ -87.925681759030439, 15.571955177218062 ], [ -87.925627527060499, 15.571629294462291 ], [ -87.925600253799914, 15.57143118492483 ], [ -87.925355093245173, 15.571189230905022 ], [ -87.92514942691237, 15.570927927647382 ], [ -87.925088742534655, 15.570634043435218 ], [ -87.924987249758814, 15.570065374409875 ], [ -87.924945669482881, 15.569617945917745 ], [ -87.924982790258213, 15.569067877517996 ], [ -87.925033618459764, 15.568632849481221 ], [ -87.925018767507183, 15.56826204063705 ], [ -87.925043095303195, 15.567801546564116 ], [ -87.925080730304884, 15.567366573906046 ], [ -87.925052229261453, 15.566893513041901 ], [ -87.925129156912178, 15.566394431984143 ], [ -87.925229325400579, 15.565191876655206 ], [ -87.925304822889075, 15.564373084858223 ], [ -87.925295904574284, 15.562378090133272 ], [ -87.925421198860079, 15.560894078163441 ] ] ] ] } },
{ "type": "Feature", "properties": { "Dialgeo": 201241, "Dial": 17, "VERSION": "Capa actual", "ID_MAPA": "actual_71", "layer": "Capa actual", "path": "C:\\Users\\said.calderon\\Downloads\\Capa actual.geojson" }, "geometry": { "type": "MultiPolygon", "coordinates": [ [ [ [ -87.97476836033475, 15.601200137198521 ], [ -87.977313528910088, 15.60295734461439 ], [ -87.978251825018987, 15.603729588694399 ], [ -87.9791450083749, 15.604372626296065 ], [ -87.98030482330924, 15.60492820196724 ], [ -87.980903373515389, 15.605356416174978 ], [ -87.984503328340224, 15.607458096692099 ], [ -87.990296871428114, 15.611289438326509 ], [ -87.999785074364141, 15.620549517980507 ], [ -87.997534558542597, 15.623206966799104 ], [ -87.991089529489273, 15.628924418396974 ], [ -87.986483902136811, 15.630305445200223 ], [ -87.982274637359197, 15.630712978685738 ], [ -87.980158896365069, 15.63070914428037 ], [ -87.977867564820926, 15.627554409447036 ], [ -87.971890512110065, 15.62213311148434 ], [ -87.970189343912935, 15.62136537570988 ], [ -87.96842983059922, 15.620635700998266 ], [ -87.966807885052205, 15.62011340267029 ], [ -87.965869912977652, 15.619814989929846 ], [ -87.965087858504845, 15.619478070120898 ], [ -87.964090738143724, 15.619047547677647 ], [ -87.962351569314649, 15.618487912104912 ], [ -87.962544697833835, 15.618061616842782 ], [ -87.967345906755114, 15.611483667313928 ], [ -87.967862881550133, 15.610775460834557 ], [ -87.971005906441746, 15.605573370015614 ], [ -87.97476836033475, 15.601200137198521 ] ] ] ] } },
{ "type": "Feature", "properties": { "Dialgeo": 201242, "Dial": 17, "VERSION": "Capa actual", "ID_MAPA": "actual_72", "layer": "Capa actual", "path": "C:\\Users\\said.calderon\\Downloads\\Capa actual.geojson" }, "geometry": { "type": "MultiPolygon", "coordinates": [ [ [ [ -87.956137277088828, 15.60625484617359 ], [ -87.954553192955814, 15.601664987104332 ], [ -87.953080280377719, 15.600907625636529 ], [ -87.952493938906485, 15.600683260368688 ], [ -87.952114134231365, 15.599255225582914 ], [ -87.951756911088083, 15.597396301462657 ], [ -87.954082873000573, 15.597629848258139 ], [ -87.962794236894354, 15.59867085534384 ], [ -87.965968184782795, 15.599128295824441 ], [ -87.971044761688006, 15.599975735112809 ], [ -87.97468424020083, 15.601115649479043 ], [ -87.971323438098295, 15.604762454530665 ], [ -87.967354796456235, 15.611351441326326 ], [ -87.966420717118226, 15.612517220104055 ], [ -87.965076378602035, 15.614321570500659 ], [ -87.963801311626824, 15.616108801752691 ], [ -87.963416297901531, 15.616761795354144 ], [ -87.962485522632932, 15.618001254042303 ], [ -87.962205410039743, 15.618526370300655 ], [ -87.962058015723542, 15.618300110118296 ], [ -87.961965709049764, 15.61810858096969 ], [ -87.961611937210662, 15.617559673215087 ], [ -87.96115350000143, 15.616880961987267 ], [ -87.9607736196985, 15.616311157040267 ], [ -87.960765954308059, 15.616040926861039 ], [ -87.960740085116413, 15.615664440942471 ], [ -87.960699916584375, 15.614916426801514 ], [ -87.960696122332095, 15.614657698028033 ], [ -87.956939845783666, 15.614107861967705 ], [ -87.956566010984517, 15.614060460938935 ], [ -87.956611544160737, 15.612847282954405 ], [ -87.956567028767395, 15.611568106521752 ], [ -87.956333728234313, 15.608802049383279 ], [ -87.956137277088828, 15.60625484617359 ] ] ] ] } },
{ "type": "Feature", "properties": { "Dialgeo": 201243, "Dial": 18, "VERSION": "Capa actual", "ID_MAPA": "actual_73", "layer": "Capa actual", "path": "C:\\Users\\said.calderon\\Downloads\\Capa actual.geojson" }, "geometry": { "type": "MultiPolygon", "coordinates": [ [ [ [ -87.930747970756528, 15.605460803843275 ], [ -87.936043268772153, 15.605817993805232 ], [ -87.936824995817531, 15.60818313192042 ], [ -87.937342902766375, 15.609518101440559 ], [ -87.937268375169666, 15.610564437938125 ], [ -87.937336043062558, 15.610763647586337 ], [ -87.939244558515185, 15.610975934164436 ], [ -87.939823576976238, 15.610898599293094 ], [ -87.940078735076852, 15.610730360353919 ], [ -87.940708586679875, 15.610986472560841 ], [ -87.941076772728522, 15.61112610481846 ], [ -87.941510169328254, 15.611322791635777 ], [ -87.941582284485236, 15.611448542161876 ], [ -87.941590937074565, 15.611710590942828 ], [ -87.941589433926893, 15.612600251208189 ], [ -87.941569788408415, 15.613171870570254 ], [ -87.941549331039127, 15.613490849157381 ], [ -87.940996454010758, 15.614905086152344 ], [ -87.940657109963055, 15.615558975054979 ], [ -87.940326156956687, 15.616244189005849 ], [ -87.939565342903862, 15.61772038533697 ], [ -87.936929238016575, 15.622864683880454 ], [ -87.935566325509782, 15.620055764840764 ], [ -87.934440683641583, 15.618522629373985 ], [ -87.934231303623974, 15.618246188805919 ], [ -87.93397035012147, 15.618070815197134 ], [ -87.932666159202299, 15.617319999509574 ], [ -87.932880685384333, 15.614691706024495 ], [ -87.932887884677086, 15.61443825841371 ], [ -87.934948871849656, 15.614359400612095 ], [ -87.934975480058753, 15.612251074158991 ], [ -87.934894756623962, 15.611625963104602 ], [ -87.935097282620745, 15.61089180941272 ], [ -87.935270621411007, 15.609855836178351 ], [ -87.935389302168574, 15.609035769560434 ], [ -87.931260554651288, 15.608902337308793 ], [ -87.931255851939142, 15.610325807290501 ], [ -87.929113332837233, 15.610205474563916 ], [ -87.926894436604428, 15.609802370322949 ], [ -87.920681244103619, 15.610697138412323 ], [ -87.918767511608223, 15.610661039901599 ], [ -87.91823625142878, 15.611559059282941 ], [ -87.896899107895848, 15.603288778666315 ], [ -87.900672139374223, 15.600448403354324 ], [ -87.90678705245989, 15.594683991430355 ], [ -87.907784520551886, 15.593785898185702 ], [ -87.908348306864738, 15.594203616462638 ], [ -87.913942801815452, 15.602432493190296 ], [ -87.919363824054514, 15.604061521028063 ], [ -87.922291176063595, 15.604646297096812 ], [ -87.925066739449989, 15.605022223689341 ], [ -87.929479051157884, 15.60538219841494 ], [ -87.930747970756528, 15.605460803843275 ] ] ] ] } },
{ "type": "Feature", "properties": { "Dialgeo": 201244, "Dial": 17, "VERSION": "Capa actual", "ID_MAPA": "actual_74", "layer": "Capa actual", "path": "C:\\Users\\said.calderon\\Downloads\\Capa actual.geojson" }, "geometry": { "type": "MultiPolygon", "coordinates": [ [ [ [ -87.95665298006783, 15.614114707768396 ], [ -87.958319054710898, 15.614351158778295 ], [ -87.959573175925627, 15.614513882838116 ], [ -87.960234557964696, 15.614611718357358 ], [ -87.960668460289057, 15.614679153306554 ], [ -87.960693527472031, 15.615284039129714 ], [ -87.960736882428577, 15.616308145592217 ], [ -87.962186710186586, 15.618602383030204 ], [ -87.967072443959268, 15.620358052052289 ], [ -87.971411851292757, 15.622002868550585 ], [ -87.966743506237918, 15.625011362357776 ], [ -87.961804720723535, 15.629577742549275 ], [ -87.961605928555542, 15.62990212213173 ], [ -87.953165224624399, 15.627257587755759 ], [ -87.952685748126555, 15.625284532463954 ], [ -87.952869156074271, 15.622970957858611 ], [ -87.952790798894185, 15.622795964876293 ], [ -87.952405117767867, 15.621906820396374 ], [ -87.952283922676429, 15.62165475296476 ], [ -87.952116945861192, 15.621475267187961 ], [ -87.952168511523908, 15.621374196204094 ], [ -87.95262586981886, 15.620884783345563 ], [ -87.953152968737285, 15.620350911600244 ], [ -87.953724751277548, 15.619730778505424 ], [ -87.955210034450019, 15.616927091526684 ], [ -87.95665298006783, 15.614114707768396 ] ] ] ] } },
{ "type": "Feature", "properties": { "Dialgeo": 201245, "Dial": 18, "VERSION": "Capa actual", "ID_MAPA": "actual_75", "layer": "Capa actual", "path": "C:\\Users\\said.calderon\\Downloads\\Capa actual.geojson" }, "geometry": { "type": "MultiPolygon", "coordinates": [ [ [ [ -87.94585240801112, 15.60631404867646 ], [ -87.946803937628204, 15.606724429493323 ], [ -87.947790226061528, 15.607000139550575 ], [ -87.949236240905421, 15.60741323261497 ], [ -87.949801998240758, 15.6075843978004 ], [ -87.951148968098778, 15.608032627986178 ], [ -87.952777477405263, 15.608573111135481 ], [ -87.953313933508412, 15.608726624163705 ], [ -87.953902650527439, 15.60893206665388 ], [ -87.954331341460147, 15.609076748804737 ], [ -87.954465131945739, 15.609265256468845 ], [ -87.954685599476122, 15.609474659889898 ], [ -87.954928044269678, 15.609689876561223 ], [ -87.955797210609774, 15.610185249954585 ], [ -87.956455250521785, 15.610641784166267 ], [ -87.956587403939949, 15.612373816844203 ], [ -87.956536405999913, 15.61375384599679 ], [ -87.956541754973856, 15.613972325190348 ], [ -87.956514001016501, 15.614064889420543 ], [ -87.956390328143158, 15.61447216501573 ], [ -87.955986502384732, 15.615319373477238 ], [ -87.955604190206486, 15.616112860317514 ], [ -87.955199956460177, 15.616814495745333 ], [ -87.954907492388003, 15.617328408208188 ], [ -87.954512171846389, 15.618103289695032 ], [ -87.954323182277747, 15.61849069252505 ], [ -87.95410817668045, 15.618878208263906 ], [ -87.9537387492677, 15.61962776421027 ], [ -87.953333732881362, 15.620104402185149 ], [ -87.951830208015025, 15.621583270248237 ], [ -87.950437318207349, 15.623151125794394 ], [ -87.94799020982046, 15.620787193256577 ], [ -87.945412146774373, 15.619777228684875 ], [ -87.946036554191238, 15.617924440050375 ], [ -87.946260208697311, 15.617496102264701 ], [ -87.946405430172405, 15.617016450676774 ], [ -87.946636596633923, 15.616368349330159 ], [ -87.946820385448063, 15.615762954612915 ], [ -87.947416058911116, 15.613442023 ], [ -87.947684467191451, 15.612519018151932 ], [ -87.947709854855276, 15.612393303142651 ], [ -87.946284312843531, 15.612119073618528 ], [ -87.946332974570538, 15.611811529379557 ], [ -87.946343854222917, 15.61175756415687 ], [ -87.945168884434864, 15.611528078045078 ], [ -87.945109069323493, 15.61183027827045 ], [ -87.94481549330807, 15.613327775918377 ], [ -87.94436465369489, 15.613591218868324 ], [ -87.942293835289163, 15.613341304445843 ], [ -87.941692530634796, 15.613246830140715 ], [ -87.941629217079452, 15.611564847131232 ], [ -87.941522034527665, 15.611241796048658 ], [ -87.94095921340228, 15.611044709431779 ], [ -87.940056186423405, 15.610665754717562 ], [ -87.93972333626489, 15.610877460746128 ], [ -87.939206178884305, 15.610933590872243 ], [ -87.937358125481353, 15.610725810428729 ], [ -87.937312809417719, 15.610548072810547 ], [ -87.937385994915715, 15.60951252573096 ], [ -87.94122847847639, 15.610310265300374 ], [ -87.941293884448825, 15.610245908602662 ], [ -87.94260637694272, 15.607459834770662 ], [ -87.943009204490124, 15.606624598502075 ], [ -87.943126205605267, 15.606488693545758 ], [ -87.94378239517205, 15.606499884922931 ], [ -87.94585240801112, 15.60631404867646 ] ] ] ] } },
{ "type": "Feature", "properties": { "Dialgeo": 201246, "Dial": 17, "VERSION": "Capa actual", "ID_MAPA": "actual_76", "layer": "Capa actual", "path": "C:\\Users\\said.calderon\\Downloads\\Capa actual.geojson" }, "geometry": { "type": "MultiPolygon", "coordinates": [ [ [ [ -87.950366171846653, 15.623796323647957 ], [ -87.950458196005115, 15.623240567336179 ], [ -87.951682695800699, 15.621804903940669 ], [ -87.952051848414115, 15.621462943577482 ], [ -87.952212899524952, 15.621596708237092 ], [ -87.952344259081201, 15.621873468630255 ], [ -87.952800286488653, 15.622972406501463 ], [ -87.952731837508864, 15.624111437817534 ], [ -87.952585611506152, 15.625309634188566 ], [ -87.952970043847301, 15.627017298977277 ], [ -87.953097898072642, 15.62732015389691 ], [ -87.961317106293279, 15.630011223744532 ], [ -87.959525924777722, 15.632948977284396 ], [ -87.958980807606991, 15.634038676107668 ], [ -87.95919880690802, 15.636155511027784 ], [ -87.959587875151485, 15.637758957758134 ], [ -87.961246802329555, 15.640138405097687 ], [ -87.952197117493313, 15.641169548263921 ], [ -87.952064120574406, 15.638665753999978 ], [ -87.951505055411474, 15.636390713778416 ], [ -87.951206214805367, 15.635525500607962 ], [ -87.951200000092342, 15.635399929076231 ], [ -87.950867145880721, 15.634322386756134 ], [ -87.95036165267328, 15.632933247590573 ], [ -87.950284765267057, 15.632687790629578 ], [ -87.949956730703818, 15.63153536158026 ], [ -87.949927816880532, 15.631298246636552 ], [ -87.949892469159352, 15.630872445789201 ], [ -87.949840802505463, 15.630527592876666 ], [ -87.949841126388947, 15.63007395920177 ], [ -87.949722460958924, 15.62878866929918 ], [ -87.949839449438016, 15.627534691027677 ], [ -87.950131476133919, 15.625332877185951 ], [ -87.950366171846653, 15.623796323647957 ] ] ] ] } },
{ "type": "Feature", "properties": { "Dialgeo": 201247, "Dial": 17, "VERSION": "Capa actual", "ID_MAPA": "actual_77", "layer": "Capa actual", "path": "C:\\Users\\said.calderon\\Downloads\\Capa actual.geojson" }, "geometry": { "type": "MultiPolygon", "coordinates": [ [ [ [ -87.950483039063968, 15.633452570124261 ], [ -87.950766221428708, 15.634363055282376 ], [ -87.951335050894713, 15.635968314157125 ], [ -87.952051018607975, 15.639049492010932 ], [ -87.952064120108091, 15.641010451024325 ], [ -87.952279177863801, 15.64405379917541 ], [ -87.952357375984974, 15.645787461342088 ], [ -87.950427690074122, 15.6457070704746 ], [ -87.946671344510762, 15.64543808684985 ], [ -87.944172475940348, 15.645417319431736 ], [ -87.941991824136053, 15.645556103515803 ], [ -87.940500861977526, 15.645692007248536 ], [ -87.939098923496928, 15.645697918119042 ], [ -87.938164102187429, 15.645701920427292 ], [ -87.936858016463887, 15.645656450229952 ], [ -87.935643695367446, 15.645636058892221 ], [ -87.93464019184016, 15.645538030897386 ], [ -87.933425986928242, 15.645543203828467 ], [ -87.93239608856284, 15.645445277856673 ], [ -87.931656775703672, 15.645397266578154 ], [ -87.93232708069479, 15.641864775883011 ], [ -87.935250365613996, 15.634588429942854 ], [ -87.936592621232748, 15.623170759419567 ], [ -87.943216581833454, 15.621373876442172 ], [ -87.945346633091134, 15.619962838434569 ], [ -87.947843138388677, 15.620814767868891 ], [ -87.950402359279494, 15.623197674492728 ], [ -87.95011538116384, 15.624913516884048 ], [ -87.94989387348943, 15.626348700721467 ], [ -87.949678324751531, 15.627870127694221 ], [ -87.94967549587237, 15.629671008687625 ], [ -87.949816437352183, 15.631277161520634 ], [ -87.950483039063968, 15.633452570124261 ] ] ] ] } },
{ "type": "Feature", "properties": { "Dialgeo": 201248, "Dial": 18, "VERSION": "Capa actual", "ID_MAPA": "actual_78", "layer": "Capa actual", "path": "C:\\Users\\said.calderon\\Downloads\\Capa actual.geojson" }, "geometry": { "type": "MultiPolygon", "coordinates": [ [ [ [ -87.951719905202168, 15.597328712016283 ], [ -87.952416423042948, 15.600797049724539 ], [ -87.954430129063823, 15.601695942218509 ], [ -87.955181741026323, 15.603905017716686 ], [ -87.956071081106856, 15.60635930566052 ], [ -87.956285000054905, 15.608653300159576 ], [ -87.956388699203472, 15.610165699018083 ], [ -87.956458936828071, 15.610586115707362 ], [ -87.955769169453944, 15.610154213593166 ], [ -87.955309355281798, 15.609872580381404 ], [ -87.955128347682816, 15.609771495388642 ], [ -87.954927891131391, 15.609656786680112 ], [ -87.9548225347488, 15.609552063937334 ], [ -87.954703666501544, 15.609426127359445 ], [ -87.954528552338346, 15.609267344541037 ], [ -87.954351984006365, 15.609057750248306 ], [ -87.953311451011629, 15.608717180488981 ], [ -87.951118443915774, 15.607987354420713 ], [ -87.950193518411794, 15.607693061036812 ], [ -87.946658558972402, 15.606623075557669 ], [ -87.946593528624689, 15.606578791848166 ], [ -87.946799482020893, 15.606284816128325 ], [ -87.947229907689064, 15.606211961474013 ], [ -87.9479293123281, 15.60608074090262 ], [ -87.948478204176567, 15.605927761319885 ], [ -87.949096585039086, 15.605161643689549 ], [ -87.949343851323377, 15.604836760377934 ], [ -87.94949401170561, 15.604609204608694 ], [ -87.949622744552826, 15.604528809542101 ], [ -87.949965747754035, 15.604312930764571 ], [ -87.950233364170515, 15.604164012956776 ], [ -87.950440060889946, 15.604033120325262 ], [ -87.950787759333977, 15.603804709344461 ], [ -87.95080495229297, 15.603649794329167 ], [ -87.951030881720357, 15.603039845845462 ], [ -87.951152580735027, 15.60253718527375 ], [ -87.951157181758447, 15.602339516902292 ], [ -87.95119416351848, 15.601992136581263 ], [ -87.951495370895032, 15.601118795432241 ], [ -87.95103866157713, 15.600704252845389 ], [ -87.951018414451823, 15.599931960175732 ], [ -87.950907660853616, 15.599439086434861 ], [ -87.951106797980898, 15.598285720188326 ], [ -87.95147789230937, 15.597325715685308 ], [ -87.951719905202168, 15.597328712016283 ] ] ] ] } },
{ "type": "Feature", "properties": { "Dialgeo": 201249, "Dial": 18, "VERSION": "Capa actual", "ID_MAPA": "actual_79", "layer": "Capa actual", "path": "C:\\Users\\said.calderon\\Downloads\\Capa actual.geojson" }, "geometry": { "type": "MultiPolygon", "coordinates": [ [ [ [ -87.950886575593387, 15.599390651130751 ], [ -87.95100816968214, 15.600425357351261 ], [ -87.951022065175493, 15.600724544031586 ], [ -87.951478755873296, 15.601135042857175 ], [ -87.951202540579402, 15.601860092039299 ], [ -87.951143353409989, 15.602328893046277 ], [ -87.951135608168556, 15.602550488676531 ], [ -87.951013540372585, 15.603052103127645 ], [ -87.950799416002539, 15.603644476431318 ], [ -87.950772571084414, 15.603799506226325 ], [ -87.949484169630963, 15.604590338215122 ], [ -87.948447672032174, 15.605904632787304 ], [ -87.946788092653847, 15.606254896857465 ], [ -87.946577692690553, 15.606582405492725 ], [ -87.945878679482263, 15.606254509364568 ], [ -87.945083848388109, 15.606305201741845 ], [ -87.943861709777792, 15.606416091239666 ], [ -87.943589170172572, 15.606481364069717 ], [ -87.942270973303351, 15.606015954105972 ], [ -87.942101203532417, 15.605914358207048 ], [ -87.941048263186531, 15.604985855662731 ], [ -87.940286028197932, 15.604332069278923 ], [ -87.938207016649471, 15.602887967186403 ], [ -87.9376001428667, 15.602526475917122 ], [ -87.942500746970808, 15.597221605757632 ], [ -87.951142803374893, 15.597044094293549 ], [ -87.951222887553584, 15.592689839682867 ], [ -87.954310031153142, 15.59261176225483 ], [ -87.954782625769539, 15.597368002455163 ], [ -87.951494022621645, 15.597204329582457 ], [ -87.951081708097831, 15.59827369710818 ], [ -87.950886575593387, 15.599390651130751 ] ] ] ] } },
{ "type": "Feature", "properties": { "Dialgeo": 201250, "Dial": 18, "VERSION": "Capa actual", "ID_MAPA": "actual_80", "layer": "Capa actual", "path": "C:\\Users\\said.calderon\\Downloads\\Capa actual.geojson" }, "geometry": { "type": "MultiPolygon", "coordinates": [ [ [ [ -87.936041895531176, 15.601427782849226 ], [ -87.937709721805206, 15.60275590770107 ], [ -87.938717199383603, 15.603347239462318 ], [ -87.939323820326507, 15.603741735853751 ], [ -87.939862071737139, 15.60411761388438 ], [ -87.940054098013277, 15.604236907968708 ], [ -87.940356862354989, 15.604454629051336 ], [ -87.941591240175939, 15.605603185715303 ], [ -87.942612732278832, 15.606298589918737 ], [ -87.943128559011868, 15.606450692693192 ], [ -87.943010928194482, 15.606592019095805 ], [ -87.942591614521632, 15.607431534683384 ], [ -87.941222316205128, 15.610239912262132 ], [ -87.93749828707368, 15.609431168853213 ], [ -87.936845780782392, 15.607859532316915 ], [ -87.936119402152102, 15.605934668784437 ], [ -87.936038614809306, 15.605611874619735 ], [ -87.934391867329524, 15.605618883115138 ], [ -87.925138192653606, 15.604889808681312 ], [ -87.920172647449107, 15.603989875244251 ], [ -87.914041881812992, 15.602173893169709 ], [ -87.908044729619348, 15.593462165936469 ], [ -87.909952929447499, 15.590245701665475 ], [ -87.910907029361582, 15.582392304515531 ], [ -87.910733556649916, 15.577128689457155 ], [ -87.910083033981238, 15.572784016741313 ], [ -87.90969272038005, 15.572073821123444 ], [ -87.911297342962797, 15.571864939592478 ], [ -87.924698109937765, 15.570987634845084 ], [ -87.925582459206083, 15.571536389178494 ], [ -87.926326906454108, 15.57877994394155 ], [ -87.925552344589235, 15.584692699922485 ], [ -87.927214991867345, 15.588265902433678 ], [ -87.932410826435088, 15.595663142570755 ], [ -87.936041895531176, 15.601427782849226 ] ] ] ] } },
{ "type": "Feature", "properties": { "Dialgeo": 201252, "Dial": 16, "VERSION": "Capa actual", "ID_MAPA": "actual_81", "layer": "Capa actual", "path": "C:\\Users\\said.calderon\\Downloads\\Capa actual.geojson" }, "geometry": { "type": "MultiPolygon", "coordinates": [ [ [ [ -87.943172533949749, 15.545076002256943 ], [ -87.946994613737417, 15.547195320663132 ], [ -87.950735389095414, 15.548828952060305 ], [ -87.951700786924235, 15.54934911934302 ], [ -87.954290240284806, 15.550181972609639 ], [ -87.957698074377106, 15.551113548927628 ], [ -87.954675422627716, 15.554662089728767 ], [ -87.952401275999861, 15.557823426614682 ], [ -87.950315938345099, 15.561053261324798 ], [ -87.950240373219017, 15.561589341892574 ], [ -87.95048164332951, 15.561739572948477 ], [ -87.950840269156998, 15.56195863015909 ], [ -87.951804978255822, 15.562477612551147 ], [ -87.952958919794085, 15.563140740665967 ], [ -87.954047498818937, 15.563728509562747 ], [ -87.95497833765539, 15.564194127076679 ], [ -87.95637597258154, 15.565047291315626 ], [ -87.956608751449238, 15.565593630983862 ], [ -87.957048169768456, 15.566473128840048 ], [ -87.957389931260323, 15.567088628125022 ], [ -87.957554826255347, 15.56729357277181 ], [ -87.957634384230744, 15.56744146339978 ], [ -87.957789540947914, 15.567736219568333 ], [ -87.957623549265392, 15.568077191610332 ], [ -87.957521909811987, 15.568144406793918 ], [ -87.956280292848703, 15.569924980357007 ], [ -87.953985180348397, 15.573191789912251 ], [ -87.953883935957961, 15.573345473229763 ], [ -87.953657743882971, 15.573293034568161 ], [ -87.953446897628169, 15.573281928630216 ], [ -87.952849140087551, 15.573172337531419 ], [ -87.952645705339023, 15.573125141170008 ], [ -87.952351753526727, 15.573018240243451 ], [ -87.951704854755462, 15.572858110831293 ], [ -87.951297315930475, 15.572767725028392 ], [ -87.95040207714753, 15.572531875307343 ], [ -87.950138313269591, 15.572472917788847 ], [ -87.949783634806465, 15.572267450848853 ], [ -87.949755087122099, 15.572276254533783 ], [ -87.949578379339997, 15.572123438087948 ], [ -87.949468749760712, 15.572026755690874 ], [ -87.949455639360409, 15.571871898088892 ], [ -87.949234144593973, 15.571341337346771 ], [ -87.949227963047321, 15.571270250385677 ], [ -87.949194653003701, 15.571216975313707 ], [ -87.949161171419803, 15.571126307901386 ], [ -87.949111219237935, 15.571097041293006 ], [ -87.948621064773306, 15.569841579075378 ], [ -87.948556490685604, 15.569580105668651 ], [ -87.9484052877431, 15.56905458280932 ], [ -87.948141283536629, 15.568094163068142 ], [ -87.948061634370134, 15.567720595019566 ], [ -87.947932341363469, 15.567466077251726 ], [ -87.947552732242883, 15.566402007481065 ], [ -87.945323143262854, 15.565750518735914 ], [ -87.943972349085939, 15.563137469739109 ], [ -87.94329290692697, 15.562122743758749 ], [ -87.943184745265611, 15.561533277458341 ], [ -87.941817351794526, 15.56053020302118 ], [ -87.94046952636063, 15.559204778533845 ], [ -87.939580006727425, 15.557670898211429 ], [ -87.933409582215489, 15.554473812526886 ], [ -87.930769475187489, 15.553249507463985 ], [ -87.933218229745023, 15.549210725968949 ], [ -87.935690429404602, 15.54762739708784 ], [ -87.940383977221273, 15.543949722760219 ], [ -87.943172533949749, 15.545076002256943 ] ] ] ] } },
{ "type": "Feature", "properties": { "Dialgeo": 201253, "Dial": 16, "VERSION": "Capa actual", "ID_MAPA": "actual_82", "layer": "Capa actual", "path": "C:\\Users\\said.calderon\\Downloads\\Capa actual.geojson" }, "geometry": { "type": "MultiPolygon", "coordinates": [ [ [ [ -87.954547448847663, 15.55511015650416 ], [ -87.954650809908017, 15.554964739971476 ], [ -87.954780032826505, 15.554787696395882 ], [ -87.958737198675522, 15.550185838390657 ], [ -87.966554719013274, 15.553479671392212 ], [ -87.971518355776411, 15.556282407931619 ], [ -87.971975247292704, 15.556764333451342 ], [ -87.973046359800591, 15.557674923704518 ], [ -87.974067679551112, 15.558325087523981 ], [ -87.976303683009363, 15.559804560034458 ], [ -87.980881584423344, 15.561483260186877 ], [ -87.977298433803469, 15.563922280466434 ], [ -87.972213699177189, 15.563516716749199 ], [ -87.972674156753385, 15.566862163526919 ], [ -87.973302995333114, 15.57087274942246 ], [ -87.96937993860675, 15.57231702229517 ], [ -87.964195677971517, 15.575447228457474 ], [ -87.962648178136945, 15.577308511598915 ], [ -87.961859351719596, 15.578899347265471 ], [ -87.961736231395804, 15.580865684916441 ], [ -87.961233332555395, 15.583358889645163 ], [ -87.9571396772577, 15.581079814267833 ], [ -87.955336982738217, 15.581001378484967 ], [ -87.952711514564328, 15.581034328367119 ], [ -87.952795926383033, 15.57834109721594 ], [ -87.953248867557065, 15.575032171179988 ], [ -87.953460334911284, 15.574403661173562 ], [ -87.953744241578221, 15.573825510434292 ], [ -87.953945880173094, 15.57335321587027 ], [ -87.95424945741847, 15.572956343249739 ], [ -87.954769875553424, 15.572183483842684 ], [ -87.955062610754325, 15.571838829386621 ], [ -87.955225241421473, 15.571494174352807 ], [ -87.955496292533425, 15.571118186384284 ], [ -87.955789027734326, 15.5707839742795 ], [ -87.956070920890767, 15.57032443174842 ], [ -87.956461234491982, 15.56986488819031 ], [ -87.956761639105437, 15.569502025227827 ], [ -87.957876780380559, 15.567779597721051 ], [ -87.957756202575524, 15.567641253318007 ], [ -87.957640823134014, 15.567418732503739 ], [ -87.957104648109919, 15.566471547940088 ], [ -87.956462709280345, 15.564995976846792 ], [ -87.955121909772018, 15.564257606921091 ], [ -87.950357583594709, 15.561626654258761 ], [ -87.950413497661629, 15.561059143466919 ], [ -87.951691742839884, 15.55906187925531 ], [ -87.952867093872868, 15.557317173255502 ], [ -87.95418523389236, 15.555521419600693 ], [ -87.954288711577973, 15.555401214684277 ], [ -87.954392189144713, 15.555281009724743 ], [ -87.954437353430606, 15.55520517822101 ], [ -87.954482691976182, 15.555167163908351 ], [ -87.954547448847663, 15.55511015650416 ] ] ] ] } },
{ "type": "Feature", "properties": { "Dialgeo": 201254, "Dial": 18, "VERSION": "Capa actual", "ID_MAPA": "actual_83", "layer": "Capa actual", "path": "C:\\Users\\said.calderon\\Downloads\\Capa actual.geojson" }, "geometry": { "type": "MultiPolygon", "coordinates": [ [ [ [ -87.937507305675524, 15.57740350750286 ], [ -87.937607383091191, 15.577392297477378 ], [ -87.938026214677421, 15.577751767682253 ], [ -87.938121121011093, 15.577826849252213 ], [ -87.938204779926664, 15.577875019411671 ], [ -87.938321520798155, 15.577858346157337 ], [ -87.938390346336249, 15.577805541860384 ], [ -87.938672173068198, 15.577636145268405 ], [ -87.939180337575635, 15.578179409154288 ], [ -87.93943420796947, 15.57840418724061 ], [ -87.939663978111298, 15.578780443189496 ], [ -87.940011053740278, 15.579331600919959 ], [ -87.940454447130719, 15.579803054597022 ], [ -87.941053739174919, 15.580213771114581 ], [ -87.941842075230156, 15.580765440902104 ], [ -87.941416235266459, 15.581428027808135 ], [ -87.941283873296669, 15.581757775010962 ], [ -87.941181389133789, 15.582116227720237 ], [ -87.941071178038953, 15.582411039746491 ], [ -87.940796076521949, 15.582969661312367 ], [ -87.940526144631832, 15.58357511471012 ], [ -87.941129245406401, 15.58427534907001 ], [ -87.942278977060127, 15.58633681824918 ], [ -87.942319297778027, 15.586480812286981 ], [ -87.942659494964019, 15.586581567956385 ], [ -87.944515490739036, 15.586977178493212 ], [ -87.944994282968608, 15.58705201106855 ], [ -87.946384067124043, 15.587387230608275 ], [ -87.947307018650051, 15.585388953638008 ], [ -87.948032716498474, 15.585517980278075 ], [ -87.94891737145457, 15.583822612228452 ], [ -87.949317256530421, 15.583990282869722 ], [ -87.949368278715809, 15.584034514060772 ], [ -87.949542405268431, 15.584164713889244 ], [ -87.949740214369029, 15.584323644638326 ], [ -87.950123120926065, 15.584302769183234 ], [ -87.950463785302233, 15.584308412536867 ], [ -87.950544456314958, 15.584282928427298 ], [ -87.950761093640622, 15.584243025633082 ], [ -87.951592911055641, 15.58415930157229 ], [ -87.951697684672268, 15.584172203030185 ], [ -87.95141305371618, 15.58634854115027 ], [ -87.951180015772124, 15.588796195056897 ], [ -87.95122418506034, 15.589346894188688 ], [ -87.951103476930157, 15.596960690973537 ], [ -87.949033912379349, 15.596948067070798 ], [ -87.946936284365549, 15.597029484776709 ], [ -87.94334670905225, 15.597082734349357 ], [ -87.942457378792895, 15.597158948991501 ], [ -87.937440363387111, 15.602515967318899 ], [ -87.936038888461837, 15.601294254525184 ], [ -87.934347529523265, 15.598244996896906 ], [ -87.932612802406751, 15.595613409372106 ], [ -87.930054079909922, 15.591853940099369 ], [ -87.9285795618609, 15.589848861672856 ], [ -87.92775556648057, 15.588553904783819 ], [ -87.926974939278139, 15.587217166527131 ], [ -87.926606309765873, 15.586569680806367 ], [ -87.92634610069841, 15.585901306308495 ], [ -87.925912418919282, 15.585212042829715 ], [ -87.925695578029718, 15.584689871987857 ], [ -87.92584736665242, 15.583541091463614 ], [ -87.926042523453006, 15.582225207697062 ], [ -87.92625936434257, 15.580804879253213 ], [ -87.926421995009761, 15.57885191161229 ], [ -87.927896512920199, 15.578559487191427 ], [ -87.928221774393123, 15.578413274616407 ], [ -87.928861455017326, 15.577995524226107 ], [ -87.929587872036663, 15.577682210918981 ], [ -87.930043237865448, 15.577577772986642 ], [ -87.930943127557128, 15.577817980053092 ], [ -87.931886385426722, 15.578225287045857 ], [ -87.932417645606151, 15.578737030584811 ], [ -87.933827111388297, 15.578831024157529 ], [ -87.934716159035503, 15.579019011173971 ], [ -87.935897650385584, 15.579410739797559 ], [ -87.936058771356073, 15.579366919634099 ], [ -87.936175171525989, 15.579274762819816 ], [ -87.936313333762712, 15.579074676081524 ], [ -87.93696906313302, 15.578926305028082 ], [ -87.937447310804629, 15.578587276997004 ], [ -87.937506754336937, 15.578508841779824 ], [ -87.937461153507058, 15.578266402191087 ], [ -87.937343312456775, 15.578040445845803 ], [ -87.937331063014284, 15.5777924723017 ], [ -87.937452559892463, 15.577597847764615 ], [ -87.937507305675524, 15.57740350750286 ] ] ] ] } },
{ "type": "Feature", "properties": { "Dialgeo": 201255, "Dial": 16, "VERSION": "Capa actual", "ID_MAPA": "actual_84", "layer": "Capa actual", "path": "C:\\Users\\said.calderon\\Downloads\\Capa actual.geojson" }, "geometry": { "type": "MultiPolygon", "coordinates": [ [ [ [ -87.949487897703563, 15.574493762526672 ], [ -87.949607427591033, 15.574562579821212 ], [ -87.949781538142389, 15.574661283482213 ], [ -87.950107516396429, 15.574841500188093 ], [ -87.951444574239531, 15.575578244187495 ], [ -87.952176018070332, 15.575990666114944 ], [ -87.952903475110759, 15.576279556318928 ], [ -87.952860193779472, 15.576765073376531 ], [ -87.95261161053179, 15.581083287447857 ], [ -87.952590602133199, 15.581352970459763 ], [ -87.952542749284277, 15.581833051478524 ], [ -87.952004951110723, 15.581676696761573 ], [ -87.951899519874573, 15.581610971567919 ], [ -87.951774537176874, 15.58153587641447 ], [ -87.95173433100625, 15.58151293938181 ], [ -87.95169249917798, 15.581490009372187 ], [ -87.951670409343336, 15.581475038621317 ], [ -87.95111895889066, 15.581168574122463 ], [ -87.950583008090092, 15.580871745765226 ], [ -87.948575642761654, 15.57968917222118 ], [ -87.948331986740371, 15.579557944988878 ], [ -87.948254192632362, 15.579500027166057 ], [ -87.947561708082489, 15.578987747177429 ], [ -87.94736803014726, 15.578790734543688 ], [ -87.94713472234632, 15.578540199695246 ], [ -87.946972541244989, 15.578309174349707 ], [ -87.946918312506483, 15.578217947940029 ], [ -87.946800335170721, 15.578028819201258 ], [ -87.946701748334775, 15.577889631723368 ], [ -87.946408304266257, 15.577565762778015 ], [ -87.946128300291633, 15.577195706725529 ], [ -87.945981574900202, 15.577046765054837 ], [ -87.946028241096244, 15.577007835933216 ], [ -87.946994694326349, 15.576243799191609 ], [ -87.948436519850532, 15.57519058548702 ], [ -87.949010365417791, 15.574742066462479 ], [ -87.949403157749487, 15.574470608535675 ], [ -87.949441770901018, 15.574478454800326 ], [ -87.949487897703563, 15.574493762526672 ] ] ] ] } },
{ "type": "Feature", "properties": { "Dialgeo": 201256, "Dial": 16, "VERSION": "Capa actual", "ID_MAPA": "actual_85", "layer": "Capa actual", "path": "C:\\Users\\said.calderon\\Downloads\\Capa actual.geojson" }, "geometry": { "type": "MultiPolygon", "coordinates": [ [ [ [ -87.943521719477445, 15.569530622829529 ], [ -87.944458475716061, 15.570054975937182 ], [ -87.944684330728904, 15.570150653066966 ], [ -87.944816851630122, 15.570217316465634 ], [ -87.945062864579498, 15.570319953040437 ], [ -87.94530573542454, 15.570479944098276 ], [ -87.945708125076081, 15.57163128320191 ], [ -87.945853605085347, 15.572111426728055 ], [ -87.946497758993644, 15.573780663870346 ], [ -87.94664199575621, 15.573988376607659 ], [ -87.947004847012721, 15.573797179643526 ], [ -87.947197239127163, 15.573689514559479 ], [ -87.947579083757603, 15.573434132552297 ], [ -87.947985720254621, 15.573177307705031 ], [ -87.948518677077047, 15.572826455266705 ], [ -87.94906177870044, 15.572031545277264 ], [ -87.949254960927547, 15.571974592743222 ], [ -87.949338848080203, 15.571940844378789 ], [ -87.94957805943271, 15.572128781334357 ], [ -87.949666606965366, 15.572209862874853 ], [ -87.949812885623885, 15.572336768920946 ], [ -87.950119363569499, 15.572471664101602 ], [ -87.951649149420916, 15.572878383618276 ], [ -87.951937325589626, 15.572927885458846 ], [ -87.952034657411403, 15.572971534951703 ], [ -87.952122941909195, 15.572995191541485 ], [ -87.952327714190574, 15.573033702087036 ], [ -87.952472561999159, 15.57307380716837 ], [ -87.952646560258316, 15.573161195039642 ], [ -87.952898025222424, 15.573217939122596 ], [ -87.95359381236382, 15.573322024000804 ], [ -87.953861249885094, 15.573399146939089 ], [ -87.95354323451366, 15.574001409025952 ], [ -87.952975282254258, 15.575869551544415 ], [ -87.952914128674948, 15.576239591305129 ], [ -87.952169418849081, 15.575969684713613 ], [ -87.952044119397129, 15.575906421406676 ], [ -87.94941028329751, 15.574429200742991 ], [ -87.949130161687364, 15.574615842851033 ], [ -87.948860751227528, 15.574842996699511 ], [ -87.948513089398261, 15.57509254702776 ], [ -87.948310125626861, 15.575263602239856 ], [ -87.948143710328395, 15.57536936894949 ], [ -87.948006013740553, 15.575460018356788 ], [ -87.947813494142181, 15.575630062419968 ], [ -87.947664153770887, 15.575726502551204 ], [ -87.947579592402946, 15.575800577946367 ], [ -87.947255834376946, 15.576020298707853 ], [ -87.947113250803028, 15.576123861132816 ], [ -87.946955590765839, 15.576248498307644 ], [ -87.94679786320556, 15.5763584286856 ], [ -87.946444155434065, 15.576625182414228 ], [ -87.946150197190903, 15.576828754724781 ], [ -87.945907103311427, 15.577031059505039 ], [ -87.946127075294299, 15.577229098671532 ], [ -87.946171554263145, 15.577314377370097 ], [ -87.946270126002361, 15.577478216064554 ], [ -87.946631479084559, 15.577861276693691 ], [ -87.946700764052324, 15.57794778403621 ], [ -87.946894841774636, 15.578207365185355 ], [ -87.947049332829366, 15.578439557961049 ], [ -87.947199458922782, 15.578637785254941 ], [ -87.947357887056498, 15.578833041851496 ], [ -87.947386991287843, 15.578870309632725 ], [ -87.947701590569096, 15.579165673240153 ], [ -87.947853703139231, 15.579249058014366 ], [ -87.947955349660518, 15.579325927240658 ], [ -87.948408712955796, 15.579641814898741 ], [ -87.949414630522654, 15.580270488323743 ], [ -87.951425653829247, 15.581347536064937 ], [ -87.952154957650052, 15.581772693432178 ], [ -87.952208691182406, 15.581769795228873 ], [ -87.952581837026443, 15.581865233314595 ], [ -87.952639523148733, 15.581104733977096 ], [ -87.956828768303041, 15.581210570434113 ], [ -87.961301388782246, 15.583638967391771 ], [ -87.964976097269329, 15.589100972552512 ], [ -87.96712676580178, 15.592197213179777 ], [ -87.969242374234298, 15.599250214973791 ], [ -87.95487778579988, 15.597445956265238 ], [ -87.954406000709795, 15.592434897075037 ], [ -87.951345250973489, 15.592524890798371 ], [ -87.951378096495418, 15.588642593477058 ], [ -87.951678241877261, 15.584138900518314 ], [ -87.950873833512418, 15.584211824671035 ], [ -87.950653363493942, 15.584246416255647 ], [ -87.950454058212742, 15.584301339777429 ], [ -87.950140434786249, 15.584294284700141 ], [ -87.949870319630918, 15.584314673251585 ], [ -87.949738847939074, 15.584296018622368 ], [ -87.949639265677476, 15.584203941625889 ], [ -87.949318440818246, 15.583978263882297 ], [ -87.948902365534011, 15.583793843637748 ], [ -87.948585318717974, 15.584391099206924 ], [ -87.948465107915652, 15.584665533920006 ], [ -87.94798805136503, 15.585508561645646 ], [ -87.947314224216399, 15.5853384643064 ], [ -87.946744755256105, 15.586573540107876 ], [ -87.946378845096859, 15.5873295864379 ], [ -87.946093560017246, 15.587286362248971 ], [ -87.945190192849068, 15.587066787428975 ], [ -87.94460464020537, 15.586956372085401 ], [ -87.944081051271965, 15.586843286452028 ], [ -87.943345922049687, 15.586714843081461 ], [ -87.94239340918331, 15.586424029503858 ], [ -87.942258690743557, 15.586237189804148 ], [ -87.941253438455021, 15.584328880339699 ], [ -87.940545921401224, 15.583563016265302 ], [ -87.941103469564439, 15.58242531832099 ], [ -87.941377125344459, 15.581549535553998 ], [ -87.941834879355767, 15.5808183328743 ], [ -87.94186934307119, 15.580765324194228 ], [ -87.94143663679337, 15.580464425407891 ], [ -87.941128204267372, 15.580235077699381 ], [ -87.940849759595793, 15.580058462504324 ], [ -87.940698033683674, 15.579946180397712 ], [ -87.940556278123083, 15.57984586947266 ], [ -87.940297436031528, 15.579618711323111 ], [ -87.940138044662163, 15.579456003125557 ], [ -87.939821217335961, 15.579015244442759 ], [ -87.939446547727897, 15.57839212065559 ], [ -87.938918692935289, 15.577880177635359 ], [ -87.93873903682578, 15.577621443397737 ], [ -87.938605367297413, 15.577584846841029 ], [ -87.938277933706757, 15.57775339066567 ], [ -87.938149774187622, 15.577705410218396 ], [ -87.938071237666648, 15.577560164676415 ], [ -87.937675072304813, 15.577292259648477 ], [ -87.937352296614279, 15.577261283319528 ], [ -87.937308724740461, 15.577466359693121 ], [ -87.937165906035077, 15.577865965762069 ], [ -87.937345766297909, 15.578274981443681 ], [ -87.937347086149472, 15.578566136427574 ], [ -87.936591646456861, 15.57880659457939 ], [ -87.936180599029626, 15.578937748214548 ], [ -87.93566210927753, 15.579138560881304 ], [ -87.933931937519276, 15.578645357539392 ], [ -87.932704312787024, 15.578613993751455 ], [ -87.931963280603142, 15.5781311650048 ], [ -87.929875244482162, 15.57737267854287 ], [ -87.928821369816461, 15.577735210350083 ], [ -87.927994091459112, 15.578298393343722 ], [ -87.92703999154503, 15.578569930793835 ], [ -87.926389468876351, 15.578611705754316 ], [ -87.926085891630947, 15.575624774678348 ], [ -87.925771472341125, 15.572836236910499 ], [ -87.933834388433866, 15.574289141610404 ], [ -87.936384646418958, 15.574860630157113 ], [ -87.937876889189624, 15.575183181188773 ], [ -87.938622388129588, 15.575206962968476 ], [ -87.939062084630521, 15.574971290489039 ], [ -87.940011046066829, 15.573925143532762 ], [ -87.940524172812957, 15.572368210856428 ], [ -87.940704061665343, 15.571888413969296 ], [ -87.940858322472749, 15.571492766534615 ], [ -87.941042669034132, 15.571040263383537 ], [ -87.941183685006337, 15.570592147324739 ], [ -87.941147266392349, 15.570209920704722 ], [ -87.94113728729252, 15.569922126131408 ], [ -87.941436164620228, 15.569870424455585 ], [ -87.941852102607456, 15.56982242370716 ], [ -87.942090367818466, 15.569787788418106 ], [ -87.94233291039636, 15.569740528563589 ], [ -87.942631787069772, 15.569688825294923 ], [ -87.942857009031229, 15.569645841022428 ], [ -87.943190564368123, 15.569593988516855 ], [ -87.943385480303974, 15.569559537526038 ], [ -87.943521719477445, 15.569530622829529 ] ] ] ] } },
{ "type": "Feature", "properties": { "Dialgeo": 201260, "Dial": 8, "VERSION": "Capa actual", "ID_MAPA": "actual_86", "layer": "Capa actual", "path": "C:\\Users\\said.calderon\\Downloads\\Capa actual.geojson" }, "geometry": { "type": "MultiPolygon", "coordinates": [ [ [ [ -88.025917718172821, 15.423532389097847 ], [ -88.027716793907203, 15.422930543146974 ], [ -88.03062720061196, 15.422816208442454 ], [ -88.032189102238277, 15.423313189436177 ], [ -88.033127492992833, 15.423863484140474 ], [ -88.033261901060385, 15.426456299747354 ], [ -88.033795318270876, 15.427681509235256 ], [ -88.034370810856359, 15.428532791913796 ], [ -88.03459469642695, 15.429365862141021 ], [ -88.034338283395599, 15.430434956643172 ], [ -88.033062539898111, 15.431751907151039 ], [ -88.031263133118514, 15.432298125033368 ], [ -88.029092778421798, 15.431693359966083 ], [ -88.028098673744921, 15.430110978380633 ], [ -88.027833058036094, 15.429452506930279 ], [ -88.027660692108924, 15.429138151480684 ], [ -88.026683801321397, 15.429180773372217 ], [ -88.025502018473262, 15.429577922298634 ], [ -88.024556150522159, 15.428551620238999 ], [ -88.025157801286312, 15.427569785105176 ], [ -88.024894863982468, 15.426296195213402 ], [ -88.024403253002461, 15.425640363685897 ], [ -88.024104656123015, 15.424818155626872 ], [ -88.024897987813389, 15.424058141510544 ], [ -88.025917718172821, 15.423532389097847 ] ] ] ] } },
{ "type": "Feature", "properties": { "Dialgeo": 201261, "Dial": 4, "VERSION": "Capa actual", "ID_MAPA": "actual_87", "layer": "Capa actual", "path": "C:\\Users\\said.calderon\\Downloads\\Capa actual.geojson" }, "geometry": { "type": "MultiPolygon", "coordinates": [ [ [ [ -88.009049376662645, 15.548074794201257 ], [ -88.009055264913343, 15.548097177589648 ], [ -88.009197405352722, 15.548425414467673 ], [ -88.009718461850852, 15.550178302106803 ], [ -88.010561157382242, 15.552325831588496 ], [ -88.012438468447925, 15.556535947944553 ], [ -88.016994091552419, 15.569211771702255 ], [ -88.017928801872785, 15.572007669626579 ], [ -88.015419143385728, 15.572935857559623 ], [ -88.011004780313797, 15.573993980346557 ], [ -88.008174275075973, 15.574694519782613 ], [ -88.003287971357793, 15.575668039602384 ], [ -87.998836123703342, 15.576117385110047 ], [ -87.995366199048107, 15.576348775065107 ], [ -87.994787911768114, 15.576394523673265 ], [ -87.995064704482616, 15.574822958944853 ], [ -87.995773095174201, 15.568889761772061 ], [ -87.995724101610492, 15.56591500556709 ], [ -87.995911351664347, 15.565191424136216 ], [ -87.995890454269869, 15.564451975999624 ], [ -87.995987693195104, 15.563039682118744 ], [ -87.996138402859074, 15.561929686541694 ], [ -87.996187183268859, 15.56125715434025 ], [ -87.996149109459466, 15.560551399254885 ], [ -87.996180147028582, 15.559794908249012 ], [ -87.99615875113885, 15.559489887005959 ], [ -87.996151551652815, 15.559257188144104 ], [ -87.995452367466058, 15.558203414746604 ], [ -87.995218096062501, 15.556103746874962 ], [ -87.995202526407908, 15.555342681496116 ], [ -87.995097044596193, 15.55504061733129 ], [ -87.99630768575301, 15.554407656350392 ], [ -87.99816392604771, 15.553424405090858 ], [ -88.001491615803815, 15.551803499765523 ], [ -88.002168644211508, 15.551462571812456 ], [ -88.003522952461992, 15.550834053706826 ], [ -88.004776456880137, 15.550223768789502 ], [ -88.005693708021099, 15.549692467421401 ], [ -88.007527122813258, 15.548787681932984 ], [ -88.008749517335303, 15.54821062843652 ], [ -88.009049376662645, 15.548074794201257 ] ] ] ] } },
{ "type": "Feature", "properties": { "Dialgeo": 201262, "Dial": 4, "VERSION": "Capa actual", "ID_MAPA": "actual_88", "layer": "Capa actual", "path": "C:\\Users\\said.calderon\\Downloads\\Capa actual.geojson" }, "geometry": { "type": "MultiPolygon", "coordinates": [ [ [ [ -87.9867057269866, 15.546773844733595 ], [ -87.987578968497345, 15.54778143109214 ], [ -87.989391094530617, 15.546136334644794 ], [ -87.990360211294245, 15.547954294824427 ], [ -87.991772049052031, 15.550243525801507 ], [ -87.992964848007631, 15.552339962912686 ], [ -87.994345408396399, 15.554976778707747 ], [ -87.985650776165031, 15.559346657488904 ], [ -87.981137061988676, 15.561271120521353 ], [ -87.976499834942004, 15.559634047045183 ], [ -87.975276413080593, 15.559026503437313 ], [ -87.974957386352472, 15.558706432875375 ], [ -87.974436732768737, 15.558403181269478 ], [ -87.973761527150302, 15.557894625514701 ], [ -87.972623099748873, 15.557068399510808 ], [ -87.970795878092318, 15.55564414156475 ], [ -87.971211313354047, 15.555237484548437 ], [ -87.980704990451301, 15.546348419382211 ], [ -87.983638186295053, 15.543146533842856 ], [ -87.9867057269866, 15.546773844733595 ] ] ] ] } },
{ "type": "Feature", "properties": { "Dialgeo": 201284, "Dial": 4, "VERSION": "Capa actual", "ID_MAPA": "actual_89", "layer": "Capa actual", "path": "C:\\Users\\said.calderon\\Downloads\\Capa actual.geojson" }, "geometry": { "type": "MultiPolygon", "coordinates": [ [ [ [ -88.003390304454058, 15.537744000913987 ], [ -88.004926344486393, 15.539888405542595 ], [ -88.006275392892974, 15.543325271463871 ], [ -88.007209723493887, 15.545315527861812 ], [ -88.007898353432054, 15.546690617758319 ], [ -88.008713424330551, 15.547919459157052 ], [ -88.001367780181155, 15.551460169472323 ], [ -87.995002960268863, 15.554704886022272 ], [ -87.994656792761518, 15.554829705888576 ], [ -87.992999486908246, 15.551913046915487 ], [ -87.989469937106406, 15.546072038448685 ], [ -87.989742019995902, 15.54581079822481 ], [ -87.990910792192295, 15.544738647839464 ], [ -87.99187230698206, 15.544021528550369 ], [ -87.993641189402183, 15.54265278068552 ], [ -87.994170967951675, 15.542172585689499 ], [ -87.995293077159943, 15.54060148647069 ], [ -87.999030056565019, 15.540801908443576 ], [ -87.999729226657422, 15.540718796855025 ], [ -88.001382840496035, 15.538492665876712 ], [ -88.002802411617083, 15.537023130431717 ], [ -88.003390304454058, 15.537744000913987 ] ] ] ] } },
{ "type": "Feature", "properties": { "Dialgeo": 201300, "Dial": 17, "VERSION": "Capa actual", "ID_MAPA": "actual_90", "layer": "Capa actual", "path": "C:\\Users\\said.calderon\\Downloads\\Capa actual.geojson" }, "geometry": { "type": "MultiPolygon", "coordinates": [ [ [ [ -87.992298961428631, 15.627967319601071 ], [ -87.99302743268693, 15.627292766757817 ], [ -87.994614389010493, 15.626046909648844 ], [ -87.996132275237443, 15.624689532921773 ], [ -87.997975422798731, 15.622851839330718 ], [ -88.000035411249584, 15.620533815953269 ], [ -88.000273936228098, 15.620847063887952 ], [ -88.000577513473488, 15.62111854504402 ], [ -88.000794354363052, 15.621536207658739 ], [ -88.001054563430529, 15.622079167785179 ], [ -88.001184667964267, 15.622705658450991 ], [ -88.001271404320079, 15.623499210544464 ], [ -88.001444877031744, 15.623916868306519 ], [ -88.00153161338757, 15.624418056497118 ], [ -88.001574981565483, 15.62508630551069 ], [ -88.001661717921309, 15.62583808304546 ], [ -88.002008663344654, 15.628594577068263 ], [ -88.002268872412131, 15.62926281245694 ], [ -88.002529081479594, 15.629931045665318 ], [ -88.002745922369158, 15.630682805418536 ], [ -88.003049499614548, 15.631601619146986 ], [ -88.003266340504112, 15.632520428752786 ], [ -88.003396445037851, 15.633313942821722 ], [ -88.003830126816979, 15.634274508369561 ], [ -88.004220440418194, 15.63523506941074 ], [ -88.004654122197323, 15.636320915595462 ], [ -88.004870963086887, 15.637657333762181 ], [ -88.005131172154378, 15.638826692500555 ], [ -88.005434749399754, 15.639870757157247 ], [ -88.0059963626057, 15.641868954343567 ], [ -88.005679630311349, 15.642644736586263 ], [ -88.005283113580134, 15.643487666109706 ], [ -88.004862757612841, 15.644007199946781 ], [ -88.00362531461883, 15.643846312717118 ], [ -88.003035789316414, 15.643627360061934 ], [ -87.999997614771829, 15.642476620340767 ], [ -87.999233929100072, 15.642194339147922 ], [ -87.998803522623987, 15.641791918906135 ], [ -87.998762507006788, 15.641366157558268 ], [ -87.997893525453748, 15.641170618903063 ], [ -87.996383750437204, 15.64078927781947 ], [ -87.996067843846348, 15.641049517077155 ], [ -87.994757992253739, 15.640586380075931 ], [ -87.993436575588987, 15.640031627430407 ], [ -87.993081731481979, 15.639568968522026 ], [ -87.992637325641212, 15.639293879725338 ], [ -87.992052102764632, 15.639091640850754 ], [ -87.991165940280993, 15.63885201538718 ], [ -87.990385991664112, 15.63882669250056 ], [ -87.989355997438679, 15.638711845063169 ], [ -87.987057484009313, 15.638294217474893 ], [ -87.985073389869811, 15.637803503969817 ], [ -87.983859080888251, 15.637490281968496 ], [ -87.982492983284004, 15.637281467034676 ], [ -87.982146037860701, 15.637072651887832 ], [ -87.980281206210449, 15.6309751556884 ], [ -87.983184373707445, 15.630730271433501 ], [ -87.986237924412677, 15.630528407337641 ], [ -87.991162115636612, 15.62893207240753 ], [ -87.991414728747273, 15.628713481521126 ], [ -87.991649597988584, 15.628520941171283 ], [ -87.992298961428631, 15.627967319601071 ] ] ] ] } },
{ "type": "Feature", "properties": { "Dialgeo": 201303, "Dial": 18, "VERSION": "Capa actual", "ID_MAPA": "actual_91", "layer": "Capa actual", "path": "C:\\Users\\said.calderon\\Downloads\\Capa actual.geojson" }, "geometry": { "type": "MultiPolygon", "coordinates": [ [ [ [ -87.939996604722069, 15.617125437151088 ], [ -87.941759736073038, 15.613343595129145 ], [ -87.944431712350408, 15.613655632576338 ], [ -87.94483240614818, 15.61337622969406 ], [ -87.945202413521329, 15.611560284796781 ], [ -87.946313378716766, 15.611784654623563 ], [ -87.946251055531263, 15.61214617606273 ], [ -87.947671145655548, 15.612444692565102 ], [ -87.947629258547849, 15.612535013766797 ], [ -87.94751453769284, 15.613046049331484 ], [ -87.947447111696476, 15.613302333221606 ], [ -87.947392887635502, 15.613497544640945 ], [ -87.947020937777836, 15.614960002074493 ], [ -87.946046311684441, 15.617800257992711 ], [ -87.945528723672155, 15.619079481650232 ], [ -87.945118305570347, 15.619996996728164 ], [ -87.943077436225821, 15.621249559187333 ], [ -87.93697791352146, 15.622964874913707 ], [ -87.939479537043255, 15.61805684434054 ], [ -87.939996604722069, 15.617125437151088 ] ] ] ] } },
{ "type": "Feature", "properties": { "Dialgeo": 201305, "Dial": 18, "VERSION": "Capa actual", "ID_MAPA": "actual_92", "layer": "Capa actual", "path": "C:\\Users\\said.calderon\\Downloads\\Capa actual.geojson" }, "geometry": { "type": "MultiPolygon", "coordinates": [ [ [ [ -87.925544169452564, 15.610099970588744 ], [ -87.925942872072127, 15.610036303098877 ], [ -87.926516265113378, 15.609971081948675 ], [ -87.926951468696373, 15.609868835598137 ], [ -87.927172761187563, 15.609905719795295 ], [ -87.927524295867869, 15.609979871943088 ], [ -87.928227195766411, 15.610090357211332 ], [ -87.928527904761523, 15.610127238205225 ], [ -87.929158644807828, 15.610232505568918 ], [ -87.92938059793677, 15.610252870781233 ], [ -87.929658820029843, 15.61026247729305 ], [ -87.929665999729593, 15.610279999787281 ], [ -87.930020506328731, 15.610274426053964 ], [ -87.930760678806607, 15.610322513959222 ], [ -87.93136160653107, 15.610336142673365 ], [ -87.931321922733446, 15.608939820170809 ], [ -87.93531156080978, 15.609068451644658 ], [ -87.935215206848369, 15.609904598743192 ], [ -87.93505314132284, 15.610972875064368 ], [ -87.934883189850794, 15.611528959022841 ], [ -87.934867012425684, 15.611642256733013 ], [ -87.934884362593365, 15.611787762854791 ], [ -87.934918794249199, 15.612019465875719 ], [ -87.934954521061741, 15.612536931421779 ], [ -87.934951523295979, 15.61310308841451 ], [ -87.934890332156854, 15.614332690555436 ], [ -87.933980810134202, 15.614363519411906 ], [ -87.932857211848628, 15.61442221313966 ], [ -87.932529593035412, 15.617323730989487 ], [ -87.932474866197907, 15.617446871729809 ], [ -87.932064384029815, 15.617284736599713 ], [ -87.93162768786803, 15.617078590925667 ], [ -87.931380058674819, 15.616972490439242 ], [ -87.93108025690799, 15.616835095899241 ], [ -87.930526238056629, 15.616572718365795 ], [ -87.930265517080329, 15.616447763043366 ], [ -87.930043932910138, 15.616347853637205 ], [ -87.929783269312523, 15.61623550346112 ], [ -87.92960065155151, 15.616122822608689 ], [ -87.929431126780429, 15.616028995174256 ], [ -87.929131441138537, 15.615916809327365 ], [ -87.928831727418682, 15.615798320174104 ], [ -87.928512389172553, 15.615654701568268 ], [ -87.928245166689734, 15.615529771203875 ], [ -87.928108275313591, 15.615461016755193 ], [ -87.927749745296325, 15.615279744601366 ], [ -87.927450033208117, 15.615161253461817 ], [ -87.926909285502617, 15.614955537277995 ], [ -87.926720421443179, 15.614899607263213 ], [ -87.926544338506091, 15.614793199140264 ], [ -87.926420512272912, 15.614736994468929 ], [ -87.926303303079735, 15.614705973828164 ], [ -87.926127475200303, 15.614656291303985 ], [ -87.925971158666428, 15.614606526374242 ], [ -87.925677952213277, 15.61448800528002 ], [ -87.92540428560379, 15.614375704451794 ], [ -87.925104378153065, 15.614213089754669 ], [ -87.924583287466533, 15.614038799817001 ], [ -87.923931671185741, 15.613764209589769 ], [ -87.923071768096193, 15.613452674727126 ], [ -87.921846814320446, 15.612953578432906 ], [ -87.920921542692966, 15.612566672981981 ], [ -87.918315572360456, 15.61156910060093 ], [ -87.918441566291875, 15.611382634855424 ], [ -87.918699804557747, 15.610952949882634 ], [ -87.918751384726335, 15.610851885898358 ], [ -87.918790182091143, 15.610801299500363 ], [ -87.918832104951846, 15.61072233644876 ], [ -87.920708462761667, 15.610727086367671 ], [ -87.924727332660964, 15.610243345688499 ], [ -87.925544169452564, 15.610099970588744 ] ] ] ] } },
{ "type": "Feature", "properties": { "Dialgeo": 201307, "Dial": 17, "VERSION": "Capa actual", "ID_MAPA": "actual_93", "layer": "Capa actual", "path": "C:\\Users\\said.calderon\\Downloads\\Capa actual.geojson" }, "geometry": { "type": "MultiPolygon", "coordinates": [ [ [ [ -87.938658597458868, 15.645915786811795 ], [ -87.946360355806988, 15.645590061324681 ], [ -87.943442137640517, 15.652397480275944 ], [ -87.943624754511717, 15.653388788771746 ], [ -87.944347182608524, 15.658022639294009 ], [ -87.944199979349918, 15.658686467106197 ], [ -87.945065861120497, 15.659410628400815 ], [ -87.944702499542615, 15.660264102359953 ], [ -87.944122987875829, 15.66063609623435 ], [ -87.942713522093683, 15.661627852020427 ], [ -87.942469211756247, 15.661895419844358 ], [ -87.942756110116619, 15.66563118884055 ], [ -87.938705800766229, 15.667115543396772 ], [ -87.932283475305681, 15.670365534437353 ], [ -87.929160966495985, 15.67005236231366 ], [ -87.931698004903879, 15.645665219182471 ], [ -87.938658597458868, 15.645915786811795 ] ] ] ] } },
{ "type": "Feature", "properties": { "Dialgeo": 201320, "Dial": 10, "VERSION": "Capa actual", "ID_MAPA": "actual_94", "layer": "Capa actual", "path": "C:\\Users\\said.calderon\\Downloads\\Capa actual.geojson" }, "geometry": { "type": "MultiPolygon", "coordinates": [ [ [ [ -87.92061332049542, 15.425532393251428 ], [ -87.921873353075952, 15.424436065052353 ], [ -87.923025520702893, 15.423525430479586 ], [ -87.924575501303437, 15.422073939181468 ], [ -87.925104719747608, 15.421079615956266 ], [ -87.926693046122026, 15.421378733180493 ], [ -87.927647146036108, 15.421545960156744 ], [ -87.930747970756855, 15.424367895074003 ], [ -87.931632952637003, 15.425559367192609 ], [ -87.934018202422209, 15.430074357388097 ], [ -87.93203062027888, 15.431047321671253 ], [ -87.930178074101576, 15.428531663039449 ], [ -87.929967687385243, 15.428721262455079 ], [ -87.929427116470634, 15.429348991746158 ], [ -87.929252286920487, 15.4300345005471 ], [ -87.929136994548216, 15.430358499783585 ], [ -87.92907110619096, 15.430542101655464 ], [ -87.928894284286812, 15.430780087189634 ], [ -87.928695443086809, 15.431066692221995 ], [ -87.928457738536721, 15.431364243545062 ], [ -87.927402040401248, 15.432722035107263 ], [ -87.927220490273527, 15.433226087637362 ], [ -87.927160644037812, 15.43401160594464 ], [ -87.927148180517065, 15.434305465865583 ], [ -87.927140548225054, 15.434447059713593 ], [ -87.926503469571102, 15.434419435264925 ], [ -87.925879762631538, 15.434447250588217 ], [ -87.92553334557914, 15.434482312087107 ], [ -87.92501782842001, 15.43448446136817 ], [ -87.923818251791133, 15.43458190354435 ], [ -87.923746502589537, 15.435010813459501 ], [ -87.923499592047762, 15.435016043136827 ], [ -87.922668201996828, 15.435103542686971 ], [ -87.922659339346424, 15.43407827387435 ], [ -87.92263870625591, 15.433330390706395 ], [ -87.922637592317784, 15.433078270962563 ], [ -87.922583107041234, 15.432389882713355 ], [ -87.921358802879226, 15.431789869451864 ], [ -87.9225104013898, 15.42998735670013 ], [ -87.920966018894859, 15.428969775512618 ], [ -87.919258137038526, 15.428184334415203 ], [ -87.918156734316838, 15.427701908877488 ], [ -87.918746598911795, 15.427075321077943 ], [ -87.92061332049542, 15.425532393251428 ] ] ] ] } },
{ "type": "Feature", "properties": { "Dialgeo": 201321, "Dial": 10, "VERSION": "Capa actual", "ID_MAPA": "actual_95", "layer": "Capa actual", "path": "C:\\Users\\said.calderon\\Downloads\\Capa actual.geojson" }, "geometry": { "type": "MultiPolygon", "coordinates": [ [ [ [ -87.953669395457609, 15.397538027400074 ], [ -87.959761946121489, 15.400007835734941 ], [ -87.961606276853331, 15.399823382281449 ], [ -87.964207305343677, 15.405938695125389 ], [ -87.994070508196216, 15.405101967940242 ], [ -87.994868534335396, 15.406913664809867 ], [ -87.992652863229537, 15.414404030784988 ], [ -87.986753906763965, 15.424493313513535 ], [ -87.98545286142658, 15.424869568378123 ], [ -87.984455393334585, 15.424827762315729 ], [ -87.98324108435304, 15.425036792543567 ], [ -87.981853302659843, 15.425872911350764 ], [ -87.980031839187504, 15.425538464231888 ], [ -87.978959715106072, 15.425583357289023 ], [ -87.978249710488825, 15.425995723331628 ], [ -87.977595908954385, 15.427149581717122 ], [ -87.977689018126085, 15.430141716187833 ], [ -87.977454339318513, 15.430705450267066 ], [ -87.977006799630558, 15.430860884310917 ], [ -87.976189507556782, 15.430890057330073 ], [ -87.975819397798347, 15.430687066171741 ], [ -87.974393491525916, 15.430258515409131 ], [ -87.971937928655763, 15.429553114944758 ], [ -87.969493371954727, 15.428715690110842 ], [ -87.967932117549879, 15.428799300661595 ], [ -87.965676972298411, 15.428548468908316 ], [ -87.964417847047798, 15.428460506957643 ], [ -87.963573365951532, 15.428310709445149 ], [ -87.962302758130818, 15.42724196948131 ], [ -87.961123313617591, 15.424200670369755 ], [ -87.957653859384564, 15.423531770206871 ], [ -87.955962500445978, 15.422904674347487 ], [ -87.954271141507405, 15.422946480797025 ], [ -87.953663987016625, 15.423615382845052 ], [ -87.950975159986029, 15.426750832474845 ], [ -87.949457273759108, 15.429091937324042 ], [ -87.948503173845026, 15.429593599214245 ], [ -87.944436434985178, 15.430479535295303 ], [ -87.940870374532423, 15.430011649863355 ], [ -87.940046379152079, 15.428088609906888 ], [ -87.939179015593822, 15.427377916719369 ], [ -87.938008074790176, 15.427043472024648 ], [ -87.936923870342355, 15.427754166356985 ], [ -87.934451884201323, 15.430116162394082 ], [ -87.933150838863952, 15.427775069094634 ], [ -87.931416111747453, 15.424806859281372 ], [ -87.927686448446963, 15.421420539937008 ], [ -87.922612371631203, 15.420647113576223 ], [ -87.922655739809102, 15.419142059430591 ], [ -87.923739944256937, 15.417386149145919 ], [ -87.929507911919302, 15.413916092324648 ], [ -87.93009180361318, 15.413485629560594 ], [ -87.932892438899884, 15.412069872562299 ], [ -87.934906078418109, 15.411210491355845 ], [ -87.943172435280019, 15.405308180770202 ], [ -87.953669395457609, 15.397538027400074 ] ] ] ] } },
{ "type": "Feature", "properties": { "Dialgeo": 201322, "Dial": 9, "VERSION": "Capa actual", "ID_MAPA": "actual_96", "layer": "Capa actual", "path": "C:\\Users\\said.calderon\\Downloads\\Capa actual.geojson" }, "geometry": { "type": "MultiPolygon", "coordinates": [ [ [ [ -87.907943085452246, 15.454278046426641 ], [ -87.907899717274319, 15.454570647145115 ], [ -87.907773014813827, 15.455543797919598 ], [ -87.90776148249671, 15.458002578673442 ], [ -87.907232095562023, 15.458996866853781 ], [ -87.906924613636818, 15.459882406705479 ], [ -87.90692808575308, 15.460680402412553 ], [ -87.907242139898131, 15.46130458399665 ], [ -87.907622628558215, 15.46186378940404 ], [ -87.907780737725787, 15.462423905228345 ], [ -87.908141435403195, 15.46354395401719 ], [ -87.907567936737635, 15.464624695238463 ], [ -87.906193939555877, 15.465730278975089 ], [ -87.90454952553057, 15.465939955086988 ], [ -87.904549525530541, 15.46405904648439 ], [ -87.900516284984676, 15.46389185378187 ], [ -87.899150187380414, 15.463891853781877 ], [ -87.897735485512001, 15.463953016416315 ], [ -87.89604536790749, 15.463959858349181 ], [ -87.892931806343697, 15.463929293114239 ], [ -87.892791706732169, 15.459883128830015 ], [ -87.891449897222827, 15.459917439422847 ], [ -87.891037255066252, 15.459953221537736 ], [ -87.890036628743331, 15.460007667784616 ], [ -87.888672005134126, 15.460050963242912 ], [ -87.887790921529373, 15.46000668511663 ], [ -87.887163973660265, 15.459993974122202 ], [ -87.887171713763848, 15.458758526103782 ], [ -87.887220539885249, 15.458014559107268 ], [ -87.887081282290978, 15.455834226767958 ], [ -87.887070445493848, 15.455641487969753 ], [ -87.88707860492427, 15.45526799365307 ], [ -87.887074882950415, 15.454627950559605 ], [ -87.88706130778732, 15.454173546069931 ], [ -87.888763508770381, 15.454257146359515 ], [ -87.889218874638473, 15.454257146359515 ], [ -87.889587504150725, 15.454278046426646 ], [ -87.889934449574028, 15.454278046426642 ], [ -87.890389815442106, 15.454278046426642 ], [ -87.890975285843922, 15.454257146359518 ], [ -87.891593282379176, 15.454278046426646 ], [ -87.892124542558619, 15.45429894649166 ], [ -87.892417277759506, 15.454319846554576 ], [ -87.892699170915932, 15.454319846554576 ], [ -87.893067800428199, 15.454319846554576 ], [ -87.893523166296291, 15.454319846554576 ], [ -87.893913479897506, 15.454340746615376 ], [ -87.894737475277836, 15.454340746615381 ], [ -87.895366313857579, 15.454319846554574 ], [ -87.895550628613705, 15.454298946491665 ], [ -87.895995152437308, 15.45429894649166 ], [ -87.896320413771662, 15.454319846554576 ], [ -87.896623991017051, 15.45429894649166 ], [ -87.897079356885129, 15.45429894649166 ], [ -87.897556406842156, 15.454278046426646 ], [ -87.898228613599827, 15.454298946491663 ], [ -87.898727347645803, 15.45429894649166 ], [ -87.899551343026161, 15.45429894649166 ], [ -87.900375338406505, 15.454278046426642 ], [ -87.901069229253096, 15.454319846554579 ], [ -87.907943085452246, 15.454278046426641 ] ] ] ] } },
{ "type": "Feature", "properties": { "Dialgeo": 201330, "Dial": 6, "VERSION": "Capa actual", "ID_MAPA": "actual_97", "layer": "Capa actual", "path": "C:\\Users\\said.calderon\\Downloads\\Capa actual.geojson" }, "geometry": { "type": "MultiPolygon", "coordinates": [ [ [ [ -87.973619746628358, 15.498057259804485 ], [ -87.973694481947362, 15.498053779212585 ], [ -87.973788820608107, 15.498072272737767 ], [ -87.973929419413778, 15.498073102666293 ], [ -87.974026870299042, 15.498062168413778 ], [ -87.974176419662427, 15.498072014563141 ], [ -87.974270532649399, 15.498085115928147 ], [ -87.974432391828017, 15.498136017562882 ], [ -87.974621000388368, 15.498158297253321 ], [ -87.974785446754339, 15.498204338025042 ], [ -87.974996425343917, 15.498282701934112 ], [ -87.975213407745443, 15.498348976923925 ], [ -87.975334977872976, 15.498398864617768 ], [ -87.975460940545972, 15.498461338843073 ], [ -87.975625785083253, 15.49849842946977 ], [ -87.975756120684721, 15.49856928820898 ], [ -87.975921182324271, 15.498652599571388 ], [ -87.976064478705354, 15.498714996924013 ], [ -87.976212167711154, 15.498789980762016 ], [ -87.976390111337892, 15.498848022922161 ], [ -87.97664184047656, 15.498930950972747 ], [ -87.976872179460727, 15.499072801117757 ], [ -87.977032809810837, 15.499135121222235 ], [ -87.977206499578045, 15.499209989458416 ], [ -87.977401836500903, 15.499280559864646 ], [ -87.97751044707644, 15.499338907572948 ], [ -87.977653724595953, 15.499397101933276 ], [ -87.977870787932275, 15.49948018180431 ], [ -87.978022732364337, 15.499538337580882 ], [ -87.978211288158974, 15.499627922517433 ], [ -87.97847868480784, 15.49973801566578 ], [ -87.978653912407893, 15.499798609371004 ], [ -87.978838881369484, 15.499868127647952 ], [ -87.979182036031759, 15.500020636958206 ], [ -87.979344467906216, 15.500105674262425 ], [ -87.979532839907804, 15.500197556844515 ], [ -87.979703308015644, 15.500287254891711 ], [ -87.979820586466289, 15.500345562985677 ], [ -87.979899677984051, 15.500378168263399 ], [ -87.979929728773399, 15.500457963590922 ], [ -87.979955436417058, 15.500545142825322 ], [ -87.980070471821563, 15.500978831671869 ], [ -87.980085958830585, 15.501062190354221 ], [ -87.98002683174964, 15.501122538445456 ], [ -87.980012077601998, 15.501140188125079 ], [ -87.980035406183973, 15.501192837528828 ], [ -87.980095221737216, 15.501291683708677 ], [ -87.980148473247425, 15.501396953252549 ], [ -87.980182433588823, 15.501464331471139 ], [ -87.98030482543416, 15.501690396889613 ], [ -87.980378101239381, 15.501846731807642 ], [ -87.980557760332118, 15.502188028952265 ], [ -87.980539425458431, 15.502495035712904 ], [ -87.980507690802213, 15.50275734194676 ], [ -87.980508505282614, 15.502929983883478 ], [ -87.980404052160239, 15.503154246972482 ], [ -87.980160424581513, 15.503232058761609 ], [ -87.979705959568491, 15.503349170547454 ], [ -87.979468925776587, 15.503426952373765 ], [ -87.979304338950897, 15.503485230152247 ], [ -87.979133097452163, 15.503530748727814 ], [ -87.979014610473996, 15.503576033524155 ], [ -87.97885669802676, 15.503631585795807 ], [ -87.9786576364627, 15.503691295069572 ], [ -87.978514889843964, 15.503746552887346 ], [ -87.978343102956188, 15.503815595158128 ], [ -87.978139950410224, 15.50388329876743 ], [ -87.97796838672916, 15.503951365352977 ], [ -87.977704731765385, 15.504117595227775 ], [ -87.97742262533076, 15.504226214305611 ], [ -87.977257611616238, 15.504281430933421 ], [ -87.976916585433685, 15.504337476480089 ], [ -87.976748822391755, 15.504347257590105 ], [ -87.976618536353811, 15.50439483213421 ], [ -87.976324957859802, 15.504524333810346 ], [ -87.976239258246252, 15.504575994225066 ], [ -87.97616351997398, 15.504637225966952 ], [ -87.97606455348037, 15.504679329558382 ], [ -87.975813643525115, 15.504744539804928 ], [ -87.975526969706664, 15.504885288665777 ], [ -87.975136656105462, 15.505042000763577 ], [ -87.974144609035719, 15.505371095781905 ], [ -87.973640453967477, 15.505230055123967 ], [ -87.972794774498198, 15.505120356767883 ], [ -87.972306882496667, 15.505010658353527 ], [ -87.972062936495917, 15.504979315938723 ], [ -87.971688885961427, 15.504916631094849 ], [ -87.971428676893936, 15.504869617449451 ], [ -87.970973311025858, 15.504869617449451 ], [ -87.970631786624807, 15.504838275013245 ], [ -87.970111368489853, 15.50477559012656 ], [ -87.969721054888637, 15.504728576449063 ], [ -87.968777797019044, 15.504650220296119 ], [ -87.968403746484569, 15.504618877826612 ], [ -87.968094748216927, 15.504383809153753 ], [ -87.967590593148699, 15.503600244978669 ], [ -87.967232805680922, 15.502910706045729 ], [ -87.966972596613431, 15.50240922173964 ], [ -87.966907544346554, 15.502095793430094 ], [ -87.966696124479256, 15.50175102174032 ], [ -87.966484704611929, 15.501280877599681 ], [ -87.966435915411779, 15.501124162648361 ], [ -87.966354600078191, 15.500920433033919 ], [ -87.966354600078191, 15.500701031685985 ], [ -87.966322073944767, 15.500559987839276 ], [ -87.966452178478477, 15.500403272341101 ], [ -87.96687501821313, 15.500074169407995 ], [ -87.967184016480772, 15.499839095563388 ], [ -87.967314121014496, 15.499705886932713 ], [ -87.967395436348085, 15.499619693067094 ], [ -87.967582461615336, 15.499423797784248 ], [ -87.967647513882213, 15.499329767982506 ], [ -87.967818276082738, 15.499126036598597 ], [ -87.967948380616491, 15.499016335000967 ], [ -87.968070353616852, 15.498953648347605 ], [ -87.968184195083879, 15.498836110821284 ], [ -87.968298036550891, 15.498749916592812 ], [ -87.96844440415137, 15.498624543105405 ], [ -87.968631429418608, 15.498483497841146 ], [ -87.968818454685845, 15.498334616624399 ], [ -87.969103058353397, 15.498130884259247 ], [ -87.969355135887525, 15.497966331048438 ], [ -87.969639739555063, 15.497825285334866 ], [ -87.970160157690017, 15.497848792960486 ], [ -87.971054626359447, 15.497864464709409 ], [ -87.97159943909449, 15.497856628835095 ], [ -87.97208733109602, 15.497934987564857 ], [ -87.972410261060176, 15.497939841846994 ], [ -87.972851695231711, 15.497997674527266 ], [ -87.973242008832926, 15.498013346264898 ], [ -87.973619746628358, 15.498057259804485 ] ] ] ] } },
{ "type": "Feature", "properties": { "Dialgeo": 201332, "Dial": 5, "VERSION": "Capa actual", "ID_MAPA": "actual_98", "layer": "Capa actual", "path": "C:\\Users\\said.calderon\\Downloads\\Capa actual.geojson" }, "geometry": { "type": "MultiPolygon", "coordinates": [ [ [ [ -88.021990277247014, 15.47107210448654 ], [ -88.023590534353914, 15.471367254142676 ], [ -88.024070694868882, 15.471460493081578 ], [ -88.024402805722744, 15.471522360947429 ], [ -88.024887926345897, 15.471625620968339 ], [ -88.025370818551281, 15.471723704165196 ], [ -88.026211583701155, 15.471967975963457 ], [ -88.02593150816061, 15.472666243693872 ], [ -88.025604805603734, 15.473268813804554 ], [ -88.024856271856038, 15.475241699608064 ], [ -88.024810999675552, 15.475420947334422 ], [ -88.024650307600069, 15.475409682190154 ], [ -88.023940675094764, 15.475263928799869 ], [ -88.020031088055759, 15.474628137248851 ], [ -88.018232267847097, 15.474177389340376 ], [ -88.018523203987598, 15.473674737630743 ], [ -88.019640048363229, 15.470648167363978 ], [ -88.020561759533635, 15.470766394075806 ], [ -88.020819145091366, 15.470816361643806 ], [ -88.021301013203299, 15.470929236060053 ], [ -88.021990277247014, 15.47107210448654 ] ] ] ] } },
{ "type": "Feature", "properties": { "Dialgeo": 201333, "Dial": 5, "VERSION": "Capa actual", "ID_MAPA": "actual_99", "layer": "Capa actual", "path": "C:\\Users\\said.calderon\\Downloads\\Capa actual.geojson" }, "geometry": { "type": "MultiPolygon", "coordinates": [ [ [ [ -88.018638555292569, 15.474391662398585 ], [ -88.018939558236042, 15.474445665450528 ], [ -88.01955685225316, 15.47458154049453 ], [ -88.019852836155067, 15.47467222708285 ], [ -88.020541946139161, 15.474787282194963 ], [ -88.021450551351194, 15.474929289585898 ], [ -88.022935741483892, 15.475239427893111 ], [ -88.023198622133251, 15.475267058933799 ], [ -88.023441838886669, 15.475328433958154 ], [ -88.023660150890393, 15.475365885714943 ], [ -88.023941549825452, 15.475441806994466 ], [ -88.024161409698863, 15.475478950609274 ], [ -88.024479081678848, 15.475559210538433 ], [ -88.024662621665698, 15.475582399299153 ], [ -88.024885235156489, 15.475635347001285 ], [ -88.025243246270918, 15.475704709599572 ], [ -88.025204415999269, 15.475873156332076 ], [ -88.02516530162481, 15.475983912859412 ], [ -88.025068166417256, 15.476393010861681 ], [ -88.025034482624449, 15.476599894749278 ], [ -88.024995628393327, 15.476763533935625 ], [ -88.024976224925467, 15.476850161043304 ], [ -88.024927361192354, 15.47699461605808 ], [ -88.024903852295523, 15.477254336707219 ], [ -88.024830532815258, 15.477466211691162 ], [ -88.02481378541431, 15.47758888368605 ], [ -88.024733526587269, 15.477901750915322 ], [ -88.024685171235902, 15.478149567492167 ], [ -88.024573008294809, 15.478527485304456 ], [ -88.024461389147817, 15.479015975949707 ], [ -88.0244029114223, 15.479221772595535 ], [ -88.024378763029304, 15.479351690251185 ], [ -88.024349302313908, 15.479409518100843 ], [ -88.024310825662226, 15.479650077452568 ], [ -88.024227731918344, 15.479890843261005 ], [ -88.024194259834047, 15.480140994688488 ], [ -88.024106255640973, 15.48039139843333 ], [ -88.024072404922535, 15.480564629584302 ], [ -88.024062821132631, 15.480631980687178 ], [ -88.02401924462923, 15.48084371783585 ], [ -88.023956500377992, 15.481190157174961 ], [ -88.023918023071431, 15.481430716467901 ], [ -88.023869843562963, 15.481714589268618 ], [ -88.023835945202393, 15.481878205355871 ], [ -88.023782500583437, 15.482099603364787 ], [ -88.023715885976088, 15.482667211312675 ], [ -88.023462051850217, 15.482590862385177 ], [ -88.023334206794772, 15.482552992575783 ], [ -88.023015963691137, 15.482484753331098 ], [ -88.022854053607745, 15.482450646420659 ], [ -88.022614021458708, 15.482408487037006 ], [ -88.022313705437384, 15.48233114961765 ], [ -88.021930912053122, 15.482242173571416 ], [ -88.021599668109502, 15.482176396081149 ], [ -88.021471959255862, 15.482166168395739 ], [ -88.021197519175175, 15.482086733429032 ], [ -88.021920934293178, 15.479326392993666 ], [ -88.022004077783507, 15.47909524293134 ], [ -88.022099343216865, 15.478808749137336 ], [ -88.022075807253131, 15.478811261626605 ], [ -88.022021210676897, 15.47879829273055 ], [ -88.021819931943313, 15.478759859494717 ], [ -88.020708346233306, 15.478536024548003 ], [ -88.02056133241382, 15.478506053743804 ], [ -88.01977783190064, 15.47833658985866 ], [ -88.01904209172595, 15.478175917580097 ], [ -88.018373929602433, 15.478021542410787 ], [ -88.018110898779383, 15.477963858778335 ], [ -88.017459474981976, 15.477810605694311 ], [ -88.017443853858751, 15.477784235496632 ], [ -88.017418503027443, 15.477161763195765 ], [ -88.017360014510245, 15.476279957554349 ], [ -88.01731679674235, 15.476003075339994 ], [ -88.018191529272116, 15.474999304821791 ], [ -88.018273963141269, 15.474873209657643 ], [ -88.018417618517731, 15.474689227731197 ], [ -88.018638555292569, 15.474391662398585 ] ] ] ] } },
{ "type": "Feature", "properties": { "Dialgeo": 201334, "Dial": 5, "VERSION": "Capa actual", "ID_MAPA": "actual_100", "layer": "Capa actual", "path": "C:\\Users\\said.calderon\\Downloads\\Capa actual.geojson" }, "geometry": { "type": "MultiPolygon", "coordinates": [ [ [ [ -87.984477197608598, 15.477496410376087 ], [ -87.984629502790824, 15.477483459032753 ], [ -87.984938592719473, 15.477483459032751 ], [ -87.985198407442113, 15.477487776147287 ], [ -87.985494058678228, 15.477496410376091 ], [ -87.985655322988819, 15.477492093261736 ], [ -87.98567324124555, 15.477483459032753 ], [ -87.985830025991973, 15.477483459032747 ], [ -87.985906178583093, 15.477496410376091 ], [ -87.985968892481651, 15.477496410376094 ], [ -87.986054004201151, 15.477496410376094 ], [ -87.986174952434084, 15.477492093261731 ], [ -87.986327257616324, 15.477505044604532 ], [ -87.986461644541819, 15.47751367883261 ], [ -87.986578113210598, 15.477500727490357 ], [ -87.986701301225665, 15.477507203161585 ], [ -87.987023829846848, 15.477498568933232 ], [ -87.98723884892766, 15.477498568933228 ], [ -87.987444908880093, 15.477489934704529 ], [ -87.987686805345987, 15.477489934704533 ], [ -87.987930547859918, 15.47750881323363 ], [ -87.987976399404175, 15.477772913781138 ], [ -87.987975900045953, 15.478081063192013 ], [ -87.988093956499526, 15.484790890414555 ], [ -87.988226471960388, 15.485563991416676 ], [ -87.988315051349517, 15.486476649280293 ], [ -87.98813348334842, 15.486393230101537 ], [ -87.985794189195673, 15.484968140513224 ], [ -87.9857802658005, 15.484905730413525 ], [ -87.984957630867257, 15.484392885540025 ], [ -87.984765224341118, 15.484298743807086 ], [ -87.984310615600251, 15.48404967641434 ], [ -87.981982230259717, 15.482858540793437 ], [ -87.981667338307872, 15.482711382015241 ], [ -87.981611221339804, 15.482644685133275 ], [ -87.981146641638205, 15.482009904156186 ], [ -87.98147588960569, 15.481582518721991 ], [ -87.981478129387781, 15.481528555851856 ], [ -87.981415415489209, 15.481329972368558 ], [ -87.981395257450401, 15.481271692397051 ], [ -87.981372859629488, 15.481222046482452 ], [ -87.981321344641358, 15.481150815366782 ], [ -87.981291590229745, 15.481091166442448 ], [ -87.981261746770528, 15.481070465476437 ], [ -87.981202636190503, 15.481014828623294 ], [ -87.980779317375166, 15.481077425706793 ], [ -87.980535181127195, 15.481107644981712 ], [ -87.97989684323106, 15.481174559074731 ], [ -87.979625829597978, 15.481204778335449 ], [ -87.979498162018743, 15.481222046482456 ], [ -87.979513091067133, 15.481089476605833 ], [ -87.979045935299894, 15.478489738275167 ], [ -87.978713367744206, 15.47726024140751 ], [ -87.978876521383924, 15.477253310118817 ], [ -87.980789056663141, 15.477374652537279 ], [ -87.981713135317179, 15.477442671771135 ], [ -87.982291690056186, 15.477479368073876 ], [ -87.98306507343608, 15.477545588217938 ], [ -87.98319604225216, 15.477539581514693 ], [ -87.983402102204579, 15.477530947287693 ], [ -87.98358128477193, 15.477513678832613 ], [ -87.983715671697425, 15.477487776147283 ], [ -87.98410091421718, 15.477479141918128 ], [ -87.984477197608598, 15.477496410376087 ] ] ] ] } },
{ "type": "Feature", "properties": { "Dialgeo": 201335, "Dial": 9, "VERSION": "Capa actual", "ID_MAPA": "actual_101", "layer": "Capa actual", "path": "C:\\Users\\said.calderon\\Downloads\\Capa actual.geojson" }, "geometry": { "type": "MultiPolygon", "coordinates": [ [ [ [ -87.938721327976808, 15.463554806539483 ], [ -87.940023301462702, 15.463560098957826 ], [ -87.940647001523558, 15.46341808907648 ], [ -87.940725800775581, 15.463464714075858 ], [ -87.940884329089741, 15.463578069353046 ], [ -87.941475330079484, 15.463875909453616 ], [ -87.942605052590906, 15.464496621929483 ], [ -87.94379715203327, 15.465015055315476 ], [ -87.943904027480784, 15.465100070768763 ], [ -87.944621942321902, 15.4655101195147 ], [ -87.945739179681681, 15.466117893079943 ], [ -87.946471878518025, 15.466547459345467 ], [ -87.945910372316334, 15.46761144102231 ], [ -87.945084446656551, 15.468644523885436 ], [ -87.944365159377782, 15.469563075729544 ], [ -87.943522718091984, 15.469004410271197 ], [ -87.942302201257931, 15.468327510122746 ], [ -87.940796618332428, 15.467765451424087 ], [ -87.940670503152077, 15.46776296818374 ], [ -87.940433732884671, 15.467623205165898 ], [ -87.939413680468448, 15.467215733413287 ], [ -87.938131631057175, 15.466845562037895 ], [ -87.937863862349161, 15.466803445373145 ], [ -87.934576205142875, 15.469036318404493 ], [ -87.934092283018828, 15.469413197996566 ], [ -87.933190619449945, 15.469455443859939 ], [ -87.932476949663851, 15.469429615984406 ], [ -87.929415398411564, 15.469605875724309 ], [ -87.924818294042126, 15.469913457043877 ], [ -87.923688771710516, 15.469975838291067 ], [ -87.924694079721633, 15.468722179792726 ], [ -87.927402369411141, 15.465304451892294 ], [ -87.928915734256663, 15.463674242733243 ], [ -87.930076856414644, 15.462375440904326 ], [ -87.931122760358406, 15.461352255780788 ], [ -87.931246704802817, 15.461201077661473 ], [ -87.932200804474533, 15.461702662056911 ], [ -87.933930110811147, 15.462533408070733 ], [ -87.934710738013578, 15.462862570734 ], [ -87.935399207837946, 15.463191732874185 ], [ -87.935794942461371, 15.463369375716622 ], [ -87.936125624817961, 15.463505220140387 ], [ -87.936340684054755, 15.463616540785644 ], [ -87.936566482106628, 15.463692476273524 ], [ -87.937392721905297, 15.463962902124763 ], [ -87.938013146813987, 15.464193348546127 ], [ -87.938285282965751, 15.463555452203879 ], [ -87.938721327976808, 15.463554806539483 ] ] ] ] } },
{ "type": "Feature", "properties": { "Dialgeo": 201336, "Dial": 9, "VERSION": "Capa actual", "ID_MAPA": "actual_102", "layer": "Capa actual", "path": "C:\\Users\\said.calderon\\Downloads\\Capa actual.geojson" }, "geometry": { "type": "MultiPolygon", "coordinates": [ [ [ [ -87.945186198911856, 15.451745168259333 ], [ -87.945521942397022, 15.451484233646362 ], [ -87.945886236317008, 15.450963673754149 ], [ -87.946371356849795, 15.450719779633516 ], [ -87.946687673831221, 15.45069113906446 ], [ -87.946935143162648, 15.450677978779551 ], [ -87.94713368211228, 15.450708456731824 ], [ -87.947550137000988, 15.450764344674468 ], [ -87.947986498151167, 15.450839369147838 ], [ -87.948423209197884, 15.450991280980864 ], [ -87.950328703084395, 15.451498318998146 ], [ -87.94946676054839, 15.455051347428654 ], [ -87.950472360173734, 15.455688796084877 ], [ -87.94991399488309, 15.456310567884998 ], [ -87.949653785815599, 15.456587490859347 ], [ -87.949336656014623, 15.456932337819444 ], [ -87.949217393525359, 15.457083861302246 ], [ -87.949127946658422, 15.457185747719752 ], [ -87.948987000080223, 15.457329433608013 ], [ -87.948886711168782, 15.457467894460617 ], [ -87.948799612749909, 15.457591567154443 ], [ -87.948777775995538, 15.457634396007363 ], [ -87.948719625640592, 15.457766412331079 ], [ -87.948707817434908, 15.457825802273529 ], [ -87.948669870279218, 15.457990387410637 ], [ -87.948545186767717, 15.458259470765883 ], [ -87.948450318878542, 15.458510266588172 ], [ -87.948390687633903, 15.458651339104788 ], [ -87.948331056389293, 15.458813311135039 ], [ -87.948279556678003, 15.458959608343852 ], [ -87.948209003154446, 15.459160037111495 ], [ -87.948161870590766, 15.459275794786981 ], [ -87.948103373455254, 15.459416786455533 ], [ -87.948056210872281, 15.459601992123938 ], [ -87.948011216077177, 15.459740729192545 ], [ -87.947943453299175, 15.45992621230584 ], [ -87.948085370063168, 15.459975448115987 ], [ -87.948534344723228, 15.460129982295214 ], [ -87.948431345300719, 15.460399062871524 ], [ -87.948352740478256, 15.460566258393371 ], [ -87.94828768821138, 15.460699492228223 ], [ -87.948227686685797, 15.460838804812717 ], [ -87.948171136233256, 15.460986859031276 ], [ -87.948035610677266, 15.461289899955373 ], [ -87.947981400454879, 15.461407458815199 ], [ -87.947916294986925, 15.461553769373291 ], [ -87.947875690521172, 15.461650413580756 ], [ -87.947645297076022, 15.461569428690561 ], [ -87.947528745097884, 15.461517180357506 ], [ -87.947259110886804, 15.461412411644234 ], [ -87.947182167487114, 15.461381504125288 ], [ -87.946904200089492, 15.46127456602049 ], [ -87.946544476661785, 15.461167976800464 ], [ -87.946316157268356, 15.461082451069455 ], [ -87.946082904939544, 15.461001751760994 ], [ -87.945934039123401, 15.460954331229198 ], [ -87.945586562254434, 15.460816451668402 ], [ -87.945244084322027, 15.460688161429184 ], [ -87.945000944746766, 15.460612308717815 ], [ -87.94481228761309, 15.460531417831831 ], [ -87.944613699014042, 15.460445763503953 ], [ -87.944340634500051, 15.460326787117374 ], [ -87.943755084695269, 15.460137057271151 ], [ -87.943343174959224, 15.459994642821764 ], [ -87.943005676223621, 15.459871133386008 ], [ -87.942777250842809, 15.459761576243119 ], [ -87.942583618621413, 15.459675898922267 ], [ -87.942186618612354, 15.459543030034888 ], [ -87.941806874346824, 15.459390864624252 ], [ -87.940917887933935, 15.458938107582746 ], [ -87.940162795156184, 15.458508806868545 ], [ -87.939556951859373, 15.458155840028409 ], [ -87.938732124674388, 15.457706414107388 ], [ -87.937795531741031, 15.45712805176799 ], [ -87.937215807901637, 15.456785420990771 ], [ -87.935075989628999, 15.455672938638402 ], [ -87.936267295394089, 15.454451184088642 ], [ -87.937357031046233, 15.454246611573035 ], [ -87.938576385187318, 15.454093540571129 ], [ -87.939566813769261, 15.453968661094558 ], [ -87.941125665932844, 15.453777158552507 ], [ -87.943563267329949, 15.452893412423965 ], [ -87.943763897252822, 15.452779628489687 ], [ -87.944139238524585, 15.452508916021026 ], [ -87.944297049905813, 15.452344853071796 ], [ -87.944652832029675, 15.452131890453666 ], [ -87.944909475666762, 15.45190973862316 ], [ -87.945186198911856, 15.451745168259333 ] ] ] ] } },
{ "type": "Feature", "properties": { "Dialgeo": 201338, "Dial": 6, "VERSION": "Capa actual", "ID_MAPA": "actual_103", "layer": "Capa actual", "path": "C:\\Users\\said.calderon\\Downloads\\Capa actual.geojson" }, "geometry": { "type": "MultiPolygon", "coordinates": [ [ [ [ -87.922162702798872, 15.505662106266364 ], [ -87.924958542224587, 15.505599268325104 ], [ -87.926453956157246, 15.509685397594382 ], [ -87.927366696854889, 15.51323683293135 ], [ -87.927608905201268, 15.514310068255087 ], [ -87.927671832374116, 15.516586195189356 ], [ -87.924668762149238, 15.517844858797584 ], [ -87.91932406444576, 15.519895014617825 ], [ -87.916622142057079, 15.524990479386464 ], [ -87.90123661717692, 15.546365604691095 ], [ -87.887700070626337, 15.536836194731469 ], [ -87.877065064027533, 15.526051669011666 ], [ -87.880585881385599, 15.517137024419371 ], [ -87.884186435084118, 15.507761201636074 ], [ -87.886000776873388, 15.502256315143249 ], [ -87.88758842608614, 15.499014767606599 ], [ -87.889201433539668, 15.496128806366418 ], [ -87.890403387131997, 15.493463888898271 ], [ -87.900477751969859, 15.498962649298338 ], [ -87.91178468503567, 15.503096253405751 ], [ -87.917833996185749, 15.505066264609463 ], [ -87.922162702798872, 15.505662106266364 ] ] ] ] } },
{ "type": "Feature", "properties": { "Dialgeo": 201340, "Dial": 10, "VERSION": "Capa actual", "ID_MAPA": "actual_104", "layer": "Capa actual", "path": "C:\\Users\\said.calderon\\Downloads\\Capa actual.geojson" }, "geometry": { "type": "MultiPolygon", "coordinates": [ [ [ [ -87.879013978124775, 15.435285472392977 ], [ -87.880975086901842, 15.435493936768552 ], [ -87.885940524071216, 15.436000508974914 ], [ -87.885161281751266, 15.442120219077767 ], [ -87.884943310337547, 15.443156351792959 ], [ -87.884639683355601, 15.444969273173173 ], [ -87.883393894670348, 15.444844830574878 ], [ -87.882815382350785, 15.444760861990366 ], [ -87.882058796687417, 15.444634464119662 ], [ -87.880975766586886, 15.444486550276922 ], [ -87.88001177210667, 15.444340643184724 ], [ -87.878275880031538, 15.444002435308363 ], [ -87.876228865090241, 15.443708578838114 ], [ -87.876358228247625, 15.44272551682907 ], [ -87.87634137611802, 15.441525976608824 ], [ -87.876482386081292, 15.440537077676622 ], [ -87.876522148448544, 15.439415383130713 ], [ -87.876496561764029, 15.438617467105319 ], [ -87.876558922188167, 15.437581955250081 ], [ -87.876554303849673, 15.436482003791532 ], [ -87.87665182147154, 15.43528284612681 ], [ -87.877260858263242, 15.435292969967213 ], [ -87.877572154587568, 15.435291739201473 ], [ -87.878128508856619, 15.43527700795843 ], [ -87.879013978124775, 15.435285472392977 ] ] ] ] } },
{ "type": "Feature", "properties": { "Dialgeo": 201344, "Dial": 12, "VERSION": "Capa actual", "ID_MAPA": "actual_105", "layer": "Capa actual", "path": "C:\\Users\\said.calderon\\Downloads\\Capa actual.geojson" }, "geometry": { "type": "MultiPolygon", "coordinates": [ [ [ [ -87.972892164016145, 15.312436292859308 ], [ -87.974899403219638, 15.312062222077587 ], [ -87.97527153709585, 15.312026728050563 ], [ -87.975795541034728, 15.312053855605617 ], [ -87.976722381996851, 15.312121242668372 ], [ -87.978233781839037, 15.312202876615226 ], [ -87.97817712000959, 15.312587612950896 ], [ -87.97816600038378, 15.31392181515141 ], [ -87.978070135155306, 15.315653482554612 ], [ -87.977933472342642, 15.317923191591653 ], [ -87.97185055733371, 15.322005189180951 ], [ -87.970598026014812, 15.323116359707424 ], [ -87.969834870985622, 15.326632599094896 ], [ -87.969263906669283, 15.335111326538797 ], [ -87.966194778643811, 15.334650141178834 ], [ -87.964103130068835, 15.334098422471643 ], [ -87.96495514229332, 15.325890729581426 ], [ -87.965369931647501, 15.323309129408882 ], [ -87.964004987503145, 15.320556433635236 ], [ -87.963934701757466, 15.320382039679554 ], [ -87.963810402430155, 15.319929652188517 ], [ -87.963619114851923, 15.319407458151222 ], [ -87.96349402700065, 15.318782531368919 ], [ -87.962891008361183, 15.318127312753392 ], [ -87.961977027357406, 15.317505782884984 ], [ -87.962752938067823, 15.31709265291402 ], [ -87.962968940283091, 15.316946139499173 ], [ -87.963143914170914, 15.316855178858949 ], [ -87.964824491963427, 15.316046634370794 ], [ -87.965256019245174, 15.315777480062 ], [ -87.965999893906215, 15.315361412438687 ], [ -87.966220200277533, 15.315251206239346 ], [ -87.966652133888161, 15.315026628692337 ], [ -87.96740812643057, 15.314657777513016 ], [ -87.968289228366586, 15.314191734337815 ], [ -87.968846887915731, 15.314004426656469 ], [ -87.969443976539452, 15.313917796237728 ], [ -87.969980915810126, 15.31393227490422 ], [ -87.970500924361247, 15.314030867121613 ], [ -87.970595689761424, 15.313925403951032 ], [ -87.970912819437473, 15.313218079444178 ], [ -87.971358746515961, 15.312274879184518 ], [ -87.972892164016145, 15.312436292859308 ] ] ] ] } },
{ "type": "Feature", "properties": { "Dialgeo": 201346, "Dial": 11, "VERSION": "Capa actual", "ID_MAPA": "actual_106", "layer": "Capa actual", "path": "C:\\Users\\said.calderon\\Downloads\\Capa actual.geojson" }, "geometry": { "type": "MultiPolygon", "coordinates": [ [ [ [ -87.967218635322993, 15.30236433849125 ], [ -87.969677930771908, 15.296820561446463 ], [ -87.970046260844271, 15.296691076513936 ], [ -87.977972264547077, 15.299683844699389 ], [ -87.979637249417152, 15.300712924657004 ], [ -87.979326512172051, 15.30402018670439 ], [ -87.979267464536889, 15.304597880677582 ], [ -87.979201884641, 15.305555386550013 ], [ -87.979129385957222, 15.30554930961644 ], [ -87.978261661367398, 15.303991180739995 ], [ -87.974789581014818, 15.303339554415265 ], [ -87.974507500953393, 15.306009794912111 ], [ -87.976926238509719, 15.306391815559749 ], [ -87.976795722765431, 15.30707819846084 ], [ -87.976655409527922, 15.307304199970643 ], [ -87.976592451099634, 15.308750151806898 ], [ -87.976572114677367, 15.309232473754351 ], [ -87.975704399404449, 15.309119630175479 ], [ -87.975676775878384, 15.309112140285478 ], [ -87.97513013806649, 15.309073294885259 ], [ -87.974465263176782, 15.308959434008493 ], [ -87.973319768118657, 15.308814849091807 ], [ -87.970785204453449, 15.308545934987846 ], [ -87.968978598880966, 15.308284839657507 ], [ -87.968094625292125, 15.308120586160108 ], [ -87.966878563420494, 15.307999786166414 ], [ -87.967218635322993, 15.30236433849125 ] ] ] ] } },
{ "type": "Feature", "properties": { "Dialgeo": 201093, "Dial": 14, "VERSION": "Capa actual", "ID_MAPA": "actual_107", "layer": "Capa actual", "path": "C:\\Users\\said.calderon\\Downloads\\Capa actual.geojson" }, "geometry": { "type": "MultiPolygon", "coordinates": [ [ [ [ -88.187522871359377, 15.40591782538038 ], [ -88.188633512189043, 15.406623039240989 ], [ -88.186003443220002, 15.410267421133506 ], [ -88.184718076328664, 15.412744920938927 ], [ -88.183428114285789, 15.414415698292762 ], [ -88.182999782901504, 15.414883326092841 ], [ -88.182588540320182, 15.415692256561202 ], [ -88.182113728416908, 15.416797376603263 ], [ -88.181901731766317, 15.418070659618117 ], [ -88.181347422010589, 15.420885580273499 ], [ -88.181131376715584, 15.42189027679929 ], [ -88.181772786609031, 15.425012985051639 ], [ -88.180854670052909, 15.425941953923303 ], [ -88.180000014760807, 15.426475921492058 ], [ -88.177599634086903, 15.42943831451668 ], [ -88.17488049724119, 15.431192259924595 ], [ -88.173794019617034, 15.432105593100827 ], [ -88.172247816886028, 15.432021631847723 ], [ -88.170385572599656, 15.433644945437937 ], [ -88.169672531850381, 15.436270619312106 ], [ -88.170013811989222, 15.441512647168198 ], [ -88.169753130465551, 15.444854439673071 ], [ -88.170622213755578, 15.451505474331348 ], [ -88.170672040008128, 15.46037936528964 ], [ -88.172013912598615, 15.477112128008605 ], [ -88.172228174443276, 15.494091929925858 ], [ -88.159008426308674, 15.497793377456437 ], [ -88.152900763272029, 15.499871380037188 ], [ -88.147693908044104, 15.499084240100741 ], [ -88.13156268185611, 15.495071022849096 ], [ -88.119101027914084, 15.492781430231426 ], [ -88.108344623835308, 15.483781601150001 ], [ -88.10423012882562, 15.480082578633951 ], [ -88.102940618821918, 15.472223135132211 ], [ -88.102467101797828, 15.469590525975347 ], [ -88.102082740160213, 15.466727888400627 ], [ -88.101748807248185, 15.463153050990625 ], [ -88.101213167748313, 15.461872704857639 ], [ -88.099538659454538, 15.458121792584166 ], [ -88.111503838768556, 15.446207303760854 ], [ -88.133729343606191, 15.433861374342168 ], [ -88.134928793385683, 15.432770237778152 ], [ -88.135652963434069, 15.432111047922163 ], [ -88.137431498530418, 15.430576676822358 ], [ -88.137773191000065, 15.430083311696656 ], [ -88.139526218146997, 15.427452379363425 ], [ -88.144738196130675, 15.418510137747868 ], [ -88.14321567542197, 15.413988255620472 ], [ -88.142899731101778, 15.412232831647616 ], [ -88.137379847669806, 15.410129473020943 ], [ -88.133521661097831, 15.408146256176931 ], [ -88.13325274313442, 15.408090681898084 ], [ -88.133663216463091, 15.407114392503646 ], [ -88.135731947703746, 15.403596985550504 ], [ -88.13559599485788, 15.402707781755662 ], [ -88.125198998629145, 15.374304756408515 ], [ -88.128767746653281, 15.373337093557769 ], [ -88.133745803028859, 15.372549928836102 ], [ -88.140408471640285, 15.371364982351675 ], [ -88.145517405614768, 15.370469175011856 ], [ -88.153628387134319, 15.369046203350715 ], [ -88.156419598908712, 15.368520208561014 ], [ -88.157750121774484, 15.372935821139791 ], [ -88.162964011540708, 15.378946716617499 ], [ -88.165909687796116, 15.382898113822634 ], [ -88.170247248946055, 15.38608046499647 ], [ -88.172282939450525, 15.392542909948034 ], [ -88.176018924258813, 15.39810657575385 ], [ -88.187522871359377, 15.40591782538038 ] ] ] ] } },
{ "type": "Feature", "properties": { "Dialgeo": 201073, "Dial": 15, "VERSION": "Capa actual", "ID_MAPA": "actual_108", "layer": "Capa actual", "path": "C:\\Users\\said.calderon\\Downloads\\Capa actual.geojson" }, "geometry": { "type": "MultiPolygon", "coordinates": [ [ [ [ -88.000878096995734, 15.384261586674501 ], [ -88.004166483724887, 15.385564002592655 ], [ -88.003435479264212, 15.389119016557117 ], [ -88.002025158362841, 15.391713466084127 ], [ -87.999180434300598, 15.39420651823111 ], [ -87.999461097606755, 15.397116864048195 ], [ -87.998005393743412, 15.399538956269481 ], [ -87.993729656192968, 15.404557670964813 ], [ -87.979452004316627, 15.404882398411534 ], [ -87.970159035729196, 15.405315197393179 ], [ -87.964304990151803, 15.405705858448069 ], [ -87.96171073676193, 15.399655146571259 ], [ -87.959652544212616, 15.399864787237332 ], [ -87.953890320756003, 15.39752384181322 ], [ -87.953693518934088, 15.39548250677533 ], [ -87.956237891773185, 15.388053471098132 ], [ -87.959733707211583, 15.379667933635016 ], [ -87.965480459430751, 15.378835089094286 ], [ -87.970850067772389, 15.377957031876894 ], [ -87.972478954653837, 15.377778982103051 ], [ -87.973756666783729, 15.377858868951442 ], [ -87.979569450187967, 15.377576960813919 ], [ -87.983978343377501, 15.377163382478306 ], [ -87.986688854497018, 15.375323485844536 ], [ -87.990938935932462, 15.375135313682089 ], [ -87.994538494699199, 15.375511657837034 ], [ -87.995557646880158, 15.377957878274353 ], [ -87.997319069074692, 15.381476850470609 ], [ -87.99808697007478, 15.382189572590612 ], [ -87.999287310180648, 15.383142934311019 ], [ -88.000878096995734, 15.384261586674501 ] ] ] ] } },
{ "type": "Feature", "properties": { "Dialgeo": 201326, "Dial": 6, "VERSION": "Capa actual", "ID_MAPA": "actual_109", "layer": "Capa actual", "path": "C:\\Users\\said.calderon\\Downloads\\Capa actual.geojson" }, "geometry": { "type": "MultiPolygon", "coordinates": [ [ [ [ -87.969246291508483, 15.525118940134863 ], [ -87.96877721597302, 15.528617054876937 ], [ -87.967406958037017, 15.532186352706276 ], [ -87.964370159547784, 15.53529231108195 ], [ -87.95928563492329, 15.539693472816575 ], [ -87.951229617923417, 15.548786686953816 ], [ -87.940615089383499, 15.543643408282643 ], [ -87.949206545678251, 15.530050656219785 ], [ -87.951296377497002, 15.525540061918278 ], [ -87.953628920174552, 15.522218761419955 ], [ -87.954713169469912, 15.520499657058348 ], [ -87.955069364640977, 15.519922355752085 ], [ -87.955547217412558, 15.520158808784192 ], [ -87.956060541733464, 15.520340091249043 ], [ -87.956549330537385, 15.520504226538741 ], [ -87.957091115193734, 15.520719285475741 ], [ -87.957672529414765, 15.520946959766787 ], [ -87.958227447066989, 15.52114917021593 ], [ -87.958689859526999, 15.521313415024196 ], [ -87.959191664979173, 15.521439121882384 ], [ -87.959669040381513, 15.521585953368852 ], [ -87.960881742921998, 15.521815431901743 ], [ -87.962362981792438, 15.522091846924939 ], [ -87.963431904073801, 15.52234599450723 ], [ -87.963835254319662, 15.522980472932744 ], [ -87.964238857604883, 15.523668867879643 ], [ -87.965749057932157, 15.523974651008546 ], [ -87.967178326424587, 15.524346167240127 ], [ -87.967891354205889, 15.524601851104761 ], [ -87.969246291508483, 15.525118940134863 ] ] ] ] } },
{ "type": "Feature", "properties": { "Dialgeo": 201263, "Dial": 5, "VERSION": "Capa actual", "ID_MAPA": "actual_110", "layer": "Capa actual", "path": "C:\\Users\\said.calderon\\Downloads\\Capa actual.geojson" }, "geometry": { "type": "MultiPolygon", "coordinates": [ [ [ [ -87.991012530785156, 15.477466371517924 ], [ -87.990945813105199, 15.477466670178035 ], [ -87.990626836210026, 15.477478152358534 ], [ -87.989892361797061, 15.477470932866732 ], [ -87.988880572407055, 15.477462848878966 ], [ -87.987857970519343, 15.477459010497842 ], [ -87.987106184055051, 15.477456060989663 ], [ -87.986549357688077, 15.477448038191286 ], [ -87.986040302549512, 15.47746291215754 ], [ -87.98582554642779, 15.477448922113219 ], [ -87.985682200373944, 15.477461873458719 ], [ -87.985158091364482, 15.477444604997874 ], [ -87.984410004145829, 15.477470507688608 ], [ -87.984078516396281, 15.477453239228476 ], [ -87.983581284771944, 15.477470507688603 ], [ -87.98317812399543, 15.477487776147283 ], [ -87.983169164867036, 15.475216961465215 ], [ -87.983164167763306, 15.473538436269163 ], [ -87.983174051718976, 15.472878679261527 ], [ -87.983239791908005, 15.469365519461679 ], [ -87.983058709830274, 15.467719140759238 ], [ -87.985513717071186, 15.468279702559148 ], [ -87.988914024781479, 15.468995693345374 ], [ -87.992910208827368, 15.470165296221083 ], [ -87.988960262814999, 15.472082831312836 ], [ -87.989745196797884, 15.474026655394004 ], [ -87.98993653401368, 15.474511065687977 ], [ -87.990128590044421, 15.475146444052264 ], [ -87.990180063584688, 15.47544815688317 ], [ -87.990797914601899, 15.475596364267497 ], [ -87.991499265494653, 15.475765763299808 ], [ -87.991233870545088, 15.477244315220949 ], [ -87.991173816510965, 15.477476433117868 ], [ -87.991012530785156, 15.477466371517924 ] ] ] ] } },
{ "type": "Feature", "properties": { "Dialgeo": 201238, "Dial": 6, "VERSION": "Capa actual", "ID_MAPA": "actual_111", "layer": "Capa actual", "path": "C:\\Users\\said.calderon\\Downloads\\Capa actual.geojson" }, "geometry": { "type": "MultiPolygon", "coordinates": [ [ [ [ -87.999345586169568, 15.504886594600395 ], [ -87.994791927488762, 15.507174579407957 ], [ -87.990980948854698, 15.503544089431946 ], [ -87.986955508924609, 15.496918591097339 ], [ -87.98426074169852, 15.490334207026105 ], [ -87.982848067109813, 15.488533163608993 ], [ -87.98401065211695, 15.487777638098546 ], [ -87.98436283264148, 15.487544142750762 ], [ -87.984682271823161, 15.487328983084524 ], [ -87.984891119850346, 15.487197688359357 ], [ -87.985202835391377, 15.487002268729986 ], [ -87.985689079411159, 15.486690864857701 ], [ -87.985994368338041, 15.486459091855927 ], [ -87.986072267994828, 15.486404173261233 ], [ -87.986150153240786, 15.486346222958751 ], [ -87.986259229874165, 15.486272974867218 ], [ -87.986387050018308, 15.486196611421581 ], [ -87.98660523162539, 15.486056178336385 ], [ -87.986661304201832, 15.486013483858196 ], [ -87.986704928968805, 15.485982971861331 ], [ -87.986767268527259, 15.485943281157505 ], [ -87.986859229037094, 15.485886783724899 ], [ -87.986998062736504, 15.485825529557223 ], [ -87.98703232283286, 15.485798091018344 ], [ -87.988285947055502, 15.486516824066397 ], [ -87.988232192285295, 15.487824848524347 ], [ -87.988173957950906, 15.488209052156032 ], [ -87.988160519258344, 15.488351509500962 ], [ -87.989038513838295, 15.488403312147508 ], [ -87.989011636453185, 15.489409144295427 ], [ -87.988937723644156, 15.489830038269915 ], [ -87.989072110569666, 15.490727942551642 ], [ -87.989815718224094, 15.491358199958434 ], [ -87.99036222505444, 15.491574041094385 ], [ -87.990944568384165, 15.492128751697679 ], [ -87.991116474410717, 15.493091056235127 ], [ -87.991040580099366, 15.494522437353655 ], [ -87.991246578944455, 15.496476204339833 ], [ -87.991972995924499, 15.497844875023036 ], [ -87.993664354863071, 15.498576222053464 ], [ -87.995377397890593, 15.499443387320873 ], [ -87.997177177273954, 15.499746371917761 ], [ -87.99746991247487, 15.501877699284098 ], [ -87.999345586169568, 15.504886594600395 ] ] ] ] } },
{ "type": "Feature", "properties": { "Dialgeo": 201001, "Dial": 2, "VERSION": "Capa actual", "ID_MAPA": "actual_112", "layer": "Capa actual", "path": "C:\\Users\\said.calderon\\Downloads\\Capa actual.geojson" }, "geometry": { "type": "MultiPolygon", "coordinates": [ [ [ [ -88.447329376128209, 15.361962826110188 ], [ -88.446865570422574, 15.36350025478886 ], [ -88.437996589955048, 15.361562917731476 ], [ -88.433247463853647, 15.360826299098159 ], [ -88.41401065410902, 15.358848922351433 ], [ -88.405272470206057, 15.358674019637442 ], [ -88.404764712109383, 15.359597885291688 ], [ -88.404133663600334, 15.361227488955112 ], [ -88.403756812944408, 15.362167360339049 ], [ -88.40323771616039, 15.364255753162858 ], [ -88.402911479172687, 15.365292287327193 ], [ -88.402781891552735, 15.365842670672578 ], [ -88.402668961294353, 15.366392949098161 ], [ -88.40138617136661, 15.372198420426392 ], [ -88.401157403319573, 15.374527439344927 ], [ -88.400890834949166, 15.377848072046904 ], [ -88.399924312483336, 15.379470526112879 ], [ -88.399067541547382, 15.380898322153415 ], [ -88.397443561060655, 15.382828085040595 ], [ -88.394132524288509, 15.381798109104718 ], [ -88.393419419547953, 15.381666507192248 ], [ -88.392274019804788, 15.381452769241061 ], [ -88.391189535982576, 15.381423063519344 ], [ -88.39020434160912, 15.381445454300561 ], [ -88.388212906241861, 15.381203348389546 ], [ -88.385899408537256, 15.380700521674717 ], [ -88.384854293877794, 15.380534611635046 ], [ -88.384231070218391, 15.380344521790102 ], [ -88.384072595613318, 15.379892919653436 ], [ -88.384317993465274, 15.364183354312146 ], [ -88.386895170676297, 15.359594712334767 ], [ -88.392824063011247, 15.350322268411936 ], [ -88.394146779544272, 15.342776028906631 ], [ -88.403776006382188, 15.336198226058221 ], [ -88.408702654199985, 15.337851731763465 ], [ -88.411882149594376, 15.33987809252241 ], [ -88.416886308686671, 15.345306369488737 ], [ -88.420866074616967, 15.347153465793316 ], [ -88.422404723776964, 15.347622927370121 ], [ -88.424327892180543, 15.348038408728025 ], [ -88.432572169053145, 15.349478760592772 ], [ -88.438079330405913, 15.35006827298748 ], [ -88.439512340403667, 15.350068272987487 ], [ -88.440812417579352, 15.35032650514073 ], [ -88.449453847263058, 15.352531258921118 ], [ -88.448248499347002, 15.35766048873043 ], [ -88.447329376128209, 15.361962826110188 ] ] ] ] } },
{ "type": "Feature", "properties": { "Dialgeo": 201009, "Dial": 4, "VERSION": "Capa actual", "ID_MAPA": "actual_113", "layer": "Capa actual", "path": "C:\\Users\\said.calderon\\Downloads\\Capa actual.geojson" }, "geometry": { "type": "MultiPolygon", "coordinates": [ [ [ [ -88.451491408353448, 15.342752085225491 ], [ -88.449341893356817, 15.351350145211986 ], [ -88.442740957988946, 15.350100823113765 ], [ -88.430776437170394, 15.348575787477179 ], [ -88.422795865789013, 15.347006659406606 ], [ -88.418200036994136, 15.345501493065642 ], [ -88.416321695486559, 15.343914489419793 ], [ -88.410087355327889, 15.33814168343107 ], [ -88.403817936587728, 15.336059340778087 ], [ -88.394100337540507, 15.342709402798892 ], [ -88.392264293480878, 15.350814865598672 ], [ -88.383755796619269, 15.363801518703276 ], [ -88.375026550768496, 15.362147130429438 ], [ -88.364263253261186, 15.360144292552466 ], [ -88.346299523905287, 15.355467389485069 ], [ -88.33437637520106, 15.350775572338758 ], [ -88.305921483184804, 15.335255422066608 ], [ -88.301610286467977, 15.333233561742484 ], [ -88.302308660328777, 15.331246658898113 ], [ -88.32068219425409, 15.265059000368915 ], [ -88.325545559781162, 15.254642007054759 ], [ -88.331129678398312, 15.245944855545483 ], [ -88.337750986745135, 15.220088874705324 ], [ -88.34082689469858, 15.220800139854568 ], [ -88.344610306326402, 15.22183817999116 ], [ -88.35400147233922, 15.233092163903079 ], [ -88.362171083528153, 15.242622610768567 ], [ -88.375199411268866, 15.257692407802137 ], [ -88.384289006647037, 15.269912200051523 ], [ -88.387805756006784, 15.275874848679615 ], [ -88.389899049017643, 15.281692818377264 ], [ -88.392622545980345, 15.288478930696556 ], [ -88.394951187226681, 15.296629175058754 ], [ -88.398175459721628, 15.302092525675182 ], [ -88.400414537843119, 15.306391555668426 ], [ -88.403280557838627, 15.309257575663922 ], [ -88.411699491575391, 15.313287916282597 ], [ -88.415282016569776, 15.314452236905769 ], [ -88.417431531566393, 15.314452236905764 ], [ -88.424315630221187, 15.310932810795393 ], [ -88.430866000295282, 15.306481118793288 ], [ -88.443209702642406, 15.298581960866866 ], [ -88.446999140056278, 15.302154717623342 ], [ -88.451379984128806, 15.307138081364815 ], [ -88.455848159359675, 15.311074475264165 ], [ -88.4588475880945, 15.313727280266974 ], [ -88.451491408353448, 15.342752085225491 ] ] ] ] } },
{ "type": "Feature", "properties": { "Dialgeo": 201019, "Dial": 8, "VERSION": "Capa actual", "ID_MAPA": "actual_114", "layer": "Capa actual", "path": "C:\\Users\\said.calderon\\Downloads\\Capa actual.geojson" }, "geometry": { "type": "MultiPolygon", "coordinates": [ [ [ [ -88.559737526240227, 15.339930314944644 ], [ -88.552063916042187, 15.340453226045167 ], [ -88.551331202078728, 15.343341942368189 ], [ -88.5505013437499, 15.343211795952376 ], [ -88.548455386116458, 15.34288293135328 ], [ -88.547289666069474, 15.342645029302906 ], [ -88.547418413061465, 15.341637444148231 ], [ -88.546265287828916, 15.341156042352107 ], [ -88.546248494742969, 15.340803387547975 ], [ -88.545576771306514, 15.340624261298256 ], [ -88.545901437634129, 15.343087247231884 ], [ -88.545487208181655, 15.345830117930708 ], [ -88.54312498076348, 15.34837147159859 ], [ -88.542177009346261, 15.3492003174996 ], [ -88.541326487078777, 15.348301075048161 ], [ -88.538666297297837, 15.34592733185896 ], [ -88.531662864934148, 15.339463167882911 ], [ -88.527326047142878, 15.335824517285511 ], [ -88.508282200354529, 15.320726409049687 ], [ -88.506075639965758, 15.319094273970659 ], [ -88.517351366223025, 15.296840976965465 ], [ -88.519129461517437, 15.295878844997794 ], [ -88.521062903209398, 15.294778806518943 ], [ -88.523029954334973, 15.293777849013384 ], [ -88.525244374603091, 15.292490432017921 ], [ -88.527239310447484, 15.291507363177869 ], [ -88.527466993721134, 15.291434156274992 ], [ -88.527803097099948, 15.291549196465747 ], [ -88.528692144728055, 15.291894317181189 ], [ -88.529537824216462, 15.292155770972622 ], [ -88.531684549023112, 15.29295059008251 ], [ -88.53294222618257, 15.29330616607665 ], [ -88.534113166986202, 15.293808154688195 ], [ -88.536606837216169, 15.294623883616865 ], [ -88.537192307617985, 15.29481212830323 ], [ -88.538037987087279, 15.295042204912432 ], [ -88.539143875624049, 15.295439609369575 ], [ -88.540553341406209, 15.295899760957131 ], [ -88.542266384433745, 15.296527238765888 ], [ -88.544543213774148, 15.297154714695171 ], [ -88.545605734133005, 15.297865851809528 ], [ -88.546733306758739, 15.298576986509616 ], [ -88.548207824807761, 15.299455443688135 ], [ -88.549617290589921, 15.300480305739717 ], [ -88.551352017706421, 15.30156790896234 ], [ -88.562280798540357, 15.305374475757571 ], [ -88.569393179717991, 15.308051580182854 ], [ -88.578153551656314, 15.310895966119842 ], [ -88.571735061325271, 15.320098126322613 ], [ -88.566530879975772, 15.326455745985182 ], [ -88.561901694481193, 15.332649979127726 ], [ -88.559737526240227, 15.339930314944644 ] ] ] ] } },
{ "type": "Feature", "properties": { "Dialgeo": 201033, "Dial": 10, "VERSION": "Capa actual", "ID_MAPA": "actual_115", "layer": "Capa actual", "path": "C:\\Users\\said.calderon\\Downloads\\Capa actual.geojson" }, "geometry": { "type": "MultiPolygon", "coordinates": [ [ [ [ -88.594040509937074, 15.270974997659591 ], [ -88.591816194877651, 15.276661684803098 ], [ -88.585541443781437, 15.28915908097915 ], [ -88.583199455354759, 15.294618134074774 ], [ -88.588905331590084, 15.296623467259183 ], [ -88.578680815247068, 15.31040266187852 ], [ -88.576817302233437, 15.310081418072457 ], [ -88.551779717414846, 15.301435496188851 ], [ -88.544614667426103, 15.297046903070747 ], [ -88.528761994326004, 15.291762678704048 ], [ -88.52896319585912, 15.280473673996458 ], [ -88.528582868076285, 15.269058426552204 ], [ -88.524015148708457, 15.265207212183247 ], [ -88.521379970413804, 15.264137246192968 ], [ -88.514859051250099, 15.262829022785573 ], [ -88.509828342612238, 15.262577991556972 ], [ -88.498726089066608, 15.263582114670667 ], [ -88.493868853140398, 15.263833144698772 ], [ -88.477302209177779, 15.265674022400489 ], [ -88.442613112923667, 15.271355225035894 ], [ -88.450934357006943, 15.265590346491495 ], [ -88.455509943149565, 15.261962970405351 ], [ -88.461342719705968, 15.256553152046854 ], [ -88.467998379758868, 15.250993619933615 ], [ -88.472508670261774, 15.24672580781189 ], [ -88.478363374279979, 15.244006078411569 ], [ -88.482700192071206, 15.24287633431784 ], [ -88.488751408146712, 15.24190872459612 ], [ -88.502629225078749, 15.240737126325739 ], [ -88.516940723789915, 15.240402382763849 ], [ -88.535849249359813, 15.241155555028788 ], [ -88.5409666943535, 15.238896030141696 ], [ -88.543742257739908, 15.237557040975721 ], [ -88.549033175445246, 15.235381165401447 ], [ -88.555711874843794, 15.232619444762998 ], [ -88.563431410512223, 15.232870511773573 ], [ -88.572105046094748, 15.235046413315489 ], [ -88.580605208965622, 15.236887543196229 ], [ -88.593268716916086, 15.246260318159647 ], [ -88.60176887978696, 15.25328962515688 ], [ -88.597096409364468, 15.264957840629457 ], [ -88.594040509937074, 15.270974997659591 ] ] ] ] } },
{ "type": "Feature", "properties": { "Dialgeo": 201065, "Dial": 12, "VERSION": "Capa actual", "ID_MAPA": "actual_116", "layer": "Capa actual", "path": "C:\\Users\\said.calderon\\Downloads\\Capa actual.geojson" }, "geometry": { "type": "MultiPolygon", "coordinates": [ [ [ [ -88.662658865990693, 15.286786327579035 ], [ -88.672943508937095, 15.295836592476029 ], [ -88.678706183939411, 15.298543196290758 ], [ -88.695835541009131, 15.299999715309756 ], [ -88.699326553077739, 15.300671691623574 ], [ -88.700616268164836, 15.300920477582226 ], [ -88.701780093225537, 15.302075277690731 ], [ -88.704373842874659, 15.304339729240345 ], [ -88.708360542830803, 15.308619116776631 ], [ -88.718008877153778, 15.318849926278682 ], [ -88.706365670922082, 15.325835850017715 ], [ -88.692214697194288, 15.334433910004213 ], [ -88.679317607214543, 15.341419833743238 ], [ -88.67233418078321, 15.334858562705909 ], [ -88.665889442115244, 15.328614326497227 ], [ -88.661957044000403, 15.32554050844502 ], [ -88.656689168467892, 15.322045528831369 ], [ -88.649639821060489, 15.31787398207593 ], [ -88.644739689995461, 15.315927541977659 ], [ -88.642955397678662, 15.314906284789629 ], [ -88.639730706026711, 15.314192643785999 ], [ -88.632191248254003, 15.312657794538511 ], [ -88.626493411821755, 15.31088914987974 ], [ -88.618062203120033, 15.30806005604976 ], [ -88.608192931106643, 15.304470374313606 ], [ -88.604296103679246, 15.302989864889884 ], [ -88.601087249799548, 15.301461257736459 ], [ -88.596633845484916, 15.2997690873395 ], [ -88.592237367433526, 15.297656694085338 ], [ -88.588334231421399, 15.29606708855658 ], [ -88.586261600416236, 15.29541475813925 ], [ -88.583882881080982, 15.294408717822586 ], [ -88.586270418316516, 15.289584202689243 ], [ -88.593008635238021, 15.274806701966662 ], [ -88.597469049519475, 15.265466630273874 ], [ -88.602012752736215, 15.253261810956275 ], [ -88.612311999298967, 15.249812481417672 ], [ -88.619911854296106, 15.25527649637923 ], [ -88.620918240738035, 15.255985241104998 ], [ -88.62785737485207, 15.260895932029424 ], [ -88.632728821580031, 15.264082562189767 ], [ -88.635219060627264, 15.265905581149806 ], [ -88.639881190400757, 15.269246992037809 ], [ -88.643377284404835, 15.27167626542442 ], [ -88.64771877430384, 15.274406119437229 ], [ -88.651215837736629, 15.276937532696156 ], [ -88.655852068501389, 15.279979530089731 ], [ -88.662658865990693, 15.286786327579035 ] ] ] ] } },
{ "type": "Feature", "properties": { "Dialgeo": 201053, "Dial": 11, "VERSION": "Capa actual", "ID_MAPA": "actual_117", "layer": "Capa actual", "path": "C:\\Users\\said.calderon\\Downloads\\Capa actual.geojson" }, "geometry": { "type": "MultiPolygon", "coordinates": [ [ [ [ -88.658051185499787, 15.172976477695197 ], [ -88.663319957911554, 15.168711899395309 ], [ -88.667480709496175, 15.17288534713547 ], [ -88.670704159456434, 15.176481813561447 ], [ -88.671777989203008, 15.177594429203161 ], [ -88.674580858214597, 15.181301694672134 ], [ -88.677663006154987, 15.18456225693444 ], [ -88.682453421300295, 15.19097053212568 ], [ -88.689259114073948, 15.198924902092013 ], [ -88.691517872850639, 15.201603988456908 ], [ -88.693853872483984, 15.205120510306079 ], [ -88.696456933319354, 15.208721182185446 ], [ -88.691403013243587, 15.211317657217046 ], [ -88.684878209033798, 15.215014486199836 ], [ -88.675858074181491, 15.219391827079624 ], [ -88.667626947684525, 15.223222793908038 ], [ -88.660643824103786, 15.226400670816137 ], [ -88.655137940501177, 15.229247789487404 ], [ -88.650210290581597, 15.231821904533168 ], [ -88.644730328940526, 15.234965281250629 ], [ -88.633936797867534, 15.239871270983155 ], [ -88.623674091367135, 15.244600544383751 ], [ -88.601816089169546, 15.252727796643565 ], [ -88.596409659118379, 15.248367906676251 ], [ -88.5792450631522, 15.235498557492004 ], [ -88.579709593289337, 15.234216662929136 ], [ -88.582091721051086, 15.22872737280619 ], [ -88.585456124626049, 15.22077617678617 ], [ -88.589702133340268, 15.218035497493835 ], [ -88.600866388097671, 15.210744848036709 ], [ -88.62022228641338, 15.200326192259729 ], [ -88.634983860409122, 15.192151690774503 ], [ -88.638551693802881, 15.18518588908495 ], [ -88.640731323421136, 15.180403532343613 ], [ -88.643173639901761, 15.180689393488949 ], [ -88.64412781139788, 15.18303455371138 ], [ -88.644410379300595, 15.183867101725005 ], [ -88.658051185499787, 15.172976477695197 ] ] ] ] } },
{ "type": "Feature", "properties": { "Dialgeo": 201088, "Dial": 15, "VERSION": "Capa actual", "ID_MAPA": "actual_118", "layer": "Capa actual", "path": "C:\\Users\\said.calderon\\Downloads\\Capa actual.geojson" }, "geometry": { "type": "MultiPolygon", "coordinates": [ [ [ [ -88.550907612198202, 15.157036184010618 ], [ -88.545898502663547, 15.16983645744893 ], [ -88.546853745547509, 15.174507755177219 ], [ -88.54848827257625, 15.178358969546187 ], [ -88.557575517015067, 15.183168686969076 ], [ -88.562169039898507, 15.18722571890725 ], [ -88.570699927541369, 15.193047322023125 ], [ -88.578021712998577, 15.196002905143461 ], [ -88.591478572508734, 15.19877936201412 ], [ -88.598262979216784, 15.200570624511286 ], [ -88.602466012953656, 15.202449635460205 ], [ -88.605965407954699, 15.204511402005101 ], [ -88.60797679664239, 15.206166216435811 ], [ -88.606861039203281, 15.206660917001722 ], [ -88.599377361587258, 15.211430999724213 ], [ -88.585203702970247, 15.220459078202705 ], [ -88.578334523355196, 15.235912523034456 ], [ -88.563978918032149, 15.232228230671344 ], [ -88.554854516376352, 15.232491724036171 ], [ -88.542990376258075, 15.237289126430474 ], [ -88.535811048481804, 15.240585722631632 ], [ -88.52737096083743, 15.239867487142277 ], [ -88.518752423390069, 15.239796664293724 ], [ -88.512003576054738, 15.239669820638237 ], [ -88.505523524791457, 15.239885787048793 ], [ -88.499397361261728, 15.239926794756313 ], [ -88.494252688703426, 15.240650739685572 ], [ -88.484852281238858, 15.242264814112172 ], [ -88.478449908936241, 15.243740050693511 ], [ -88.472317647392458, 15.246125270519675 ], [ -88.46448252566627, 15.253542062558948 ], [ -88.460885998581219, 15.256349183102131 ], [ -88.455784160537789, 15.261420465165253 ], [ -88.44875876970103, 15.253460253383778 ], [ -88.444447674695738, 15.245254234336915 ], [ -88.441598198023328, 15.238673523200521 ], [ -88.442992320244471, 15.226798262013164 ], [ -88.444606103095722, 15.216251426979309 ], [ -88.423659555009721, 15.195703558741398 ], [ -88.427413168392306, 15.194162172496737 ], [ -88.446774404030663, 15.186860993181469 ], [ -88.464007880009333, 15.180816473958309 ], [ -88.486909883594109, 15.172176015444009 ], [ -88.505610031706624, 15.166039645613022 ], [ -88.526939052585618, 15.158201099134288 ], [ -88.532192220008838, 15.156426496889319 ], [ -88.540400676245227, 15.155552251308608 ], [ -88.550907612198202, 15.157036184010618 ] ] ] ] } },
{ "type": "Feature", "properties": { "Dialgeo": 201008, "Dial": 6, "VERSION": "Capa actual", "ID_MAPA": "actual_119", "layer": "Capa actual", "path": "C:\\Users\\said.calderon\\Downloads\\Capa actual.geojson" }, "geometry": { "type": "MultiPolygon", "coordinates": [ [ [ [ -88.439908328928169, 15.291934005243665 ], [ -88.44139909975992, 15.294174903343841 ], [ -88.443741405844506, 15.297637836358891 ], [ -88.436923150546079, 15.302202159492284 ], [ -88.423689241381354, 15.310247150363253 ], [ -88.419531078887658, 15.312687378062147 ], [ -88.415764149675823, 15.313979447108965 ], [ -88.41148631882109, 15.312625507337968 ], [ -88.407972485544789, 15.310950148962021 ], [ -88.404241080490962, 15.308835026437986 ], [ -88.401623305654041, 15.306359738450729 ], [ -88.397595194587822, 15.30002799703653 ], [ -88.394972145169078, 15.292489696932241 ], [ -88.392980798479769, 15.286687668199368 ], [ -88.390831283483152, 15.280059996959777 ], [ -88.387427884738486, 15.272536694471592 ], [ -88.369720275356983, 15.248755585685636 ], [ -88.351182047863603, 15.228039013885731 ], [ -88.344926368097518, 15.221836288484493 ], [ -88.349861895793794, 15.217470092885604 ], [ -88.355686179308648, 15.212081981425563 ], [ -88.367232051953792, 15.200832723061058 ], [ -88.369289914150784, 15.197947509633442 ], [ -88.379630811659666, 15.198412709939863 ], [ -88.397543783096452, 15.199348727133161 ], [ -88.402188389709252, 15.202513278464609 ], [ -88.413718552548332, 15.199105430010245 ], [ -88.422504323099375, 15.195473497374104 ], [ -88.423178723142854, 15.195960448736296 ], [ -88.431697957759653, 15.204332275755402 ], [ -88.443976811047406, 15.216664653825283 ], [ -88.442296091629956, 15.225559698226455 ], [ -88.440809343897342, 15.238632235165205 ], [ -88.445250373939288, 15.248513551015813 ], [ -88.44830891309249, 15.254014363109567 ], [ -88.454452028517423, 15.261356066864865 ], [ -88.450576564817624, 15.264756918286535 ], [ -88.44753834473731, 15.267333942900756 ], [ -88.442504244230165, 15.270844448959277 ], [ -88.433700755111346, 15.277959361563658 ], [ -88.439908328928169, 15.291934005243665 ] ] ] ] } },
{ "type": "Feature", "properties": { "Dialgeo": 201097, "Dial": 17, "VERSION": "Capa actual", "ID_MAPA": "actual_120", "layer": "Capa actual", "path": "C:\\Users\\said.calderon\\Downloads\\Capa actual.geojson" }, "geometry": { "type": "MultiPolygon", "coordinates": [ [ [ [ -88.261402671675143, 15.209114067962648 ], [ -88.271835476854093, 15.209566816854371 ], [ -88.286377581564565, 15.210097909573619 ], [ -88.300497025619478, 15.210425898370369 ], [ -88.311346799740946, 15.210158284233746 ], [ -88.318513739117691, 15.210627876845848 ], [ -88.328737104101549, 15.211283797775378 ], [ -88.333586387491735, 15.211766588520542 ], [ -88.338293509218801, 15.211698908503312 ], [ -88.33741890446494, 15.219272252700369 ], [ -88.334826482772272, 15.231784909575092 ], [ -88.331296414462983, 15.244219671263133 ], [ -88.326111659759178, 15.252871358514948 ], [ -88.321458228102486, 15.261347399737151 ], [ -88.318398082694941, 15.269038106990216 ], [ -88.316222047108852, 15.276120120148779 ], [ -88.313790995979204, 15.28505713014891 ], [ -88.312416693144385, 15.292565461583401 ], [ -88.311664715293134, 15.295372696501852 ], [ -88.299011336087531, 15.29442351629416 ], [ -88.28462129995323, 15.293330233134467 ], [ -88.263834201511585, 15.292758916843285 ], [ -88.249038608035278, 15.291945906183892 ], [ -88.219309353297589, 15.290677621161867 ], [ -88.210287629046718, 15.290478288685168 ], [ -88.196329997386783, 15.290187814633331 ], [ -88.198618432539661, 15.284855763768089 ], [ -88.200483460171142, 15.279219052951738 ], [ -88.202354808036759, 15.274707640283964 ], [ -88.203282874720102, 15.271122018835777 ], [ -88.205678671787922, 15.265448510946554 ], [ -88.206911127783172, 15.263545187216643 ], [ -88.209148289276015, 15.260182297448157 ], [ -88.213341109949752, 15.256272103472041 ], [ -88.218978912035368, 15.251701806679209 ], [ -88.226207590724414, 15.244398865533615 ], [ -88.235116256274964, 15.236165756067818 ], [ -88.239825948461245, 15.230717734477919 ], [ -88.248203099797564, 15.221873287107529 ], [ -88.255746426510683, 15.214670071756142 ], [ -88.259519112776189, 15.211272980454678 ], [ -88.261402671675143, 15.209114067962648 ] ] ] ] } },
{ "type": "Feature", "properties": { "Dialgeo": 201099, "Dial": 16, "VERSION": "Capa actual", "ID_MAPA": "actual_121", "layer": "Capa actual", "path": "C:\\Users\\said.calderon\\Downloads\\Capa actual.geojson" }, "geometry": { "type": "MultiPolygon", "coordinates": [ [ [ [ -88.17341616913356, 15.25883758206591 ], [ -88.196517882121, 15.257965795900912 ], [ -88.207562347956099, 15.259270109670554 ], [ -88.187175221898755, 15.306848215075034 ], [ -88.174806903548514, 15.323701537181496 ], [ -88.1644166294775, 15.334131507158602 ], [ -88.161515167846886, 15.336740514697066 ], [ -88.156391316673762, 15.344248562366147 ], [ -88.154538696458772, 15.352442544720587 ], [ -88.15432096007028, 15.363217259255892 ], [ -88.156470475066897, 15.368232794248012 ], [ -88.137572655721527, 15.371457066742954 ], [ -88.133334286576144, 15.37246859686875 ], [ -88.125750323240098, 15.373427455489853 ], [ -88.11923018175834, 15.37420908271632 ], [ -88.112407175656173, 15.374721228083338 ], [ -88.10376434717908, 15.3753780688894 ], [ -88.102209270019841, 15.365700247742852 ], [ -88.101633218633737, 15.356393219681671 ], [ -88.101143368093062, 15.343402720289985 ], [ -88.101120851996185, 15.339105957207016 ], [ -88.108371247094937, 15.327342452651491 ], [ -88.11168891263722, 15.321839095570867 ], [ -88.119517734333144, 15.30944795687676 ], [ -88.121668163893503, 15.291904309308443 ], [ -88.121264847465909, 15.281202654249613 ], [ -88.120288617871012, 15.275989908588702 ], [ -88.119238298524692, 15.268924761372613 ], [ -88.118412468548769, 15.260039445911254 ], [ -88.120729785203238, 15.259823261269084 ], [ -88.127049954967632, 15.259280048336073 ], [ -88.132425490166028, 15.259457576062632 ], [ -88.139274704523658, 15.259320572766672 ], [ -88.148653025728635, 15.25917041858238 ], [ -88.160773430746374, 15.259414915666039 ], [ -88.17341616913356, 15.25883758206591 ] ] ] ] } },
{ "type": "Feature", "properties": { "Dialgeo": 201104, "Dial": 18, "VERSION": "Capa actual", "ID_MAPA": "actual_122", "layer": "Capa actual", "path": "C:\\Users\\said.calderon\\Downloads\\Capa actual.geojson" }, "geometry": { "type": "MultiPolygon", "coordinates": [ [ [ [ -88.187195032864381, 15.308609659718474 ], [ -88.193026955472789, 15.296097523310474 ], [ -88.194580086848475, 15.291178641466312 ], [ -88.198267152740371, 15.290852018134734 ], [ -88.201536124155069, 15.291141402907707 ], [ -88.206805836712277, 15.291113048016845 ], [ -88.215132549719115, 15.291170294719683 ], [ -88.221984918934254, 15.291439892782783 ], [ -88.229154066422637, 15.291809842909027 ], [ -88.238010718104363, 15.292374837277071 ], [ -88.243884084929547, 15.292596735304258 ], [ -88.252840397415483, 15.293313240303132 ], [ -88.309504827315848, 15.295642977831013 ], [ -88.308647717589437, 15.300648175794105 ], [ -88.30482945412588, 15.315153779254471 ], [ -88.300327821837783, 15.334146241129584 ], [ -88.333484840765792, 15.351537261129167 ], [ -88.328287676325218, 15.372603273879905 ], [ -88.322977131535922, 15.395620080758547 ], [ -88.29407071612458, 15.393334947659937 ], [ -88.281201762069429, 15.392591037087142 ], [ -88.272960260738571, 15.391720261697383 ], [ -88.259893754561276, 15.391280521205209 ], [ -88.245757146342541, 15.390132510026142 ], [ -88.238587061734194, 15.390172540501872 ], [ -88.237667375332165, 15.377287625428043 ], [ -88.236762338842183, 15.366857852215455 ], [ -88.236743039541537, 15.363584294018612 ], [ -88.236460778521078, 15.3604144959175 ], [ -88.236475525626105, 15.353969380509781 ], [ -88.23639299619883, 15.348905880577737 ], [ -88.232643910727589, 15.347801306840994 ], [ -88.227310255553931, 15.346142727526816 ], [ -88.221234868257426, 15.343823108424345 ], [ -88.216903165289864, 15.342209931664534 ], [ -88.213311226097986, 15.340899553966015 ], [ -88.210881286754727, 15.339992025517795 ], [ -88.207503779226755, 15.339294204774344 ], [ -88.20306859636959, 15.337988215301054 ], [ -88.199163467054603, 15.337190804212069 ], [ -88.193358527885678, 15.335994273535224 ], [ -88.18755306596762, 15.334695286154187 ], [ -88.183542044687826, 15.333795852655141 ], [ -88.179005119371553, 15.333103731163042 ], [ -88.173413485467833, 15.332314757085546 ], [ -88.168004430071093, 15.331291799239519 ], [ -88.175290283960393, 15.324432412671465 ], [ -88.179667869894047, 15.319698374335866 ], [ -88.183014520341956, 15.314974684792377 ], [ -88.187195032864381, 15.308609659718474 ] ] ] ] } },
{ "type": "Feature", "properties": { "Dialgeo": 201110, "Dial": 19, "VERSION": "Capa actual", "ID_MAPA": "actual_123", "layer": "Capa actual", "path": "C:\\Users\\said.calderon\\Downloads\\Capa actual.geojson" }, "geometry": { "type": "MultiPolygon", "coordinates": [ [ [ [ -88.193985088332539, 15.336684669683436 ], [ -88.200357090793773, 15.337941843230977 ], [ -88.208336835529678, 15.33978206958392 ], [ -88.214408380437419, 15.341622279723762 ], [ -88.221087079835939, 15.344215275580487 ], [ -88.227245361099506, 15.346724595750823 ], [ -88.232276069737367, 15.348313816259216 ], [ -88.236005733037828, 15.349192064507509 ], [ -88.236135837571581, 15.350739445287326 ], [ -88.236179205749465, 15.354210555032719 ], [ -88.236179205749465, 15.357179771763978 ], [ -88.236092469393654, 15.360901687977911 ], [ -88.236179205749465, 15.364205355716791 ], [ -88.236179205749465, 15.366505346656398 ], [ -88.236699623884405, 15.37143978705457 ], [ -88.237046569307694, 15.377795843193738 ], [ -88.237566987442648, 15.390172869629108 ], [ -88.232189333381498, 15.39059099956607 ], [ -88.223255488731539, 15.390758251305673 ], [ -88.201658136131144, 15.391845384337145 ], [ -88.201484663419478, 15.389252980811234 ], [ -88.201571399775304, 15.387601352050511 ], [ -88.200381525493938, 15.386496750206561 ], [ -88.19930900318009, 15.386606649759528 ], [ -88.195350416217565, 15.384962073631424 ], [ -88.194385683408825, 15.385154663909336 ], [ -88.186042032724075, 15.386115517918373 ], [ -88.180997533366593, 15.385996580103452 ], [ -88.175013964773214, 15.38241639048816 ], [ -88.167440643758269, 15.378757597956707 ], [ -88.165749284819668, 15.382144611983257 ], [ -88.160241526224794, 15.375495976844407 ], [ -88.157986380973341, 15.372861553287283 ], [ -88.15668533563597, 15.3681780514033 ], [ -88.155687867543961, 15.365752625141821 ], [ -88.154430190384502, 15.363159896902909 ], [ -88.154647031274067, 15.35809980217555 ], [ -88.154777135807791, 15.352412276468483 ], [ -88.154993976697369, 15.350739445287326 ], [ -88.155861340255612, 15.347226456165748 ], [ -88.156511862924276, 15.34413163105542 ], [ -88.157943012795386, 15.342207797731531 ], [ -88.159157321776931, 15.340618530748387 ], [ -88.159677739911885, 15.339740246437767 ], [ -88.160718576181779, 15.338109137205713 ], [ -88.161325730672559, 15.33731448963251 ], [ -88.161889516985426, 15.336645310384222 ], [ -88.163971189525228, 15.334805056399334 ], [ -88.167310539224488, 15.331500923342775 ], [ -88.176417856586113, 15.333090259688662 ], [ -88.193985088332539, 15.336684669683436 ] ] ] ] } },
{ "type": "Feature", "properties": { "Dialgeo": 201047, "Dial": 14, "VERSION": "Capa actual", "ID_MAPA": "actual_124", "layer": "Capa actual", "path": "C:\\Users\\said.calderon\\Downloads\\Capa actual.geojson" }, "geometry": { "type": "MultiPolygon", "coordinates": [ [ [ [ -88.63398399513936, 15.136167007484751 ], [ -88.646731162266619, 15.15049701893331 ], [ -88.653844735766683, 15.15793755410407 ], [ -88.663362467457205, 15.168347240119544 ], [ -88.660974069299201, 15.170089459216481 ], [ -88.644498597851651, 15.183635243405828 ], [ -88.643238070979336, 15.18064962854606 ], [ -88.640686761217466, 15.18036172721567 ], [ -88.635722756189267, 15.190125325074584 ], [ -88.634729881218092, 15.19211331688523 ], [ -88.63236871505346, 15.193255623250794 ], [ -88.627019826184949, 15.196260717866828 ], [ -88.62261404822577, 15.198645167157528 ], [ -88.619258737206025, 15.20066396953418 ], [ -88.614564275550777, 15.203203787680508 ], [ -88.61144269814595, 15.20481165204373 ], [ -88.608452155418092, 15.20634182312549 ], [ -88.607577544202158, 15.205317470128829 ], [ -88.60199067323849, 15.201605913156508 ], [ -88.597820438901564, 15.200356951834687 ], [ -88.592585907693049, 15.198548463806109 ], [ -88.58884811345574, 15.197863246047644 ], [ -88.585419520834535, 15.197171398959139 ], [ -88.577716705896762, 15.195384309918319 ], [ -88.570797152386177, 15.192670862326922 ], [ -88.565608877351295, 15.189024531837577 ], [ -88.561692205027242, 15.186392162322745 ], [ -88.558773211168472, 15.183343646290419 ], [ -88.556128849416979, 15.181827560634774 ], [ -88.551477772653016, 15.179558083183345 ], [ -88.548833877080966, 15.178093045388682 ], [ -88.547069988279617, 15.174524946145485 ], [ -88.546297396632198, 15.169671376788324 ], [ -88.54903729833805, 15.162645561469271 ], [ -88.55136772459025, 15.157259212613891 ], [ -88.555520823860306, 15.156309983229361 ], [ -88.560413679893998, 15.15571358513778 ], [ -88.565437868594927, 15.155536363307395 ], [ -88.571931420508179, 15.154714304583287 ], [ -88.580932503601332, 15.153320317297243 ], [ -88.595076637930759, 15.152031521192482 ], [ -88.601455295163163, 15.151538932852521 ], [ -88.606604908425425, 15.150829110039 ], [ -88.609762143050801, 15.149843187680325 ], [ -88.613156880619258, 15.148799740718117 ], [ -88.6149271469788, 15.148183672680654 ], [ -88.61652057318652, 15.147655059253017 ], [ -88.617933888045229, 15.146782923282236 ], [ -88.619524672196988, 15.145909506089593 ], [ -88.62252458781775, 15.143713145165854 ], [ -88.625323350321764, 15.141148342492439 ], [ -88.627264402213797, 15.139668951534926 ], [ -88.629735211477467, 15.137840921562029 ], [ -88.633236329067884, 15.134791519537107 ], [ -88.63398399513936, 15.136167007484751 ] ] ] ] } },
{ "type": "Feature", "properties": { "Dialgeo": 201013, "Dial": 7, "VERSION": "Capa actual", "ID_MAPA": "actual_125", "layer": "Capa actual", "path": "C:\\Users\\said.calderon\\Downloads\\Capa actual.geojson" }, "geometry": { "type": "MultiPolygon", "coordinates": [ [ [ [ -88.453923316201411, 15.308069815328686 ], [ -88.450706357597355, 15.30524593182037 ], [ -88.446606522371582, 15.300483586578686 ], [ -88.443627610282817, 15.296411029008659 ], [ -88.439578206437446, 15.289890222126568 ], [ -88.434228339749353, 15.278058279135363 ], [ -88.442441294729278, 15.272067018980946 ], [ -88.449360651500058, 15.270987891371353 ], [ -88.456092212438634, 15.269818597645035 ], [ -88.460890923422241, 15.268930279107256 ], [ -88.467278440643867, 15.268026490441208 ], [ -88.473842879984318, 15.267035155352131 ], [ -88.481914971339947, 15.2657750541418 ], [ -88.491035019491392, 15.265108923819609 ], [ -88.49795097393681, 15.264237569658619 ], [ -88.505718567129946, 15.263596068324567 ], [ -88.513000355643314, 15.262957581177702 ], [ -88.519692726880109, 15.264798546383743 ], [ -88.523708537272981, 15.265950177855704 ], [ -88.52749942383835, 15.26957894664694 ], [ -88.528392149555103, 15.275467330559103 ], [ -88.528425815995732, 15.285047789318162 ], [ -88.528095832300863, 15.290764830276204 ], [ -88.517004420799694, 15.296799145232665 ], [ -88.505902167254121, 15.318968792087899 ], [ -88.499437732954121, 15.316224378732752 ], [ -88.491629144632981, 15.314946832288697 ], [ -88.489885080586774, 15.314242415141884 ], [ -88.48703728948179, 15.313954503437813 ], [ -88.484720798339268, 15.314276785871401 ], [ -88.481667260319711, 15.314706226451035 ], [ -88.479352185355893, 15.315233032290786 ], [ -88.477353998890109, 15.315860013819595 ], [ -88.475563003749841, 15.31597414163098 ], [ -88.47387811670383, 15.31618984915117 ], [ -88.471717515543091, 15.316204090289482 ], [ -88.470242696294918, 15.316316093183937 ], [ -88.467343965311784, 15.316284000692587 ], [ -88.463128141797895, 15.316311645818239 ], [ -88.461276969709701, 15.315351963890723 ], [ -88.457670151904182, 15.311999804105229 ], [ -88.455758917637439, 15.309966369823227 ], [ -88.453923316201411, 15.308069815328686 ] ] ] ] } },
{ "type": "Feature", "properties": { "Dialgeo": 201003, "Dial": 1, "VERSION": "Capa actual", "ID_MAPA": "actual_126", "layer": "Capa actual", "path": "C:\\Users\\said.calderon\\Downloads\\Capa actual.geojson" }, "geometry": { "type": "MultiPolygon", "coordinates": [ [ [ [ -88.396291928546759, 15.387246122035986 ], [ -88.396795721124079, 15.387394460961531 ], [ -88.397589101138522, 15.387581927777269 ], [ -88.397772518954582, 15.387629564164287 ], [ -88.396776129190556, 15.389700711426656 ], [ -88.397187559795327, 15.391592732439321 ], [ -88.398217535731206, 15.393607902748652 ], [ -88.400295674336036, 15.396408930291228 ], [ -88.40390759300746, 15.400851320471643 ], [ -88.405967544879218, 15.406314671088067 ], [ -88.407131865502407, 15.409270254208426 ], [ -88.408216325301595, 15.412322073617236 ], [ -88.405344904474362, 15.413712038455579 ], [ -88.397854766074346, 15.416415371853875 ], [ -88.389362698337933, 15.41837659826388 ], [ -88.376718656274932, 15.421793572788559 ], [ -88.37182517517283, 15.423358307389131 ], [ -88.367137156267873, 15.424661793759729 ], [ -88.362355836108861, 15.42671568839287 ], [ -88.357698388291823, 15.428125232915802 ], [ -88.35454115283855, 15.429141919438772 ], [ -88.3380887614925, 15.429088257087798 ], [ -88.330099323030069, 15.428982825821121 ], [ -88.328439817472173, 15.429222934419412 ], [ -88.314675023039399, 15.428921262674917 ], [ -88.317770078581034, 15.41800809481037 ], [ -88.320542699635936, 15.406176123858845 ], [ -88.323794396554689, 15.395108519389924 ], [ -88.32611532766542, 15.386961944879987 ], [ -88.333961641450074, 15.352389259535224 ], [ -88.35127799199536, 15.357981982915373 ], [ -88.383528519341453, 15.364766935211328 ], [ -88.383446149180301, 15.372482995153458 ], [ -88.383365362834454, 15.380436110360344 ], [ -88.383722893097669, 15.380757165090969 ], [ -88.385879191740713, 15.381002372319751 ], [ -88.388214476778089, 15.381440407853997 ], [ -88.391076167332599, 15.381702715153388 ], [ -88.392264293480892, 15.381624580550286 ], [ -88.394153893954154, 15.381882813187612 ], [ -88.396193968878961, 15.382502075266093 ], [ -88.397067209346346, 15.382770764640677 ], [ -88.397347094111524, 15.382938695499776 ], [ -88.397268726377263, 15.383112224054194 ], [ -88.397162370166484, 15.383408901905286 ], [ -88.397022427783895, 15.383694384365777 ], [ -88.396904876182518, 15.384052636865219 ], [ -88.396854496924789, 15.384254153896153 ], [ -88.396393993191154, 15.386231483785252 ], [ -88.395684485311449, 15.386868221626049 ], [ -88.396291928546759, 15.387246122035986 ] ] ] ] } },
{ "type": "Feature", "properties": { "Dialgeo": 201004, "Dial": 3, "VERSION": "Capa actual", "ID_MAPA": "actual_127", "layer": "Capa actual", "path": "C:\\Users\\said.calderon\\Downloads\\Capa actual.geojson" }, "geometry": { "type": "MultiPolygon", "coordinates": [ [ [ [ -88.435409722669718, 15.361701720770583 ], [ -88.458902756935714, 15.366682232648888 ], [ -88.469292079419404, 15.369010873895236 ], [ -88.478622352202322, 15.370656896970893 ], [ -88.49224252173822, 15.373481400634899 ], [ -88.489462614008147, 15.382859787617159 ], [ -88.484493429063619, 15.3957818718868 ], [ -88.474845932976208, 15.418248219279389 ], [ -88.465469832917563, 15.434574895301887 ], [ -88.456432315065385, 15.454274725655109 ], [ -88.449645761174864, 15.492015719610245 ], [ -88.456474111092163, 15.527659256607086 ], [ -88.415470470773244, 15.560798425396822 ], [ -88.396897553404727, 15.55293799919826 ], [ -88.251286129322111, 15.502472127263026 ], [ -88.247282352042845, 15.497092888787055 ], [ -88.245906026836451, 15.491160574320119 ], [ -88.229999434873193, 15.429978538595178 ], [ -88.355008111269754, 15.429856766384631 ], [ -88.403802390356276, 15.415102672027558 ], [ -88.406640711637436, 15.413780450342951 ], [ -88.408848900115544, 15.412845799456527 ], [ -88.408363021831235, 15.411161003770802 ], [ -88.407157139424456, 15.408253219304951 ], [ -88.406591687905561, 15.40663933741569 ], [ -88.405069114782947, 15.40234030742244 ], [ -88.404355408631773, 15.400582631097073 ], [ -88.402471784162046, 15.397503898680034 ], [ -88.399742907701466, 15.394402775481776 ], [ -88.397638174267271, 15.391895007985713 ], [ -88.397145577080551, 15.389700711426659 ], [ -88.397903799508782, 15.387857845857999 ], [ -88.397850793393957, 15.38764070357796 ], [ -88.39671306182349, 15.387355221117469 ], [ -88.396275042165954, 15.387220876430177 ], [ -88.395699878973502, 15.386866822202229 ], [ -88.396405188581767, 15.386221687818461 ], [ -88.396729854909367, 15.385195910154073 ], [ -88.396953762721523, 15.3841883249994 ], [ -88.397373589869346, 15.383315084532027 ], [ -88.39769265850164, 15.382654556486179 ], [ -88.398895023950502, 15.381675266350735 ], [ -88.400808037512732, 15.378753762575048 ], [ -88.401175824404376, 15.377739780009504 ], [ -88.401544963035093, 15.372693109426196 ], [ -88.404334022349801, 15.361296269394501 ], [ -88.405486803560706, 15.359311638166812 ], [ -88.40760490969042, 15.35886185092418 ], [ -88.411402767714847, 15.358837834256276 ], [ -88.435409722669718, 15.361701720770583 ] ] ] ] } },
{ "type": "Feature", "properties": { "Dialgeo": 201021, "Dial": 9, "VERSION": "Capa actual", "ID_MAPA": "actual_128", "layer": "Capa actual", "path": "C:\\Users\\said.calderon\\Downloads\\Capa actual.geojson" }, "geometry": { "type": "MultiPolygon", "coordinates": [ [ [ [ -88.656341381919702, 15.322996287784282 ], [ -88.666006638062683, 15.329571745551606 ], [ -88.673952805569527, 15.337346152601059 ], [ -88.678930355080595, 15.341700697409259 ], [ -88.643895391332663, 15.37944497794134 ], [ -88.621033837567381, 15.397526607358545 ], [ -88.605621692180918, 15.386378724535255 ], [ -88.577976931436197, 15.372279927952592 ], [ -88.55894476740356, 15.358755896098836 ], [ -88.550884086166235, 15.352844729858118 ], [ -88.549227168356325, 15.349754802050468 ], [ -88.549092823669042, 15.349542089628933 ], [ -88.54912081214556, 15.349223020996622 ], [ -88.549274748766408, 15.348635262989733 ], [ -88.549414691149011, 15.347966338400939 ], [ -88.549644196656459, 15.34686919012141 ], [ -88.549862506773309, 15.345897989986213 ], [ -88.550002449155912, 15.345136703424911 ], [ -88.550749741478938, 15.34523746194038 ], [ -88.550786126498409, 15.345226266549769 ], [ -88.551052017025341, 15.344364221473002 ], [ -88.551365487962372, 15.343261475498169 ], [ -88.551533418821492, 15.342581355518769 ], [ -88.551737734700083, 15.34184525858633 ], [ -88.552070797570636, 15.340496214018136 ], [ -88.555446207838799, 15.340277903901288 ], [ -88.559851594042811, 15.339930846792463 ], [ -88.562348166148269, 15.333000900006475 ], [ -88.589002775330741, 15.297711514726512 ], [ -88.589418435869234, 15.296903724549002 ], [ -88.614355138168904, 15.307361392473643 ], [ -88.621901201125681, 15.310205787789924 ], [ -88.637856678610063, 15.314565436189071 ], [ -88.649294708800909, 15.319169506652973 ], [ -88.656341381919702, 15.322996287784282 ] ] ] ] } },
{ "type": "Feature", "properties": { "Dialgeo": 201348, "Dial": 1, "VERSION": "Capa actual", "ID_MAPA": "actual_129", "layer": "Capa actual", "path": "C:\\Users\\said.calderon\\Downloads\\Capa actual.geojson" }, "geometry": { "type": "MultiPolygon", "coordinates": [ [ [ [ -87.94383951492739, 15.865514208469067 ], [ -87.94289742085968, 15.865373780961285 ], [ -87.944502103531605, 15.856818616327011 ], [ -87.946874752087282, 15.843190132691182 ], [ -87.948733571409434, 15.843476770434009 ], [ -87.950742437445143, 15.84329111072703 ], [ -87.952598634936535, 15.843017674171145 ], [ -87.954212474573083, 15.843010576688313 ], [ -87.959086386637168, 15.843401738316802 ], [ -87.961068039891273, 15.843272707650049 ], [ -87.96332268186417, 15.84417881639339 ], [ -87.963853929034372, 15.845600113898259 ], [ -87.964005869935519, 15.846976032306184 ], [ -87.964045275655209, 15.84886234287266 ], [ -87.963566318911944, 15.850603577014585 ], [ -87.962784381264228, 15.852670396475238 ], [ -87.96133626528605, 15.855536031914895 ], [ -87.959462617611052, 15.85858040248621 ], [ -87.958737616518732, 15.859821619555213 ], [ -87.956220772770109, 15.862102426275994 ], [ -87.953912885070693, 15.863497994458397 ], [ -87.950568039686644, 15.864573854053292 ], [ -87.94770820468483, 15.865175918555865 ], [ -87.945029285080892, 15.865393962851501 ], [ -87.94383951492739, 15.865514208469067 ] ] ] ] } },
{ "type": "Feature", "properties": { "Dialgeo": 201139, "Dial": 2, "VERSION": "Capa actual", "ID_MAPA": "actual_130", "layer": "Capa actual", "path": "C:\\Users\\said.calderon\\Downloads\\Capa actual.geojson" }, "geometry": { "type": "MultiPolygon", "coordinates": [ [ [ [ -87.946836483643992, 15.843146085116249 ], [ -87.946006676657589, 15.848042803461047 ], [ -87.94468261295755, 15.855544183741582 ], [ -87.940128050772941, 15.854794869309996 ], [ -87.938177205688817, 15.854443481825124 ], [ -87.937809531190069, 15.855791016121376 ], [ -87.936746494543371, 15.855552999188909 ], [ -87.935756770768847, 15.855314981975608 ], [ -87.936700673998246, 15.851268646386444 ], [ -87.937104295535249, 15.849006617449293 ], [ -87.931430483200359, 15.847932710331735 ], [ -87.930601959443294, 15.84776440131172 ], [ -87.930858554495956, 15.846821109854162 ], [ -87.931124313657648, 15.846724135716109 ], [ -87.931369453574035, 15.845952748867845 ], [ -87.931864315461297, 15.845937321100811 ], [ -87.932929825637729, 15.841007028431971 ], [ -87.935927332822089, 15.841075635181113 ], [ -87.935665863301637, 15.840237530218461 ], [ -87.935943216326422, 15.840221946302016 ], [ -87.9364285894939, 15.840195872480853 ], [ -87.936853011921897, 15.83984395885652 ], [ -87.937427355094016, 15.839774337848885 ], [ -87.937285991278117, 15.83919947473249 ], [ -87.937422841764686, 15.83879605116984 ], [ -87.938036502792841, 15.838659120066216 ], [ -87.938889544021762, 15.83886643535744 ], [ -87.940021335311584, 15.839360275884905 ], [ -87.94177230548442, 15.840906456585699 ], [ -87.943087177543958, 15.842307609455892 ], [ -87.946836483643992, 15.843146085116249 ] ] ] ] } },
{ "type": "Feature", "properties": { "Dialgeo": 201155, "Dial": 4, "VERSION": "Capa actual", "ID_MAPA": "actual_131", "layer": "Capa actual", "path": "C:\\Users\\said.calderon\\Downloads\\Capa actual.geojson" }, "geometry": { "type": "MultiPolygon", "coordinates": [ [ [ [ -87.930831062168892, 15.84674176738103 ], [ -87.930580802770578, 15.847826996197337 ], [ -87.929300071125596, 15.854084606076736 ], [ -87.927408932293105, 15.853687654163378 ], [ -87.927311566729358, 15.853773785238921 ], [ -87.927079387308368, 15.854927192685274 ], [ -87.920237829716584, 15.853251276067768 ], [ -87.919148729096861, 15.852956818731567 ], [ -87.919139528224179, 15.850924522163941 ], [ -87.921654113125797, 15.849916332757447 ], [ -87.922593209311586, 15.848836439403652 ], [ -87.923456034622689, 15.847727390718406 ], [ -87.924150768784784, 15.846486410861491 ], [ -87.925258522013252, 15.845671077578805 ], [ -87.925835266618321, 15.84527068043805 ], [ -87.927142508287034, 15.84473615561941 ], [ -87.927545729084059, 15.844559837149021 ], [ -87.927802324136721, 15.8441366721918 ], [ -87.927835835737255, 15.843257716537083 ], [ -87.927998329000459, 15.842166386169005 ], [ -87.928560439572408, 15.841898689812181 ], [ -87.928985505458414, 15.841857738179531 ], [ -87.929494802252904, 15.841752882957133 ], [ -87.930243768127156, 15.841453296607432 ], [ -87.930946700323901, 15.841004158363887 ], [ -87.931277341033621, 15.840150095986228 ], [ -87.931397175573508, 15.838517350380357 ], [ -87.93135223762107, 15.838082950173291 ], [ -87.930293785017241, 15.835322809941346 ], [ -87.929704848517687, 15.834532396271229 ], [ -87.929279646913017, 15.833918072847734 ], [ -87.928623175696714, 15.831985754214454 ], [ -87.927844266262014, 15.830646309939562 ], [ -87.926832094883125, 15.83029575962953 ], [ -87.925764194722859, 15.830760700349611 ], [ -87.925004816025151, 15.831531241444706 ], [ -87.924887933961358, 15.831972938360602 ], [ -87.924464312039561, 15.832502264163452 ], [ -87.924248876554813, 15.833059476066694 ], [ -87.924369773005353, 15.833500159443737 ], [ -87.924380683713466, 15.833720712212322 ], [ -87.924312006895448, 15.833869669606926 ], [ -87.923234860846975, 15.83424196282124 ], [ -87.922507328893019, 15.834299254056219 ], [ -87.920830251221119, 15.832513429385065 ], [ -87.919804330144018, 15.830815110959222 ], [ -87.919108228837175, 15.829893903153913 ], [ -87.917762268825584, 15.829322437083219 ], [ -87.916590036746825, 15.829144599817198 ], [ -87.916250964712958, 15.829047617191485 ], [ -87.915901071635204, 15.828960545824872 ], [ -87.915994692369495, 15.828668449133911 ], [ -87.916394423490715, 15.828550578241945 ], [ -87.91877109469435, 15.827989621887738 ], [ -87.920607377612058, 15.827497630160039 ], [ -87.921208747694564, 15.827337188689583 ], [ -87.921447014529164, 15.827354822046949 ], [ -87.921708191636313, 15.827495888850544 ], [ -87.921844115847406, 15.828237793756212 ], [ -87.922048205000252, 15.828732600478842 ], [ -87.922301719194778, 15.829083794914595 ], [ -87.922589331369238, 15.829238384659499 ], [ -87.925738927294631, 15.829485621288594 ], [ -87.92629231243464, 15.829486810215672 ], [ -87.927422013554676, 15.829492855497513 ], [ -87.927789787719192, 15.829473637081257 ], [ -87.928322725641721, 15.829715237575854 ], [ -87.92881037611977, 15.830189364268739 ], [ -87.929167776389363, 15.830683090662326 ], [ -87.930667939358031, 15.830310938563565 ], [ -87.93149749743543, 15.830064770175918 ], [ -87.931832632944165, 15.829689271881692 ], [ -87.932051689102252, 15.829523113944607 ], [ -87.932318532969788, 15.829725200714888 ], [ -87.933400220114478, 15.83060122705345 ], [ -87.93428460977546, 15.831180021941105 ], [ -87.933972467335721, 15.831804532934115 ], [ -87.933746600955303, 15.832241907251445 ], [ -87.933895609224976, 15.832327587047548 ], [ -87.933345151504511, 15.833279490196976 ], [ -87.933196252801565, 15.833217787712323 ], [ -87.932969084684359, 15.8333722249748 ], [ -87.932805231417092, 15.833993596499859 ], [ -87.933274544855379, 15.835164474872204 ], [ -87.933942277182325, 15.836343225663327 ], [ -87.935921724731315, 15.841051067566532 ], [ -87.932897568753674, 15.8409805389096 ], [ -87.932847165894998, 15.841240613936201 ], [ -87.931820785943401, 15.845904261596056 ], [ -87.931490878018565, 15.84593511713399 ], [ -87.931348834328702, 15.845913077464512 ], [ -87.931041836676414, 15.846719727799632 ], [ -87.930831062168892, 15.84674176738103 ] ] ] ] } },
{ "type": "Feature", "properties": { "Dialgeo": 201174, "Dial": 15, "VERSION": "Capa actual", "ID_MAPA": "actual_132", "layer": "Capa actual", "path": "C:\\Users\\said.calderon\\Downloads\\Capa actual.geojson" }, "geometry": { "type": "MultiPolygon", "coordinates": [ [ [ [ -87.871941398569575, 15.82507396485242 ], [ -87.871920110716431, 15.825435144270063 ], [ -87.872072433117907, 15.825884858526994 ], [ -87.871882251154389, 15.826067736964763 ], [ -87.871723036606454, 15.826160813386398 ], [ -87.871642829036389, 15.826732312025575 ], [ -87.871737725464754, 15.82692784155863 ], [ -87.87190229835619, 15.827087220091643 ], [ -87.872187109843793, 15.827369594149051 ], [ -87.871632229587263, 15.827916786823215 ], [ -87.871689470511384, 15.827971742989831 ], [ -87.871679607292805, 15.828330492400497 ], [ -87.87180284122816, 15.828487277709437 ], [ -87.871744857044035, 15.828878531353396 ], [ -87.871891388711333, 15.829196063473439 ], [ -87.872334299232662, 15.829715020165141 ], [ -87.872488249347143, 15.830112341084032 ], [ -87.872687050613237, 15.830384515556714 ], [ -87.872749402790092, 15.830705636311883 ], [ -87.872851644902212, 15.831143945356187 ], [ -87.873415982418166, 15.833259609943088 ], [ -87.874471639220218, 15.838166318096183 ], [ -87.874811473848851, 15.840125528654763 ], [ -87.874498160893381, 15.84099641087243 ], [ -87.874152141207887, 15.842326212161103 ], [ -87.873821214524654, 15.843326648140264 ], [ -87.873604876772575, 15.844093231723541 ], [ -87.873449865118502, 15.844912320587955 ], [ -87.873215146368793, 15.845629422433687 ], [ -87.87303228088787, 15.846116122155035 ], [ -87.8729026986463, 15.846704915181959 ], [ -87.872720051391241, 15.847242767803534 ], [ -87.872589973153055, 15.847716466135331 ], [ -87.872434021384663, 15.848318153574276 ], [ -87.872303886981342, 15.848779063475279 ], [ -87.872173752039117, 15.849239973308475 ], [ -87.87177877804028, 15.855712543157678 ], [ -87.871655338893461, 15.857733622030553 ], [ -87.869357139600396, 15.857896319950818 ], [ -87.867006634259909, 15.858187088082495 ], [ -87.864365350345835, 15.858453414541483 ], [ -87.862146404407298, 15.858615720276539 ], [ -87.861090211431488, 15.858798961051896 ], [ -87.859902655570252, 15.859161757683951 ], [ -87.858926270264874, 15.859472556535883 ], [ -87.857976846472567, 15.859911129615211 ], [ -87.855865298358893, 15.860482179596646 ], [ -87.853912928330857, 15.861206044419703 ], [ -87.851487482101305, 15.862545603037788 ], [ -87.84547401333883, 15.865280339613786 ], [ -87.845099164643059, 15.864105255348294 ], [ -87.843585357612653, 15.855926472624652 ], [ -87.842341388295324, 15.845812277995595 ], [ -87.842101719215563, 15.844494098056908 ], [ -87.84180213286588, 15.843715173547684 ], [ -87.841628579985866, 15.842838568458628 ], [ -87.841502546516168, 15.842337076339062 ], [ -87.841442629246217, 15.841618069099773 ], [ -87.840640174800498, 15.840233528783347 ], [ -87.839784959596031, 15.837883739272085 ], [ -87.835534422452611, 15.83227316420121 ], [ -87.838344126460314, 15.82806765626056 ], [ -87.83892040729414, 15.826863298417189 ], [ -87.841330824733419, 15.821968713624642 ], [ -87.844849010391968, 15.816660561444831 ], [ -87.850922902375174, 15.816074143004011 ], [ -87.851978672948974, 15.815839807995824 ], [ -87.853661828338844, 15.814017216477456 ], [ -87.85533538961343, 15.809918280977691 ], [ -87.857975433102212, 15.803232223319373 ], [ -87.859987093300717, 15.804170626150542 ], [ -87.862475616677827, 15.805292684162247 ], [ -87.866257758203417, 15.806473234853293 ], [ -87.867896638916903, 15.807024411585859 ], [ -87.868136309297284, 15.807156318239045 ], [ -87.86897488798742, 15.811756845818993 ], [ -87.86985956870339, 15.814771401946141 ], [ -87.870517444793279, 15.817843060584973 ], [ -87.871941398569575, 15.82507396485242 ] ] ] ] } },
{ "type": "Feature", "properties": { "Dialgeo": 201175, "Dial": 16, "VERSION": "Capa actual", "ID_MAPA": "actual_133", "layer": "Capa actual", "path": "C:\\Users\\said.calderon\\Downloads\\Capa actual.geojson" }, "geometry": { "type": "MultiPolygon", "coordinates": [ [ [ [ -87.855852732666875, 15.808184232473053 ], [ -87.853515959139202, 15.81393629038733 ], [ -87.851538689231162, 15.815853643025411 ], [ -87.844768037727917, 15.816512732994768 ], [ -87.841182751799082, 15.821849703468615 ], [ -87.839015979813624, 15.826458999804865 ], [ -87.835059062303458, 15.832326149154964 ], [ -87.832425080120188, 15.832330892259014 ], [ -87.830013511404744, 15.832537343269651 ], [ -87.824308308003296, 15.832968335342118 ], [ -87.820504546121228, 15.833187375467102 ], [ -87.821194338119696, 15.820805331092064 ], [ -87.821749944227207, 15.814460042751831 ], [ -87.822153217164939, 15.809649970263248 ], [ -87.822609310955187, 15.804839695788033 ], [ -87.82280556293675, 15.801104653761938 ], [ -87.823006770067039, 15.798597307052125 ], [ -87.82231127615519, 15.796451437604386 ], [ -87.822357341597609, 15.793138879136981 ], [ -87.822617550665086, 15.791636555591104 ], [ -87.843361092262924, 15.792512912346824 ], [ -87.8469075475262, 15.79270390375553 ], [ -87.850195900367993, 15.79280897841948 ], [ -87.852435883491097, 15.792825895983684 ], [ -87.853541772027867, 15.792857194320778 ], [ -87.855813925841574, 15.798061362763818 ], [ -87.8578300025749, 15.803211099068003 ], [ -87.855852732666875, 15.808184232473053 ] ] ] ] } },
{ "type": "Feature", "properties": { "Dialgeo": 201102, "Dial": 16, "VERSION": "Capa actual", "ID_MAPA": "actual_134", "layer": "Capa actual", "path": "C:\\Users\\said.calderon\\Downloads\\Capa actual.geojson" }, "geometry": { "type": "MultiPolygon", "coordinates": [ [ [ [ -87.856546435299478, 15.783786383995819 ], [ -87.854354925363737, 15.78888226682311 ], [ -87.853867033362192, 15.79083322523484 ], [ -87.85352008793889, 15.7926694042257 ], [ -87.851698624466565, 15.7926694042257 ], [ -87.848012329344016, 15.792502479550595 ], [ -87.843030010086139, 15.792075083268269 ], [ -87.843209521381411, 15.790769944714871 ], [ -87.843415302485283, 15.789456080070709 ], [ -87.843759537397418, 15.787849398882567 ], [ -87.843987220331456, 15.786566131380448 ], [ -87.844832899800736, 15.783530075913241 ], [ -87.845174424201787, 15.782403280870016 ], [ -87.849227156415708, 15.783201227788091 ], [ -87.850280426562421, 15.782719392748405 ], [ -87.851598606501099, 15.780742122840371 ], [ -87.851568647866131, 15.777304369477543 ], [ -87.850827171650693, 15.776267051741705 ], [ -87.850728261485742, 15.77558760235037 ], [ -87.85067363364648, 15.775285906446427 ], [ -87.850622551552064, 15.774992882451039 ], [ -87.850576268082818, 15.774712947552628 ], [ -87.850565033594719, 15.774280419760251 ], [ -87.850437709396019, 15.773185057169147 ], [ -87.850419263218143, 15.77260616005003 ], [ -87.850655077685516, 15.770712412787118 ], [ -87.851468231021386, 15.769194272050139 ], [ -87.853867033362206, 15.768693439624407 ], [ -87.855491188718034, 15.768354655499095 ], [ -87.856794096579904, 15.770405382584553 ], [ -87.857073395548184, 15.770893371217701 ], [ -87.857210565595594, 15.771190151830195 ], [ -87.857445426255723, 15.771429028722066 ], [ -87.858005368439279, 15.771787204025138 ], [ -87.859168793111976, 15.772434001938468 ], [ -87.859835578847395, 15.772919174423986 ], [ -87.860862565704267, 15.773768647795508 ], [ -87.862624694789346, 15.775110261516673 ], [ -87.856546435299478, 15.783786383995819 ] ] ] ] } },
{ "type": "Feature", "properties": { "Dialgeo": 201119, "Dial": 19, "VERSION": "Capa actual", "ID_MAPA": "actual_135", "layer": "Capa actual", "path": "C:\\Users\\said.calderon\\Downloads\\Capa actual.geojson" }, "geometry": { "type": "MultiPolygon", "coordinates": [ [ [ [ -87.813014209768681, 15.724364878079188 ], [ -87.816158402667355, 15.724281387676676 ], [ -87.818977334231647, 15.724072661520555 ], [ -87.821796265795967, 15.723571717872415 ], [ -87.824506776915499, 15.723133391168798 ], [ -87.826349924476773, 15.723029027528787 ], [ -87.829082119685253, 15.72277855457444 ], [ -87.832052839872262, 15.72250720852603 ], [ -87.832269680761826, 15.723488227144509 ], [ -87.832464837562426, 15.724844947228881 ], [ -87.832659994363027, 15.725867699466896 ], [ -87.832941887519468, 15.727161786768175 ], [ -87.83350567383232, 15.729040285946915 ], [ -87.835240400948834, 15.73313117969251 ], [ -87.836714918997856, 15.736971535675595 ], [ -87.838015964335227, 15.739476076588911 ], [ -87.839056800605135, 15.741479687104626 ], [ -87.840314477764579, 15.743858948941215 ], [ -87.838579750648094, 15.744693771054942 ], [ -87.835630714550035, 15.745904257028537 ], [ -87.834206340956456, 15.746384275331623 ], [ -87.83286192744113, 15.747031254728878 ], [ -87.831734354815396, 15.74753214058941 ], [ -87.829349105030204, 15.748659129261014 ], [ -87.826393292654686, 15.749994811443678 ], [ -87.824571829182361, 15.750704389031343 ], [ -87.821969738507619, 15.751914839195846 ], [ -87.819541120544514, 15.753208760705649 ], [ -87.819299885054761, 15.760899075699207 ], [ -87.821381557594563, 15.779617566242726 ], [ -87.822747655198825, 15.788256286881557 ], [ -87.822487446131348, 15.789132658258255 ], [ -87.821666161262243, 15.79118794292771 ], [ -87.822186579397197, 15.799116764530609 ], [ -87.821836923462655, 15.807285212624853 ], [ -87.813079262035572, 15.809131674367878 ], [ -87.799967164494433, 15.811823096899435 ], [ -87.797451810175517, 15.806732314023098 ], [ -87.795760451236916, 15.804854533911223 ], [ -87.794242565009966, 15.801599673785114 ], [ -87.793765515052925, 15.799388008199461 ], [ -87.794242565009966, 15.796508633787582 ], [ -87.79541350245367, 15.795799218124801 ], [ -87.799923796316534, 15.795048065899961 ], [ -87.801918732500511, 15.793337101550577 ], [ -87.802395782457552, 15.79037417788679 ], [ -87.801485050721382, 15.78799546133512 ], [ -87.799880428138621, 15.786868691117041 ], [ -87.796390076316754, 15.786888797444654 ], [ -87.792284411297274, 15.788493232367959 ], [ -87.791599900790999, 15.789084009746729 ], [ -87.791125319436944, 15.789315935161621 ], [ -87.790596220177818, 15.789113238693467 ], [ -87.790663464890599, 15.786018104810724 ], [ -87.789412758432576, 15.78364393010486 ], [ -87.782019261211616, 15.77745526478013 ], [ -87.780845895616395, 15.774543623377205 ], [ -87.781552006160183, 15.772699495978317 ], [ -87.783140311464365, 15.769173404056955 ], [ -87.78548219307163, 15.765959707511705 ], [ -87.786956711120681, 15.76276682872829 ], [ -87.787325340632933, 15.761264280156912 ], [ -87.787130183832303, 15.760325181652163 ], [ -87.786523029341566, 15.758989567407411 ], [ -87.785395456715818, 15.758321756990206 ], [ -87.784918406758791, 15.757987850957928 ], [ -87.78383420231097, 15.758029589241998 ], [ -87.782381368350883, 15.758530447981535 ], [ -87.780343063988951, 15.761222542537832 ], [ -87.779822645853997, 15.76919427205001 ], [ -87.777871077847919, 15.772908740619181 ], [ -87.776916977933837, 15.774244263256339 ], [ -87.775659300774379, 15.774703347131918 ], [ -87.774358255437008, 15.774703347131918 ], [ -87.773447523700852, 15.773534767950226 ], [ -87.771712796584339, 15.766731834054095 ], [ -87.769414283154973, 15.764185892166433 ], [ -87.766812192480216, 15.762683354099435 ], [ -87.764990729007877, 15.761347755369309 ], [ -87.764557047228749, 15.758885222174516 ], [ -87.765771356210308, 15.755379191179415 ], [ -87.767029033369781, 15.75166440182239 ], [ -87.766866000213852, 15.749235976767455 ], [ -87.763798104115338, 15.743378924672859 ], [ -87.75693750992815, 15.736977027536152 ], [ -87.756165304802721, 15.735447924860964 ], [ -87.756165304802721, 15.733193794773568 ], [ -87.757466350140092, 15.732275438316009 ], [ -87.758420450054174, 15.732525899579302 ], [ -87.769712067008442, 15.734517497715272 ], [ -87.772431290348763, 15.73433226234382 ], [ -87.774786360494971, 15.733753134810847 ], [ -87.776911593863062, 15.732340591158874 ], [ -87.777209904833157, 15.727334268404059 ], [ -87.774655157114523, 15.723040580764662 ], [ -87.772927105565927, 15.720190315996847 ], [ -87.772883737388, 15.717518551333658 ], [ -87.773622768599907, 15.713736198161817 ], [ -87.774488359970775, 15.712341907528923 ], [ -87.776136350731448, 15.711465204822604 ], [ -87.779475700430723, 15.710421506204368 ], [ -87.782338000172956, 15.710755490344059 ], [ -87.785502053277483, 15.712002864677251 ], [ -87.790274376730963, 15.722590699656104 ], [ -87.794004040031439, 15.725554612592781 ], [ -87.796649498884108, 15.725846827023373 ], [ -87.798297489644781, 15.725888571907777 ], [ -87.799945480405469, 15.725429377708357 ], [ -87.802243993834821, 15.72355084519339 ], [ -87.802918086644254, 15.723435642869529 ], [ -87.809009429589196, 15.724469241033901 ], [ -87.810744156705695, 15.724552731359333 ], [ -87.813014209768681, 15.724364878079188 ] ] ] ] } },
{ "type": "Feature", "properties": { "Dialgeo": 201018, "Dial": 5, "VERSION": "Capa actual", "ID_MAPA": "actual_136", "layer": "Capa actual", "path": "C:\\Users\\said.calderon\\Downloads\\Capa actual.geojson" }, "geometry": { "type": "MultiPolygon", "coordinates": [ [ [ [ -87.921282060566753, 15.827196121775216 ], [ -87.919577977230176, 15.827713003655205 ], [ -87.918054076364854, 15.828122291087025 ], [ -87.916958002461854, 15.828379881250386 ], [ -87.915953499246413, 15.828623511181453 ], [ -87.915852388853395, 15.829005483777326 ], [ -87.915403009328841, 15.829069145876637 ], [ -87.914930271076429, 15.829118594217254 ], [ -87.914624492313578, 15.829200268647988 ], [ -87.911141480934361, 15.830473155734762 ], [ -87.910788349896379, 15.830540861297107 ], [ -87.910725743837631, 15.830563198370506 ], [ -87.910471241915786, 15.829742000992619 ], [ -87.910377267726304, 15.829124316430384 ], [ -87.90844983025616, 15.828915634348567 ], [ -87.908594026363929, 15.827927125278304 ], [ -87.908727958794785, 15.827413429114412 ], [ -87.908807443562822, 15.826909552241306 ], [ -87.908864388863719, 15.82690451807218 ], [ -87.910556929932795, 15.827236214220612 ], [ -87.912771591484443, 15.827722560785862 ], [ -87.913232678714735, 15.827809340158003 ], [ -87.913237341611662, 15.827744579236239 ], [ -87.913264651313682, 15.827207351305248 ], [ -87.913258846994026, 15.827017947488589 ], [ -87.913270595057824, 15.826938211574632 ], [ -87.913280113130071, 15.826871581633755 ], [ -87.913341974215413, 15.826683690243877 ], [ -87.913545599788876, 15.826329645275608 ], [ -87.914623623625388, 15.82520483682565 ], [ -87.914945079177215, 15.824683350867131 ], [ -87.915245937573786, 15.824153687088948 ], [ -87.915772001568811, 15.824515692639929 ], [ -87.916617929771363, 15.825019828446909 ], [ -87.917133120498377, 15.825110861231199 ], [ -87.918100202772692, 15.825057710897301 ], [ -87.919035049131381, 15.825053753826021 ], [ -87.919787885559572, 15.825138861073828 ], [ -87.920308735805222, 15.825110861231202 ], [ -87.920828437170115, 15.82501838879301 ], [ -87.921632876256481, 15.8247116234998 ], [ -87.921907777946856, 15.824633395486394 ], [ -87.922342178153926, 15.824483602311537 ], [ -87.922652094865754, 15.824365946004086 ], [ -87.92295633017082, 15.824243933231779 ], [ -87.923210978568065, 15.824213974596805 ], [ -87.923390730377875, 15.824086650398163 ], [ -87.923716350520962, 15.823453504155022 ], [ -87.924194066537638, 15.823208654325997 ], [ -87.924963558713813, 15.822974436074897 ], [ -87.925517793460756, 15.822712298018908 ], [ -87.925923240979714, 15.822390057976973 ], [ -87.927172957780201, 15.821435533501477 ], [ -87.927592428932442, 15.821135724853605 ], [ -87.928416887008396, 15.820464471451007 ], [ -87.928684050380014, 15.820300531602278 ], [ -87.929392962107087, 15.819508346080779 ], [ -87.931664012564283, 15.816289580345677 ], [ -87.934225828046465, 15.813099894727612 ], [ -87.935336419785159, 15.811660294371356 ], [ -87.937662810905152, 15.806882247830814 ], [ -87.937853060708292, 15.806634566448686 ], [ -87.938162659389491, 15.806504829249493 ], [ -87.939111524078498, 15.806287476396516 ], [ -87.93995723708241, 15.80619402717409 ], [ -87.941071034674067, 15.805952560619776 ], [ -87.941720314716079, 15.805856413376114 ], [ -87.942350347211445, 15.805845391356431 ], [ -87.943165952914512, 15.805893888238543 ], [ -87.943225519623169, 15.805999699577375 ], [ -87.944128184362, 15.809054978125449 ], [ -87.945234320100525, 15.811646327226798 ], [ -87.944137349213904, 15.811744290490571 ], [ -87.940416719562648, 15.814072059907382 ], [ -87.937026002861714, 15.817404954920629 ], [ -87.933873546364936, 15.822730421379234 ], [ -87.933433669131816, 15.82414111725789 ], [ -87.933305371605485, 15.824952262930584 ], [ -87.93314041764306, 15.826380576746587 ], [ -87.93314041764306, 15.827191713432562 ], [ -87.932957135462615, 15.828055746756499 ], [ -87.932718868627987, 15.828426045621681 ], [ -87.932590571101656, 15.828708177634985 ], [ -87.932114037432456, 15.829272440479981 ], [ -87.931528244601523, 15.829975394584487 ], [ -87.929181522544965, 15.830616966690345 ], [ -87.928831700782283, 15.830164289041686 ], [ -87.928439229714087, 15.829761760890321 ], [ -87.928113903843752, 15.829554571311657 ], [ -87.927843562627572, 15.829453180589361 ], [ -87.927412849503483, 15.829413505945055 ], [ -87.926986718433881, 15.829422322533352 ], [ -87.926400215456411, 15.829448772295944 ], [ -87.926158159283119, 15.829458608131254 ], [ -87.924418501471948, 15.829318797022747 ], [ -87.923363778280191, 15.829290177209106 ], [ -87.922816164757862, 15.829209728969451 ], [ -87.922435798888074, 15.829024207924183 ], [ -87.922239709959683, 15.828853651800436 ], [ -87.922098764244666, 15.828649724987052 ], [ -87.922050081462828, 15.828544869764656 ], [ -87.921993909022262, 15.828413800736664 ], [ -87.921928130252908, 15.828289387786134 ], [ -87.921847944298946, 15.828168158983715 ], [ -87.921754012181452, 15.82744960131647 ], [ -87.921566147946464, 15.827222571829155 ], [ -87.921282060566753, 15.827196121775216 ] ] ] ] } },
{ "type": "Feature", "properties": { "Dialgeo": 201022, "Dial": 6, "VERSION": "Capa actual", "ID_MAPA": "actual_137", "layer": "Capa actual", "path": "C:\\Users\\said.calderon\\Downloads\\Capa actual.geojson" }, "geometry": { "type": "MultiPolygon", "coordinates": [ [ [ [ -87.965756804847018, 15.801969108307269 ], [ -87.953493903783809, 15.805960020331804 ], [ -87.952978627240327, 15.806193855662235 ], [ -87.951853075140377, 15.805769255598527 ], [ -87.951567317150605, 15.805604951906565 ], [ -87.951076253919723, 15.805549745010373 ], [ -87.95097139869732, 15.804845717088575 ], [ -87.951023323960143, 15.804456722705661 ], [ -87.951487707307521, 15.802594948400214 ], [ -87.95148641841439, 15.802319028046519 ], [ -87.951144520166224, 15.802337080490199 ], [ -87.950864930952193, 15.802272081924777 ], [ -87.950855876005193, 15.802774306941302 ], [ -87.950157630359399, 15.803378880286258 ], [ -87.949169316003861, 15.804117163511741 ], [ -87.948452856596788, 15.804484514870204 ], [ -87.948046686958378, 15.804650985961267 ], [ -87.947717141973698, 15.804553620397611 ], [ -87.94732393488971, 15.804355144440935 ], [ -87.946870810535785, 15.804044323603121 ], [ -87.946676079408476, 15.803804654523361 ], [ -87.946442575932679, 15.803632391404387 ], [ -87.945460035162128, 15.803162075789819 ], [ -87.943336604498228, 15.802487007491198 ], [ -87.942414463583972, 15.802261784822404 ], [ -87.941407636159823, 15.801954557163718 ], [ -87.939403620769468, 15.801153315328504 ], [ -87.936974997748592, 15.799854596621559 ], [ -87.934317854856332, 15.797128838311181 ], [ -87.93138801895779, 15.794580805465515 ], [ -87.929771919626546, 15.794420112118964 ], [ -87.923821259590667, 15.794881143185016 ], [ -87.92125824650077, 15.793992459146319 ], [ -87.916600463132482, 15.792068306070661 ], [ -87.915909081968337, 15.791048144772555 ], [ -87.915407833075619, 15.788287585924502 ], [ -87.915147624008156, 15.786952155792489 ], [ -87.914800678861852, 15.785241122001933 ], [ -87.913911065914064, 15.781388484242186 ], [ -87.91345626506957, 15.779148060008213 ], [ -87.913239424180006, 15.777937772257294 ], [ -87.91232869244385, 15.775725848392835 ], [ -87.911764906130969, 15.774014720928889 ], [ -87.911374592529768, 15.772512255643537 ], [ -87.910984278928566, 15.771134986022536 ], [ -87.91063733350525, 15.770675894070994 ], [ -87.910550597149438, 15.770258536849887 ], [ -87.910247019904034, 15.769715971178893 ], [ -87.909900074480746, 15.769006460035234 ], [ -87.909596497235356, 15.768839515876149 ], [ -87.909271235900988, 15.768359550653651 ], [ -87.909206183634154, 15.768046529244691 ], [ -87.909011026833525, 15.767566562146429 ], [ -87.908772501855026, 15.767211803126743 ], [ -87.908772501855026, 15.766877911718121 ], [ -87.908642397321273, 15.766251863846218 ], [ -87.908121979186319, 15.765250183234006 ], [ -87.907905138296769, 15.764206760672375 ], [ -87.907558192873452, 15.763121595517939 ], [ -87.907514824695554, 15.761660787110126 ], [ -87.907428088339728, 15.759239995747579 ], [ -87.907341351983888, 15.756109619295364 ], [ -87.907254615628077, 15.754147892122724 ], [ -87.907428088339728, 15.752144406516624 ], [ -87.907428088339728, 15.747886933993552 ], [ -87.907948506474682, 15.74204319900376 ], [ -87.90829545189797, 15.739705657962039 ], [ -87.908815870032925, 15.73528095311873 ], [ -87.910377124437773, 15.735280953118734 ], [ -87.912805742400877, 15.735030495248319 ], [ -87.915060887652345, 15.734863523163343 ], [ -87.917055823836321, 15.73494700922296 ], [ -87.920265069001843, 15.734696550941271 ], [ -87.922606950609136, 15.734696550941267 ], [ -87.925816195774644, 15.7345295785821 ], [ -87.92789786831446, 15.734279119786301 ], [ -87.929632595430974, 15.734195633452497 ], [ -87.933535731443115, 15.734112147084405 ], [ -87.935010249492123, 15.734112147084408 ], [ -87.93839296736931, 15.734362606085849 ], [ -87.940387903553287, 15.746133831140952 ], [ -87.944551248632891, 15.745716423470583 ], [ -87.952357520657159, 15.745883386641619 ], [ -87.963112828779487, 15.74538249671698 ], [ -87.973694664190162, 15.74579990507325 ], [ -87.982628508840165, 15.746384275331636 ], [ -87.97959273638628, 15.753647022573926 ], [ -87.975082445883359, 15.761326886569433 ], [ -87.973607927834351, 15.764832814853081 ], [ -87.966582283012499, 15.766794438780119 ], [ -87.960554106282657, 15.768296946410477 ], [ -87.956211025108516, 15.76940789895397 ], [ -87.957972842755368, 15.775669198353658 ], [ -87.95867849846374, 15.777860753680557 ], [ -87.959190362959902, 15.780054946650743 ], [ -87.959594909366075, 15.781388256633146 ], [ -87.959888160854831, 15.783328357095742 ], [ -87.960927963788166, 15.786166508184666 ], [ -87.961047798328053, 15.78724501904359 ], [ -87.961167632867927, 15.788203695362641 ], [ -87.961467219217639, 15.789402040761445 ], [ -87.961631991710007, 15.790106068683242 ], [ -87.9617068882974, 15.791019807049828 ], [ -87.962111329869529, 15.791933545416425 ], [ -87.962306060996795, 15.792877242417985 ], [ -87.963003957922751, 15.795092023074627 ], [ -87.963755414862675, 15.797067264327067 ], [ -87.964159086071646, 15.797990056170784 ], [ -87.964343400827758, 15.798355193825858 ], [ -87.964484347405971, 15.798636870995635 ], [ -87.964740145102155, 15.799115040168207 ], [ -87.965308151087825, 15.800491175168144 ], [ -87.965756804847018, 15.801969108307269 ] ] ] ] } },
{ "type": "Feature", "properties": { "Dialgeo": 201020, "Dial": 9, "VERSION": "Capa actual", "ID_MAPA": "actual_138", "layer": "Capa actual", "path": "C:\\Users\\said.calderon\\Downloads\\Capa actual.geojson" }, "geometry": { "type": "MultiPolygon", "coordinates": [ [ [ [ -87.952665266714419, 15.806732743661387 ], [ -87.945392173792797, 15.811620819745514 ], [ -87.94396325530802, 15.80831591946731 ], [ -87.943222232568274, 15.805846837555027 ], [ -87.941770352932096, 15.805800648578245 ], [ -87.940778517965001, 15.805989055675074 ], [ -87.940150075146562, 15.806121258269181 ], [ -87.939287243770394, 15.806222344088836 ], [ -87.938550886857016, 15.80635319554289 ], [ -87.937833713000259, 15.806609650331266 ], [ -87.937140799186494, 15.807688045669176 ], [ -87.936194947629318, 15.809696063109472 ], [ -87.935919157160697, 15.810458809845356 ], [ -87.935461641008061, 15.811368580353992 ], [ -87.934866803831738, 15.812165811196156 ], [ -87.933971537595397, 15.813328556448432 ], [ -87.932628366495848, 15.815017483902206 ], [ -87.930835100311896, 15.817383164054812 ], [ -87.930264192961531, 15.818191277969829 ], [ -87.929359891536208, 15.819501517662406 ], [ -87.928800912128736, 15.820047486475877 ], [ -87.928395065485958, 15.820424483524045 ], [ -87.927642477039143, 15.821015425916663 ], [ -87.926833121291338, 15.821659034460216 ], [ -87.925711141214649, 15.822499882150677 ], [ -87.924812767580235, 15.823000381142652 ], [ -87.923826680612819, 15.823276889980475 ], [ -87.923593576656529, 15.823537670065221 ], [ -87.923252052255492, 15.824064444810336 ], [ -87.922884777998803, 15.82415832531384 ], [ -87.921908993995771, 15.82447126001072 ], [ -87.920790908158963, 15.824909367772536 ], [ -87.919847650289356, 15.82499281676237 ], [ -87.918980286731099, 15.824961523395212 ], [ -87.917462400504135, 15.825003247883677 ], [ -87.916990771569345, 15.825003247883673 ], [ -87.916639760379397, 15.824846781007526 ], [ -87.916264354589302, 15.824705960715507 ], [ -87.915814409743462, 15.82437737965255 ], [ -87.915302123141885, 15.824080091563951 ], [ -87.915467464320159, 15.82387146808283 ], [ -87.914285681472066, 15.82301610955934 ], [ -87.913358686669184, 15.822358941406165 ], [ -87.913257042502238, 15.821967768872222 ], [ -87.913473883391788, 15.820611698228607 ], [ -87.913559264492022, 15.820027541917925 ], [ -87.913553843469799, 15.819114794304065 ], [ -87.913423738936075, 15.818322004461963 ], [ -87.913103898623973, 15.817430112174696 ], [ -87.913686658514678, 15.816626884175568 ], [ -87.914564864117423, 15.816317849176803 ], [ -87.915602989876191, 15.816371310961422 ], [ -87.915650423820765, 15.81629046630604 ], [ -87.915536582353738, 15.816021853186751 ], [ -87.914677350328873, 15.815239482845527 ], [ -87.916422919489833, 15.813528689156261 ], [ -87.916544246079837, 15.812395293101078 ], [ -87.916559225397322, 15.810687650907777 ], [ -87.916544246079837, 15.809519264143942 ], [ -87.917338149906556, 15.808066270347881 ], [ -87.918566453940343, 15.807646849458299 ], [ -87.919465212989451, 15.806957800853993 ], [ -87.924198677314735, 15.795109160723271 ], [ -87.925996195412935, 15.79480957437357 ], [ -87.928273051670672, 15.794749657103635 ], [ -87.929531314339428, 15.794809574373573 ], [ -87.930130487038824, 15.794749657103628 ], [ -87.931089163357882, 15.794929408913454 ], [ -87.932130331427643, 15.795481021051003 ], [ -87.933951794899968, 15.797150237065868 ], [ -87.935296208415267, 15.798276950098337 ], [ -87.93664062193055, 15.799820954072214 ], [ -87.939120739040604, 15.801418046000741 ], [ -87.941153463073732, 15.802203920421844 ], [ -87.942842589527245, 15.802638080207096 ], [ -87.944371621252102, 15.802962551780295 ], [ -87.946289667741894, 15.803594355912793 ], [ -87.946598576593473, 15.803835825437679 ], [ -87.946986900246301, 15.80421284092483 ], [ -87.947844796714136, 15.804625059781133 ], [ -87.948130190893423, 15.804712110866939 ], [ -87.948755971411231, 15.804455526967326 ], [ -87.949954840806726, 15.80364458421381 ], [ -87.950829028914313, 15.802879204492106 ], [ -87.950892757280528, 15.802733633323182 ], [ -87.950884324714011, 15.802514740144092 ], [ -87.950900624890039, 15.802343594666448 ], [ -87.951454481686227, 15.802355405556684 ], [ -87.951353371293209, 15.802804785081234 ], [ -87.951042550455384, 15.803961937356954 ], [ -87.950867922564896, 15.805105757126816 ], [ -87.950972578151323, 15.80554678058656 ], [ -87.951977373266487, 15.805895565030999 ], [ -87.952879938502193, 15.806322052304923 ], [ -87.952665266714419, 15.806732743661387 ] ] ] ] } },
{ "type": "Feature", "properties": { "Dialgeo": 201037, "Dial": 10, "VERSION": "Capa actual", "ID_MAPA": "actual_139", "layer": "Capa actual", "path": "C:\\Users\\said.calderon\\Downloads\\Capa actual.geojson" }, "geometry": { "type": "MultiPolygon", "coordinates": [ [ [ [ -88.012459038966171, 15.786660029278393 ], [ -88.008824503039349, 15.786207608326539 ], [ -88.008384625806244, 15.786172334439492 ], [ -88.008494595114513, 15.785413944383059 ], [ -88.008641220858877, 15.784302809640891 ], [ -88.008797010712271, 15.783218124612453 ], [ -88.008946000613776, 15.779304441239487 ], [ -88.01076768002757, 15.776936149345739 ], [ -88.015037768957129, 15.773332231812901 ], [ -88.020169670010176, 15.768322960352032 ], [ -88.023648028867569, 15.763121595518358 ], [ -88.026597064965628, 15.760408657251148 ], [ -88.029415996529934, 15.758947829321128 ], [ -88.036571745885496, 15.755107888639102 ], [ -88.03730900491, 15.755733970878595 ], [ -88.040518250075522, 15.760492132815381 ], [ -88.038653418425284, 15.764958025457899 ], [ -88.036820856105535, 15.769972153169634 ], [ -88.040594144386887, 15.770707195828368 ], [ -88.045928430270138, 15.77187579129939 ], [ -88.046452334689008, 15.77206228737195 ], [ -88.046324037162663, 15.772820727369323 ], [ -88.045884159929543, 15.774690358041761 ], [ -88.045590908440801, 15.775730994063355 ], [ -88.045737534185179, 15.776718711449643 ], [ -88.045865831711509, 15.777194930613449 ], [ -88.046214067854393, 15.777671148658932 ], [ -88.046470662907041, 15.778059177350583 ], [ -88.047020509448444, 15.778411930062287 ], [ -88.048046889659062, 15.77897633312458 ], [ -88.048519678900419, 15.77941933040997 ], [ -88.048963300561383, 15.779964034703234 ], [ -88.049109926305746, 15.780581345746516 ], [ -88.049073269869666, 15.780969368868824 ], [ -88.048926644125288, 15.781375028611722 ], [ -88.048532624320174, 15.781854383862509 ], [ -88.039975947441405, 15.784720881306841 ], [ -88.033962330715497, 15.78563249793803 ], [ -88.026538725781379, 15.786533891490665 ], [ -88.012459038966171, 15.786660029278393 ] ] ] ] } },
{ "type": "Feature", "properties": { "Dialgeo": 201031, "Dial": 10, "VERSION": "Capa actual", "ID_MAPA": "actual_140", "layer": "Capa actual", "path": "C:\\Users\\said.calderon\\Downloads\\Capa actual.geojson" }, "geometry": { "type": "MultiPolygon", "coordinates": [ [ [ [ -87.985933447650154, 15.741226067190498 ], [ -87.987046625429684, 15.734926344530631 ], [ -87.987987154001615, 15.729966033548632 ], [ -88.002166393773294, 15.735118962110112 ], [ -88.005415329961806, 15.736632201703406 ], [ -88.012086568633052, 15.739977427324673 ], [ -88.021407469383817, 15.74504922657076 ], [ -88.029174260135136, 15.749520508870621 ], [ -88.036278153777502, 15.754704386479752 ], [ -88.035542331018007, 15.755424018062348 ], [ -88.02654788989031, 15.7602575970873 ], [ -88.023725344311131, 15.762444845915638 ], [ -88.019729792776985, 15.768124527157665 ], [ -88.016723965017349, 15.771052499486109 ], [ -88.01067565306198, 15.776590837594814 ], [ -88.008736774961122, 15.779174549652215 ], [ -88.008696205513019, 15.780396152630875 ], [ -88.00869620551299, 15.782680189233904 ], [ -88.008228835952849, 15.786123832834772 ], [ -88.004286917902377, 15.786215788586473 ], [ -87.998066817152775, 15.787261779050306 ], [ -87.996544612441625, 15.787973163790818 ], [ -87.989085012203077, 15.791723486861342 ], [ -87.978440538204325, 15.796796658322409 ], [ -87.977452398511389, 15.797887249267399 ], [ -87.97745902437164, 15.799268348824155 ], [ -87.976411240396644, 15.801114564966266 ], [ -87.974463589835182, 15.802606743670291 ], [ -87.970258710708038, 15.802315464917704 ], [ -87.965964286477259, 15.802298638545084 ], [ -87.965357131986494, 15.80029562860317 ], [ -87.964836713851525, 15.799168926802844 ], [ -87.964104875849245, 15.797614485324406 ], [ -87.963725404292518, 15.796581661905481 ], [ -87.963291722513389, 15.795392343565084 ], [ -87.962858040734261, 15.793869171280734 ], [ -87.96246772713306, 15.79259637469722 ], [ -87.96194730899812, 15.790175952574087 ], [ -87.961275102240464, 15.78706691966512 ], [ -87.960841420461335, 15.784396034513877 ], [ -87.959410270590226, 15.779095892581717 ], [ -87.957979120719102, 15.774546841381992 ], [ -87.957545438939974, 15.772793968732246 ], [ -87.956547970847993, 15.769872480655975 ], [ -87.956341972002889, 15.769517725667946 ], [ -87.958336908186865, 15.769058630056781 ], [ -87.960006583036503, 15.768724741687103 ], [ -87.961741310153002, 15.768286512368087 ], [ -87.963367616824712, 15.767827413971116 ], [ -87.966132341843874, 15.767076163553948 ], [ -87.970859437242297, 15.765865768912059 ], [ -87.973439876144894, 15.76516670962649 ], [ -87.973872591224435, 15.764914292073284 ], [ -87.97636722815399, 15.760659083840443 ], [ -87.978931179405294, 15.75644749446608 ], [ -87.985933447650154, 15.741226067190498 ] ] ] ] } },
{ "type": "Feature", "properties": { "Dialgeo": 201051, "Dial": 12, "VERSION": "Capa actual", "ID_MAPA": "actual_141", "layer": "Capa actual", "path": "C:\\Users\\said.calderon\\Downloads\\Capa actual.geojson" }, "geometry": { "type": "MultiPolygon", "coordinates": [ [ [ [ -88.253753438371973, 15.655693689201472 ], [ -88.245953556234568, 15.657872400837642 ], [ -88.23935539773791, 15.659072465810334 ], [ -88.223340955420284, 15.661531924880569 ], [ -88.211699622163962, 15.665393146052617 ], [ -88.20170170476878, 15.669862798511273 ], [ -88.195893211950818, 15.673956004224793 ], [ -88.192091707663167, 15.678735958612997 ], [ -88.186575270354354, 15.685837775840259 ], [ -88.184756392740397, 15.688494386329923 ], [ -88.185194139274628, 15.691151836479721 ], [ -88.187107920495293, 15.693392071558636 ], [ -88.190825861394188, 15.695879879639087 ], [ -88.20380925072817, 15.70559960223539 ], [ -88.212066541515313, 15.712096893744302 ], [ -88.209307716142149, 15.713927371439057 ], [ -88.20074328447987, 15.70853951914761 ], [ -88.179328637251118, 15.693558337853499 ], [ -88.17365331857809, 15.689262583524462 ], [ -88.151753760174344, 15.668365426071974 ], [ -88.1474426514215, 15.663355382166554 ], [ -88.170965083988648, 15.65174319075134 ], [ -88.19357390633121, 15.64302488474387 ], [ -88.205899811104814, 15.63840600253496 ], [ -88.218072662690858, 15.632841505422162 ], [ -88.229688694610005, 15.627174871316779 ], [ -88.248798763701757, 15.619476181378452 ], [ -88.253904489115271, 15.628014638257666 ], [ -88.254221014465358, 15.628286863271391 ], [ -88.255629996227668, 15.629738621459474 ], [ -88.255515444864884, 15.630104868860107 ], [ -88.255694144990912, 15.630458980934906 ], [ -88.254941542537395, 15.631127489911675 ], [ -88.255917233769978, 15.632030690611808 ], [ -88.255877999928217, 15.632057717624802 ], [ -88.255761443916583, 15.632090260350008 ], [ -88.255047788926404, 15.632416790458951 ], [ -88.254113049806037, 15.633016898490482 ], [ -88.253464689092652, 15.633212153849453 ], [ -88.25345323395635, 15.634018545478167 ], [ -88.253607182017234, 15.634454788725204 ], [ -88.254983606132157, 15.634031328513949 ], [ -88.259015158765195, 15.638368718341269 ], [ -88.262155700987506, 15.642200317579288 ], [ -88.265299608951935, 15.647437129757789 ], [ -88.26750754065705, 15.652013158927183 ], [ -88.253753438371973, 15.655693689201472 ] ] ] ] } },
{ "type": "Feature", "properties": { "Dialgeo": 201046, "Dial": 13, "VERSION": "Capa actual", "ID_MAPA": "actual_142", "layer": "Capa actual", "path": "C:\\Users\\said.calderon\\Downloads\\Capa actual.geojson" }, "geometry": { "type": "MultiPolygon", "coordinates": [ [ [ [ -88.046612445389684, 15.771853140920252 ], [ -88.038582044655158, 15.770073411169006 ], [ -88.037077451158183, 15.769848684652869 ], [ -88.037975530858191, 15.767238192651197 ], [ -88.040706439397368, 15.760553052342885 ], [ -88.037443785266419, 15.75541497178922 ], [ -88.040810076545554, 15.752636692278136 ], [ -88.045973086459682, 15.750054358026905 ], [ -88.051553751276074, 15.746549154482707 ], [ -88.053974303976986, 15.744798290882244 ], [ -88.055761038688928, 15.743050472708084 ], [ -88.05776058685241, 15.741608521656167 ], [ -88.06007698929335, 15.740165013477197 ], [ -88.063551529862295, 15.737999708485987 ], [ -88.066282353078421, 15.735019556888426 ], [ -88.069226481688446, 15.732447545342083 ], [ -88.071012441543488, 15.730597313646159 ], [ -88.07258712656656, 15.728748107558102 ], [ -88.075949263795351, 15.725355527915202 ], [ -88.078044416853302, 15.722071466852181 ], [ -88.080203748221948, 15.717244269435339 ], [ -88.084455894808741, 15.703835200652103 ], [ -88.088155241952379, 15.696282639832022 ], [ -88.10349842419852, 15.68508073202239 ], [ -88.117024472141793, 15.675211517411022 ], [ -88.123472631196137, 15.671117024187279 ], [ -88.131111144838329, 15.668605298983966 ], [ -88.137207979479015, 15.667324318505569 ], [ -88.141583537038869, 15.66571898083262 ], [ -88.146902323963147, 15.663692157126182 ], [ -88.151919145376326, 15.669163152091535 ], [ -88.167653988964048, 15.684041329621444 ], [ -88.171175858496241, 15.687046155588481 ], [ -88.16996619610515, 15.687707862456479 ], [ -88.168115046082434, 15.686984396171292 ], [ -88.158639357352371, 15.683349380400367 ], [ -88.155010370179141, 15.682078874179632 ], [ -88.151958721874365, 15.681549494253204 ], [ -88.150492464430656, 15.681364210954548 ], [ -88.149365279020785, 15.681337741898146 ], [ -88.145012327234724, 15.681408326040911 ], [ -88.140980119264455, 15.681902414356735 ], [ -88.138634107354505, 15.682449439311094 ], [ -88.138120917249196, 15.682678836436219 ], [ -88.137094537038578, 15.682996462799156 ], [ -88.132897375105898, 15.684019922161156 ], [ -88.127930428015276, 15.685255124899763 ], [ -88.125924293048172, 15.686114255675383 ], [ -88.120099734074927, 15.687645145815491 ], [ -88.115563013296381, 15.691376651973714 ], [ -88.111947586352201, 15.696957548351344 ], [ -88.109968745289166, 15.70182374023651 ], [ -88.108537172277366, 15.706775434771455 ], [ -88.108960722337002, 15.71165138358112 ], [ -88.11022946496378, 15.716302512473057 ], [ -88.108080967870748, 15.721460886215882 ], [ -88.105258110650453, 15.724097545520307 ], [ -88.098171758864652, 15.728547989659106 ], [ -88.088983274331511, 15.73203749430763 ], [ -88.084071954366863, 15.734181005784503 ], [ -88.081354907505144, 15.73754965674676 ], [ -88.079007546305192, 15.741887680793681 ], [ -88.07720428804349, 15.745693232510238 ], [ -88.076314954446119, 15.749935729251 ], [ -88.070130416568503, 15.75279159244044 ], [ -88.057392912584632, 15.757886548637146 ], [ -88.049762248062919, 15.763309412798993 ], [ -88.046224582612908, 15.766858215046877 ], [ -88.045501512628761, 15.768097810451604 ], [ -88.046612445389684, 15.771853140920252 ] ] ] ] } },
{ "type": "Feature", "properties": { "Dialgeo": 201101, "Dial": 17, "VERSION": "Capa actual", "ID_MAPA": "actual_143", "layer": "Capa actual", "path": "C:\\Users\\said.calderon\\Downloads\\Capa actual.geojson" }, "geometry": { "type": "MultiPolygon", "coordinates": [ [ [ [ -87.845655539925346, 15.722340226162318 ], [ -87.843487131029704, 15.722966409318834 ], [ -87.842402926581897, 15.723383863686198 ], [ -87.841492194845728, 15.72355084519339 ], [ -87.840841672177035, 15.723717826563567 ], [ -87.83923704959426, 15.724093534145537 ], [ -87.832653647017324, 15.725268438578233 ], [ -87.832168036594538, 15.722486335737825 ], [ -87.831474145747933, 15.722423717361163 ], [ -87.830108048143671, 15.722486335737825 ], [ -87.82809142787076, 15.722736809051806 ], [ -87.826465121199021, 15.722799427332143 ], [ -87.824600289548783, 15.723008154794108 ], [ -87.823234191944522, 15.723196009326843 ], [ -87.821087467137843, 15.723571717872149 ], [ -87.818572112818913, 15.723884807796734 ], [ -87.815948338055193, 15.724135279389605 ], [ -87.814148558671832, 15.724197897239641 ], [ -87.812890881512374, 15.724177024625112 ], [ -87.811568152086039, 15.724281387676417 ], [ -87.810071949948039, 15.724323132881949 ], [ -87.80842395918738, 15.724114406768642 ], [ -87.806667547981917, 15.723968298361962 ], [ -87.802877879824678, 15.722935678720463 ], [ -87.800205689472946, 15.723968298361946 ], [ -87.797733703331915, 15.724636221650515 ], [ -87.795738767147938, 15.724803202130129 ], [ -87.793613726430223, 15.724010043631713 ], [ -87.791401949356683, 15.722298480550053 ], [ -87.790231008553036, 15.72016944297131 ], [ -87.785005143114603, 15.71056762433286 ], [ -87.782056107016544, 15.7094404246271 ], [ -87.780494852611696, 15.709189934956539 ], [ -87.778456548249792, 15.709690913989636 ], [ -87.774510044059767, 15.711527826569627 ], [ -87.77242837151995, 15.715243349096355 ], [ -87.771907953384996, 15.717372438192443 ], [ -87.771691112495432, 15.721296583287009 ], [ -87.773729416857321, 15.724344005481511 ], [ -87.775637616685486, 15.727516615719228 ], [ -87.776244771176252, 15.728768948248126 ], [ -87.776288139354179, 15.730480456903868 ], [ -87.775550880329661, 15.732233694742144 ], [ -87.773946257746886, 15.732859847450598 ], [ -87.771907953384996, 15.73365297144734 ], [ -87.769479335421892, 15.733444254905962 ], [ -87.764448626784031, 15.732901590895954 ], [ -87.758940868189129, 15.731064871195688 ], [ -87.756902563827239, 15.731315333949622 ], [ -87.755341309422391, 15.732525899579302 ], [ -87.754690786753699, 15.733694714729909 ], [ -87.754690786753685, 15.735155724222079 ], [ -87.755297941244464, 15.736574980534991 ], [ -87.757206141072615, 15.738870815361723 ], [ -87.759374549968243, 15.741542299614826 ], [ -87.762236849710476, 15.744380713163958 ], [ -87.76527262216436, 15.748554778720692 ], [ -87.765619567587649, 15.751643532027337 ], [ -87.764318522250278, 15.756652221337916 ], [ -87.763537895047847, 15.758989567407411 ], [ -87.764665467673566, 15.762245111734778 ], [ -87.767137453814584, 15.76437370864272 ], [ -87.768958917286909, 15.765083235984628 ], [ -87.770173226268469, 15.766502283226734 ], [ -87.771864585207084, 15.769298611983102 ], [ -87.772385003342023, 15.77130192829279 ], [ -87.772298266986212, 15.773305224819852 ], [ -87.77286205329905, 15.774765949398081 ], [ -87.773881205479995, 15.775746715711836 ], [ -87.775659300774407, 15.775871919580723 ], [ -87.777651719934468, 15.77504103637453 ], [ -87.781082527636727, 15.767355444232837 ], [ -87.781167826404968, 15.762034976434217 ], [ -87.781479092438786, 15.760550352761335 ], [ -87.782689126994654, 15.759267122718301 ], [ -87.784430514620595, 15.758800460066677 ], [ -87.786176224596645, 15.759459186473705 ], [ -87.786761414013029, 15.760531336252573 ], [ -87.786818375239179, 15.761605393034161 ], [ -87.784984890374403, 15.765602127635173 ], [ -87.782673357046306, 15.768935547841624 ], [ -87.780267049168145, 15.775133986110374 ], [ -87.781254337963134, 15.777739366819956 ], [ -87.788303544318026, 15.783699107954025 ], [ -87.789846288240724, 15.786455893278832 ], [ -87.79012074538619, 15.789114966838001 ], [ -87.791074473790175, 15.789827671968956 ], [ -87.793765515052939, 15.788204121799085 ], [ -87.795413505813642, 15.787452943123299 ], [ -87.796931392040563, 15.787411210893 ], [ -87.799490114537406, 15.787536407558118 ], [ -87.800617687163125, 15.787953729216552 ], [ -87.801571787077222, 15.789289152748047 ], [ -87.801875364322612, 15.790666299046759 ], [ -87.801441682543484, 15.792126898528675 ], [ -87.800400846273575, 15.793796142184824 ], [ -87.798926328224539, 15.794922873876642 ], [ -87.79636760572771, 15.794964604559683 ], [ -87.794546142255385, 15.795173257845892 ], [ -87.793071624206348, 15.796425173049172 ], [ -87.793331833273811, 15.801474485812115 ], [ -87.796888024683341, 15.807692062848977 ], [ -87.797625282887168, 15.808401437274423 ], [ -87.79797222777556, 15.809945362400407 ], [ -87.797061498899325, 15.811572734956517 ], [ -87.795370137635715, 15.811990005644908 ], [ -87.794459405899559, 15.812156914252689 ], [ -87.792204637307435, 15.812156819634165 ], [ -87.732571618255463, 15.748637858012904 ], [ -87.724102048052657, 15.739122441251098 ], [ -87.744102850577278, 15.716124458675552 ], [ -87.77355252216762, 15.686364559462799 ], [ -87.774723120558804, 15.685222199246724 ], [ -87.798904644135547, 15.718541340386006 ], [ -87.803241461926831, 15.718750072214347 ], [ -87.803067989215194, 15.715159854952688 ], [ -87.802807780147702, 15.712863752586236 ], [ -87.803024621037267, 15.709983151189984 ], [ -87.803718511883858, 15.707645241848752 ], [ -87.8058869207795, 15.705641298202591 ], [ -87.809313006834586, 15.70380433254668 ], [ -87.81377992915958, 15.702050849882516 ], [ -87.823877470899276, 15.700043874055131 ], [ -87.826724310160202, 15.698856554310295 ], [ -87.831250140838051, 15.695002751311382 ], [ -87.836456631262692, 15.689765069383345 ], [ -87.837929511903951, 15.688378242221875 ], [ -87.838336339398339, 15.687788399123992 ], [ -87.838426656498896, 15.687276501565652 ], [ -87.838425768508287, 15.687059095638709 ], [ -87.83826709672752, 15.686995759893001 ], [ -87.838069187879583, 15.68702209587082 ], [ -87.837740209533081, 15.687279131877656 ], [ -87.836701977465083, 15.688421308210602 ], [ -87.835412341190803, 15.689423763851085 ], [ -87.833949154866872, 15.689953688921708 ], [ -87.832339140276488, 15.690087710694305 ], [ -87.830278112009026, 15.689686303784653 ], [ -87.824983487931902, 15.686176626788923 ], [ -87.822339213493933, 15.685163477602066 ], [ -87.820016890056309, 15.68542797240144 ], [ -87.814325890591377, 15.688416246071265 ], [ -87.811804641690813, 15.691801876666513 ], [ -87.808445643276343, 15.692155914995935 ], [ -87.807057861583147, 15.691696644753767 ], [ -87.805843551360212, 15.690861605944761 ], [ -87.804629243620042, 15.688398218994212 ], [ -87.804412402730478, 15.685433765526998 ], [ -87.804412402730478, 15.683220835566244 ], [ -87.804976189043359, 15.681926469182782 ], [ -87.8063206025586, 15.681508929888489 ], [ -87.808277807140598, 15.681225759119926 ], [ -87.812088483467178, 15.683462488309225 ], [ -87.814624243332759, 15.68375999311804 ], [ -87.816735142689012, 15.683445190098825 ], [ -87.819582415174594, 15.682411434429033 ], [ -87.821687968794947, 15.680766565463564 ], [ -87.828078279122522, 15.667953646242001 ], [ -87.829855677473077, 15.663547558781342 ], [ -87.829317797516552, 15.661094139257635 ], [ -87.827196451602603, 15.658749012660063 ], [ -87.821641787560338, 15.656007520863749 ], [ -87.820633565486375, 15.654732412258799 ], [ -87.819363417520762, 15.653969832806469 ], [ -87.817884335184445, 15.653770736094073 ], [ -87.816200162803639, 15.655107059214046 ], [ -87.8144735033286, 15.659052460481282 ], [ -87.813276174239405, 15.663353973467366 ], [ -87.811805713484489, 15.665354494597763 ], [ -87.809485204977861, 15.66602810654943 ], [ -87.807319660930816, 15.665831478486796 ], [ -87.80615428205688, 15.664863815397167 ], [ -87.804846084509606, 15.663428659431954 ], [ -87.804499139086289, 15.662342957152358 ], [ -87.80467261179794, 15.661299007212991 ], [ -87.804889452687505, 15.659545159309888 ], [ -87.805800184423674, 15.658167125399554 ], [ -87.80840227509843, 15.65561982613805 ], [ -87.810071230586388, 15.653953224046914 ], [ -87.810353843104494, 15.651944977841612 ], [ -87.810896402284101, 15.64898807855589 ], [ -87.809991251454889, 15.647047511222624 ], [ -87.809356375012499, 15.645973208515787 ], [ -87.806710916159844, 15.642632282497084 ], [ -87.800249057650845, 15.638664862000851 ], [ -87.792789731049879, 15.638414285492614 ], [ -87.784593145424409, 15.640585938372096 ], [ -87.781904318393828, 15.641337658999939 ], [ -87.77830475962709, 15.641337658999943 ], [ -87.775225618995293, 15.6404188889687 ], [ -87.772493423786798, 15.639082488832857 ], [ -87.771235746627326, 15.637620791192782 ], [ -87.76984796386661, 15.635950266436529 ], [ -87.76924081044335, 15.633987383269215 ], [ -87.769674492860133, 15.63206624522047 ], [ -87.771582692050629, 15.627597440519185 ], [ -87.774748569038266, 15.622669113213579 ], [ -87.774531728148688, 15.619327806933214 ], [ -87.769717860400362, 15.615777609320986 ], [ -87.764192802093234, 15.611709542260224 ], [ -87.763231315346772, 15.608643507227129 ], [ -87.764173478959705, 15.606491667803919 ], [ -87.765960535980682, 15.604439194193423 ], [ -87.774184782725357, 15.611224912995185 ], [ -87.777784341492094, 15.61377276468067 ], [ -87.802070521123142, 15.63114743332939 ], [ -87.833271705140575, 15.654091813060017 ], [ -87.841883043574938, 15.66094389622479 ], [ -87.842886593786375, 15.67069788826166 ], [ -87.844087691784267, 15.680310424353527 ], [ -87.845300303788036, 15.692685268165837 ], [ -87.845612171747419, 15.6987943420537 ], [ -87.846132589882373, 15.704806315866415 ], [ -87.846826480728978, 15.709398676370064 ], [ -87.847346898863918, 15.715159854952688 ], [ -87.848561207845492, 15.721547058065111 ], [ -87.845655539925346, 15.722340226162318 ] ] ] ] } },
{ "type": "Feature", "properties": { "Dialgeo": 201107, "Dial": 18, "VERSION": "Capa actual", "ID_MAPA": "actual_144", "layer": "Capa actual", "path": "C:\\Users\\said.calderon\\Downloads\\Capa actual.geojson" }, "geometry": { "type": "MultiPolygon", "coordinates": [ [ [ [ -87.862716976130926, 15.775065743730199 ], [ -87.859614540421163, 15.772667581486685 ], [ -87.858160482975521, 15.771745368031155 ], [ -87.857485209176104, 15.77137701389624 ], [ -87.856890465582296, 15.770451522353406 ], [ -87.856215624375494, 15.769464488315156 ], [ -87.855525866167341, 15.768286512368219 ], [ -87.851427573354627, 15.769100366064487 ], [ -87.850620840116463, 15.770605359424373 ], [ -87.850458281785109, 15.772003155013927 ], [ -87.850379884953028, 15.772997779058665 ], [ -87.850510168798749, 15.774154642919381 ], [ -87.850573762351928, 15.775032008813799 ], [ -87.850793313752618, 15.776291873659932 ], [ -87.851500757154795, 15.777332625673017 ], [ -87.851484494088083, 15.780634826020879 ], [ -87.850329816351163, 15.782528480628576 ], [ -87.849288980081255, 15.783123178425724 ], [ -87.845109371934953, 15.782293731017861 ], [ -87.843987220331456, 15.785658449460273 ], [ -87.842848805661234, 15.792043435984853 ], [ -87.833936645100238, 15.79188694362243 ], [ -87.823072916533164, 15.791073181389168 ], [ -87.822824198536637, 15.786090642931141 ], [ -87.820430168191706, 15.767128330326226 ], [ -87.819909750056752, 15.753229630339904 ], [ -87.840570558226389, 15.744085471990701 ], [ -87.852313243104902, 15.748132257139687 ], [ -87.858128064020306, 15.749234843206848 ], [ -87.863304352602981, 15.749214400996312 ], [ -87.866364398065571, 15.748383785863782 ], [ -87.870583814213148, 15.746934647351724 ], [ -87.874375809494666, 15.744361746419075 ], [ -87.883854267190557, 15.737673456709771 ], [ -87.890303487172915, 15.739359274426191 ], [ -87.892921432827976, 15.741312720315724 ], [ -87.89378473061943, 15.748126940945262 ], [ -87.893749470203431, 15.749449758666435 ], [ -87.893917098933727, 15.751546393538501 ], [ -87.894159499892112, 15.753377358548157 ], [ -87.894378391374872, 15.755115702344552 ], [ -87.894649660170302, 15.756751522048496 ], [ -87.895299201272863, 15.760329644155993 ], [ -87.896374941540927, 15.76472447393505 ], [ -87.898516667374054, 15.771263367846064 ], [ -87.900553340294934, 15.77790497308211 ], [ -87.902008817916766, 15.782256623275812 ], [ -87.882284302047452, 15.780025985751481 ], [ -87.868614432646012, 15.775998232727288 ], [ -87.864882892634697, 15.775069935428444 ], [ -87.862716976130926, 15.775065743730199 ] ] ] ] } },
{ "type": "Feature", "properties": { "Dialgeo": 201066, "Dial": 14, "VERSION": "Capa actual", "ID_MAPA": "actual_145", "layer": "Capa actual", "path": "C:\\Users\\said.calderon\\Downloads\\Capa actual.geojson" }, "geometry": { "type": "MultiPolygon", "coordinates": [ [ [ [ -88.414751546981165, 15.561034864731745 ], [ -88.362413493095218, 15.616082118230663 ], [ -88.315209148245685, 15.642503208274679 ], [ -88.267887601750758, 15.651964057654553 ], [ -88.266701099063013, 15.649612939066586 ], [ -88.262668891092815, 15.642341512878607 ], [ -88.257023799934544, 15.63600527792234 ], [ -88.255007695949445, 15.633957873167889 ], [ -88.253669736032066, 15.634416776013859 ], [ -88.253495617960596, 15.634028473672684 ], [ -88.253486453851565, 15.63323421659017 ], [ -88.254100449156113, 15.633057714597868 ], [ -88.254993949785884, 15.632475256943767 ], [ -88.255351350037799, 15.632298754297231 ], [ -88.255762875808642, 15.632094948708295 ], [ -88.255876854414623, 15.632061854412195 ], [ -88.255924106851737, 15.632029587468343 ], [ -88.254977053459825, 15.631133005653234 ], [ -88.2557133323442, 15.630458705146948 ], [ -88.255548378381761, 15.630096870994672 ], [ -88.255658347690044, 15.629726210956299 ], [ -88.253953823411734, 15.627996455240737 ], [ -88.24893332355893, 15.619421648548469 ], [ -88.2500682411859, 15.619029732337545 ], [ -88.265014042945907, 15.610598433419367 ], [ -88.285633592659195, 15.599430506112959 ], [ -88.316011101557152, 15.582550681844511 ], [ -88.343273727175514, 15.568499177893148 ], [ -88.37965065942808, 15.547917487300017 ], [ -88.396547359812033, 15.553179390133414 ], [ -88.412773212296685, 15.560055824732936 ], [ -88.414751546981165, 15.561034864731745 ] ] ] ] } },
{ "type": "Feature", "properties": { "Dialgeo": 201023, "Dial": 5, "VERSION": "Capa actual", "ID_MAPA": "actual_146", "layer": "Capa actual", "path": "C:\\Users\\said.calderon\\Downloads\\Capa actual.geojson" }, "geometry": { "type": "MultiPolygon", "coordinates": [ [ [ [ -88.46543736649096, 15.518924850959669 ], [ -88.457528905469118, 15.525928219176816 ], [ -88.450852461427317, 15.49301946436217 ], [ -88.453778967792445, 15.47285126719234 ], [ -88.455334461197907, 15.461709654450015 ], [ -88.460511394623737, 15.450856876066565 ], [ -88.463115447756323, 15.444383132209506 ], [ -88.468393974553678, 15.434348388365992 ], [ -88.471235851695411, 15.429243082896253 ], [ -88.473891316529645, 15.424468849128258 ], [ -88.475606310975991, 15.420928356027064 ], [ -88.478733915398507, 15.415844062625917 ], [ -88.481227634648292, 15.410610522651018 ], [ -88.483095128798922, 15.406301775665426 ], [ -88.488701554877451, 15.393989197743787 ], [ -88.492126191974521, 15.3862943180259 ], [ -88.495517666892354, 15.381833022257785 ], [ -88.497611585074921, 15.379773097872109 ], [ -88.500128625381691, 15.377914890668952 ], [ -88.502727718683005, 15.376019343398564 ], [ -88.506822697587225, 15.373690099591673 ], [ -88.51029168571884, 15.372285659984644 ], [ -88.515478995247477, 15.367954172473551 ], [ -88.519252962772285, 15.365013157380275 ], [ -88.52743417488054, 15.35928005757293 ], [ -88.533404658903819, 15.354022217714034 ], [ -88.535910954415286, 15.35078280010746 ], [ -88.539523392858584, 15.347459009166746 ], [ -88.541989326976449, 15.349513361463455 ], [ -88.543208946193005, 15.348365873903282 ], [ -88.545492805876904, 15.34588609488374 ], [ -88.545974207673027, 15.343092844927185 ], [ -88.54580907566158, 15.342257388903109 ], [ -88.545606159206827, 15.340657847470073 ], [ -88.546182721823072, 15.340859364501004 ], [ -88.546247095319089, 15.341133651570885 ], [ -88.54739182400867, 15.341654237234133 ], [ -88.547249082778436, 15.342709402798882 ], [ -88.551306012449857, 15.343347540063496 ], [ -88.550767234276861, 15.345217170294921 ], [ -88.549994752324949, 15.345105216388848 ], [ -88.54969527562622, 15.346569013710759 ], [ -88.549282445597512, 15.348542901017225 ], [ -88.549148100910188, 15.349044594458819 ], [ -88.548947983303052, 15.350066173851749 ], [ -88.550626592182255, 15.353057442279669 ], [ -88.582350037947634, 15.375468670686002 ], [ -88.587522593008117, 15.378060960860131 ], [ -88.60461846252241, 15.386640115542408 ], [ -88.620314997243128, 15.397825722834948 ], [ -88.61397567245389, 15.404535184939645 ], [ -88.59978205377999, 15.417539393618886 ], [ -88.580730997525436, 15.431330015711376 ], [ -88.563956803836248, 15.440109301083439 ], [ -88.542819906369431, 15.456588916057555 ], [ -88.52204126140208, 15.471993773533367 ], [ -88.498754848938631, 15.492414166001298 ], [ -88.46543736649096, 15.518924850959669 ] ] ] ] } },
{ "type": "Feature", "properties": { "Dialgeo": 201143, "Dial": 3, "VERSION": "Capa actual", "ID_MAPA": "actual_147", "layer": "Capa actual", "path": "C:\\Users\\said.calderon\\Downloads\\Capa actual.geojson" }, "geometry": { "type": "MultiPolygon", "coordinates": [ [ [ [ -87.942868119370928, 15.865311463097601 ], [ -87.925987830550014, 15.86431536331092 ], [ -87.910091593223243, 15.862906342572451 ], [ -87.898687949769624, 15.866624896885874 ], [ -87.887211696525114, 15.877002840783673 ], [ -87.874258876089755, 15.887337970286966 ], [ -87.866806711550808, 15.889118168502094 ], [ -87.848841465036116, 15.890611482664211 ], [ -87.83365943214028, 15.897439651116969 ], [ -87.811225693251245, 15.901811156354642 ], [ -87.786730863277356, 15.899352626699432 ], [ -87.777648397789889, 15.89560641097048 ], [ -87.83541894107276, 15.870503443356645 ], [ -87.854861013451369, 15.861308576593865 ], [ -87.861152890129546, 15.859010947996723 ], [ -87.873989868379851, 15.857676100650936 ], [ -87.893765757041621, 15.858343574602207 ], [ -87.899396899241395, 15.858029440904996 ], [ -87.905701116991622, 15.858501919898849 ], [ -87.90994105171778, 15.858253958503129 ], [ -87.910732721291495, 15.858020440492082 ], [ -87.911536030620269, 15.858021309287707 ], [ -87.912085877161672, 15.858127093331253 ], [ -87.913964700451785, 15.858275258329776 ], [ -87.914560186597967, 15.85775684893613 ], [ -87.914780125214534, 15.856751896437839 ], [ -87.914816781650615, 15.856081925324128 ], [ -87.915707791593476, 15.855438985644277 ], [ -87.91732774752299, 15.854495142758072 ], [ -87.919050600019375, 15.854213046773035 ], [ -87.919453820816386, 15.85315518331619 ], [ -87.927115015959885, 15.85496236336564 ], [ -87.927380775121577, 15.853798717579892 ], [ -87.929332730343532, 15.854168969239746 ], [ -87.930615705606769, 15.847865782841509 ], [ -87.937067238359219, 15.849020647108679 ], [ -87.935654265784706, 15.855413848844771 ], [ -87.93785535173518, 15.855932063059949 ], [ -87.938231080205156, 15.854530404728477 ], [ -87.944627628303394, 15.855597076419814 ], [ -87.942868119370928, 15.865311463097601 ] ] ] ] } },
{ "type": "Feature", "properties": { "Dialgeo": 201064, "Dial": 13, "VERSION": "Capa actual", "ID_MAPA": "actual_148", "layer": "Capa actual", "path": "C:\\Users\\said.calderon\\Downloads\\Capa actual.geojson" }, "geometry": { "type": "MultiPolygon", "coordinates": [ [ [ [ -88.754951974808222, 15.296600377347792 ], [ -88.721617545309229, 15.316965498656458 ], [ -88.718057536292918, 15.318823649147594 ], [ -88.701145948231769, 15.300528564320024 ], [ -88.67972328416532, 15.298018375570468 ], [ -88.67562657716627, 15.296562195070198 ], [ -88.670803285597884, 15.293064164041898 ], [ -88.656397128462146, 15.279067245687402 ], [ -88.642047472201043, 15.269615439024365 ], [ -88.625447273476212, 15.258702923471692 ], [ -88.61431530663215, 15.250002650186069 ], [ -88.63447380617113, 15.240855355471659 ], [ -88.667638222331732, 15.22465471905384 ], [ -88.702675036750463, 15.206185194772484 ], [ -88.707291650209868, 15.214304190935017 ], [ -88.763086729086893, 15.292399085536719 ], [ -88.754951974808222, 15.296600377347792 ] ] ] ] } },
{ "type": "Feature", "properties": { "Dialgeo": 201150, "Dial": 7, "VERSION": "Capa actual", "ID_MAPA": "actual_149", "layer": "Capa actual", "path": "C:\\Users\\said.calderon\\Downloads\\Capa actual.geojson" }, "geometry": { "type": "MultiPolygon", "coordinates": [ [ [ [ -87.910488654618334, 15.830652705920365 ], [ -87.909760534615543, 15.831097760134325 ], [ -87.907792856206498, 15.831772797013532 ], [ -87.907382744286593, 15.83205234368514 ], [ -87.907020752220859, 15.832396515623541 ], [ -87.906027667181974, 15.832808151131042 ], [ -87.905495662730942, 15.833643865362914 ], [ -87.905689425645804, 15.834189457136205 ], [ -87.905108223123264, 15.834719761998489 ], [ -87.903413294546567, 15.836504946867874 ], [ -87.902062242286334, 15.838177557001142 ], [ -87.901193118898789, 15.840663128052928 ], [ -87.900698849655683, 15.8413875425948 ], [ -87.899332710116809, 15.843986303837054 ], [ -87.898479306481491, 15.845712395372747 ], [ -87.896540065072259, 15.848535780798858 ], [ -87.894687593954799, 15.853692574064361 ], [ -87.894005238991838, 15.854791792647378 ], [ -87.893296337684291, 15.857671033040399 ], [ -87.893298589300954, 15.858182560939401 ], [ -87.885845804573435, 15.857906245968582 ], [ -87.882330914272657, 15.857792707429475 ], [ -87.879212600003896, 15.857728656216151 ], [ -87.875459457060387, 15.857513664876604 ], [ -87.872869945680932, 15.857524115122809 ], [ -87.871866288423263, 15.857630465108546 ], [ -87.872261283509317, 15.84924121957946 ], [ -87.874630928688731, 15.841149337377528 ], [ -87.875023395126249, 15.84025255856718 ], [ -87.873824288057094, 15.834514657536181 ], [ -87.872753519867331, 15.830221817591568 ], [ -87.872123349222107, 15.829390852310139 ], [ -87.871921463977628, 15.829160136100279 ], [ -87.871805616196767, 15.828915182316321 ], [ -87.871822674077109, 15.828431220943967 ], [ -87.871690512709534, 15.828285889512053 ], [ -87.871696337609734, 15.827970988455073 ], [ -87.871698411575395, 15.827896891261625 ], [ -87.872217606550535, 15.827390074458894 ], [ -87.87176349893781, 15.826901060657363 ], [ -87.871676658946058, 15.826727763738187 ], [ -87.87169934382986, 15.826440578236754 ], [ -87.871757971219395, 15.82616945527797 ], [ -87.872070170716597, 15.825913520349483 ], [ -87.872059983996479, 15.825237947970729 ], [ -87.871994931729603, 15.824549493609243 ], [ -87.871716472151732, 15.823182913908267 ], [ -87.871105884082397, 15.820168365468612 ], [ -87.870542097769558, 15.81699720397409 ], [ -87.869154316076362, 15.811906551289415 ], [ -87.868243584340206, 15.807233052443982 ], [ -87.872553297020161, 15.806518456611906 ], [ -87.876830483566863, 15.805981204068939 ], [ -87.878651947039202, 15.805647376527894 ], [ -87.881790718915511, 15.804932775097287 ], [ -87.883689049642072, 15.80457526358752 ], [ -87.888026438041194, 15.803372158567615 ], [ -87.890219572725215, 15.806178554579088 ], [ -87.891982240724957, 15.809314233229788 ], [ -87.892936605704676, 15.810649765701214 ], [ -87.893360408047613, 15.811314820316133 ], [ -87.895516747224818, 15.816428684568452 ], [ -87.897338210697143, 15.819224324235483 ], [ -87.902253437574927, 15.823595254589225 ], [ -87.903866279089684, 15.824885089328689 ], [ -87.906893032551991, 15.826399630748616 ], [ -87.908718192522727, 15.826890743405892 ], [ -87.908612683875546, 15.827668081679816 ], [ -87.908437523303746, 15.828378572334415 ], [ -87.908380607301865, 15.828944698123243 ], [ -87.910317204120432, 15.829188682813491 ], [ -87.91043346859415, 15.829694207405215 ], [ -87.910702809692623, 15.830558982494635 ], [ -87.910488654618334, 15.830652705920365 ] ] ] ] } },
{ "type": "Feature", "properties": { "Dialgeo": 201168, "Dial": 8, "VERSION": "Capa actual", "ID_MAPA": "actual_150", "layer": "Capa actual", "path": "C:\\Users\\said.calderon\\Downloads\\Capa actual.geojson" }, "geometry": { "type": "MultiPolygon", "coordinates": [ [ [ [ -87.913357331413678, 15.817028498573885 ], [ -87.913067306723889, 15.817414464906479 ], [ -87.913387147036005, 15.81842371122733 ], [ -87.913517251569743, 15.81979022793465 ], [ -87.913343778858106, 15.821041990860234 ], [ -87.913239424179906, 15.821529654735757 ], [ -87.913250266224395, 15.82237980392004 ], [ -87.915429517164497, 15.823853213517987 ], [ -87.914620429595345, 15.825008463444101 ], [ -87.913883170570827, 15.825853382460476 ], [ -87.913254331991112, 15.82666700484195 ], [ -87.913205542790962, 15.827783122524318 ], [ -87.90727494446142, 15.826447952984511 ], [ -87.90362117547231, 15.824455613287393 ], [ -87.901257609776067, 15.822651016404619 ], [ -87.899620461059868, 15.821138480597392 ], [ -87.89745205216424, 15.819031342888101 ], [ -87.895717325047727, 15.816444331912711 ], [ -87.894459647888297, 15.813648653819603 ], [ -87.89361396841899, 15.811353665314591 ], [ -87.892031029925192, 15.809142106307331 ], [ -87.891380506948181, 15.807931997941086 ], [ -87.890079465143671, 15.805720401495654 ], [ -87.887455687155423, 15.802465555145796 ], [ -87.887130425821084, 15.797207616121566 ], [ -87.887049110487482, 15.795595780092411 ], [ -87.887049110487482, 15.794448186752289 ], [ -87.887005742309555, 15.791297487972338 ], [ -87.886984058220605, 15.790650649709889 ], [ -87.886897321864808, 15.790129004445603 ], [ -87.892708657705072, 15.789962077677384 ], [ -87.894849961489513, 15.789946428285599 ], [ -87.895722746069993, 15.789899480103843 ], [ -87.896568425539286, 15.789836882510963 ], [ -87.897934523143519, 15.789878614241708 ], [ -87.899799354793743, 15.789941211821692 ], [ -87.901217529175653, 15.789984149820627 ], [ -87.90549646769766, 15.789915219131593 ], [ -87.915563687464953, 15.790316796895459 ], [ -87.915860389618089, 15.7919691173951 ], [ -87.923977113979959, 15.795199339491839 ], [ -87.92117444548235, 15.801547512139166 ], [ -87.920437186457846, 15.804134713582837 ], [ -87.919547226623052, 15.806272871897484 ], [ -87.918858153730085, 15.807093080172775 ], [ -87.918125025008251, 15.807428147237298 ], [ -87.917039078089147, 15.807811710169641 ], [ -87.916346273003171, 15.809157316191643 ], [ -87.916350191082032, 15.810027836140542 ], [ -87.916318038620787, 15.813510117053221 ], [ -87.914628917415897, 15.815165396825666 ], [ -87.914631271639834, 15.815158637737756 ], [ -87.914577061417447, 15.815226443314193 ], [ -87.915523029798152, 15.816055755833128 ], [ -87.915622725958215, 15.816298302811704 ], [ -87.91560143257766, 15.816349328232405 ], [ -87.915410543586688, 15.81634262415192 ], [ -87.915196413208264, 15.816324368907393 ], [ -87.914873862385022, 15.816306113661222 ], [ -87.914577061417418, 15.816294378144947 ], [ -87.914452377905945, 15.816345232043858 ], [ -87.914276194683154, 15.816407821440359 ], [ -87.913957709626615, 15.816506921278537 ], [ -87.913705632092501, 15.816595589513639 ], [ -87.913565668332012, 15.816737605824162 ], [ -87.913357331413678, 15.817028498573885 ] ] ] ] } },
{ "type": "Feature", "properties": { "Dialgeo": 201312, "Dial": 5, "VERSION": "Capa actual", "ID_MAPA": "actual_151", "layer": "Capa actual", "path": "C:\\Users\\said.calderon\\Downloads\\Capa actual.geojson" }, "geometry": { "type": "MultiPolygon", "coordinates": [ [ [ [ -87.995892694820455, 15.471034720440821 ], [ -87.995757757163261, 15.471856035409207 ], [ -87.995684043536983, 15.472466009501764 ], [ -87.99473771726629, 15.477690022290282 ], [ -87.992200678858381, 15.477548962745018 ], [ -87.991200500255289, 15.477501942875223 ], [ -87.991533893122991, 15.475730853332443 ], [ -87.991309771580745, 15.475669558761064 ], [ -87.990819948375488, 15.475553130951445 ], [ -87.990263254758261, 15.475404650091365 ], [ -87.990115624651239, 15.474758289550595 ], [ -87.989936046818002, 15.474347668878107 ], [ -87.989817216835704, 15.473972415043139 ], [ -87.989008042510349, 15.472080825944881 ], [ -87.992934756037172, 15.470206697457197 ], [ -87.995892694820455, 15.471034720440821 ] ] ] ] } },
{ "type": "Feature", "properties": { "Dialgeo": 201072, "Dial": 11, "VERSION": "Capa actual", "ID_MAPA": "actual_152", "layer": "Capa actual", "path": "C:\\Users\\said.calderon\\Downloads\\Capa actual.geojson" }, "geometry": { "type": "MultiPolygon", "coordinates": [ [ [ [ -87.984042529279947, 15.323002741105743 ], [ -87.980041334079317, 15.322789669678706 ], [ -87.980041334079317, 15.322552923394039 ], [ -87.980286806177503, 15.319356822319108 ], [ -87.981096864101573, 15.318267769314927 ], [ -87.979498101774595, 15.317893659139205 ], [ -87.978456112212157, 15.317680815126536 ], [ -87.97860354826264, 15.315381387491977 ], [ -87.978639823658227, 15.31468104322329 ], [ -87.97898249342613, 15.314695528440296 ], [ -87.985957211645925, 15.315379383887603 ], [ -87.986202683744111, 15.31736811255654 ], [ -87.985515361869162, 15.318646571002988 ], [ -87.986129042114655, 15.319735622034882 ], [ -87.986497250261934, 15.320351170109806 ], [ -87.984680756735258, 15.320114421064607 ], [ -87.984042529279947, 15.323002741105743 ] ] ] ] } },
{ "type": "Feature", "properties": { "Dialgeo": 201345, "Dial": 11, "VERSION": "Capa actual", "ID_MAPA": "actual_153", "layer": "Capa actual", "path": "C:\\Users\\said.calderon\\Downloads\\Capa actual.geojson" }, "geometry": { "type": "MultiPolygon", "coordinates": [ [ [ [ -87.981379157014487, 15.305920826326478 ], [ -87.981735495561324, 15.306102192219779 ], [ -87.981888511618251, 15.306341084203034 ], [ -87.981898961135272, 15.306608315958613 ], [ -87.981778881011465, 15.307067157340573 ], [ -87.981201189743274, 15.308223355608435 ], [ -87.981241516858219, 15.309776265392912 ], [ -87.979914372235143, 15.309655864861904 ], [ -87.979288313410905, 15.309620241804405 ], [ -87.978935087360924, 15.311584866341047 ], [ -87.978893752020213, 15.312106226794308 ], [ -87.978906025625108, 15.312887527533849 ], [ -87.978837311351199, 15.314645009243641 ], [ -87.97862651314928, 15.314652326762795 ], [ -87.978599185502361, 15.314982819660171 ], [ -87.978476238707614, 15.316341103006661 ], [ -87.978423155008457, 15.317677762242882 ], [ -87.977979413846072, 15.317890719546073 ], [ -87.978095967701066, 15.315811460473753 ], [ -87.978243250959991, 15.312496877528718 ], [ -87.978797407077508, 15.310312985753335 ], [ -87.978961256847199, 15.309495950899294 ], [ -87.976591819996543, 15.309219598889474 ], [ -87.976623135111879, 15.308252950935639 ], [ -87.976666975848133, 15.307312142441921 ], [ -87.976812472324667, 15.307076512844871 ], [ -87.976937945655834, 15.306430130780775 ], [ -87.976947553508694, 15.306370940649467 ], [ -87.976921193625088, 15.306369457218201 ], [ -87.97453282043503, 15.305985025086072 ], [ -87.974823889893202, 15.303394024584499 ], [ -87.978239366755844, 15.303999367244796 ], [ -87.979109800019828, 15.305587761726853 ], [ -87.979611757907435, 15.305672222678432 ], [ -87.981379157014487, 15.305920826326478 ] ] ] ] } },
{ "type": "Feature", "properties": { "Dialgeo": 201002, "Dial": 1, "VERSION": "Capa anterior", "ID_MAPA": "anterior_1", "layer": "Capa anterior", "path": "C:\\Users\\said.calderon\\Downloads\\Capa anterior.geojson" }, "geometry": { "type": "MultiPolygon", "coordinates": [ [ [ [ -88.060199539915544, 15.484119810399742 ], [ -88.055860369413949, 15.46061002030331 ], [ -88.080966330364717, 15.460309899143232 ], [ -88.094599849429713, 15.458962718356487 ], [ -88.098760867933407, 15.45851251661311 ], [ -88.100979007508755, 15.461862274729002 ], [ -88.103756068818029, 15.481206087717958 ], [ -88.118976462600273, 15.493405160734481 ], [ -88.139521871667, 15.497603908764168 ], [ -88.145725420450049, 15.499636925534775 ], [ -88.150514771625851, 15.500620482535226 ], [ -88.154464353814348, 15.500196521309109 ], [ -88.157370599050651, 15.499172898745227 ], [ -88.165882294213503, 15.496304588660406 ], [ -88.173776617944014, 15.49464934922824 ], [ -88.178103308948437, 15.495047197120915 ], [ -88.186554968912205, 15.496940552167301 ], [ -88.186178335414581, 15.50878921334029 ], [ -88.182124642880368, 15.519985487247409 ], [ -88.177441747316806, 15.539592196915001 ], [ -88.171830854278127, 15.546419795991222 ], [ -88.164961242220627, 15.553994799949916 ], [ -88.153524758390219, 15.562467291578258 ], [ -88.148213410947974, 15.567868244907046 ], [ -88.139042468840586, 15.572956086228238 ], [ -88.117580043390333, 15.569752199737225 ], [ -88.11100357686567, 15.562649766262567 ], [ -88.105151989869626, 15.559119247084668 ], [ -88.102539701545084, 15.555362967122752 ], [ -88.097871036703197, 15.545448921852852 ], [ -88.100358762995427, 15.537122387304777 ], [ -88.104519722994965, 15.525848071947603 ], [ -88.103417789047427, 15.517055364450293 ], [ -88.096606687364471, 15.506040330971066 ], [ -88.082810876949523, 15.490762503468382 ], [ -88.069242527523272, 15.484852156505813 ], [ -88.065265469970385, 15.48450470635454 ], [ -88.060199539915544, 15.484119810399742 ] ] ] ] } },
{ "type": "Feature", "properties": { "Dialgeo": 201014, "Dial": 9, "VERSION": "Capa anterior", "ID_MAPA": "anterior_2", "layer": "Capa anterior", "path": "C:\\Users\\said.calderon\\Downloads\\Capa anterior.geojson" }, "geometry": { "type": "MultiPolygon", "coordinates": [ [ [ [ -87.972744630042627, 15.430325187297786 ], [ -87.976214084275654, 15.431621137002182 ], [ -87.977211552367635, 15.4315793322993 ], [ -87.978187336370667, 15.430764138910256 ], [ -87.978230704548579, 15.429029229502634 ], [ -87.978057231836928, 15.427921388199378 ], [ -87.978187336370652, 15.427210694439452 ], [ -87.978555965882919, 15.426667221099255 ], [ -87.978772806772483, 15.426374581019161 ], [ -87.979271540818488, 15.426332775259766 ], [ -87.979813643042377, 15.426416386770139 ], [ -87.98065932251167, 15.426834443816986 ], [ -87.984325288800761, 15.426395483895597 ], [ -87.985452861426495, 15.426646318249965 ], [ -87.987014113490218, 15.427733263247969 ], [ -87.987186233287503, 15.430576016904283 ], [ -87.987316337821241, 15.432039183567895 ], [ -87.987924847567498, 15.433209709472333 ], [ -87.989702942861939, 15.433920382693552 ], [ -87.991481038156351, 15.43337692691979 ], [ -87.994039760653195, 15.431579332299201 ], [ -87.995168084704545, 15.44269641651753 ], [ -87.990256848872619, 15.443020939330751 ], [ -87.986565329628078, 15.442834028985464 ], [ -87.982546337138345, 15.44312079567595 ], [ -87.980015303167576, 15.443657994530918 ], [ -87.974790905998844, 15.4448358185508 ], [ -87.972022662854172, 15.44578921939025 ], [ -87.964829937573654, 15.448321442005691 ], [ -87.962748265033852, 15.437661828046547 ], [ -87.961924269653494, 15.43373226354838 ], [ -87.962683212766947, 15.433878578453873 ], [ -87.964526360328222, 15.434171207955385 ], [ -87.964764885306735, 15.434108501668369 ], [ -87.965046778566105, 15.433774067649969 ], [ -87.964938358018415, 15.432937980832959 ], [ -87.964526360328222, 15.432039183567893 ], [ -87.964331203527607, 15.431098577611008 ], [ -87.964613096684047, 15.429698111955553 ], [ -87.965111830730038, 15.428820203294128 ], [ -87.966998346469225, 15.42930096325906 ], [ -87.969014966742165, 15.429196450317914 ], [ -87.972744630042627, 15.430325187297786 ] ] ] ] } },
{ "type": "Feature", "properties": { "Dialgeo": 201024, "Dial": 12, "VERSION": "Capa anterior", "ID_MAPA": "anterior_3", "layer": "Capa anterior", "path": "C:\\Users\\said.calderon\\Downloads\\Capa anterior.geojson" }, "geometry": { "type": "MultiPolygon", "coordinates": [ [ [ [ -88.009220646603438, 15.277661578596241 ], [ -88.009828715275503, 15.274725641504551 ], [ -88.010050853325865, 15.270427849485088 ], [ -88.011083454572869, 15.258540531404311 ], [ -88.012124290842763, 15.248331477687666 ], [ -88.012240472773343, 15.244519641877199 ], [ -88.013782787140002, 15.24446996702379 ], [ -88.061657659199625, 15.243370530274278 ], [ -88.060131387732966, 15.254222450085715 ], [ -88.057652931735959, 15.264362694370401 ], [ -88.045649004562947, 15.266465188380803 ], [ -88.03843720941066, 15.284044698375366 ], [ -88.023681136114519, 15.284010342216657 ], [ -88.013392872248588, 15.283595395785548 ], [ -88.005729949087524, 15.281818266291651 ], [ -88.008603492303692, 15.278699604489482 ], [ -88.009220646603438, 15.277661578596241 ] ] ] ] } },
{ "type": "Feature", "properties": { "Dialgeo": 201030, "Dial": 13, "VERSION": "Capa anterior", "ID_MAPA": "anterior_4", "layer": "Capa anterior", "path": "C:\\Users\\said.calderon\\Downloads\\Capa anterior.geojson" }, "geometry": { "type": "MultiPolygon", "coordinates": [ [ [ [ -87.93759406706539, 15.36165759422679 ], [ -87.938660755215849, 15.362625897320834 ], [ -87.947073346041776, 15.368661152254013 ], [ -87.950726905786226, 15.370202400941444 ], [ -87.956357196278248, 15.373267495102796 ], [ -87.947258593578667, 15.37859729595008 ], [ -87.943989887614194, 15.379821374442814 ], [ -87.941809821320518, 15.380435705584533 ], [ -87.941033648775644, 15.381195360848448 ], [ -87.938856946783247, 15.382566023451387 ], [ -87.936224633625628, 15.3866615284698 ], [ -87.934442028601964, 15.389013779511565 ], [ -87.931172068769683, 15.39001077383509 ], [ -87.928052969986922, 15.389872529961867 ], [ -87.925861462824003, 15.388734457238183 ], [ -87.915710920533101, 15.384331916464028 ], [ -87.917452611235205, 15.379709258129186 ], [ -87.918565330856325, 15.37750731358523 ], [ -87.921979439650642, 15.373862593796471 ], [ -87.929158264488279, 15.367310041661572 ], [ -87.931761583621622, 15.364783195452349 ], [ -87.935220636735622, 15.36257521655893 ], [ -87.93759406706539, 15.36165759422679 ] ] ] ] } },
{ "type": "Feature", "properties": { "Dialgeo": 201032, "Dial": 11, "VERSION": "Capa anterior", "ID_MAPA": "anterior_5", "layer": "Capa anterior", "path": "C:\\Users\\said.calderon\\Downloads\\Capa anterior.geojson" }, "geometry": { "type": "MultiPolygon", "coordinates": [ [ [ [ -87.806910138727503, 15.574455055576218 ], [ -87.804568257120238, 15.570528092769175 ], [ -87.801532484666367, 15.567018828506354 ], [ -87.799017130347437, 15.564010840050452 ], [ -87.798670184924134, 15.561420592522964 ], [ -87.799277339414928, 15.559749447779231 ], [ -87.800404912040648, 15.557660497763695 ], [ -87.803440684494504, 15.555905763363985 ], [ -87.81324189270272, 15.554652372490564 ], [ -87.815236828886682, 15.553566094226674 ], [ -87.816364401512402, 15.551560642372214 ], [ -87.816451137868228, 15.543622203767738 ], [ -87.815757247021637, 15.535934161096947 ], [ -87.812894947279418, 15.531839325657625 ], [ -87.808731602199828, 15.529415813307176 ], [ -87.806736666015851, 15.528412972277902 ], [ -87.805782566101769, 15.526825130673837 ], [ -87.805175411611003, 15.522395823691667 ], [ -87.806649929660026, 15.520306494932907 ], [ -87.809078547623116, 15.519637905261341 ], [ -87.810639802027964, 15.519220035616421 ], [ -87.813415365414372, 15.520473642012266 ], [ -87.81497661981922, 15.523315121641913 ], [ -87.820354273880355, 15.529415813307178 ], [ -87.832670836407502, 15.532507875775305 ], [ -87.837400262896566, 15.533641290722963 ], [ -87.844159086862177, 15.534843276159043 ], [ -87.845367486305804, 15.563458278272638 ], [ -87.832884646175444, 15.578522013860253 ], [ -87.823217480295867, 15.589505721082602 ], [ -87.820549326492483, 15.59191199680159 ], [ -87.815161325623563, 15.597680528880442 ], [ -87.80584363809507, 15.609816988652993 ], [ -87.799678733522555, 15.617012147323807 ], [ -87.796629390730956, 15.620194896503129 ], [ -87.788273792178373, 15.616234885767092 ], [ -87.782892139803522, 15.612506071828573 ], [ -87.772492068531733, 15.606646009806569 ], [ -87.766690078007528, 15.603675700464514 ], [ -87.766870068063838, 15.60239616521347 ], [ -87.766786524021413, 15.601219861851805 ], [ -87.766595802569654, 15.599609103469495 ], [ -87.765159503479211, 15.5965958840564 ], [ -87.764573701325034, 15.595191122417686 ], [ -87.764834101818593, 15.594243824322572 ], [ -87.765623631945402, 15.593652778781603 ], [ -87.766573776669219, 15.593675046792864 ], [ -87.768133085169637, 15.594283481329629 ], [ -87.769482422590883, 15.595199577084099 ], [ -87.772393788660395, 15.59744024498913 ], [ -87.77699125632715, 15.598881996840765 ], [ -87.780077924359631, 15.598589706543654 ], [ -87.782263226332802, 15.597226303194939 ], [ -87.784358686213039, 15.594673548508229 ], [ -87.78513931341547, 15.591749509414649 ], [ -87.781236177403343, 15.585567118243993 ], [ -87.779935132065958, 15.580721330215468 ], [ -87.776986095967928, 15.576460284247341 ], [ -87.7748176870723, 15.575290569899819 ], [ -87.772649278176672, 15.574371503957078 ], [ -87.77178191461843, 15.573535985897934 ], [ -87.771608441906778, 15.571614281475211 ], [ -87.773343169023278, 15.569274790978502 ], [ -87.7748176870723, 15.568355698143881 ], [ -87.776725886900451, 15.567353046730442 ], [ -87.778981032151904, 15.567269492225334 ], [ -87.780021868421798, 15.568021481549215 ], [ -87.780889231980026, 15.570360986305115 ], [ -87.780975968335866, 15.572533359744558 ], [ -87.786353622397016, 15.578298393343728 ], [ -87.796415039672695, 15.584313908159832 ], [ -87.800331356601461, 15.583748223587291 ], [ -87.803718079270396, 15.581718855656892 ], [ -87.804988628599133, 15.580680487353813 ], [ -87.806563193304228, 15.577880642719903 ], [ -87.806910138727503, 15.574455055576218 ] ] ] ] } },
{ "type": "Feature", "properties": { "Dialgeo": 201036, "Dial": 9, "VERSION": "Capa anterior", "ID_MAPA": "anterior_6", "layer": "Capa anterior", "path": "C:\\Users\\said.calderon\\Downloads\\Capa anterior.geojson" }, "geometry": { "type": "MultiPolygon", "coordinates": [ [ [ [ -88.01289189153897, 15.418722613374515 ], [ -88.013533788800103, 15.418887764728105 ], [ -88.014088972567649, 15.41903650213855 ], [ -88.01459299316393, 15.419353550994042 ], [ -88.014855130795766, 15.41954445344737 ], [ -88.015131602929969, 15.419758714878462 ], [ -88.015358220890093, 15.419938331352752 ], [ -88.015641179020449, 15.420103623059445 ], [ -88.01579838866536, 15.420276076935174 ], [ -88.01593391422135, 15.420391046106124 ], [ -88.016270017600164, 15.420735953237172 ], [ -88.016421806222851, 15.420986794427311 ], [ -88.016562752801079, 15.421268990404126 ], [ -88.016866330046454, 15.421875187872756 ], [ -88.016942224357805, 15.422073769417413 ], [ -88.017061486847069, 15.4225545450024 ], [ -88.017115697069457, 15.42292035176718 ], [ -88.017202433425297, 15.423432480155434 ], [ -88.017245801603195, 15.423693769662906 ], [ -88.017310853870057, 15.424017768195608 ], [ -88.017321695914532, 15.424205896143929 ], [ -88.01747348453722, 15.424832988074119 ], [ -88.017820429960508, 15.425397369192178 ], [ -88.018026428805598, 15.425731816538308 ], [ -88.0181782174283, 15.425899040009364 ], [ -88.018454689562489, 15.426249163715729 ], [ -88.018595636140702, 15.426515675394988 ], [ -88.018866687252668, 15.426719478213016 ], [ -88.019056423031031, 15.427001666400042 ], [ -88.019598525254949, 15.427299531292489 ], [ -88.019864155344663, 15.427461527808983 ], [ -88.020097259300925, 15.42762874988698 ], [ -88.020411678590804, 15.427764617726183 ], [ -88.020845360369947, 15.427963193638918 ], [ -88.021203147837696, 15.428140866663009 ], [ -88.021186884770998, 15.428229703118028 ], [ -88.021447093838461, 15.428334216545862 ], [ -88.02165309268355, 15.428407375914038 ], [ -88.021804881306238, 15.428470083923385 ], [ -88.021956669928926, 15.428511889252425 ], [ -88.022162668774016, 15.428585048557997 ], [ -88.022390351708054, 15.428626853863889 ], [ -88.02259635055313, 15.428626853863882 ], [ -88.023008348243309, 15.428647756513675 ], [ -88.023311925488699, 15.428679110484417 ], [ -88.023528766378263, 15.428741818411686 ], [ -88.02391907997945, 15.428720915771372 ], [ -88.024396129936491, 15.428616402538207 ], [ -88.024656339003954, 15.428888136834983 ], [ -88.025458650295349, 15.429661532502125 ], [ -88.024764759448757, 15.430246802983614 ], [ -88.024461182203353, 15.430581242517878 ], [ -88.023138452777033, 15.431605460239593 ], [ -88.022769823264781, 15.431981702215044 ], [ -88.022401193752515, 15.432399748054545 ], [ -88.021728986994873, 15.433131326247562 ], [ -88.021718144950412, 15.433920382693644 ], [ -88.021718144950412, 15.434589249384615 ], [ -88.02165309268355, 15.435268564911015 ], [ -88.021620566550112, 15.43559777086614 ], [ -88.020705454443799, 15.435721107204332 ], [ -88.020551003444254, 15.436149946109568 ], [ -88.0204591948863, 15.436411887549211 ], [ -88.020372653029682, 15.436764725461206 ], [ -88.020330363257202, 15.437196763790297 ], [ -88.019364728818729, 15.438745576955258 ], [ -88.018101690322695, 15.438813848057984 ], [ -88.017853891141669, 15.442861238038736 ], [ -88.020638630818652, 15.442925330719353 ], [ -88.02217339070576, 15.448761774157077 ], [ -88.022719505689622, 15.451008237595994 ], [ -88.023345473870506, 15.453369662317359 ], [ -88.024562430433221, 15.45499791527574 ], [ -88.025761479045514, 15.45701068387071 ], [ -88.024685158032796, 15.457285972564897 ], [ -88.023148032496096, 15.457560981196798 ], [ -88.020454823887576, 15.458015505401681 ], [ -88.01912689632006, 15.45831171992053 ], [ -88.013077035501269, 15.458499816768267 ], [ -88.010041263047412, 15.458562515679567 ], [ -88.009716289948969, 15.456162242518596 ], [ -88.009549586773872, 15.453694730006481 ], [ -88.009434108556661, 15.452668735090834 ], [ -88.009364656142608, 15.451900713758791 ], [ -88.00688426561814, 15.445354919063535 ], [ -88.00295056595877, 15.438853223857171 ], [ -88.000955629774793, 15.435843368619487 ], [ -87.999828057149074, 15.433335122570659 ], [ -87.999502795814706, 15.430617821809241 ], [ -87.99943774354783, 15.429593599214359 ], [ -87.999459427636808, 15.428799300661701 ], [ -87.999416059458881, 15.428297636852101 ], [ -87.999372691280982, 15.427189791644992 ], [ -87.999524479903684, 15.426249163715735 ], [ -88.000001529860711, 15.425413046423554 ], [ -88.001627836532421, 15.423531770206996 ], [ -88.001757941066174, 15.419643745357547 ], [ -88.005488959622127, 15.420145430072631 ], [ -88.008849993410365, 15.419330191795126 ], [ -88.009564213090428, 15.419100252215468 ], [ -88.010679831440584, 15.418911798583721 ], [ -88.011354896973259, 15.418770060605585 ], [ -88.011744805612366, 15.418780890982255 ], [ -88.012367951213747, 15.418651992404126 ], [ -88.01289189153897, 15.418722613374515 ] ] ] ] } },
{ "type": "Feature", "properties": { "Dialgeo": 201050, "Dial": 16, "VERSION": "Capa anterior", "ID_MAPA": "anterior_7", "layer": "Capa anterior", "path": "C:\\Users\\said.calderon\\Downloads\\Capa anterior.geojson" }, "geometry": { "type": "MultiPolygon", "coordinates": [ [ [ [ -87.98451374185835, 15.346877138139796 ], [ -87.988055185512451, 15.348479050857335 ], [ -87.989692725371413, 15.349312927335822 ], [ -87.989421916308402, 15.350802293155576 ], [ -87.990459386279042, 15.352590853619777 ], [ -87.991274142188615, 15.354960503923394 ], [ -87.991821422297548, 15.360807291981098 ], [ -87.993911510223867, 15.363218347066246 ], [ -87.997964580754243, 15.364639219585268 ], [ -88.036648995452296, 15.374382623332943 ], [ -88.038123513501318, 15.379860474311609 ], [ -88.01548532463093, 15.383080212630256 ], [ -88.003645812060796, 15.385338181236024 ], [ -88.000913616852316, 15.384125571509957 ], [ -87.997704371686766, 15.381700330874256 ], [ -87.994646915143989, 15.375407117862185 ], [ -87.9908738836656, 15.374947141349701 ], [ -87.986623802230156, 15.375114405653548 ], [ -87.983804870665821, 15.3770379354967 ], [ -87.980170255301758, 15.377534612573468 ], [ -87.977265911051802, 15.377427224800655 ], [ -87.975484744220523, 15.377473215235552 ], [ -87.971785733281209, 15.377660330928478 ], [ -87.96628002560773, 15.378267650224828 ], [ -87.965032737198328, 15.378273059568311 ], [ -87.960526003130084, 15.379006092053888 ], [ -87.958881452072191, 15.375765277823618 ], [ -87.957634142749626, 15.373632538924427 ], [ -87.947352063217437, 15.368378609902784 ], [ -87.939237645362411, 15.362346129457654 ], [ -87.958087638156641, 15.355821723086049 ], [ -87.963177655672567, 15.352315328891947 ], [ -87.963677124915378, 15.346276864145899 ], [ -87.972287208829982, 15.346380787956413 ], [ -87.98451374185835, 15.346877138139796 ] ] ] ] } },
{ "type": "Feature", "properties": { "Dialgeo": 201057, "Dial": 14, "VERSION": "Capa anterior", "ID_MAPA": "anterior_8", "layer": "Capa anterior", "path": "C:\\Users\\said.calderon\\Downloads\\Capa anterior.geojson" }, "geometry": { "type": "MultiPolygon", "coordinates": [ [ [ [ -88.045856099318584, 15.267346040084336 ], [ -88.058196819022982, 15.264958837083302 ], [ -88.060457084676955, 15.254940903521328 ], [ -88.062530787714834, 15.243198445093176 ], [ -88.103855186721987, 15.196680976765897 ], [ -88.136482701196556, 15.210381132473252 ], [ -88.140216679999071, 15.219007125493482 ], [ -88.141481249965139, 15.228822114741885 ], [ -88.138632959198532, 15.232792949903272 ], [ -88.133920403399628, 15.257881857674493 ], [ -88.118118723882148, 15.258984274215184 ], [ -88.12017137493882, 15.288336009342645 ], [ -88.118377389486625, 15.307783194511762 ], [ -88.112105990950525, 15.317840509381638 ], [ -88.10025232314139, 15.339025518258621 ], [ -88.101435323630668, 15.363573226167228 ], [ -88.084774525773426, 15.363245723221564 ], [ -88.071279883162859, 15.363515616821211 ], [ -88.058625541119881, 15.363166859194168 ], [ -88.045551488375182, 15.363228581421565 ], [ -88.029101396283821, 15.362895918610608 ], [ -88.029487009574552, 15.355527930741841 ], [ -88.029537611895492, 15.333582511520436 ], [ -88.029712387134751, 15.326215480307397 ], [ -88.028405366066224, 15.317627564226381 ], [ -88.02516301216636, 15.301221870262546 ], [ -88.047207308583182, 15.293446610475147 ], [ -88.050356343915951, 15.290822986274543 ], [ -88.052537384580518, 15.288407646394067 ], [ -88.053060512216263, 15.286377855395001 ], [ -88.052875659050898, 15.284955279758877 ], [ -88.051931517849511, 15.282759847235285 ], [ -88.04059002652933, 15.280742368689204 ], [ -88.045856099318584, 15.267346040084336 ] ] ] ] } },
{ "type": "Feature", "properties": { "Dialgeo": 201058, "Dial": 14, "VERSION": "Capa anterior", "ID_MAPA": "anterior_9", "layer": "Capa anterior", "path": "C:\\Users\\said.calderon\\Downloads\\Capa anterior.geojson" }, "geometry": { "type": "MultiPolygon", "coordinates": [ [ [ [ -87.943481385880958, 15.122390173746036 ], [ -87.966011922102325, 15.133674966735516 ], [ -87.994862625061216, 15.145130444937919 ], [ -87.988826239165249, 15.160810603706516 ], [ -87.987159123720716, 15.164756892274381 ], [ -87.99050667371688, 15.165747739567362 ], [ -87.993037685475798, 15.166350473437433 ], [ -87.996042978877782, 15.167002238755932 ], [ -87.999524001776138, 15.168009942573573 ], [ -88.001950683574933, 15.168817657557463 ], [ -88.006800568787938, 15.174901121443922 ], [ -88.014779427175881, 15.186050738598203 ], [ -88.016903627703158, 15.190427321250967 ], [ -88.013948057139999, 15.204641388181006 ], [ -88.011567770330387, 15.213655406347547 ], [ -88.007412119451331, 15.226053607523012 ], [ -88.004672031158776, 15.237064228164188 ], [ -88.000651760377139, 15.235656002637851 ], [ -87.984454037060829, 15.228003433770883 ], [ -87.963394211036587, 15.217032550031647 ], [ -87.94117273963991, 15.201515548292132 ], [ -87.932630420728998, 15.198890054992594 ], [ -87.907650350251345, 15.193030801792597 ], [ -87.914155576938242, 15.180809550124428 ], [ -87.921961848962525, 15.165908711101444 ], [ -87.928995615571324, 15.153069387903528 ], [ -87.943481385880958, 15.122390173746036 ] ] ] ] } },
{ "type": "Feature", "properties": { "Dialgeo": 201060, "Dial": 12, "VERSION": "Capa anterior", "ID_MAPA": "anterior_10", "layer": "Capa anterior", "path": "C:\\Users\\said.calderon\\Downloads\\Capa anterior.geojson" }, "geometry": { "type": "MultiPolygon", "coordinates": [ [ [ [ -88.00564251471215, 15.282120605847592 ], [ -88.010192165560127, 15.283351048185763 ], [ -88.013009037671054, 15.283930995009634 ], [ -88.024737344145478, 15.284465902129536 ], [ -88.03153621785529, 15.28458814430687 ], [ -88.039149141092409, 15.284143704096291 ], [ -88.040293623582244, 15.28112027961328 ], [ -88.051533740931603, 15.28319306289162 ], [ -88.052377167575912, 15.284235381422786 ], [ -88.052775439177665, 15.285742959375964 ], [ -88.052213648549298, 15.28843079578518 ], [ -88.050326667043748, 15.290485827379499 ], [ -88.047175857553071, 15.292751379450708 ], [ -88.040291440522509, 15.29537725092589 ], [ -88.035588517967383, 15.296951922650731 ], [ -88.032483665793023, 15.298174050130649 ], [ -88.028224594348075, 15.299660254525689 ], [ -88.025430527474228, 15.300837724650712 ], [ -88.0091789119259, 15.308486992381752 ], [ -88.007365277729463, 15.310480218813169 ], [ -88.006266015244179, 15.312877350347634 ], [ -88.006002143263416, 15.315245965658557 ], [ -88.006327606900172, 15.322768679875361 ], [ -88.006773257367072, 15.323877787897741 ], [ -88.006515598413515, 15.32524647647136 ], [ -88.006084252778891, 15.327128769999829 ], [ -88.004363367407777, 15.331004055011162 ], [ -88.00377354703194, 15.333052726888999 ], [ -88.001141668664658, 15.336846367458003 ], [ -87.999438152553338, 15.339198732381336 ], [ -87.998667016995412, 15.340941823291168 ], [ -87.997898563546428, 15.343252173486812 ], [ -87.997449802966301, 15.344945382002802 ], [ -87.996771512891954, 15.347067179844313 ], [ -87.996669662170063, 15.347504645613316 ], [ -87.996653537711637, 15.3477568391961 ], [ -87.996638051264938, 15.348143494738869 ], [ -87.996483519669923, 15.348429922894294 ], [ -87.996310550591701, 15.348481119880374 ], [ -87.996051375785996, 15.34861674223424 ], [ -87.992813269063035, 15.351632770029402 ], [ -87.991697245213516, 15.352549945105013 ], [ -87.990853473580273, 15.35272623657066 ], [ -87.989550309456106, 15.350792566089735 ], [ -87.989847948873816, 15.349236751914312 ], [ -87.985459332525963, 15.347088639083761 ], [ -87.984554650874344, 15.34669724776559 ], [ -87.973266403433129, 15.346322061004113 ], [ -87.969168110620373, 15.34607112986042 ], [ -87.969124742442474, 15.345401978669443 ], [ -87.9692114787983, 15.344189136669668 ], [ -87.969233162887235, 15.343896380648719 ], [ -87.969319899243061, 15.342704441183152 ], [ -87.969897529777185, 15.337567296003972 ], [ -87.969955871430258, 15.327755074738173 ], [ -87.970190123376355, 15.325972382883421 ], [ -87.970593064553967, 15.323214079228574 ], [ -87.971750094867033, 15.322218127786627 ], [ -87.978575061389833, 15.31775702687645 ], [ -87.981035093269099, 15.318289762522944 ], [ -87.980223124669749, 15.319367582262217 ], [ -87.979995519565733, 15.322840729995466 ], [ -87.984094599738711, 15.323027329732227 ], [ -87.984693906187857, 15.320153614935416 ], [ -87.986539774111222, 15.320375669332893 ], [ -87.985549936973996, 15.318640768329621 ], [ -87.986222768046645, 15.31740368558941 ], [ -87.986008911512883, 15.315352035135415 ], [ -87.978870268079433, 15.314648062094561 ], [ -87.978961256847242, 15.311662304620013 ], [ -87.979317191389626, 15.30963800756798 ], [ -87.981291691082291, 15.309813788672628 ], [ -87.981267387677718, 15.308174748522312 ], [ -87.981509460267262, 15.307666844492173 ], [ -87.981821006791264, 15.307152001946509 ], [ -87.981986915682043, 15.30640842827658 ], [ -87.981801982939544, 15.3060641567836 ], [ -87.981359377100077, 15.305876838116996 ], [ -87.979243231104988, 15.305591973243041 ], [ -87.979654896002927, 15.300703206291564 ], [ -87.978172824507368, 15.299760711262417 ], [ -87.977977807500892, 15.299634853390167 ], [ -87.978402623230465, 15.29960064407061 ], [ -87.978974047971846, 15.299436385866267 ], [ -87.979970298836832, 15.299240609925166 ], [ -87.982711448122984, 15.298570768920788 ], [ -87.985485353674818, 15.297782128482265 ], [ -87.994118022856753, 15.292880120900572 ], [ -88.00564251471215, 15.282120605847592 ] ] ] ] } },
{ "type": "Feature", "properties": { "Dialgeo": 201061, "Dial": 13, "VERSION": "Capa anterior", "ID_MAPA": "anterior_11", "layer": "Capa anterior", "path": "C:\\Users\\said.calderon\\Downloads\\Capa anterior.geojson" }, "geometry": { "type": "MultiPolygon", "coordinates": [ [ [ [ -87.96095580334692, 15.30711368319751 ], [ -87.958038348340764, 15.30008666749217 ], [ -87.964986675709724, 15.298610235114735 ], [ -87.969421279422107, 15.297031042161883 ], [ -87.96701591381705, 15.302365215081435 ], [ -87.966880804554648, 15.306055128483969 ], [ -87.966823440562109, 15.308016832827407 ], [ -87.967149027111049, 15.308045007568996 ], [ -87.967646473013389, 15.308109919973065 ], [ -87.968640788456213, 15.308261091031641 ], [ -87.970001173082522, 15.308461094504166 ], [ -87.970586070533557, 15.30855100162589 ], [ -87.970703139162069, 15.308588311989734 ], [ -87.974217552247794, 15.308952500625702 ], [ -87.974561630675922, 15.309007851325861 ], [ -87.975355501652814, 15.309122736565893 ], [ -87.975680442122894, 15.309171743466459 ], [ -87.976317179308936, 15.309236196729602 ], [ -87.977478069904237, 15.309361387960381 ], [ -87.97893796550504, 15.309544092822668 ], [ -87.978632026742233, 15.310789241732609 ], [ -87.978461894500953, 15.311445507649296 ], [ -87.978268183439894, 15.312152301354713 ], [ -87.976605281259552, 15.312077632683012 ], [ -87.975769369396644, 15.31201194923973 ], [ -87.974886018366462, 15.311986389135479 ], [ -87.973021699369198, 15.312360091859945 ], [ -87.971332304313705, 15.31217414450292 ], [ -87.97047454040009, 15.313942738290043 ], [ -87.97024055209576, 15.313901733497699 ], [ -87.970153845316261, 15.313876897476549 ], [ -87.969963036260239, 15.313810492554705 ], [ -87.969737823356184, 15.313794661542627 ], [ -87.96911456463674, 15.313839385517547 ], [ -87.968262893605754, 15.314114110156272 ], [ -87.96812252181131, 15.314188254441165 ], [ -87.968016689629863, 15.314241238703605 ], [ -87.967926010786243, 15.314294157293421 ], [ -87.967815858614458, 15.314349261209246 ], [ -87.967727296153186, 15.31439166538544 ], [ -87.967608562038123, 15.314463614640456 ], [ -87.967545976758203, 15.314505906281962 ], [ -87.967507107402611, 15.314527084895978 ], [ -87.967332108316157, 15.314603479643443 ], [ -87.966630167740689, 15.314957389542213 ], [ -87.966129791149896, 15.311425537281005 ], [ -87.963720928508096, 15.309438038659387 ], [ -87.963334385303028, 15.30916192211351 ], [ -87.961316187469166, 15.308341911854923 ], [ -87.96095580334692, 15.30711368319751 ] ] ] ] } },
{ "type": "Feature", "properties": { "Dialgeo": 201068, "Dial": 14, "VERSION": "Capa anterior", "ID_MAPA": "anterior_12", "layer": "Capa anterior", "path": "C:\\Users\\said.calderon\\Downloads\\Capa anterior.geojson" }, "geometry": { "type": "MultiPolygon", "coordinates": [ [ [ [ -87.956190954921681, 15.258710168952044 ], [ -87.95734441548008, 15.257426356596767 ], [ -87.958189359090497, 15.257831992858879 ], [ -87.96082982783102, 15.259099584352411 ], [ -87.965426302277081, 15.261739927980477 ], [ -87.969178601350308, 15.264128044776344 ], [ -87.971129708532686, 15.264426533101549 ], [ -87.977348239066231, 15.264880685981353 ], [ -87.980341241239969, 15.26523778203962 ], [ -87.982937788603763, 15.265347015531367 ], [ -87.984624730554174, 15.265493077214527 ], [ -87.987312632466299, 15.265583564006842 ], [ -87.989948319567162, 15.26577655937802 ], [ -87.992241787705879, 15.266025366933532 ], [ -87.994123471346029, 15.266066630509565 ], [ -87.995852278711723, 15.266210801624405 ], [ -88.000596728133445, 15.266598911420049 ], [ -88.010031497664926, 15.267068141220609 ], [ -88.010033619857396, 15.267856236653211 ], [ -88.009776994451869, 15.269289729907547 ], [ -88.00959116297058, 15.27450836441678 ], [ -88.009233049159249, 15.276760791994485 ], [ -88.008659249095345, 15.277991093312846 ], [ -88.006039988722748, 15.281276786476663 ], [ -87.998959246754836, 15.288040158686865 ], [ -87.993549004212014, 15.292908342705191 ], [ -87.98505200634176, 15.297786676818069 ], [ -87.983138583590133, 15.298391260727502 ], [ -87.979071622433608, 15.299385228178885 ], [ -87.978464046899106, 15.299558918481454 ], [ -87.977836523756196, 15.29960788516993 ], [ -87.970084756067195, 15.296641881851764 ], [ -87.968340065466364, 15.297035724504616 ], [ -87.966711185804172, 15.297823610712147 ], [ -87.964868618020589, 15.298355468095782 ], [ -87.963183162242018, 15.298847327158395 ], [ -87.961102700932273, 15.299194236485759 ], [ -87.959339992312849, 15.290720080778071 ], [ -87.957731077707138, 15.28458831213227 ], [ -87.9559142541749, 15.27907127780338 ], [ -87.954945777730615, 15.274676029604532 ], [ -87.953237751578783, 15.269874675604415 ], [ -87.951317646640831, 15.264767268571383 ], [ -87.952731873916591, 15.262868502517538 ], [ -87.956190954921681, 15.258710168952044 ] ] ] ] } },
{ "type": "Feature", "properties": { "Dialgeo": 201069, "Dial": 13, "VERSION": "Capa anterior", "ID_MAPA": "anterior_13", "layer": "Capa anterior", "path": "C:\\Users\\said.calderon\\Downloads\\Capa anterior.geojson" }, "geometry": { "type": "MultiPolygon", "coordinates": [ [ [ [ -87.939727510101847, 15.275408113500271 ], [ -87.941194291665028, 15.275488227643748 ], [ -87.941683475547904, 15.275572443799428 ], [ -87.942573356905697, 15.275827517167983 ], [ -87.946397586798454, 15.276415296379849 ], [ -87.948511998427662, 15.27722593559791 ], [ -87.949136531178553, 15.28270154994763 ], [ -87.949071025924582, 15.284578692730351 ], [ -87.949157762280393, 15.286754058612656 ], [ -87.949157762280393, 15.288260067922883 ], [ -87.950372071261953, 15.300977048297007 ], [ -87.938353480714383, 15.322350902765686 ], [ -87.937883030738831, 15.325259432706037 ], [ -87.933992016934241, 15.3248443783377 ], [ -87.929654736292306, 15.324021321652889 ], [ -87.926185426469971, 15.323474965771178 ], [ -87.918335134606181, 15.322256430792818 ], [ -87.916284683422745, 15.315115415957886 ], [ -87.908131465975188, 15.312773030519107 ], [ -87.906396738858689, 15.31043061885951 ], [ -87.905529375300446, 15.307920862988418 ], [ -87.907437575128597, 15.304909116222305 ], [ -87.916805101557699, 15.306414995021408 ], [ -87.920794973925638, 15.306414995021408 ], [ -87.926693046121741, 15.301730003189816 ], [ -87.928427773238226, 15.29637559846771 ], [ -87.927025405318872, 15.29215471897588 ], [ -87.925241749156697, 15.290781744624898 ], [ -87.915821268390985, 15.290993035703865 ], [ -87.91332740386747, 15.289795411766988 ], [ -87.912344319838127, 15.288548469577405 ], [ -87.911624526615626, 15.286523997320495 ], [ -87.911728763357573, 15.279794311730869 ], [ -87.911023781851455, 15.276044321099352 ], [ -87.911037622828928, 15.274103130112762 ], [ -87.911925604716487, 15.273926972055737 ], [ -87.913347193366363, 15.273834908412077 ], [ -87.917510794773477, 15.275845299842839 ], [ -87.925444808126727, 15.27628716064463 ], [ -87.928641588282204, 15.27567002474518 ], [ -87.93288469708834, 15.275522986412776 ], [ -87.934748159832381, 15.274868177265153 ], [ -87.93692572581196, 15.274902216667707 ], [ -87.939727510101847, 15.275408113500271 ] ] ] ] } },
{ "type": "Feature", "properties": { "Dialgeo": 201074, "Dial": 16, "VERSION": "Capa anterior", "ID_MAPA": "anterior_14", "layer": "Capa anterior", "path": "C:\\Users\\said.calderon\\Downloads\\Capa anterior.geojson" }, "geometry": { "type": "MultiPolygon", "coordinates": [ [ [ [ -88.011199951977787, 15.399595275257912 ], [ -88.01356670958873, 15.399576032157738 ], [ -88.017497535501036, 15.400095200673093 ], [ -88.021508966423013, 15.400920853127907 ], [ -88.030288304878184, 15.408106708083803 ], [ -88.033579689614527, 15.410737786756133 ], [ -88.036138670711324, 15.41392863848951 ], [ -88.036458205586044, 15.419964556614291 ], [ -88.036642380967351, 15.4222331402256 ], [ -88.036648725002564, 15.423511956413817 ], [ -88.034127467191183, 15.423242028929508 ], [ -88.032908640691076, 15.423138964549972 ], [ -88.030053676576216, 15.422465904616539 ], [ -88.028669250716433, 15.422465706119308 ], [ -88.026934523599948, 15.422674738724627 ], [ -88.024202328391439, 15.423928929938427 ], [ -88.023877067057072, 15.425214468071799 ], [ -88.024408327236486, 15.425820654023957 ], [ -88.024776956748752, 15.426395483895599 ], [ -88.024917903326966, 15.426782186732057 ], [ -88.025069691949653, 15.427325659771331 ], [ -88.024917903326966, 15.427733263617224 ], [ -88.024603484037101, 15.428015450426377 ], [ -88.024321590880675, 15.428099061259147 ], [ -88.02372527843437, 15.428234928790561 ], [ -88.023053071676728, 15.428130415312742 ], [ -88.022445917185934, 15.428151318012517 ], [ -88.02162192180559, 15.427879582751332 ], [ -88.019973931044916, 15.426834443816878 ], [ -88.018976462952963, 15.42581020255702 ], [ -88.017827206238252, 15.423552673369571 ], [ -88.016916474502068, 15.420605306663868 ], [ -88.014249331560478, 15.417699705642349 ], [ -88.013490388446996, 15.417490668030647 ], [ -88.012796497600391, 15.417407052927079 ], [ -88.011452084085107, 15.417448860483074 ], [ -88.011040086394942, 15.417469764257914 ], [ -88.009305359278443, 15.418013261665545 ], [ -88.007787473051494, 15.41901663775959 ], [ -88.006898425404287, 15.419267481025885 ], [ -88.006009377757081, 15.41939290254545 ], [ -88.004968541487173, 15.419288384617737 ], [ -88.00329886663755, 15.418598564976 ], [ -87.99864865890369, 15.417036027021814 ], [ -87.992825451671663, 15.414543215317272 ], [ -87.994777019677727, 15.407644758323354 ], [ -87.99521070145687, 15.406808566161466 ], [ -87.994083128831122, 15.404467210217478 ], [ -87.99742247853041, 15.400453395839596 ], [ -87.999786044226639, 15.397233926245523 ], [ -88.005749168689619, 15.400160718844536 ], [ -88.008893361588292, 15.401979490641656 ], [ -88.011199951977787, 15.399595275257912 ] ] ] ] } },
{ "type": "Feature", "properties": { "Dialgeo": 201081, "Dial": 14, "VERSION": "Capa anterior", "ID_MAPA": "anterior_15", "layer": "Capa anterior", "path": "C:\\Users\\said.calderon\\Downloads\\Capa anterior.geojson" }, "geometry": { "type": "MultiPolygon", "coordinates": [ [ [ [ -87.963279792467148, 15.217005866976523 ], [ -87.965419979564857, 15.218156812951948 ], [ -87.966138794191849, 15.218560982806308 ], [ -87.984038693823749, 15.228107117324502 ], [ -87.993851681351529, 15.232968810544609 ], [ -87.995013185242556, 15.233475219763514 ], [ -87.993653181937219, 15.235578606993304 ], [ -87.992816908298209, 15.237014653424126 ], [ -87.991928175752321, 15.238502084239814 ], [ -87.990829157618577, 15.240092750843399 ], [ -87.988946011388137, 15.243016906305394 ], [ -87.987258532723331, 15.242717403588127 ], [ -87.975339837686548, 15.239797487404132 ], [ -87.971986834278638, 15.239131291557696 ], [ -87.969541237914996, 15.238705773702721 ], [ -87.96850039866537, 15.238501928463711 ], [ -87.968339065088728, 15.238479447565956 ], [ -87.966875053683736, 15.23823363158145 ], [ -87.966336268052814, 15.238110604074171 ], [ -87.963728756932653, 15.237616992958491 ], [ -87.962829090676038, 15.237364562331898 ], [ -87.962268197680174, 15.237155417348989 ], [ -87.961137524850685, 15.236923892049179 ], [ -87.960723298557298, 15.236845299621274 ], [ -87.960250645052611, 15.236766956300171 ], [ -87.959661233369218, 15.23671038419813 ], [ -87.958789240462821, 15.236614834752116 ], [ -87.958180942074648, 15.236688342076011 ], [ -87.957277008850056, 15.23679738186777 ], [ -87.942116521435111, 15.230967916294032 ], [ -87.940550083424526, 15.228386310266702 ], [ -87.938528492925116, 15.225170987192806 ], [ -87.937053974876093, 15.222660211761569 ], [ -87.934538620557149, 15.218308130091343 ], [ -87.934278411489672, 15.213704868923809 ], [ -87.934365147845497, 15.21027328152632 ], [ -87.93419167513386, 15.207092735992278 ], [ -87.934278411489672, 15.204330644355045 ], [ -87.934278411489672, 15.20332623842341 ], [ -87.934451884201323, 15.201317412205574 ], [ -87.934321779667584, 15.199559673566149 ], [ -87.940957110888206, 15.201631292563679 ], [ -87.94577097863656, 15.20527227056998 ], [ -87.95336040977125, 15.210587148549271 ], [ -87.962202792684536, 15.21632926727287 ], [ -87.963279792467148, 15.217005866976523 ] ] ] ] } },
{ "type": "Feature", "properties": { "Dialgeo": 201082, "Dial": 13, "VERSION": "Capa anterior", "ID_MAPA": "anterior_16", "layer": "Capa anterior", "path": "C:\\Users\\said.calderon\\Downloads\\Capa anterior.geojson" }, "geometry": { "type": "MultiPolygon", "coordinates": [ [ [ [ -87.957892751476834, 15.300200747319868 ], [ -87.960650143230993, 15.306770658778825 ], [ -87.961012993868295, 15.30853997973524 ], [ -87.962982722754276, 15.309291644438167 ], [ -87.965962547099252, 15.311427205495439 ], [ -87.966612684859456, 15.314994330291386 ], [ -87.962547307032651, 15.317077362888419 ], [ -87.961865964469439, 15.317517044885278 ], [ -87.962829871839091, 15.31812218424359 ], [ -87.963203998613736, 15.318535752067415 ], [ -87.96345518688986, 15.318793482747894 ], [ -87.963552076682632, 15.319326868012832 ], [ -87.963676547861112, 15.319816998626363 ], [ -87.963834822974988, 15.320409430325464 ], [ -87.963941714651128, 15.320700134409455 ], [ -87.965148781018542, 15.323139497388558 ], [ -87.964667630510462, 15.325725269954406 ], [ -87.964339357161464, 15.327454527650854 ], [ -87.963652913161411, 15.332849435528189 ], [ -87.963748531962153, 15.33431563130207 ], [ -87.962914835106631, 15.352311422818715 ], [ -87.960118002954317, 15.354340472280095 ], [ -87.95781548627771, 15.355612357227095 ], [ -87.94828861138528, 15.358978175549895 ], [ -87.93965535134808, 15.361828281823435 ], [ -87.938813442571544, 15.362189917577119 ], [ -87.937596550620043, 15.361223087183854 ], [ -87.925516446246789, 15.359544764509323 ], [ -87.926266089173041, 15.356904971575958 ], [ -87.927203801801681, 15.352208230201228 ], [ -87.927891285753077, 15.349028584745673 ], [ -87.92823151143493, 15.346644579249723 ], [ -87.929222900324731, 15.341967660685553 ], [ -87.929779012562761, 15.33966054985868 ], [ -87.931222077940419, 15.335513364232519 ], [ -87.932228002062999, 15.325071147080275 ], [ -87.938218401840473, 15.32571095065866 ], [ -87.938612265375326, 15.324328948664611 ], [ -87.938706973893616, 15.322973429054274 ], [ -87.940058575383759, 15.319750466956407 ], [ -87.946319434879882, 15.308508727378241 ], [ -87.950979225752718, 15.301311695250252 ], [ -87.957892751476834, 15.300200747319868 ] ] ] ] } },
{ "type": "Feature", "properties": { "Dialgeo": 201085, "Dial": 16, "VERSION": "Capa anterior", "ID_MAPA": "anterior_17", "layer": "Capa anterior", "path": "C:\\Users\\said.calderon\\Downloads\\Capa anterior.geojson" }, "geometry": { "type": "MultiPolygon", "coordinates": [ [ [ [ -88.028755987072216, 15.381658516132857 ], [ -88.031444814102812, 15.381282183082588 ], [ -88.038123513501347, 15.380194994895456 ], [ -88.039554663372456, 15.381156738581383 ], [ -88.04182223357158, 15.382257743715352 ], [ -88.044565306093759, 15.383887240741723 ], [ -88.046102462960775, 15.384686797333007 ], [ -88.047560162064869, 15.385184175869885 ], [ -88.050947365277764, 15.386983449932455 ], [ -88.053660442178384, 15.387828938378524 ], [ -88.056675377303449, 15.389174951799395 ], [ -88.059786269061604, 15.389743688106623 ], [ -88.065813836308479, 15.391479036265494 ], [ -88.077037030111569, 15.395220780993967 ], [ -88.079780003641588, 15.400360482552635 ], [ -88.083201271010239, 15.412007710576566 ], [ -88.082944675957606, 15.420253141158605 ], [ -88.083874457062961, 15.429015631655744 ], [ -88.084099730549525, 15.431776800195184 ], [ -88.069088554443468, 15.432043623029971 ], [ -88.064555363851113, 15.421325023098754 ], [ -88.063871110377363, 15.419943943417209 ], [ -88.06258813511414, 15.418851441045073 ], [ -88.060022184587652, 15.418768987802684 ], [ -88.057327936534804, 15.4209333745696 ], [ -88.055489005324191, 15.423716124416604 ], [ -88.052281567166077, 15.425756783940104 ], [ -88.050784762692288, 15.426333936530972 ], [ -88.049330724060624, 15.426189648533652 ], [ -88.047833919586822, 15.426189648533656 ], [ -88.046764773534122, 15.425694946067358 ], [ -88.045054139849782, 15.424540635729315 ], [ -88.042616486849639, 15.425406369084403 ], [ -88.041461809112718, 15.427261499833914 ], [ -88.039836707112599, 15.429199063142084 ], [ -88.038510966007252, 15.429446410347921 ], [ -88.037227990744, 15.429363961312049 ], [ -88.036372673901823, 15.413409456858483 ], [ -88.035402738306217, 15.412268093663052 ], [ -88.03273867880155, 15.409608042937547 ], [ -88.021732674849048, 15.400822155730593 ], [ -88.020396840409759, 15.400469877002964 ], [ -88.019284458702714, 15.40030243997953 ], [ -88.017081615951355, 15.399902746623519 ], [ -88.016002742077816, 15.39976749062583 ], [ -88.014911514935847, 15.399621053000356 ], [ -88.013539726435098, 15.399448269501631 ], [ -88.012477335611948, 15.399406140459218 ], [ -88.011899231372809, 15.399387204342794 ], [ -88.011232516661778, 15.399433371813474 ], [ -88.009977566036099, 15.400620639651885 ], [ -88.008898657187785, 15.401827169166831 ], [ -88.007170405041208, 15.40072428298339 ], [ -88.003526750540132, 15.398885957788247 ], [ -87.99984579612952, 15.397195521017574 ], [ -87.999647946336992, 15.397170833124804 ], [ -87.999533690807851, 15.396120733889079 ], [ -87.999280110409018, 15.394130584385763 ], [ -88.000656387138491, 15.393035576551236 ], [ -88.002113666705966, 15.391801310342018 ], [ -88.003511646858129, 15.389198921743006 ], [ -88.004296334729489, 15.385589065125268 ], [ -88.008698204787649, 15.384731877255696 ], [ -88.018499412995908, 15.382892047474622 ], [ -88.021535185449792, 15.382473902075638 ], [ -88.023703594345406, 15.382223014433258 ], [ -88.026045475952699, 15.382055755837101 ], [ -88.028755987072216, 15.381658516132857 ] ] ] ] } },
{ "type": "Feature", "properties": { "Dialgeo": 201090, "Dial": 14, "VERSION": "Capa anterior", "ID_MAPA": "anterior_18", "layer": "Capa anterior", "path": "C:\\Users\\said.calderon\\Downloads\\Capa anterior.geojson" }, "geometry": { "type": "MultiPolygon", "coordinates": [ [ [ [ -87.961292296784634, 15.236963412073887 ], [ -87.962442585532642, 15.237225580364814 ], [ -87.962735422210486, 15.237377964257618 ], [ -87.963105947684085, 15.237482740845898 ], [ -87.963469024769978, 15.237555639055149 ], [ -87.963570233454021, 15.237594205468822 ], [ -87.966261543983947, 15.238113285081013 ], [ -87.966856326009378, 15.238278545690729 ], [ -87.967626100508994, 15.238379231161431 ], [ -87.968581264778507, 15.238559479278397 ], [ -87.969380622806341, 15.238740396058621 ], [ -87.970949716385405, 15.239012529224617 ], [ -87.971992766260755, 15.239244383261779 ], [ -87.976174505699746, 15.240124434669612 ], [ -87.989003210288843, 15.243573893178365 ], [ -87.995224652545403, 15.233627748414353 ], [ -88.009371923486938, 15.239293969285361 ], [ -88.012330997605574, 15.241071069147988 ], [ -88.011732503412915, 15.248133152811947 ], [ -88.009572609232478, 15.266946452045618 ], [ -87.969124968152286, 15.263923654854198 ], [ -87.961303835558951, 15.259046397139329 ], [ -87.957818188981719, 15.257322022273954 ], [ -87.955482122897124, 15.253444157163367 ], [ -87.953144761961084, 15.249259333001746 ], [ -87.951582314476795, 15.245235191247481 ], [ -87.950584846384814, 15.243059395114898 ], [ -87.949327169225356, 15.240590676083016 ], [ -87.948026123887971, 15.238582205320771 ], [ -87.945727610458604, 15.235192867418673 ], [ -87.943342360673427, 15.231636096087133 ], [ -87.955467288469677, 15.236335898490085 ], [ -87.957018137449268, 15.236887123664145 ], [ -87.95752903639314, 15.236809307467253 ], [ -87.958497424286293, 15.236686991249792 ], [ -87.959156922835206, 15.236660483209601 ], [ -87.959593153719553, 15.23672958464824 ], [ -87.960202116339289, 15.236802619107364 ], [ -87.960367746676781, 15.236820820188765 ], [ -87.961292296784634, 15.236963412073887 ] ] ] ] } },
{ "type": "Feature", "properties": { "Dialgeo": 201091, "Dial": 13, "VERSION": "Capa anterior", "ID_MAPA": "anterior_19", "layer": "Capa anterior", "path": "C:\\Users\\said.calderon\\Downloads\\Capa anterior.geojson" }, "geometry": { "type": "MultiPolygon", "coordinates": [ [ [ [ -87.925185378101276, 15.323479109951313 ], [ -87.932049016093941, 15.324652000179857 ], [ -87.931962279738102, 15.325572173897429 ], [ -87.931832175204377, 15.327454334796366 ], [ -87.931615334314813, 15.329294653512106 ], [ -87.931398493425249, 15.331678678666002 ], [ -87.931094916179859, 15.335317401466492 ], [ -87.930357657155355, 15.337450416405382 ], [ -87.929837239020401, 15.338914237585175 ], [ -87.929186716351708, 15.340838101248954 ], [ -87.928449457327218, 15.344309375631115 ], [ -87.927473673324158, 15.348993413441377 ], [ -87.926693046121756, 15.352339090384779 ], [ -87.925435368962326, 15.359113921905118 ], [ -87.916154578889063, 15.36078668594315 ], [ -87.914246379060913, 15.34840791446255 ], [ -87.913636765928402, 15.344436856838842 ], [ -87.91349928629279, 15.34348842685422 ], [ -87.914499648575557, 15.338426627822583 ], [ -87.909351966105092, 15.335277156839387 ], [ -87.908632983951691, 15.334762451063641 ], [ -87.900867296174908, 15.330800356773175 ], [ -87.900260141684129, 15.327537985998569 ], [ -87.899956564438753, 15.326345953207078 ], [ -87.901127505242357, 15.326617820933288 ], [ -87.902688759647219, 15.326785123973691 ], [ -87.906461791125608, 15.326701472470221 ], [ -87.909193986334074, 15.326575995152266 ], [ -87.910364927137707, 15.326534169362882 ], [ -87.913747645014894, 15.326408691944508 ], [ -87.916306367511723, 15.325446695901686 ], [ -87.917954358272382, 15.32410825926139 ], [ -87.918583196852126, 15.322518854623222 ], [ -87.919892362209282, 15.32261668043602 ], [ -87.92296338282128, 15.323041686429697 ], [ -87.923548853223096, 15.323208992331688 ], [ -87.925185378101276, 15.323479109951313 ] ] ] ] } },
{ "type": "Feature", "properties": { "Dialgeo": 201092, "Dial": 13, "VERSION": "Capa anterior", "ID_MAPA": "anterior_20", "layer": "Capa anterior", "path": "C:\\Users\\said.calderon\\Downloads\\Capa anterior.geojson" }, "geometry": { "type": "MultiPolygon", "coordinates": [ [ [ [ -87.914472008150682, 15.3384590931172 ], [ -87.913299538144813, 15.343553948649294 ], [ -87.915644219733949, 15.361359501807366 ], [ -87.910733556649959, 15.368899401183366 ], [ -87.908130098903683, 15.373123382730585 ], [ -87.908092531809245, 15.374619299753496 ], [ -87.908282785742301, 15.377866467474934 ], [ -87.9082021002461, 15.37957624021902 ], [ -87.910648234800988, 15.395122164967024 ], [ -87.903022152514822, 15.399073629257746 ], [ -87.893914835153197, 15.410613213335211 ], [ -87.888645601536837, 15.411240346294132 ], [ -87.887214451665713, 15.395436018948418 ], [ -87.869260026009954, 15.394056219091054 ], [ -87.861423938363558, 15.393486526329761 ], [ -87.858995320400453, 15.388552608190087 ], [ -87.851275784732039, 15.375339166850639 ], [ -87.853530929983478, 15.373499254108332 ], [ -87.858388165909687, 15.368648497195162 ], [ -87.86289845641258, 15.365135809652674 ], [ -87.867755692338775, 15.361623062931308 ], [ -87.874217550847689, 15.357482964052389 ], [ -87.879768677620504, 15.353551885031582 ], [ -87.885276436215378, 15.346609585902474 ], [ -87.886447377019024, 15.345564038920646 ], [ -87.888008631423872, 15.343263817130802 ], [ -87.888572417736711, 15.338956060896736 ], [ -87.888008631423872, 15.334940984804899 ], [ -87.887835158712207, 15.333435311377247 ], [ -87.888615785914624, 15.331469554740613 ], [ -87.891521453834756, 15.327454334796366 ], [ -87.894166912687425, 15.323940954078928 ], [ -87.895749850953749, 15.323522691853158 ], [ -87.900130038241315, 15.326283209489189 ], [ -87.900607087107431, 15.330925831555284 ], [ -87.907853912232653, 15.334485235899381 ], [ -87.914472008150682, 15.3384590931172 ] ] ] ] } },
{ "type": "Feature", "properties": { "Dialgeo": 201100, "Dial": 15, "VERSION": "Capa anterior", "ID_MAPA": "anterior_21", "layer": "Capa anterior", "path": "C:\\Users\\said.calderon\\Downloads\\Capa anterior.geojson" }, "geometry": { "type": "MultiPolygon", "coordinates": [ [ [ [ -88.116338694071672, 15.397518466163033 ], [ -88.119551826652838, 15.395787954439424 ], [ -88.122516726063267, 15.393949097413506 ], [ -88.125145844930643, 15.392230166789567 ], [ -88.129805291976112, 15.388878685215097 ], [ -88.130220143056462, 15.388437958253141 ], [ -88.133136306154455, 15.396326197482725 ], [ -88.133831980577568, 15.398215295600195 ], [ -88.134261544723358, 15.399645375427502 ], [ -88.135049096811372, 15.401457270429802 ], [ -88.135516764906257, 15.402618601472172 ], [ -88.135627214738605, 15.403538781839133 ], [ -88.134294401980824, 15.405706778315045 ], [ -88.133147287494921, 15.408091219554972 ], [ -88.136012910440442, 15.409880064462431 ], [ -88.138473823708239, 15.410793312926657 ], [ -88.139933535498272, 15.411592582022635 ], [ -88.142225147208123, 15.412437988046017 ], [ -88.142949737070964, 15.41369049103479 ], [ -88.144233343692903, 15.41847828562689 ], [ -88.14020527485485, 15.426009595806962 ], [ -88.136995407240775, 15.430440250627095 ], [ -88.133391713980757, 15.43371733913545 ], [ -88.126738629804464, 15.437047423242523 ], [ -88.120622580539646, 15.440406258692654 ], [ -88.118038189266315, 15.442184241054118 ], [ -88.114423131118244, 15.444004861239835 ], [ -88.111097909070267, 15.446157867814012 ], [ -88.108107338534339, 15.449088533963833 ], [ -88.103122867641289, 15.453972898487553 ], [ -88.100018264909352, 15.456644557708618 ], [ -88.09866234087319, 15.458240732636813 ], [ -88.094075740132851, 15.458621493075334 ], [ -88.089858038888195, 15.458949192693833 ], [ -88.086483651098789, 15.459170373869936 ], [ -88.085673367644603, 15.44536303479193 ], [ -88.084882919912786, 15.435340901963899 ], [ -88.084762511566652, 15.429747120604317 ], [ -88.083496159602021, 15.421659954119093 ], [ -88.083695564466794, 15.409770122686432 ], [ -88.089091783807774, 15.408083351036899 ], [ -88.096225231914758, 15.405923348254676 ], [ -88.102960377735187, 15.403230078766688 ], [ -88.112087115140199, 15.399156328572719 ], [ -88.116338694071672, 15.397518466163033 ] ] ] ] } },
{ "type": "Feature", "properties": { "Dialgeo": 201112, "Dial": 18, "VERSION": "Capa anterior", "ID_MAPA": "anterior_22", "layer": "Capa anterior", "path": "C:\\Users\\said.calderon\\Downloads\\Capa anterior.geojson" }, "geometry": { "type": "MultiPolygon", "coordinates": [ [ [ [ -87.945011569349745, 15.687534530515803 ], [ -87.985955762488842, 15.691340234912458 ], [ -87.991058198421655, 15.692067192417273 ], [ -87.98946441788361, 15.715994794848855 ], [ -87.985040863736515, 15.741124882514502 ], [ -87.983913291110781, 15.744714641563659 ], [ -87.957800226985185, 15.745340755834192 ], [ -87.948834399622257, 15.74532944109583 ], [ -87.946047450770877, 15.74554946016236 ], [ -87.940843269421364, 15.745674682656388 ], [ -87.938458019636187, 15.733736458003925 ], [ -87.908317396113773, 15.7350139057839 ], [ -87.908185430997634, 15.736560782105386 ], [ -87.906907670204774, 15.747052124997724 ], [ -87.904739261309132, 15.747219087071269 ], [ -87.901096334364468, 15.747386049007636 ], [ -87.893983953186805, 15.747386049007636 ], [ -87.893550271407676, 15.744965087503353 ], [ -87.892975643050349, 15.741281414027569 ], [ -87.890453049386281, 15.73920469022312 ], [ -87.883905315034696, 15.737264014761829 ], [ -87.884846487336588, 15.735060560071727 ], [ -87.888578155989038, 15.730850733518109 ], [ -87.892834679124419, 15.725922541530613 ], [ -87.894357982625763, 15.724023594473321 ], [ -87.896121019051563, 15.72233794262066 ], [ -87.920040698263008, 15.70396676255902 ], [ -87.924458935421484, 15.700060406545413 ], [ -87.928515736127622, 15.686333925675292 ], [ -87.934592830779437, 15.686806396344167 ], [ -87.945011569349745, 15.687534530515803 ] ] ] ] } },
{ "type": "Feature", "properties": { "Dialgeo": 201121, "Dial": 4, "VERSION": "Capa anterior", "ID_MAPA": "anterior_23", "layer": "Capa anterior", "path": "C:\\Users\\said.calderon\\Downloads\\Capa anterior.geojson" }, "geometry": { "type": "MultiPolygon", "coordinates": [ [ [ [ -88.027154578728712, 15.490724778526761 ], [ -88.029449169563804, 15.49060458530175 ], [ -88.030653623743135, 15.491151764586402 ], [ -88.030947164490101, 15.491314738988631 ], [ -88.03141054940194, 15.491551622112206 ], [ -88.031750904186481, 15.491833898740989 ], [ -88.031797420708145, 15.491893442586688 ], [ -88.03209118574874, 15.492101234922174 ], [ -88.032385248002385, 15.492368786261917 ], [ -88.032539463580605, 15.492397946800004 ], [ -88.032710569601704, 15.492725832427034 ], [ -88.032990191453592, 15.493187672894207 ], [ -88.033207667757992, 15.493545221852722 ], [ -88.033302335573325, 15.493992985552177 ], [ -88.033395890224867, 15.494216651402116 ], [ -88.03358233185952, 15.494529524284388 ], [ -88.033709330920374, 15.495258654609499 ], [ -88.033894535559213, 15.496339360798432 ], [ -88.033822354717827, 15.496755593810882 ], [ -88.034169152430181, 15.49688012734269 ], [ -88.034503601724353, 15.496990348341305 ], [ -88.034812263332753, 15.497093485394542 ], [ -88.035260258351741, 15.497330431375158 ], [ -88.035676993632052, 15.497477881697193 ], [ -88.035924698048404, 15.497715764277972 ], [ -88.036574254424352, 15.498205746066317 ], [ -88.037116559285167, 15.498949815459349 ], [ -88.037442496422585, 15.499292306762857 ], [ -88.037582130718249, 15.499485873772215 ], [ -88.037670857803832, 15.499842925992279 ], [ -88.037848901916618, 15.500455732858132 ], [ -88.037835956193575, 15.500948819295001 ], [ -88.03783841785517, 15.501441833380396 ], [ -88.037764066355905, 15.501980028569506 ], [ -88.037705122011047, 15.502518151403022 ], [ -88.037561651973007, 15.502960525771959 ], [ -88.037503788236279, 15.50328771408739 ], [ -88.037430700272665, 15.504538032750835 ], [ -88.037373844033226, 15.505067135418075 ], [ -88.037376196050843, 15.50553826898564 ], [ -88.037260082948734, 15.506115725716947 ], [ -88.037193837935362, 15.506750639529335 ], [ -88.037129848476312, 15.50783745687804 ], [ -88.037062546947055, 15.508260841293033 ], [ -88.036965592503989, 15.508703595231703 ], [ -88.036927991222342, 15.509117225033018 ], [ -88.036829269402361, 15.510199397589277 ], [ -88.036488961467001, 15.511995924083932 ], [ -88.036199262329319, 15.512609829704706 ], [ -88.036062004476861, 15.512894336548575 ], [ -88.035901126988279, 15.512992157436138 ], [ -88.035223645409104, 15.513944211704342 ], [ -88.033776440417924, 15.514966787156141 ], [ -88.033330340417137, 15.515118276174864 ], [ -88.032961281809676, 15.515269404063115 ], [ -88.032407247165892, 15.515406455833221 ], [ -88.031566096593892, 15.515989537356534 ], [ -88.031154619140764, 15.516222618714776 ], [ -88.030935611408779, 15.516437019532606 ], [ -88.030490163908482, 15.517223169753466 ], [ -88.029968273293917, 15.517628989054334 ], [ -88.029523275650178, 15.518004568425981 ], [ -88.029200138578659, 15.518095715623623 ], [ -88.028707654032075, 15.518217531609944 ], [ -88.02802882957657, 15.518290958736772 ], [ -88.027066377102102, 15.518366562976928 ], [ -88.025974451220719, 15.518220495061623 ], [ -88.024314013571228, 15.518077059151635 ], [ -88.022438267804702, 15.517970170648876 ], [ -88.020470696193513, 15.517837018020051 ], [ -88.01985585487445, 15.517742059307871 ], [ -88.019850868381809, 15.517642538473277 ], [ -88.020903848461856, 15.512726626775027 ], [ -88.021258229915873, 15.51085209304636 ], [ -88.021539314034328, 15.509721347209116 ], [ -88.021776917216542, 15.508847953955312 ], [ -88.021990123588679, 15.507625545520444 ], [ -88.02198876384233, 15.507349113823544 ], [ -88.022057851114099, 15.507111644124162 ], [ -88.022182830781006, 15.50648284517357 ], [ -88.022299412188616, 15.505991928964473 ], [ -88.022449540438529, 15.505265284258163 ], [ -88.022771011703128, 15.503684490555198 ], [ -88.022939516627474, 15.502708582599904 ], [ -88.023005639349833, 15.502339980088424 ], [ -88.023095755040288, 15.502076045469874 ], [ -88.023101677655276, 15.501992349633463 ], [ -88.023226709681936, 15.501469381982181 ], [ -88.023339660942312, 15.501012132461627 ], [ -88.02343537684915, 15.50050118042417 ], [ -88.023505775667374, 15.500197974570005 ], [ -88.023299929786134, 15.500163203196896 ], [ -88.022742285397712, 15.500088587942846 ], [ -88.022455317587045, 15.500061401727722 ], [ -88.021877059713177, 15.499985017216508 ], [ -88.021676911064915, 15.499952831829836 ], [ -88.02172511984908, 15.499673767041104 ], [ -88.021738363200697, 15.499341980002407 ], [ -88.021820875449151, 15.498981027107519 ], [ -88.021200216189314, 15.498796397424448 ], [ -88.021078633722269, 15.498759322234548 ], [ -88.020935794730832, 15.498713485172345 ], [ -88.020786789197203, 15.498659486453713 ], [ -88.020807403553377, 15.498579782874549 ], [ -88.020870350403897, 15.498109433603881 ], [ -88.021137761738956, 15.497511585910157 ], [ -88.021245744429606, 15.497466879645915 ], [ -88.022016673345604, 15.497445934023311 ], [ -88.022244601470263, 15.497431014542855 ], [ -88.022529887871428, 15.497471211599278 ], [ -88.022753019372871, 15.497476739696271 ], [ -88.022975526103011, 15.497522843667094 ], [ -88.023527533864367, 15.497568106374649 ], [ -88.02393668826042, 15.497592653949033 ], [ -88.023924256531672, 15.497612856083505 ], [ -88.023899501860029, 15.497844024229359 ], [ -88.023858472679464, 15.498070172299217 ], [ -88.023841934185612, 15.498220249558859 ], [ -88.02374546588787, 15.498967707808653 ], [ -88.024467704151448, 15.49915896242921 ], [ -88.025432619142023, 15.499445695079768 ], [ -88.026136466007046, 15.499571088808613 ], [ -88.026707187187171, 15.499607036989655 ], [ -88.028304604659539, 15.499846302339378 ], [ -88.028415893267578, 15.499174530074207 ], [ -88.028429140543722, 15.499072224370671 ], [ -88.028573859849573, 15.498208033189057 ], [ -88.028639410176979, 15.497905441376306 ], [ -88.028715298231972, 15.497491666571442 ], [ -88.028737559977472, 15.497358201143228 ], [ -88.02760739142569, 15.49710451195125 ], [ -88.027702664370423, 15.49554068139342 ], [ -88.027846204745231, 15.49359261400288 ], [ -88.027901783562953, 15.493147884109463 ], [ -88.02778997348473, 15.493125993388789 ], [ -88.027691045315692, 15.493101876336167 ], [ -88.026954818636199, 15.493012498331863 ], [ -88.025943696616892, 15.492898276417433 ], [ -88.025498423821304, 15.492836160940726 ], [ -88.025374540190526, 15.492814508297068 ], [ -88.02541757892368, 15.492754633951098 ], [ -88.025459270128692, 15.491156099036306 ], [ -88.02555158989459, 15.490682450627546 ], [ -88.025669473118825, 15.490701669540423 ], [ -88.027154578728712, 15.490724778526761 ] ] ] ] } },
{ "type": "Feature", "properties": { "Dialgeo": 201126, "Dial": 4, "VERSION": "Capa anterior", "ID_MAPA": "anterior_24", "layer": "Capa anterior", "path": "C:\\Users\\said.calderon\\Downloads\\Capa anterior.geojson" }, "geometry": { "type": "MultiPolygon", "coordinates": [ [ [ [ -88.020246499204816, 15.48974954496286 ], [ -88.021798414020637, 15.489909581642195 ], [ -88.023191443438805, 15.490083143431677 ], [ -88.024071548535488, 15.490275132021816 ], [ -88.024711801542125, 15.490416395708094 ], [ -88.024956895967762, 15.490494971790648 ], [ -88.025386799430223, 15.490651763650964 ], [ -88.02551076942467, 15.490691197570511 ], [ -88.02547174271038, 15.490911425882466 ], [ -88.025437212452317, 15.491113851736548 ], [ -88.025356088448589, 15.492851059869221 ], [ -88.025876907324502, 15.492892195953711 ], [ -88.026668737649729, 15.492985487060503 ], [ -88.026797743060925, 15.492999891413659 ], [ -88.027414417765797, 15.493074544278729 ], [ -88.027642348890794, 15.493104325301118 ], [ -88.027871043794946, 15.493162967193289 ], [ -88.027832299191488, 15.49350677235328 ], [ -88.027813797485834, 15.493659995606841 ], [ -88.02780634326578, 15.493710453495959 ], [ -88.027808509094072, 15.493758999150321 ], [ -88.027808785986565, 15.493815023693488 ], [ -88.027786672506153, 15.494016819446975 ], [ -88.027723973587939, 15.494488965299295 ], [ -88.027559558203791, 15.497165858445314 ], [ -88.027978349586931, 15.497259487915324 ], [ -88.02868287806379, 15.497425136470914 ], [ -88.028658599041734, 15.497614178720671 ], [ -88.028616741448047, 15.497956668878086 ], [ -88.028516068054103, 15.498457244153393 ], [ -88.028279214686535, 15.499810857272033 ], [ -88.027047827091494, 15.499617231890481 ], [ -88.026691612605319, 15.499596087875117 ], [ -88.02616739991015, 15.499563426732994 ], [ -88.025247322055748, 15.499369807742205 ], [ -88.023972796477395, 15.498981595312953 ], [ -88.02377220786255, 15.498922763291104 ], [ -88.023767988183835, 15.498848081675165 ], [ -88.023776199273172, 15.498796727445558 ], [ -88.023824624919698, 15.498616245839607 ], [ -88.023919080550996, 15.498242302663204 ], [ -88.023977138585494, 15.497574013364776 ], [ -88.023670096268447, 15.497572254035276 ], [ -88.023016447502698, 15.497483934411264 ], [ -88.022923546611651, 15.497496383257666 ], [ -88.02283915050468, 15.497473937477565 ], [ -88.022493229846035, 15.497453302120693 ], [ -88.022065592203404, 15.497389868176635 ], [ -88.021150413849043, 15.49745842625588 ], [ -88.020822060920025, 15.498141837943958 ], [ -88.020763318842882, 15.498675820536864 ], [ -88.021319447923617, 15.498845124813798 ], [ -88.021515729207493, 15.498919582024856 ], [ -88.021661996619613, 15.498961379286646 ], [ -88.021788767211163, 15.499005213601341 ], [ -88.021720597003309, 15.499257928738821 ], [ -88.021692263557171, 15.499720330414517 ], [ -88.021649067017222, 15.499961974790054 ], [ -88.021994508033416, 15.500010257269057 ], [ -88.022116045270479, 15.500023517318319 ], [ -88.02215205527051, 15.500036571788685 ], [ -88.023278861529448, 15.500180996393556 ], [ -88.02344255020077, 15.500195863457034 ], [ -88.023390949075704, 15.50062378876664 ], [ -88.02335620607208, 15.50084799590487 ], [ -88.023336414294334, 15.500982099877122 ], [ -88.023261230593775, 15.501097986484739 ], [ -88.023186912329294, 15.501463186438517 ], [ -88.02304645923013, 15.502133965031414 ], [ -88.023028232111528, 15.502208266988847 ], [ -88.02300297105451, 15.502301531492927 ], [ -88.022988824773407, 15.502386481464553 ], [ -88.022974697012884, 15.502412237553182 ], [ -88.022835096331946, 15.503155781131301 ], [ -88.022704446881718, 15.503772102428295 ], [ -88.02263000834273, 15.504155091584598 ], [ -88.02247552971798, 15.504793955081702 ], [ -88.022259250930659, 15.505891154766323 ], [ -88.022142220128302, 15.506290728308153 ], [ -88.022064924577805, 15.50670454088845 ], [ -88.02203153039882, 15.506971518089534 ], [ -88.021888304938045, 15.508035436463691 ], [ -88.021705866421797, 15.508804726149163 ], [ -88.021608306974102, 15.509383293152695 ], [ -88.021209041183013, 15.510870692430082 ], [ -88.020957749065872, 15.512201159798442 ], [ -88.020923927664754, 15.512381601710844 ], [ -88.020701819618253, 15.513234343877038 ], [ -88.020502873256518, 15.514482071681918 ], [ -88.019787628958085, 15.517751922766346 ], [ -88.018340235386248, 15.517677926431581 ], [ -88.017757641137379, 15.517613930909365 ], [ -88.016697946909176, 15.517494340392183 ], [ -88.016082389777239, 15.517363949618256 ], [ -88.015875108093951, 15.517290304101721 ], [ -88.014542481045041, 15.516603026988038 ], [ -88.013859089252861, 15.515919269326817 ], [ -88.013485641662072, 15.515494224161085 ], [ -88.013282524808886, 15.515210649996442 ], [ -88.013162367407418, 15.515015603255161 ], [ -88.013042231924643, 15.51482500173935 ], [ -88.012893959558056, 15.514505612346312 ], [ -88.012597502966273, 15.513884614387415 ], [ -88.012457881323627, 15.513458495146049 ], [ -88.012368821884252, 15.513058816521811 ], [ -88.012297819892595, 15.512601264771535 ], [ -88.012274350270275, 15.512043984112164 ], [ -88.012292883757652, 15.511845357147479 ], [ -88.012455045987366, 15.510995751613576 ], [ -88.012457143303436, 15.510955733318378 ], [ -88.012513302910975, 15.510719869268025 ], [ -88.012589887390263, 15.510441680211988 ], [ -88.012621058835208, 15.510252607453973 ], [ -88.012683109035819, 15.509814450237268 ], [ -88.012780172069682, 15.509505049401808 ], [ -88.012885277016025, 15.508964450368527 ], [ -88.012943007362736, 15.508580769151804 ], [ -88.013042058372932, 15.508209123371916 ], [ -88.013119372981734, 15.507610861305796 ], [ -88.013581656732043, 15.505756507852796 ], [ -88.013875310544918, 15.504063442630832 ], [ -88.013933489681833, 15.503921882859592 ], [ -88.014020436361378, 15.503446643222599 ], [ -88.014350752868253, 15.502134943686372 ], [ -88.014516930506204, 15.501349758625839 ], [ -88.014570773800443, 15.501043773764053 ], [ -88.014680699536243, 15.500645526749585 ], [ -88.014835806711247, 15.499757949366211 ], [ -88.014885149891086, 15.49953545231997 ], [ -88.014943010646633, 15.499179553833992 ], [ -88.01507086706799, 15.498657296035093 ], [ -88.015265097035268, 15.497542163817732 ], [ -88.015299796339605, 15.497137472061629 ], [ -88.015391637795744, 15.496684772045969 ], [ -88.015499120369199, 15.496178570610216 ], [ -88.015639008423832, 15.495722273491099 ], [ -88.015879371285067, 15.494718729149019 ], [ -88.015951449251418, 15.494458341462058 ], [ -88.016047513391086, 15.493946677798784 ], [ -88.016240183528623, 15.49303448316474 ], [ -88.016405129452124, 15.492546952626794 ], [ -88.016514097233511, 15.492330849380384 ], [ -88.016570845995346, 15.492217230566046 ], [ -88.016654328634928, 15.491945676743907 ], [ -88.017006269834624, 15.491540181537282 ], [ -88.017181185980689, 15.491407582438184 ], [ -88.017445612906812, 15.49110852374473 ], [ -88.017646534622671, 15.490947564678386 ], [ -88.01816723954903, 15.490558417817235 ], [ -88.018459691408736, 15.490365918881544 ], [ -88.018898531465226, 15.490110509629659 ], [ -88.020246499204816, 15.48974954496286 ] ] ] ] } },
{ "type": "Feature", "properties": { "Dialgeo": 201127, "Dial": 5, "VERSION": "Capa anterior", "ID_MAPA": "anterior_25", "layer": "Capa anterior", "path": "C:\\Users\\said.calderon\\Downloads\\Capa anterior.geojson" }, "geometry": { "type": "MultiPolygon", "coordinates": [ [ [ [ -87.988319688273819, 15.568465370248747 ], [ -87.992894899445275, 15.567117980450622 ], [ -87.995517386002561, 15.566467971528093 ], [ -87.995554599752865, 15.568718568148158 ], [ -87.995409425757913, 15.570787533863415 ], [ -87.994828072552593, 15.574294583493598 ], [ -87.994701609683631, 15.576955659388604 ], [ -87.995072736385183, 15.585499006706646 ], [ -87.995256278643382, 15.594963042298676 ], [ -87.987766064855293, 15.595538778232454 ], [ -87.987114575207656, 15.590136540703259 ], [ -87.986812598011312, 15.587906112658773 ], [ -87.985532821504421, 15.578559487052457 ], [ -87.982778942207005, 15.579081673474638 ], [ -87.980532858770104, 15.579583316131362 ], [ -87.977907534424844, 15.580136959092846 ], [ -87.975059437319558, 15.580881245249351 ], [ -87.97448868578762, 15.578417847085548 ], [ -87.973996886179719, 15.574549051107219 ], [ -87.972273001107709, 15.563603504898825 ], [ -87.977260341567629, 15.563979506605936 ], [ -87.981250213935596, 15.561545927831636 ], [ -87.983520963836895, 15.570349329952544 ], [ -87.988319688273819, 15.568465370248747 ] ] ] ] } },
{ "type": "Feature", "properties": { "Dialgeo": 201129, "Dial": 1, "VERSION": "Capa anterior", "ID_MAPA": "anterior_26", "layer": "Capa anterior", "path": "C:\\Users\\said.calderon\\Downloads\\Capa anterior.geojson" }, "geometry": { "type": "MultiPolygon", "coordinates": [ [ [ [ -88.021463356905187, 15.435655251217449 ], [ -88.022340251550631, 15.435606431685464 ], [ -88.024577978741945, 15.435384543222765 ], [ -88.034278709891936, 15.434776851463226 ], [ -88.048729444060001, 15.434913647630427 ], [ -88.049678950438107, 15.43496031213159 ], [ -88.050229471271578, 15.439561529447426 ], [ -88.050831473379404, 15.443906730564949 ], [ -88.051055310497034, 15.446463346505306 ], [ -88.051914093945499, 15.449426178101982 ], [ -88.052881484313914, 15.453002330077338 ], [ -88.053851497352824, 15.457089996716824 ], [ -88.054654657485301, 15.46201341963396 ], [ -88.054806185321667, 15.463351747953652 ], [ -88.054944387793896, 15.464604348026313 ], [ -88.054976327830929, 15.465703993722212 ], [ -88.055087643686875, 15.466854414598503 ], [ -88.055197665723, 15.467749074543738 ], [ -88.055306522862992, 15.468413549713063 ], [ -88.055257924418783, 15.469232235107473 ], [ -88.055421082766614, 15.470203371483322 ], [ -88.055530849718991, 15.471046878681101 ], [ -88.05566556441714, 15.471608923375268 ], [ -88.055748701437764, 15.472401403871965 ], [ -88.055776759723429, 15.472733766815255 ], [ -88.056419566709977, 15.474674527453933 ], [ -88.056608330769038, 15.475492079802786 ], [ -88.056742662583019, 15.475977395148011 ], [ -88.056930780227134, 15.476667066806778 ], [ -88.057121626500972, 15.477893834809235 ], [ -88.057099798624222, 15.478789121740808 ], [ -88.058125963281228, 15.48317540738282 ], [ -88.058782366038287, 15.487776059554026 ], [ -88.059197325553924, 15.490159280360169 ], [ -88.059618778774109, 15.4912329487778 ], [ -88.060807320277476, 15.493176933438251 ], [ -88.061786176826715, 15.494785765146286 ], [ -88.062419768515852, 15.496665171885702 ], [ -88.063264806073832, 15.499215862209088 ], [ -88.064112964040547, 15.502371604993545 ], [ -88.06551582207085, 15.505524668587329 ], [ -88.066009028346841, 15.507091452304058 ], [ -88.066395089908028, 15.507974330310788 ], [ -88.065812815348352, 15.509355358677032 ], [ -88.063537145072075, 15.511786612228059 ], [ -88.062019830245092, 15.513373822175208 ], [ -88.061054785105981, 15.514487758845908 ], [ -88.060485424770064, 15.516067347893655 ], [ -88.060227432427709, 15.517141474705456 ], [ -88.059823946352239, 15.51793367654151 ], [ -88.059418105019702, 15.518264900950582 ], [ -88.05935220080157, 15.518660349761541 ], [ -88.059289819541661, 15.519033662580656 ], [ -88.059353968304833, 15.519383918969297 ], [ -88.059525031673274, 15.519692968230208 ], [ -88.059589180436433, 15.519899000813647 ], [ -88.059631946278543, 15.520084429962829 ], [ -88.059653329199591, 15.52033166856917 ], [ -88.059631946278543, 15.520661319583423 ], [ -88.059460882910102, 15.520867351199851 ], [ -88.059375351225896, 15.521361826239806 ], [ -88.059163895389219, 15.52169060317112 ], [ -88.060472910517547, 15.525306366946465 ], [ -88.059569270220209, 15.528321725447979 ], [ -88.058016785001428, 15.529921039121074 ], [ -88.051732930787097, 15.530713852594285 ], [ -88.051282544375312, 15.530783228877546 ], [ -88.047078698612992, 15.53172177276957 ], [ -88.046421897323725, 15.529257234343207 ], [ -88.045787502999318, 15.529104060554104 ], [ -88.044594676769989, 15.528953528560358 ], [ -88.044441824756191, 15.528931169634433 ], [ -88.044146545976176, 15.529174669671095 ], [ -88.04336463284038, 15.528342432647577 ], [ -88.042804186667894, 15.52794421713539 ], [ -88.042633765535371, 15.527934780773094 ], [ -88.041083203561087, 15.527917985573904 ], [ -88.039428136785787, 15.527912224607654 ], [ -88.039451217540289, 15.526679905325089 ], [ -88.039488580301793, 15.52635198025645 ], [ -88.039552577483562, 15.526149987113079 ], [ -88.039693973514588, 15.525946160592314 ], [ -88.039805279845766, 15.525784417232364 ], [ -88.042397504836501, 15.525740195740203 ], [ -88.042494328780734, 15.523636502763047 ], [ -88.042426967283831, 15.52305374548737 ], [ -88.043952294620752, 15.523129834977928 ], [ -88.045199357612802, 15.52339464827198 ], [ -88.04728163372674, 15.52317653992622 ], [ -88.047398099642677, 15.520718744436412 ], [ -88.04496801756072, 15.520105534329062 ], [ -88.044129251956093, 15.519880436592656 ], [ -88.043440619256288, 15.519612977983797 ], [ -88.042838629252458, 15.519490876855416 ], [ -88.041420192438807, 15.519310153385273 ], [ -88.039751241243692, 15.519089837593857 ], [ -88.039476577873316, 15.518763381246899 ], [ -88.039027608107645, 15.518270066693638 ], [ -88.038666896088884, 15.517779672394225 ], [ -88.038635892091648, 15.517742467836491 ], [ -88.038521646683023, 15.517621616386478 ], [ -88.038486827957726, 15.517591899815612 ], [ -88.038449952407618, 15.517536047652117 ], [ -88.038294960931211, 15.51735562705629 ], [ -88.037964042273742, 15.516967475534615 ], [ -88.03751685709031, 15.516476139778943 ], [ -88.037134193131436, 15.516051180694493 ], [ -88.036828117894729, 15.515694823198482 ], [ -88.036752554244671, 15.515605536944991 ], [ -88.036257984186463, 15.515307187044515 ], [ -88.034914975899937, 15.514639068063049 ], [ -88.035286376430236, 15.513909645354332 ], [ -88.036045051002546, 15.51277769603246 ], [ -88.036455096055079, 15.511725161302893 ], [ -88.036874420674408, 15.51030495283563 ], [ -88.036882873179778, 15.510011649774823 ], [ -88.037245722591692, 15.507211925374873 ], [ -88.037456388742783, 15.505710966086852 ], [ -88.037568660531164, 15.504364311626995 ], [ -88.037733199776298, 15.503555862683077 ], [ -88.037818266377826, 15.50271894117877 ], [ -88.038030174381987, 15.501467970556529 ], [ -88.037736624460763, 15.499799964386575 ], [ -88.037361471614361, 15.499198234148027 ], [ -88.035929069627301, 15.497775218132798 ], [ -88.034351854554416, 15.496877104399534 ], [ -88.033835470901806, 15.496633657849291 ], [ -88.033609911358496, 15.495927418212558 ], [ -88.03320241254707, 15.493756615159549 ], [ -88.032203163986594, 15.492386866875863 ], [ -88.031097534970627, 15.491533417315477 ], [ -88.029738254849235, 15.49104128422095 ], [ -88.028539431128578, 15.490846927004721 ], [ -88.027256496872553, 15.490785657641968 ], [ -88.026285713058016, 15.490756548288939 ], [ -88.025938897966938, 15.490724541569387 ], [ -88.025591917205517, 15.490658919540612 ], [ -88.025769805301834, 15.489826110415267 ], [ -88.02581189302164, 15.489573798789896 ], [ -88.025834574089231, 15.489376351651043 ], [ -88.026276989076905, 15.487101497455447 ], [ -88.027075168552287, 15.483131124484915 ], [ -88.027635517067409, 15.479110562081159 ], [ -88.028194327995806, 15.475835466859024 ], [ -88.024958673122853, 15.475282788005593 ], [ -88.026313699961676, 15.471951517165627 ], [ -88.025970096162808, 15.471799648092457 ], [ -88.02524370839906, 15.471572820310788 ], [ -88.020482045893203, 15.470645271032552 ], [ -88.020624802458642, 15.470140785976767 ], [ -88.020885146977776, 15.46889160570206 ], [ -88.020654330346417, 15.466882034089688 ], [ -88.020123799586884, 15.464716268584549 ], [ -88.019858168701347, 15.463557751421281 ], [ -88.019435583318455, 15.462198261865389 ], [ -88.019325683975467, 15.460988603388206 ], [ -88.019280145976026, 15.458444997901866 ], [ -88.021042343212429, 15.458090889042666 ], [ -88.025972627678485, 15.457126240140086 ], [ -88.02507284081247, 15.45551575203352 ], [ -88.023596160178428, 15.453465816597006 ], [ -88.022361978837864, 15.448319998542566 ], [ -88.021371614387277, 15.444892220237524 ], [ -88.020692470920167, 15.44279052837558 ], [ -88.017888196812748, 15.442784192214511 ], [ -88.01817628594128, 15.438871172069161 ], [ -88.019395041226645, 15.438865575813415 ], [ -88.020351508227179, 15.437252007518754 ], [ -88.020532725593355, 15.436511628057071 ], [ -88.02074674177824, 15.435748230077872 ], [ -88.021463356905187, 15.435655251217449 ] ] ] ] } },
{ "type": "Feature", "properties": { "Dialgeo": 201136, "Dial": 3, "VERSION": "Capa anterior", "ID_MAPA": "anterior_27", "layer": "Capa anterior", "path": "C:\\Users\\said.calderon\\Downloads\\Capa anterior.geojson" }, "geometry": { "type": "MultiPolygon", "coordinates": [ [ [ [ -88.013453524023092, 15.485621682962895 ], [ -88.013699050889826, 15.485668613394338 ], [ -88.014058669396491, 15.485739048261166 ], [ -88.01442332552098, 15.485826278724808 ], [ -88.014415656355709, 15.485872939471921 ], [ -88.014090380356492, 15.487509248473428 ], [ -88.01436459488778, 15.487570490681019 ], [ -88.014628350761342, 15.487647405316924 ], [ -88.01477181179078, 15.487683005311652 ], [ -88.015055236079561, 15.487753618965506 ], [ -88.015395233853738, 15.487833788571461 ], [ -88.015737663740154, 15.487904331206595 ], [ -88.016296753018167, 15.488052002173131 ], [ -88.016609519780673, 15.488139506394344 ], [ -88.016648538990083, 15.488166608655453 ], [ -88.016794456765723, 15.488192742367369 ], [ -88.01692160068886, 15.488181307968354 ], [ -88.017243811102318, 15.488277915976301 ], [ -88.017426959537133, 15.488347981700928 ], [ -88.01799585524428, 15.488548043133212 ], [ -88.017198903330168, 15.491057121978058 ], [ -88.016622315165563, 15.491961382828014 ], [ -88.01642742057966, 15.492417933245431 ], [ -88.016273620415888, 15.492840954111294 ], [ -88.016115365395905, 15.493525163303987 ], [ -88.015825779876252, 15.49477064066703 ], [ -88.01575264002291, 15.495052717142897 ], [ -88.01563412014346, 15.495660060179942 ], [ -88.015529625647417, 15.495853915476637 ], [ -88.015500739498563, 15.496040755416596 ], [ -88.015453429217473, 15.496209898311777 ], [ -88.01533616323195, 15.496716104762088 ], [ -88.01519081889883, 15.497910449118368 ], [ -88.014652737777482, 15.500548744458008 ], [ -88.014453008873645, 15.50140339689383 ], [ -88.013880866527259, 15.50393784652149 ], [ -88.013802210124126, 15.504054195126329 ], [ -88.011523700002613, 15.503447818256745 ], [ -88.01084413774808, 15.503233101726483 ], [ -88.010623910051223, 15.503198545416508 ], [ -88.008898955986581, 15.502727895669929 ], [ -88.008672854461409, 15.502660670866135 ], [ -88.008938914118076, 15.501748146177494 ], [ -88.008943423037053, 15.501732566638577 ], [ -88.009055401293892, 15.501189714647673 ], [ -88.00922903129991, 15.500597681580839 ], [ -88.00947465629541, 15.499726369752112 ], [ -88.009968845037633, 15.497882043070941 ], [ -88.010167273758029, 15.497205433190196 ], [ -88.010522933715336, 15.495865737502902 ], [ -88.011340891234894, 15.492492371940225 ], [ -88.011520866402634, 15.491793618340745 ], [ -88.012016392749302, 15.489995402943013 ], [ -88.01214267337167, 15.48956806506405 ], [ -88.012357089004666, 15.488411275249288 ], [ -88.012406822218722, 15.488209892489872 ], [ -88.012052702712651, 15.488153722265762 ], [ -88.011977550926176, 15.488136284361829 ], [ -88.010772807483079, 15.487852283804903 ], [ -88.010732958868189, 15.487788562937677 ], [ -88.010884801978648, 15.486961020998047 ], [ -88.011080711439917, 15.486239967695392 ], [ -88.011285766252215, 15.485514427030811 ], [ -88.011362388475561, 15.48524512887834 ], [ -88.011420739058821, 15.484989250483389 ], [ -88.011510165784998, 15.484732945389174 ], [ -88.011528756781246, 15.484657083012229 ], [ -88.011853276270244, 15.48472887097261 ], [ -88.01236706120298, 15.484864982437259 ], [ -88.012773421936927, 15.484987021212124 ], [ -88.012762620796821, 15.485021342863423 ], [ -88.012932434540119, 15.485106837010777 ], [ -88.01281869356616, 15.485514062876774 ], [ -88.013453524023092, 15.485621682962895 ] ] ] ] } },
{ "type": "Feature", "properties": { "Dialgeo": 201138, "Dial": 2, "VERSION": "Capa anterior", "ID_MAPA": "anterior_28", "layer": "Capa anterior", "path": "C:\\Users\\said.calderon\\Downloads\\Capa anterior.geojson" }, "geometry": { "type": "MultiPolygon", "coordinates": [ [ [ [ -88.036955358500649, 15.516144024689169 ], [ -88.039679834151485, 15.519177790781878 ], [ -88.041507067623954, 15.519502366897946 ], [ -88.042495647332117, 15.519622647035753 ], [ -88.044344888695846, 15.520051215847777 ], [ -88.046022318364663, 15.520480582651054 ], [ -88.047269892381237, 15.520849503123383 ], [ -88.047141688080757, 15.523109525403182 ], [ -88.045166852824309, 15.523337535864433 ], [ -88.044145304790703, 15.523071655975034 ], [ -88.043060268275028, 15.522993488190654 ], [ -88.042394358706005, 15.522975808993271 ], [ -88.042387254306121, 15.523699480685037 ], [ -88.042310965794044, 15.525615659667297 ], [ -88.039534336407954, 15.525752992325227 ], [ -88.03945053712917, 15.525895201459438 ], [ -88.039386634619348, 15.526116102737843 ], [ -88.039375053773242, 15.526399786333441 ], [ -88.039351165931322, 15.526822190965266 ], [ -88.039326141504944, 15.527017697695999 ], [ -88.03932461171614, 15.527361211191211 ], [ -88.03933562577069, 15.527613274033635 ], [ -88.039336720539637, 15.527940376381874 ], [ -88.042810094625594, 15.527996353401786 ], [ -88.04331905726302, 15.528355663148725 ], [ -88.044161939656618, 15.529201258755549 ], [ -88.044444643978537, 15.529016710882765 ], [ -88.046400629184376, 15.52929898335014 ], [ -88.046960462011342, 15.531701509675669 ], [ -88.0461281324813, 15.532166641385754 ], [ -88.043068988342782, 15.534414118735496 ], [ -88.041949447944404, 15.535259371736272 ], [ -88.041675160546831, 15.535399314286073 ], [ -88.041507229487038, 15.535640015471715 ], [ -88.041070608731673, 15.5357911534255 ], [ -88.040913873075894, 15.535947889081275 ], [ -88.0407739305261, 15.536043050015135 ], [ -88.040617194870336, 15.536132613247005 ], [ -88.040467885241497, 15.536255467988658 ], [ -88.040370906784304, 15.536363073966063 ], [ -88.04027032987824, 15.536401365402032 ], [ -88.039907439242683, 15.536636282111997 ], [ -88.039453816862505, 15.536928351545589 ], [ -88.038939030766343, 15.537322692106857 ], [ -88.038082267937227, 15.53784961191972 ], [ -88.037205111755256, 15.538493871013458 ], [ -88.036255297341597, 15.539280720073387 ], [ -88.035663408874981, 15.539297702198533 ], [ -88.03407605160848, 15.539923980361483 ], [ -88.031806862231889, 15.539857876918324 ], [ -88.030355753203253, 15.539839083501688 ], [ -88.028931152262189, 15.539845733574465 ], [ -88.027636176216703, 15.539391389648724 ], [ -88.025830893822302, 15.539218791720105 ], [ -88.024706063124725, 15.539046946655974 ], [ -88.024042495115296, 15.538901363385795 ], [ -88.023414623743179, 15.538621352642666 ], [ -88.022922816558932, 15.538497744341404 ], [ -88.022559306901002, 15.538271128929857 ], [ -88.021556150209847, 15.537595688628377 ], [ -88.021343966108986, 15.537366480203216 ], [ -88.021145004582124, 15.537143604531463 ], [ -88.020899844906836, 15.53691454825054 ], [ -88.020800348808933, 15.536799913185042 ], [ -88.020694320477759, 15.536698096675654 ], [ -88.020462195067054, 15.536437008570248 ], [ -88.020304386964682, 15.536227564605745 ], [ -88.020069174822112, 15.535980344933634 ], [ -88.019924580383048, 15.535748921610429 ], [ -88.019725747731215, 15.535551620641193 ], [ -88.019586524231954, 15.535405197574937 ], [ -88.01935802147166, 15.535209631890032 ], [ -88.019540770889563, 15.534818741529826 ], [ -88.019697610344409, 15.534523883727246 ], [ -88.019841258939906, 15.534229086799808 ], [ -88.020030947803917, 15.533908500178129 ], [ -88.020227168391713, 15.533575094825315 ], [ -88.020502058665272, 15.533145412574816 ], [ -88.020923789056795, 15.532400136607075 ], [ -88.021182385320145, 15.532010492730876 ], [ -88.021388219596588, 15.531621092801526 ], [ -88.021515817004314, 15.531415887968238 ], [ -88.021676169302594, 15.531165772071121 ], [ -88.021767729279688, 15.53100869040653 ], [ -88.021891902414112, 15.530777924463226 ], [ -88.021980203897115, 15.530628850554677 ], [ -88.021861287405713, 15.530587838937628 ], [ -88.021592080621403, 15.530496369442369 ], [ -88.021398843541661, 15.530430124803043 ], [ -88.021250170655208, 15.530373265067697 ], [ -88.020966093958776, 15.530275469388643 ], [ -88.020731637961518, 15.530209414819836 ], [ -88.022102170806747, 15.527731581818701 ], [ -88.023530947724879, 15.524809855126536 ], [ -88.024072251707778, 15.523843001836537 ], [ -88.024252358689282, 15.523454538272807 ], [ -88.025889696855188, 15.518400109073184 ], [ -88.028391498618518, 15.518564936189168 ], [ -88.029995217697575, 15.518152868152329 ], [ -88.03082915161869, 15.51712269446017 ], [ -88.031513405092412, 15.516277948195091 ], [ -88.034485631118926, 15.514691464157385 ], [ -88.035383713803185, 15.515041727916017 ], [ -88.036527700079588, 15.515484707700653 ], [ -88.036955358500649, 15.516144024689169 ] ] ] ] } },
{ "type": "Feature", "properties": { "Dialgeo": 201141, "Dial": 3, "VERSION": "Capa anterior", "ID_MAPA": "anterior_29", "layer": "Capa anterior", "path": "C:\\Users\\said.calderon\\Downloads\\Capa anterior.geojson" }, "geometry": { "type": "MultiPolygon", "coordinates": [ [ [ [ -87.996276938132652, 15.483052855609365 ], [ -87.997417808625244, 15.483163497442655 ], [ -87.997858314606646, 15.483134817288589 ], [ -87.997921162892624, 15.483194881829329 ], [ -87.999729372959322, 15.483431911047006 ], [ -88.000560561219032, 15.483579786134786 ], [ -88.002269136094782, 15.483782152915687 ], [ -88.005026755333546, 15.484223458442186 ], [ -88.005706894934633, 15.484364532763374 ], [ -88.006058986279356, 15.484420462249535 ], [ -88.006209416779271, 15.484452065312356 ], [ -88.006414618329558, 15.484486076537165 ], [ -88.006570688062396, 15.484502174523969 ], [ -88.006796167328403, 15.484534764467439 ], [ -88.00710842892596, 15.484592171011244 ], [ -88.007325282993264, 15.484633203587531 ], [ -88.008019094368279, 15.484739295147401 ], [ -88.008839068598647, 15.484898631403547 ], [ -88.009199919123077, 15.484973424682639 ], [ -88.009747021959569, 15.483420405138915 ], [ -88.009809167221263, 15.483279355865633 ], [ -88.010104217909756, 15.483362048545152 ], [ -88.01037748148147, 15.483419628528139 ], [ -88.010515490857387, 15.483447408473223 ], [ -88.010772293267806, 15.483522874589088 ], [ -88.011094202775794, 15.483621327140643 ], [ -88.011536022075489, 15.483750492692348 ], [ -88.011657570486122, 15.483796158608504 ], [ -88.011713390030565, 15.483811959967113 ], [ -88.011658898241137, 15.484069279877581 ], [ -88.011552646499823, 15.484496264443239 ], [ -88.011042757026203, 15.486330160897886 ], [ -88.0106495818561, 15.48784728997143 ], [ -88.011930804055226, 15.488127051670634 ], [ -88.012369381502864, 15.488228956848811 ], [ -88.01210550815459, 15.489643807211227 ], [ -88.011560444645696, 15.491624789299445 ], [ -88.011254250920686, 15.492823118202582 ], [ -88.010846375377099, 15.494500627452513 ], [ -88.010637432718397, 15.495371217231686 ], [ -88.010264972358613, 15.496673203781665 ], [ -88.0100561201088, 15.497563241389143 ], [ -88.009812751271298, 15.4984262082918 ], [ -88.009213099145185, 15.500621092752061 ], [ -88.009102464168535, 15.500968340322084 ], [ -88.008826320406172, 15.502164306538454 ], [ -88.008631633315062, 15.502676363184783 ], [ -88.008621928141949, 15.502714772864561 ], [ -88.008290451310074, 15.502692306728818 ], [ -88.008092531105447, 15.502674026726618 ], [ -88.007137011293679, 15.502650310586883 ], [ -88.005400762544966, 15.502508398569454 ], [ -88.002931700508697, 15.501936170210092 ], [ -87.997593994792624, 15.501927471236408 ], [ -87.997196642740818, 15.499680227463433 ], [ -87.99541268206508, 15.499375900242274 ], [ -87.99371184041361, 15.498488100576735 ], [ -87.992345718553281, 15.497984037254932 ], [ -87.991903735585268, 15.497621592608427 ], [ -87.99144888156718, 15.496811478999859 ], [ -87.991274101469159, 15.496187528996465 ], [ -87.991207293572387, 15.495688041564085 ], [ -87.991123756734467, 15.495206585224972 ], [ -87.991153594115332, 15.493001280074948 ], [ -87.991048650547114, 15.492542925994391 ], [ -87.991008429316153, 15.492374968698666 ], [ -87.990968109187577, 15.492097818741332 ], [ -87.990780801157513, 15.491892760865174 ], [ -87.990587233870556, 15.491738154592332 ], [ -87.990371960946845, 15.491575241358721 ], [ -87.990078771157613, 15.491429484587865 ], [ -87.989761649320556, 15.491262824588055 ], [ -87.98918281911169, 15.490735964196826 ], [ -87.988982143977566, 15.489997312696161 ], [ -87.988968744135548, 15.489771532283994 ], [ -87.989053661195584, 15.489391514799959 ], [ -87.989135767623381, 15.488420428124103 ], [ -87.989933650857765, 15.488426470438586 ], [ -87.990295300277452, 15.488403226970574 ], [ -87.990547939801814, 15.48838287379003 ], [ -87.991330990436353, 15.488396185788641 ], [ -87.991328445643816, 15.48578198318036 ], [ -87.991370718247765, 15.482531432081435 ], [ -87.991690022276345, 15.482527200187135 ], [ -87.993636426187592, 15.482730436302878 ], [ -87.99425667742446, 15.48283503449712 ], [ -87.99492436016692, 15.482916073360968 ], [ -87.995378540550462, 15.482976593800625 ], [ -87.996276938132652, 15.483052855609365 ] ] ] ] } },
{ "type": "Feature", "properties": { "Dialgeo": 201144, "Dial": 2, "VERSION": "Capa anterior", "ID_MAPA": "anterior_30", "layer": "Capa anterior", "path": "C:\\Users\\said.calderon\\Downloads\\Capa anterior.geojson" }, "geometry": { "type": "MultiPolygon", "coordinates": [ [ [ [ -88.005450874283596, 15.509271507469521 ], [ -88.00700284748018, 15.509326913172734 ], [ -88.007049453334361, 15.508972686932303 ], [ -88.00814557541446, 15.509138187995418 ], [ -88.008739334338756, 15.509233092286323 ], [ -88.009384182346892, 15.509344681345695 ], [ -88.010007352044994, 15.509414718920929 ], [ -88.009002462199746, 15.510345992652352 ], [ -88.00895851674484, 15.51097092323535 ], [ -88.009052590515822, 15.51099392098968 ], [ -88.009101517917543, 15.51139456585387 ], [ -88.009082686094487, 15.511662765086236 ], [ -88.009078025095945, 15.511808556667361 ], [ -88.009083025704342, 15.512008967977165 ], [ -88.009077743250614, 15.512303135720151 ], [ -88.009070990278218, 15.512847202082391 ], [ -88.009586729766724, 15.512906017241349 ], [ -88.010177498875763, 15.512935854670278 ], [ -88.010189700104277, 15.512684605524951 ], [ -88.012232629282778, 15.512666143921196 ], [ -88.012371982324396, 15.513256711819045 ], [ -88.012675627287436, 15.514164369751091 ], [ -88.013084166744335, 15.5149626170387 ], [ -88.013610492901122, 15.515711476177515 ], [ -88.01452930688032, 15.516593278501263 ], [ -88.014946694403918, 15.516866584141072 ], [ -88.015465182954841, 15.517142156840844 ], [ -88.01613743177785, 15.51739638283814 ], [ -88.016821953681884, 15.51753822352595 ], [ -88.017665945504376, 15.517614353441461 ], [ -88.019756534353007, 15.517818093243374 ], [ -88.022801056893542, 15.518088516471138 ], [ -88.025611718881478, 15.518379505674421 ], [ -88.024948848328819, 15.520872501987627 ], [ -88.024820550802488, 15.521490595586958 ], [ -88.02431452885169, 15.522809653699053 ], [ -88.020710160963048, 15.530218196854412 ], [ -88.021960386636081, 15.530628402205442 ], [ -88.020008277358031, 15.53380971197622 ], [ -88.019294855907248, 15.53510601802471 ], [ -88.018502578198905, 15.534609426883799 ], [ -88.018301662311018, 15.534490832591839 ], [ -88.017668157844739, 15.534243915983616 ], [ -88.017005177648386, 15.534078486344693 ], [ -88.016480216128684, 15.533871742361697 ], [ -88.01614017398677, 15.533664145564114 ], [ -88.015366462432297, 15.53301033760334 ], [ -88.014901682242538, 15.532504508230858 ], [ -88.013907910563461, 15.531526220346224 ], [ -88.013079520907581, 15.53054999698047 ], [ -88.011926481550447, 15.529429905655645 ], [ -88.011254586492441, 15.529013405918924 ], [ -88.010179213651298, 15.527909641921338 ], [ -88.00930739648544, 15.527237360196706 ], [ -88.005708433209747, 15.528665642048773 ], [ -88.003312343756306, 15.523816734930037 ], [ -88.002620170768068, 15.522515456160601 ], [ -88.002274584226967, 15.521218590775595 ], [ -88.00207730421613, 15.520597071393226 ], [ -88.002057962534934, 15.51943794442562 ], [ -88.002193523963896, 15.518412577066607 ], [ -88.002258037726008, 15.517637023236041 ], [ -88.002357658183996, 15.516881794583911 ], [ -88.002387794574403, 15.516237182600356 ], [ -88.002559200444523, 15.515385508269276 ], [ -88.003469257362781, 15.515306563880696 ], [ -88.003286871872888, 15.514786783525125 ], [ -88.004014342120627, 15.514770463001375 ], [ -88.004576148747418, 15.514361833991124 ], [ -88.004465188502692, 15.513623074186228 ], [ -88.004322416809202, 15.512967756261174 ], [ -88.004859525711723, 15.513004359498401 ], [ -88.005071747685619, 15.513032027568594 ], [ -88.005110933347083, 15.512807987555639 ], [ -88.005146628128756, 15.512417368636024 ], [ -88.005161224031113, 15.512104937005676 ], [ -88.005218988798404, 15.511282112404567 ], [ -88.005270639562994, 15.510860184318632 ], [ -88.005273337417478, 15.510585550923233 ], [ -88.005315157412852, 15.510073862528667 ], [ -88.0053885614374, 15.50970910239189 ], [ -88.005450874283596, 15.509271507469521 ] ] ] ] } },
{ "type": "Feature", "properties": { "Dialgeo": 201145, "Dial": 6, "VERSION": "Capa anterior", "ID_MAPA": "anterior_31", "layer": "Capa anterior", "path": "C:\\Users\\said.calderon\\Downloads\\Capa anterior.geojson" }, "geometry": { "type": "MultiPolygon", "coordinates": [ [ [ [ -88.017647022494344, 15.477892675313893 ], [ -88.01777592688785, 15.47789448651001 ], [ -88.018254951727485, 15.478022089724542 ], [ -88.018557688996879, 15.478089205751424 ], [ -88.018783451242399, 15.478129031734046 ], [ -88.019288406443806, 15.478236681817117 ], [ -88.020592428238885, 15.478528746624812 ], [ -88.020762340681017, 15.478552602276508 ], [ -88.021156283954596, 15.478642130298894 ], [ -88.021950514279141, 15.478787801964927 ], [ -88.021982772937847, 15.478794864475713 ], [ -88.021977968923935, 15.478826136245166 ], [ -88.021932808962788, 15.478968169801568 ], [ -88.021879598836904, 15.479237642687496 ], [ -88.020981477478244, 15.482484533282689 ], [ -88.020874127784253, 15.482834783511654 ], [ -88.020726141971437, 15.483491707475466 ], [ -88.020656188929706, 15.483759454478994 ], [ -88.020584155606102, 15.483982139538302 ], [ -88.020564561178958, 15.484030306195022 ], [ -88.020545061051095, 15.48409770293075 ], [ -88.020416053219364, 15.48464426421098 ], [ -88.020373623370929, 15.48483796692633 ], [ -88.020359147435812, 15.484855761809227 ], [ -88.020212438976472, 15.484825789628145 ], [ -88.020152865637513, 15.48480923758313 ], [ -88.020055136800138, 15.484783847109711 ], [ -88.019977630586681, 15.484775190079901 ], [ -88.019834271648548, 15.484733183128423 ], [ -88.019632887263299, 15.48467431628109 ], [ -88.019368596492811, 15.484614236656535 ], [ -88.019240799759288, 15.484589272104449 ], [ -88.019084647239524, 15.484556375695446 ], [ -88.019000420008851, 15.484536906985198 ], [ -88.01893159847539, 15.484530012449737 ], [ -88.018723765057572, 15.484482893044413 ], [ -88.018425311936468, 15.484412342894764 ], [ -88.018362029612291, 15.484392011166925 ], [ -88.018130677409999, 15.484351008961717 ], [ -88.017996038895745, 15.484317974967443 ], [ -88.017892458664846, 15.484299821876485 ], [ -88.017839749299966, 15.484292852879774 ], [ -88.017693327881517, 15.48425393536635 ], [ -88.017484851696921, 15.484206144753166 ], [ -88.017163003390337, 15.484130315103833 ], [ -88.016928765235292, 15.484078867255835 ], [ -88.01692880614506, 15.484045241233122 ], [ -88.016939179672946, 15.483739666163652 ], [ -88.017096252524482, 15.482884742817069 ], [ -88.016299141202225, 15.482599957456094 ], [ -88.017445331165092, 15.47821331016474 ], [ -88.017478282600067, 15.477854989877285 ], [ -88.017647022494344, 15.477892675313893 ] ] ] ] } },
{ "type": "Feature", "properties": { "Dialgeo": 201149, "Dial": 5, "VERSION": "Capa anterior", "ID_MAPA": "anterior_32", "layer": "Capa anterior", "path": "C:\\Users\\said.calderon\\Downloads\\Capa anterior.geojson" }, "geometry": { "type": "MultiPolygon", "coordinates": [ [ [ [ -88.012535594468545, 15.55421584294435 ], [ -88.014073367046393, 15.556183657130925 ], [ -88.014509534128806, 15.556736304212405 ], [ -88.014910121256449, 15.557104229301688 ], [ -88.015774260566445, 15.558254856661348 ], [ -88.016556354389948, 15.559018552333201 ], [ -88.017121789548952, 15.558645079974628 ], [ -88.017556088772821, 15.558204359761728 ], [ -88.020775330320859, 15.554800184984334 ], [ -88.021282871151428, 15.555125776596617 ], [ -88.023574720886856, 15.556275325118255 ], [ -88.026514988411293, 15.557561463684081 ], [ -88.027605034047852, 15.558346497368886 ], [ -88.028788114336734, 15.559085027262812 ], [ -88.02772542442051, 15.56001067261791 ], [ -88.027052044749198, 15.560580604207548 ], [ -88.025616662076743, 15.562048898258416 ], [ -88.023527794181433, 15.564783727665512 ], [ -88.021225619541283, 15.564201820897539 ], [ -88.019119530177562, 15.563655588056882 ], [ -88.016128288410428, 15.563189536975557 ], [ -88.015375763083213, 15.563077911687088 ], [ -88.014979806296324, 15.563041371370833 ], [ -88.013989795903839, 15.560232486985202 ], [ -88.011884773964098, 15.555115445267923 ], [ -88.011220519068445, 15.553710344860509 ], [ -88.011542685387965, 15.553497857899911 ], [ -88.011675639716699, 15.55337938278034 ], [ -88.011923963673169, 15.553233945521145 ], [ -88.01210295736638, 15.553418555401645 ], [ -88.012163007377112, 15.553558951999321 ], [ -88.012535594468545, 15.55421584294435 ] ] ] ] } },
{ "type": "Feature", "properties": { "Dialgeo": 201152, "Dial": 3, "VERSION": "Capa anterior", "ID_MAPA": "anterior_33", "layer": "Capa anterior", "path": "C:\\Users\\said.calderon\\Downloads\\Capa anterior.geojson" }, "geometry": { "type": "MultiPolygon", "coordinates": [ [ [ [ -88.008966799689233, 15.502770464789609 ], [ -88.013820706441109, 15.504085705441597 ], [ -88.013540223647553, 15.50569428972384 ], [ -88.013490486364717, 15.50580787827089 ], [ -88.013427378666549, 15.506078883739049 ], [ -88.013396231007562, 15.506297681859374 ], [ -88.013279585202639, 15.506600169251948 ], [ -88.013238207036835, 15.506923135826989 ], [ -88.013121509933285, 15.507215211230193 ], [ -88.013079979151243, 15.50750694200863 ], [ -88.013016895918526, 15.507783153343487 ], [ -88.012991954387431, 15.508173723540683 ], [ -88.012934087664931, 15.508418674471638 ], [ -88.012859682123633, 15.508575197870913 ], [ -88.012723359980058, 15.509247406755263 ], [ -88.012692541227111, 15.509533882288331 ], [ -88.012565611407013, 15.509930125911032 ], [ -88.012524460166759, 15.510299946016444 ], [ -88.012418930037711, 15.510680473270213 ], [ -88.012293419907337, 15.511368250608665 ], [ -88.012262498944665, 15.511633902236905 ], [ -88.012276408743475, 15.512284598176038 ], [ -88.012267471860071, 15.51265427060137 ], [ -88.012095683491722, 15.51266026374816 ], [ -88.011408352374119, 15.51264779326986 ], [ -88.010868648344967, 15.512629439124542 ], [ -88.010160131615308, 15.512676931608281 ], [ -88.010142466210453, 15.512908682939349 ], [ -88.009624212868658, 15.512885021620171 ], [ -88.009093695511424, 15.512823671006876 ], [ -88.009083997670899, 15.512485320008421 ], [ -88.00914462111767, 15.511701527813518 ], [ -88.009073978566761, 15.510975602021229 ], [ -88.008966469307211, 15.510950062589572 ], [ -88.009029402653582, 15.510365392433638 ], [ -88.010077030098941, 15.509389671529661 ], [ -88.007022525856613, 15.508955889870883 ], [ -88.006989317476837, 15.509304848967624 ], [ -88.005410473735367, 15.509244359336348 ], [ -88.005255396446046, 15.510484113840128 ], [ -88.005259548555443, 15.510787349554967 ], [ -88.005033986933597, 15.512995756751014 ], [ -88.004292810685953, 15.512952272588521 ], [ -88.004541097619835, 15.514330756866569 ], [ -88.003998202916392, 15.514764028747381 ], [ -88.00326398968663, 15.514773872231606 ], [ -88.00345982341868, 15.51529879760575 ], [ -88.002176779269135, 15.515368714968893 ], [ -88.00234113520338, 15.51457908029823 ], [ -88.00227407528314, 15.514519438607758 ], [ -88.002194581051555, 15.514445466274658 ], [ -88.002061888880448, 15.51430242422286 ], [ -88.00170261705783, 15.513968129862288 ], [ -88.000972440914794, 15.513324022910387 ], [ -88.000301620421354, 15.512679644515005 ], [ -87.999859562760861, 15.512293195439154 ], [ -87.999492501884447, 15.511908674921374 ], [ -87.999108898596987, 15.511552100137049 ], [ -87.998818549331034, 15.511305389663246 ], [ -87.998453619835814, 15.510999923637197 ], [ -87.998053389153611, 15.510637783659691 ], [ -87.997368364342847, 15.509972297588723 ], [ -87.99477011621093, 15.507208973335388 ], [ -87.995702659224918, 15.506798474057273 ], [ -87.999428862961622, 15.50491258586122 ], [ -87.997594755001288, 15.501971279646231 ], [ -88.002920733622602, 15.501961746271617 ], [ -88.003502269474453, 15.502095213516304 ], [ -88.004038409558788, 15.502252309485456 ], [ -88.004210265428569, 15.502261941032732 ], [ -88.005495291551696, 15.502597950437814 ], [ -88.008966799689233, 15.502770464789609 ] ] ] ] } },
{ "type": "Feature", "properties": { "Dialgeo": 201153, "Dial": 6, "VERSION": "Capa anterior", "ID_MAPA": "anterior_34", "layer": "Capa anterior", "path": "C:\\Users\\said.calderon\\Downloads\\Capa anterior.geojson" }, "geometry": { "type": "MultiPolygon", "coordinates": [ [ [ [ -88.025528828014274, 15.475724204897816 ], [ -88.02622340128967, 15.47583156184365 ], [ -88.026451274966689, 15.475864480586006 ], [ -88.028004542686745, 15.476207750798949 ], [ -88.027487580714322, 15.479666249138207 ], [ -88.027102557328718, 15.482424510517584 ], [ -88.026532176339629, 15.485566682782773 ], [ -88.026342191192143, 15.486394671671256 ], [ -88.026075308265035, 15.487785390678818 ], [ -88.025756223308377, 15.489573827375899 ], [ -88.025513631111977, 15.490600455319525 ], [ -88.025369523584317, 15.490500621985536 ], [ -88.022870367825348, 15.489992232155371 ], [ -88.020895909050964, 15.489736933678085 ], [ -88.019760598622867, 15.48974217014884 ], [ -88.019405656978975, 15.489742258203218 ], [ -88.017295936464095, 15.490962131864704 ], [ -88.018112940969928, 15.488566413107268 ], [ -88.01713138940697, 15.488216388428562 ], [ -88.015776705240157, 15.487904151958793 ], [ -88.015132769706298, 15.487767686130544 ], [ -88.014648820419666, 15.487641959359106 ], [ -88.014604345009815, 15.48762955746145 ], [ -88.014539906187821, 15.487610797289982 ], [ -88.014387375913415, 15.487571315493399 ], [ -88.014096956893056, 15.487495829863734 ], [ -88.014100070097371, 15.487462930566036 ], [ -88.014449163907585, 15.485858221140001 ], [ -88.014470355084455, 15.485816452083426 ], [ -88.012843341955261, 15.485487519726183 ], [ -88.012965472623208, 15.485126547116357 ], [ -88.012775991550029, 15.48501419086319 ], [ -88.012792195809226, 15.484987622503095 ], [ -88.013238125029517, 15.484107843466035 ], [ -88.014235369842041, 15.482227695505507 ], [ -88.014527816514658, 15.482216739807122 ], [ -88.01524224708632, 15.482325842106489 ], [ -88.015996602453882, 15.482488844669154 ], [ -88.01672749891209, 15.482793994290645 ], [ -88.017059552905209, 15.48290162546685 ], [ -88.016960852910742, 15.483487877436032 ], [ -88.016934483135131, 15.4836022140947 ], [ -88.016904682398419, 15.483805850970265 ], [ -88.016885597840144, 15.484080295135012 ], [ -88.017121375556982, 15.484139306957307 ], [ -88.017533913385847, 15.484227553507349 ], [ -88.018443430290304, 15.48443670808645 ], [ -88.018810672490247, 15.484513141577834 ], [ -88.019001730026261, 15.484551323844485 ], [ -88.019094822707544, 15.484579139963877 ], [ -88.019686014089899, 15.484703217728239 ], [ -88.019912828150098, 15.484766474469225 ], [ -88.020285976117634, 15.484846483947051 ], [ -88.020373538951077, 15.484883940265362 ], [ -88.020875998001145, 15.482963378957553 ], [ -88.021007262678211, 15.482435136127892 ], [ -88.02112312060008, 15.482104650582432 ], [ -88.022310663080361, 15.48234258178617 ], [ -88.02272695835245, 15.4824392147303 ], [ -88.02373584609694, 15.482693560919698 ], [ -88.024039050855947, 15.480838818572488 ], [ -88.024118007177535, 15.480512736609345 ], [ -88.024116271086172, 15.480411784501758 ], [ -88.024168996062045, 15.48029615752046 ], [ -88.024245207174417, 15.479916002431651 ], [ -88.024505485453446, 15.478910004091015 ], [ -88.024534425529055, 15.478746410864497 ], [ -88.024598055642002, 15.478580253255336 ], [ -88.024792684059321, 15.477834170298124 ], [ -88.024806716135188, 15.477663434615858 ], [ -88.024867772391289, 15.477478058355329 ], [ -88.025239091056818, 15.475849335432928 ], [ -88.025321087129029, 15.475719072474488 ], [ -88.025528828014274, 15.475724204897816 ] ] ] ] } },
{ "type": "Feature", "properties": { "Dialgeo": 201158, "Dial": 2, "VERSION": "Capa anterior", "ID_MAPA": "anterior_35", "layer": "Capa anterior", "path": "C:\\Users\\said.calderon\\Downloads\\Capa anterior.geojson" }, "geometry": { "type": "MultiPolygon", "coordinates": [ [ [ [ -88.010630107819409, 15.528668539877435 ], [ -88.011676991011541, 15.529661241058246 ], [ -88.012020621794903, 15.529800338297198 ], [ -88.01296155821413, 15.530703999482554 ], [ -88.013909822699119, 15.531917406724121 ], [ -88.014572512755876, 15.532412245598151 ], [ -88.015215539386944, 15.533072286621017 ], [ -88.016267500946441, 15.533969225497671 ], [ -88.017160545270841, 15.534291016027705 ], [ -88.017715673623229, 15.534518647402134 ], [ -88.018006805339454, 15.534709130325622 ], [ -88.018178720953529, 15.534797855838065 ], [ -88.018403838229247, 15.53497585442113 ], [ -88.018695285282078, 15.535230276875263 ], [ -88.019013176917724, 15.53549736515526 ], [ -88.019437159429245, 15.535879058264607 ], [ -88.019755430330122, 15.536222873938291 ], [ -88.01999487333245, 15.53663099549356 ], [ -88.020059780116384, 15.536881790363893 ], [ -88.02015570885645, 15.536999000831159 ], [ -88.020295002360527, 15.537218000869416 ], [ -88.020408657542148, 15.537317177645475 ], [ -88.020530673996703, 15.537451074970335 ], [ -88.020571602849017, 15.537519007921642 ], [ -88.020876065683055, 15.53789101185937 ], [ -88.021498844446256, 15.539526636023721 ], [ -88.021511921681764, 15.540377485452208 ], [ -88.021563435346337, 15.541585177301021 ], [ -88.025285605303694, 15.54250257006451 ], [ -88.025210503690019, 15.544355429272237 ], [ -88.021229971415181, 15.544328247342321 ], [ -88.021222106035509, 15.544743957639383 ], [ -88.02130695195109, 15.546279689607946 ], [ -88.021039802991922, 15.546796363061016 ], [ -88.020398011239536, 15.547908642627817 ], [ -88.020252747897302, 15.548140887698391 ], [ -88.01943173668154, 15.548850609200018 ], [ -88.018709139786623, 15.549103488908665 ], [ -88.018333693874609, 15.548860592517794 ], [ -88.017340762099195, 15.548983356027829 ], [ -88.016651409904469, 15.549139841840388 ], [ -88.016324255633151, 15.549208581176378 ], [ -88.016074046346247, 15.549254555117912 ], [ -88.015935420375669, 15.549270134197979 ], [ -88.015707906299653, 15.549230097008408 ], [ -88.015387596668063, 15.549123256108423 ], [ -88.014967042570447, 15.549001936062798 ], [ -88.014689333381128, 15.548939718578941 ], [ -88.014372948089502, 15.548840015777678 ], [ -88.014140349554495, 15.548768147434206 ], [ -88.013936785421379, 15.548685462462629 ], [ -88.013026404468732, 15.54845807432655 ], [ -88.012787625546139, 15.548477846639836 ], [ -88.011064402395533, 15.549354950437474 ], [ -88.010818201477178, 15.54949021312355 ], [ -88.010304919336164, 15.549728924959046 ], [ -88.009984505586644, 15.549126573164649 ], [ -88.009286275125334, 15.547706442000027 ], [ -88.009052635953111, 15.547391616256119 ], [ -88.008805232060951, 15.546855126879356 ], [ -88.008467301296264, 15.546384009457464 ], [ -88.008043940726651, 15.545644236256205 ], [ -88.007511280238489, 15.544798377055708 ], [ -88.007082981730505, 15.54383265200233 ], [ -88.006670268887888, 15.543054442377059 ], [ -88.006230866880841, 15.542212411381193 ], [ -88.005519243550125, 15.540646570369825 ], [ -88.003503374306689, 15.537403596363447 ], [ -88.003038049907758, 15.536651194261214 ], [ -88.003537004883043, 15.53617575272016 ], [ -88.004147230167334, 15.535631178891999 ], [ -88.004311287772623, 15.535353769051303 ], [ -88.004525942662269, 15.535074797785077 ], [ -88.004801612989084, 15.534720578893735 ], [ -88.005214750155332, 15.534113616604879 ], [ -88.005541937640018, 15.533658315451131 ], [ -88.005782932171286, 15.533304253502523 ], [ -88.006277117937756, 15.531537182566087 ], [ -88.006274508841756, 15.530999345163988 ], [ -88.006236820445864, 15.530377628719346 ], [ -88.006129707574303, 15.529739420927408 ], [ -88.005848504369283, 15.528950736298377 ], [ -88.005723752168066, 15.528767681466512 ], [ -88.007171874007199, 15.528185598286008 ], [ -88.008146015019278, 15.527784709487307 ], [ -88.009264993681583, 15.527332000641506 ], [ -88.010245103626772, 15.528158765173098 ], [ -88.010630107819409, 15.528668539877435 ] ] ] ] } },
{ "type": "Feature", "properties": { "Dialgeo": 201160, "Dial": 5, "VERSION": "Capa anterior", "ID_MAPA": "anterior_36", "layer": "Capa anterior", "path": "C:\\Users\\said.calderon\\Downloads\\Capa anterior.geojson" }, "geometry": { "type": "MultiPolygon", "coordinates": [ [ [ [ -88.021235275433611, 15.538483152092761 ], [ -88.021200143089629, 15.538280046453441 ], [ -88.022007086313209, 15.538767934881596 ], [ -88.022569352270224, 15.53907732217453 ], [ -88.02278928059836, 15.539180300208983 ], [ -88.02311206313675, 15.539271848493973 ], [ -88.023453429345096, 15.539385215016649 ], [ -88.023991775448906, 15.539536689597549 ], [ -88.02434187091481, 15.539589086263717 ], [ -88.024840078412296, 15.539682151611075 ], [ -88.02536697972009, 15.53982068153873 ], [ -88.025827370564656, 15.539886724613126 ], [ -88.026030477537759, 15.539893230788945 ], [ -88.026690642166514, 15.539942468740861 ], [ -88.02711349128154, 15.540001642192648 ], [ -88.027769954216993, 15.540056963556184 ], [ -88.02833350028942, 15.540203952751979 ], [ -88.028973142660888, 15.54029039640927 ], [ -88.029533631977841, 15.540330714677816 ], [ -88.030283537312073, 15.540388860440087 ], [ -88.030674924704613, 15.540391564750914 ], [ -88.031084946974104, 15.540400055686634 ], [ -88.031316250027857, 15.540428854582515 ], [ -88.031650107316366, 15.540387005712461 ], [ -88.032024900401922, 15.540380719528596 ], [ -88.032564334856602, 15.540393135012732 ], [ -88.033269051107311, 15.540407790450113 ], [ -88.036505156302795, 15.539594480677835 ], [ -88.038424722865514, 15.538184364880587 ], [ -88.040788127549291, 15.536231012198755 ], [ -88.045671157742234, 15.532771700142506 ], [ -88.045425186064449, 15.537616544463324 ], [ -88.044655920435815, 15.54201936369263 ], [ -88.044400867347704, 15.543759780044335 ], [ -88.044304103493658, 15.545499446469575 ], [ -88.044046601023922, 15.547409318779893 ], [ -88.043812767577805, 15.548126570393935 ], [ -88.043605830500738, 15.548946000830684 ], [ -88.043567287290358, 15.549150795972562 ], [ -88.043542064138123, 15.5493811046417 ], [ -88.043504164924016, 15.549713779650018 ], [ -88.043426756007833, 15.55005942995701 ], [ -88.043297611847706, 15.55060993777847 ], [ -88.043169175464186, 15.551301113398738 ], [ -88.042933918918536, 15.551737028567208 ], [ -88.04269827519181, 15.552096215599983 ], [ -88.042332774948093, 15.552865241932688 ], [ -88.04223071754059, 15.553556292375186 ], [ -88.041970617572858, 15.554299243198029 ], [ -88.041472680031049, 15.554966588114485 ], [ -88.041028534733513, 15.555838290652574 ], [ -88.040768170937767, 15.556530088382383 ], [ -88.040611412068543, 15.556837747778157 ], [ -88.040324019656808, 15.557401789766315 ], [ -88.040115519959826, 15.557914305864225 ], [ -88.039828381742822, 15.558529499295362 ], [ -88.039541755578796, 15.559246996365257 ], [ -88.03936079188729, 15.559989571275056 ], [ -88.03896965293724, 15.560912173492065 ], [ -88.038868352114108, 15.561756678723949 ], [ -88.035435736937444, 15.561298927282039 ], [ -88.033743765173924, 15.561080420305375 ], [ -88.031950283141995, 15.560582005178116 ], [ -88.030792052512311, 15.560317840327787 ], [ -88.030055467224685, 15.561156717123438 ], [ -88.029940392951801, 15.561303120533839 ], [ -88.029730163935412, 15.561530556475171 ], [ -88.029350682501857, 15.561996658403832 ], [ -88.029235939074553, 15.562123143562262 ], [ -88.028747619543608, 15.562654597802567 ], [ -88.028588963565667, 15.562585002872773 ], [ -88.027781985048136, 15.562134783660603 ], [ -88.027094829302868, 15.561762728460909 ], [ -88.026369676592353, 15.561335960536573 ], [ -88.026684671603832, 15.560998541407683 ], [ -88.026813587765915, 15.560861843315019 ], [ -88.026965964711053, 15.560704261616344 ], [ -88.027115470240886, 15.560550428244149 ], [ -88.027350425668729, 15.560340170820094 ], [ -88.02751923245448, 15.560193717262631 ], [ -88.028106284837691, 15.559697954132156 ], [ -88.028819905597885, 15.559085812574635 ], [ -88.02658214507629, 15.557545545664857 ], [ -88.026469040757263, 15.557488920281795 ], [ -88.023473594789095, 15.556070908161834 ], [ -88.020717330902258, 15.554656388400801 ], [ -88.020139683330484, 15.555248855033268 ], [ -88.01925100613461, 15.55613336197912 ], [ -88.019091882029059, 15.55632227019121 ], [ -88.017428318381761, 15.558077958262908 ], [ -88.016817180535156, 15.558598109041071 ], [ -88.01656854180375, 15.55881388209718 ], [ -88.016064484090165, 15.558253518528749 ], [ -88.015626890648221, 15.557795154328979 ], [ -88.015361358510191, 15.557451091787478 ], [ -88.015016863871963, 15.557145757753354 ], [ -88.014754650309357, 15.556769822563309 ], [ -88.014326436929764, 15.556240961619482 ], [ -88.014180574954693, 15.55608817232482 ], [ -88.01395537432245, 15.555897382821309 ], [ -88.013756432550068, 15.555680895489916 ], [ -88.013517289916905, 15.555336708944399 ], [ -88.013159171819936, 15.554941915517553 ], [ -88.012587736186191, 15.55408771944283 ], [ -88.012130239492819, 15.55329261949462 ], [ -88.010671226080078, 15.550348869771621 ], [ -88.010324533493957, 15.549751289164716 ], [ -88.011111872809579, 15.549339960289011 ], [ -88.012810868614054, 15.54851376900648 ], [ -88.013910454983531, 15.548714844007858 ], [ -88.014618728031834, 15.548922504465601 ], [ -88.015024929406124, 15.549050392593729 ], [ -88.015934137650319, 15.549330101908238 ], [ -88.017317881941139, 15.549009756493636 ], [ -88.018347196174318, 15.5488794388228 ], [ -88.018715179872387, 15.5491185402509 ], [ -88.019446171590246, 15.548888043490894 ], [ -88.020262777705668, 15.548202912927144 ], [ -88.021308054387291, 15.546381132441718 ], [ -88.021297290757929, 15.544409628701628 ], [ -88.025081722145103, 15.544375249851148 ], [ -88.025227911893523, 15.544367362021411 ], [ -88.025225326525856, 15.544345749411956 ], [ -88.025295471260534, 15.542492913249898 ], [ -88.021582978086187, 15.541527421032129 ], [ -88.021604508656679, 15.539816682476713 ], [ -88.021564731410351, 15.539562883534575 ], [ -88.021525285540505, 15.5393763138813 ], [ -88.021235275433611, 15.538483152092761 ] ] ] ] } },
{ "type": "Feature", "properties": { "Dialgeo": 201161, "Dial": 5, "VERSION": "Capa anterior", "ID_MAPA": "anterior_37", "layer": "Capa anterior", "path": "C:\\Users\\said.calderon\\Downloads\\Capa anterior.geojson" }, "geometry": { "type": "MultiPolygon", "coordinates": [ [ [ [ -88.034401478767293, 15.561357703345628 ], [ -88.034940026682023, 15.561381046365561 ], [ -88.039167145362114, 15.561961775603695 ], [ -88.040200960505231, 15.565307166575804 ], [ -88.041551176590389, 15.578964701866713 ], [ -88.041503255928461, 15.579568474635559 ], [ -88.04078513739951, 15.581588779510962 ], [ -88.040268744014099, 15.582347561719541 ], [ -88.039547887094443, 15.583509760995767 ], [ -88.038408177303708, 15.584776640104147 ], [ -88.036051973852466, 15.586930714700539 ], [ -88.034121127748662, 15.585729654219813 ], [ -88.030895441550953, 15.585669159580657 ], [ -88.030404131882136, 15.586251323603477 ], [ -88.030046014629448, 15.587463148066474 ], [ -88.028980576203352, 15.587669825891524 ], [ -88.027496078301382, 15.587298593965155 ], [ -88.026292820680041, 15.585942794022341 ], [ -88.02546465134408, 15.584166098269211 ], [ -88.024205352054281, 15.582485199865788 ], [ -88.022981619591818, 15.582054774604792 ], [ -88.020928859170638, 15.581601639464296 ], [ -88.019132693802106, 15.580077450294148 ], [ -88.017978016065186, 15.577605768148938 ], [ -88.016264616363813, 15.572931956332734 ], [ -88.017635889328318, 15.572250354863577 ], [ -88.018320142802054, 15.572044374643301 ], [ -88.014954111489544, 15.563182161900972 ], [ -88.016062640825496, 15.563253781656616 ], [ -88.01793525022309, 15.563557810200628 ], [ -88.023514684854277, 15.5648977521103 ], [ -88.025232052983895, 15.562702958709504 ], [ -88.026360433540276, 15.561457235342029 ], [ -88.028768352711296, 15.562737408963546 ], [ -88.030803525419657, 15.560387879287358 ], [ -88.034401478767293, 15.561357703345628 ] ] ] ] } },
{ "type": "Feature", "properties": { "Dialgeo": 201162, "Dial": 5, "VERSION": "Capa anterior", "ID_MAPA": "anterior_38", "layer": "Capa anterior", "path": "C:\\Users\\said.calderon\\Downloads\\Capa anterior.geojson" }, "geometry": { "type": "MultiPolygon", "coordinates": [ [ [ [ -88.024297688643131, 15.583129461157485 ], [ -88.024632403524265, 15.58354364826595 ], [ -88.025051532584399, 15.584139300548539 ], [ -88.025315342092711, 15.584496633983161 ], [ -88.02578101268405, 15.585151828133862 ], [ -88.026045269822191, 15.585598799081705 ], [ -88.02640416222026, 15.58647859117762 ], [ -88.026946538742891, 15.587058723864017 ], [ -88.027256448341262, 15.587385959058489 ], [ -88.027550202200558, 15.587563868227692 ], [ -88.028167721401218, 15.587755203950763 ], [ -88.028799911684231, 15.587797068311827 ], [ -88.029354735251729, 15.587779532536546 ], [ -88.029678425673183, 15.587778017540183 ], [ -88.030047761779116, 15.587656767607735 ], [ -88.03026154414583, 15.587252384011785 ], [ -88.030320964698035, 15.586803903025091 ], [ -88.030686945723588, 15.586010363855477 ], [ -88.031517793633569, 15.585707667855061 ], [ -88.032504715880478, 15.585792678527179 ], [ -88.033263662058985, 15.585910162978472 ], [ -88.033569454154502, 15.586026719908297 ], [ -88.033784377878916, 15.586008562118574 ], [ -88.03435724147333, 15.586131926181965 ], [ -88.035296527416193, 15.586707369158981 ], [ -88.036075045060699, 15.587208981480876 ], [ -88.036045303836062, 15.587942342107773 ], [ -88.036129714488709, 15.589406070727131 ], [ -88.034880590198995, 15.592370084674172 ], [ -88.033375469830588, 15.595108812033702 ], [ -88.030528966739155, 15.60015858214862 ], [ -88.025845810614342, 15.607081900526598 ], [ -88.020759027210559, 15.605296091494278 ], [ -88.026288037202079, 15.592834989006437 ], [ -88.025646336673546, 15.592821175315658 ], [ -88.025143447555678, 15.592823520287418 ], [ -88.024744521025426, 15.592808572046692 ], [ -88.024033373039416, 15.592778269632737 ], [ -88.02320133755218, 15.592849373173348 ], [ -88.022923631562492, 15.592800242296459 ], [ -88.022420908440324, 15.592836195520727 ], [ -88.02202189861174, 15.592804435086824 ], [ -88.021605547839485, 15.592772754484058 ], [ -88.02143205452289, 15.592756752790239 ], [ -88.021223879184902, 15.592740912024219 ], [ -88.020946007520692, 15.592658164114692 ], [ -88.020551497728874, 15.592674986829698 ], [ -88.019641290271323, 15.592717574135888 ], [ -88.018427427184662, 15.59272319922785 ], [ -88.017635021113662, 15.592573407650258 ], [ -88.016631509544993, 15.592424589199672 ], [ -88.015575222539255, 15.59227600981915 ], [ -88.014330473385542, 15.585989887064034 ], [ -88.013678813690959, 15.583665332467049 ], [ -88.013310318911721, 15.582439424954549 ], [ -88.012929997449163, 15.580216001024946 ], [ -88.012363602744117, 15.577712087426034 ], [ -88.011779401127015, 15.574261913245122 ], [ -88.012464561477714, 15.574079725869126 ], [ -88.014440625912911, 15.573482363825832 ], [ -88.016021518760439, 15.573014692342543 ], [ -88.018066137763867, 15.578334583489996 ], [ -88.018872714573959, 15.580146078611158 ], [ -88.019500268862259, 15.580815478527178 ], [ -88.02012716374459, 15.581350418208061 ], [ -88.020700298823456, 15.581532644595631 ], [ -88.02148218034651, 15.581848361665227 ], [ -88.021968866488649, 15.582081408838798 ], [ -88.022628788764777, 15.582280034521082 ], [ -88.022924070053193, 15.582379507820015 ], [ -88.023237024534566, 15.582546129075135 ], [ -88.023671693588611, 15.582779414164134 ], [ -88.023845428278833, 15.582845836343889 ], [ -88.024106113778515, 15.582962276589821 ], [ -88.024297688643131, 15.583129461157485 ] ] ] ] } },
{ "type": "Feature", "properties": { "Dialgeo": 201166, "Dial": 5, "VERSION": "Capa anterior", "ID_MAPA": "anterior_39", "layer": "Capa anterior", "path": "C:\\Users\\said.calderon\\Downloads\\Capa anterior.geojson" }, "geometry": { "type": "MultiPolygon", "coordinates": [ [ [ [ -88.008273797424465, 15.575045300762158 ], [ -88.011673982100859, 15.574287974490963 ], [ -88.012581454142691, 15.579580792783181 ], [ -88.01403846372979, 15.586302994233154 ], [ -88.015312596577701, 15.592532989358896 ], [ -87.995454076445995, 15.593901682808065 ], [ -87.995496518715498, 15.587239585205236 ], [ -87.995291255529537, 15.581699989263614 ], [ -87.995277662458321, 15.578876345923431 ], [ -87.994967985475427, 15.57682505256672 ], [ -87.999971055234241, 15.576243722755731 ], [ -88.008273797424465, 15.575045300762158 ] ] ] ] } },
{ "type": "Feature", "properties": { "Dialgeo": 201172, "Dial": 6, "VERSION": "Capa anterior", "ID_MAPA": "anterior_40", "layer": "Capa anterior", "path": "C:\\Users\\said.calderon\\Downloads\\Capa anterior.geojson" }, "geometry": { "type": "MultiPolygon", "coordinates": [ [ [ [ -88.00996597192983, 15.472520879093572 ], [ -88.018638793351428, 15.47430040974065 ], [ -88.01726191315484, 15.475977789309251 ], [ -88.017317276690036, 15.476229546991455 ], [ -88.017354895301864, 15.476430871239005 ], [ -88.017348137625063, 15.4765946133373 ], [ -88.017412423702112, 15.477439432098135 ], [ -88.017416009579648, 15.477539174057206 ], [ -88.017423398680506, 15.477783127601564 ], [ -88.017440984557638, 15.477831123130159 ], [ -88.017449336997927, 15.478018582522038 ], [ -88.017354946358068, 15.478485356975289 ], [ -88.01710691254533, 15.479404454667884 ], [ -88.016897793655744, 15.480234732572756 ], [ -88.016896853742878, 15.480296034239005 ], [ -88.016819856739374, 15.480581540836077 ], [ -88.016556687841913, 15.481447823563071 ], [ -88.016296939633463, 15.482456425882443 ], [ -88.016270905300161, 15.482533378575413 ], [ -88.014939266236894, 15.48224563642286 ], [ -88.014624149630762, 15.48219961636145 ], [ -88.014210488541849, 15.482208578979568 ], [ -88.014118398814958, 15.482243131855265 ], [ -88.014039193857514, 15.482379165591784 ], [ -88.013925952525469, 15.482696485443817 ], [ -88.01272316321618, 15.484968390164592 ], [ -88.011573831286825, 15.484602620335023 ], [ -88.01165437138134, 15.484182855279309 ], [ -88.011744894577959, 15.483716527385013 ], [ -88.010659711334455, 15.483391969131199 ], [ -88.009905963367302, 15.483242569128908 ], [ -88.009740396312864, 15.483238288116477 ], [ -88.009154925911034, 15.484852586100445 ], [ -88.006689243660659, 15.484385698871074 ], [ -88.007034100727921, 15.482069412597648 ], [ -88.007180895355916, 15.481064847827593 ], [ -88.007302861911285, 15.480380108316874 ], [ -88.00737919927262, 15.479804278622593 ], [ -88.007443308617951, 15.479426726230935 ], [ -88.007481477052025, 15.479138811361057 ], [ -88.0074960931059, 15.478881187948856 ], [ -88.007913861282518, 15.475837410987372 ], [ -88.008013947465102, 15.475292194049548 ], [ -88.00807888910434, 15.474925254982439 ], [ -88.008143047452464, 15.474396565022079 ], [ -88.008153227122705, 15.474202413339233 ], [ -88.008152757267339, 15.474105362811127 ], [ -88.008124071357727, 15.473922171712546 ], [ -88.00816325530144, 15.47353648951715 ], [ -88.008227404064613, 15.473299498864744 ], [ -88.008270169906709, 15.472877036593959 ], [ -88.008409158893571, 15.472196973566364 ], [ -88.00996597192983, 15.472520879093572 ] ] ] ] } },
{ "type": "Feature", "properties": { "Dialgeo": 201180, "Dial": 15, "VERSION": "Capa anterior", "ID_MAPA": "anterior_41", "layer": "Capa anterior", "path": "C:\\Users\\said.calderon\\Downloads\\Capa anterior.geojson" }, "geometry": { "type": "MultiPolygon", "coordinates": [ [ [ [ -88.19878363546772, 15.386551335690637 ], [ -88.1992009700664, 15.386826403708071 ], [ -88.200369104137636, 15.386618421218587 ], [ -88.201472087526525, 15.387693802884113 ], [ -88.20136835954716, 15.388680295917679 ], [ -88.201286394034, 15.397798269642806 ], [ -88.200850887991649, 15.407187635268002 ], [ -88.200175232799026, 15.407191284529652 ], [ -88.199459677732079, 15.407161226737289 ], [ -88.198446194485385, 15.40716669350838 ], [ -88.197042476533397, 15.407098625898808 ], [ -88.195483270454872, 15.407107017415866 ], [ -88.194546882579786, 15.406960788218889 ], [ -88.192675834694285, 15.406970835635727 ], [ -88.191441375241027, 15.406834902130637 ], [ -88.189309741709621, 15.406720264624521 ], [ -88.182877173659875, 15.402104776543196 ], [ -88.17607711350152, 15.39775262195521 ], [ -88.173539612438447, 15.393361108041452 ], [ -88.172551522661919, 15.39232570894764 ], [ -88.171389561521394, 15.389004004459386 ], [ -88.170306579626597, 15.385858351009874 ], [ -88.165908584391161, 15.382665464455602 ], [ -88.167470402933901, 15.379102209245756 ], [ -88.169426746264079, 15.380114983083267 ], [ -88.170589159689428, 15.380569242325185 ], [ -88.172386653600412, 15.381454943417911 ], [ -88.174712658008531, 15.382568024256001 ], [ -88.180425643291045, 15.385939399875713 ], [ -88.181689814765065, 15.386171109140864 ], [ -88.18257316841661, 15.38614645844418 ], [ -88.186780152944834, 15.386186938981917 ], [ -88.191074899437325, 15.385805933159823 ], [ -88.193235007734017, 15.385538603783052 ], [ -88.195475872011116, 15.385207755708509 ], [ -88.196595922190284, 15.385680738222623 ], [ -88.19878363546772, 15.386551335690637 ] ] ] ] } },
{ "type": "Feature", "properties": { "Dialgeo": 201183, "Dial": 18, "VERSION": "Capa anterior", "ID_MAPA": "anterior_42", "layer": "Capa anterior", "path": "C:\\Users\\said.calderon\\Downloads\\Capa anterior.geojson" }, "geometry": { "type": "MultiPolygon", "coordinates": [ [ [ [ -87.95236440989396, 15.643985942094613 ], [ -87.952204593634747, 15.641379614066812 ], [ -87.960879866401513, 15.640283634897436 ], [ -87.961486351443014, 15.640153092079705 ], [ -87.964017696083559, 15.6436259348619 ], [ -87.962839378047036, 15.6568499801007 ], [ -87.962872736468412, 15.663974281719975 ], [ -87.960863104550072, 15.688716582035124 ], [ -87.935838179942095, 15.68633872031676 ], [ -87.928857374827999, 15.685877311315668 ], [ -87.929030861962232, 15.685209342120986 ], [ -87.929030861962232, 15.676357468570089 ], [ -87.929291071029709, 15.670177631220762 ], [ -87.932413579839434, 15.670553437481079 ], [ -87.938615229280913, 15.667275548479985 ], [ -87.942843626627379, 15.665688780770534 ], [ -87.942865310716357, 15.665563509110694 ], [ -87.942735206182618, 15.663621788561226 ], [ -87.942518365293068, 15.661836642098962 ], [ -87.944751826455573, 15.660260271731662 ], [ -87.945098695726031, 15.659392327576477 ], [ -87.944263934454071, 15.658663009885506 ], [ -87.944448249210197, 15.657963551421835 ], [ -87.944356232548103, 15.657569687751261 ], [ -87.943619512002897, 15.652245745669207 ], [ -87.945922767259191, 15.647085098357406 ], [ -87.94657306850182, 15.645571756378583 ], [ -87.947279911544484, 15.645596393652378 ], [ -87.950507687501627, 15.645720078233504 ], [ -87.950640053563745, 15.645732191161615 ], [ -87.952370080789777, 15.645807481007521 ], [ -87.95237191656372, 15.645608489932659 ], [ -87.95236440989396, 15.643985942094613 ] ] ] ] } },
{ "type": "Feature", "properties": { "Dialgeo": 201185, "Dial": 18, "VERSION": "Capa anterior", "ID_MAPA": "anterior_43", "layer": "Capa anterior", "path": "C:\\Users\\said.calderon\\Downloads\\Capa anterior.geojson" }, "geometry": { "type": "MultiPolygon", "coordinates": [ [ [ [ -87.989421049705555, 15.638858014517748 ], [ -87.991177571528354, 15.63889609977748 ], [ -87.992598402575837, 15.639299447649547 ], [ -87.992983524900097, 15.639545725155429 ], [ -87.993420026144207, 15.640061357061841 ], [ -87.994044358343302, 15.640295765315152 ], [ -87.994769315975077, 15.640626766872751 ], [ -87.99610708011005, 15.641108648137134 ], [ -87.996428368279354, 15.64081064210148 ], [ -87.998740380987314, 15.641393217076613 ], [ -87.998775675431418, 15.641786653995537 ], [ -87.999094836736347, 15.642197668811372 ], [ -88.00172618333562, 15.64322087872659 ], [ -88.00342120734588, 15.643930229955547 ], [ -88.00498551615091, 15.644191215766105 ], [ -88.006150324335238, 15.642125918637971 ], [ -88.048717255463643, 15.681719179005158 ], [ -87.999719320374581, 15.683781081041694 ], [ -87.982528372914274, 15.684858527942598 ], [ -87.982375454621305, 15.661869323916706 ], [ -87.982221932172052, 15.637354552285737 ], [ -87.989421049705555, 15.638858014517748 ] ] ] ] } },
{ "type": "Feature", "properties": { "Dialgeo": 201190, "Dial": 11, "VERSION": "Capa anterior", "ID_MAPA": "anterior_44", "layer": "Capa anterior", "path": "C:\\Users\\said.calderon\\Downloads\\Capa anterior.geojson" }, "geometry": { "type": "MultiPolygon", "coordinates": [ [ [ [ -87.880363499198012, 15.598132902445492 ], [ -87.88788340011007, 15.598308621246714 ], [ -87.894738034424407, 15.602831050087147 ], [ -87.927620855049781, 15.615289001484539 ], [ -87.931686203122695, 15.617152130902731 ], [ -87.934069825393379, 15.618493742836908 ], [ -87.935606131525617, 15.620705853224772 ], [ -87.936376587351702, 15.622316132446706 ], [ -87.93510796985943, 15.634053052630458 ], [ -87.932164540353185, 15.640944690698493 ], [ -87.931339332264145, 15.645245152638072 ], [ -87.928324129170832, 15.667305406348421 ], [ -87.927751543319573, 15.680812525990522 ], [ -87.910605795365214, 15.675970543518359 ], [ -87.89392762718812, 15.668357966482466 ], [ -87.869446876439312, 15.658064052946473 ], [ -87.870140485169827, 15.64979167873334 ], [ -87.87125291749463, 15.642122729935297 ], [ -87.872161167530479, 15.637300563564304 ], [ -87.872205076592394, 15.635203034723204 ], [ -87.87225459206347, 15.632891052523043 ], [ -87.872235126451216, 15.629831640431711 ], [ -87.87069021469091, 15.626512698425241 ], [ -87.865366366249546, 15.615791176500121 ], [ -87.862222338646589, 15.608692968815539 ], [ -87.865607121905086, 15.601738561928082 ], [ -87.865779940179948, 15.601133586613123 ], [ -87.872693444412448, 15.598676311410616 ], [ -87.875029125582373, 15.598367877627064 ], [ -87.877115155244695, 15.598096073156912 ], [ -87.880363499198012, 15.598132902445492 ] ] ] ] } },
{ "type": "Feature", "properties": { "Dialgeo": 201191, "Dial": 11, "VERSION": "Capa anterior", "ID_MAPA": "anterior_45", "layer": "Capa anterior", "path": "C:\\Users\\said.calderon\\Downloads\\Capa anterior.geojson" }, "geometry": { "type": "MultiPolygon", "coordinates": [ [ [ [ -87.89730162015131, 15.551877909501565 ], [ -87.892392146411567, 15.560691439814088 ], [ -87.897949902727859, 15.564556638509467 ], [ -87.906948147750526, 15.570709511942949 ], [ -87.910020669257023, 15.573356885439441 ], [ -87.910794192727892, 15.581231523906125 ], [ -87.909776062448259, 15.589727426205696 ], [ -87.907681589217901, 15.593521532065385 ], [ -87.899901108291843, 15.600612876993869 ], [ -87.896534704624827, 15.603286685569204 ], [ -87.888148423118622, 15.597903084892163 ], [ -87.884154046949618, 15.597775806159305 ], [ -87.880447649564132, 15.597732362110468 ], [ -87.877464798439945, 15.597744287800321 ], [ -87.873236240610439, 15.598213825280359 ], [ -87.865615702018331, 15.600883983587025 ], [ -87.861971380371699, 15.608630112234881 ], [ -87.867337908841549, 15.620182739525539 ], [ -87.87202418934362, 15.629883633783816 ], [ -87.871922744896935, 15.637096891529737 ], [ -87.87145510013778, 15.638863596848712 ], [ -87.868922405759733, 15.657928869809385 ], [ -87.85366549271339, 15.658244624940036 ], [ -87.84300856033235, 15.660204211480378 ], [ -87.833131989379893, 15.650726789816437 ], [ -87.824035730797689, 15.642397570116255 ], [ -87.813337634417763, 15.633817786139888 ], [ -87.803911027532692, 15.62617916376816 ], [ -87.796921597159738, 15.62067981712841 ], [ -87.804727834682382, 15.612287365991207 ], [ -87.809930596119926, 15.605002119992459 ], [ -87.812577197945657, 15.602070801703967 ], [ -87.81755156233065, 15.596908969741889 ], [ -87.822837029901905, 15.591544168776956 ], [ -87.829366758544566, 15.585166057530943 ], [ -87.839827661411491, 15.573326878717403 ], [ -87.846697888372603, 15.563698503892192 ], [ -87.84533048283761, 15.533939952778599 ], [ -87.875819699490208, 15.526142884801555 ], [ -87.887792010507809, 15.537525993954244 ], [ -87.891390319367062, 15.54009152800824 ], [ -87.895946235814264, 15.543215547575686 ], [ -87.900879493474861, 15.546613516479681 ], [ -87.900033814005567, 15.547929628083061 ], [ -87.89730162015131, 15.551877909501565 ] ] ] ] } },
{ "type": "Feature", "properties": { "Dialgeo": 201192, "Dial": 10, "VERSION": "Capa anterior", "ID_MAPA": "anterior_46", "layer": "Capa anterior", "path": "C:\\Users\\said.calderon\\Downloads\\Capa anterior.geojson" }, "geometry": { "type": "MultiPolygon", "coordinates": [ [ [ [ -87.895968372051811, 15.470619252181995 ], [ -87.892268221088472, 15.485662940014699 ], [ -87.888888728048244, 15.496205722515644 ], [ -87.886529079661571, 15.50038543705357 ], [ -87.884438993251607, 15.506267794513121 ], [ -87.877844836247334, 15.505651164881392 ], [ -87.875309193242771, 15.505547764968755 ], [ -87.87316262309767, 15.505215885956861 ], [ -87.871797059601278, 15.505107819845367 ], [ -87.860444655527189, 15.504509383573144 ], [ -87.861723507742553, 15.500051269375877 ], [ -87.864059175603543, 15.49205284530735 ], [ -87.867598482694007, 15.482360606255451 ], [ -87.873794630763754, 15.465100171369285 ], [ -87.895968372051811, 15.470619252181995 ] ] ] ] } },
{ "type": "Feature", "properties": { "Dialgeo": 201195, "Dial": 7, "VERSION": "Capa anterior", "ID_MAPA": "anterior_47", "layer": "Capa anterior", "path": "C:\\Users\\said.calderon\\Downloads\\Capa anterior.geojson" }, "geometry": { "type": "MultiPolygon", "coordinates": [ [ [ [ -87.94928003644867, 15.50242155571428 ], [ -87.950776840922458, 15.502957284821356 ], [ -87.951632157764607, 15.503328173389249 ], [ -87.952102582027806, 15.50353422230587 ], [ -87.952872367185748, 15.503781480734496 ], [ -87.953813215712145, 15.503987529198914 ], [ -87.955352786028016, 15.504399625511095 ], [ -87.956122571185972, 15.504646882903725 ], [ -87.957234483080796, 15.504894140000358 ], [ -87.958346394975592, 15.50518260623897 ], [ -87.959201711817755, 15.505265025090283 ], [ -87.960570218765213, 15.505347443908713 ], [ -87.961767662344243, 15.50530623450361 ], [ -87.961382769765279, 15.506748558789477 ], [ -87.960955111344191, 15.508232081831151 ], [ -87.960698516291558, 15.508973839355136 ], [ -87.960441921238896, 15.509674385681006 ], [ -87.960228092028359, 15.510168887538757 ], [ -87.959757667765174, 15.510951846391235 ], [ -87.958816819238791, 15.513135873811567 ], [ -87.956631869632801, 15.517412333513038 ], [ -87.953831790278201, 15.521274354276446 ], [ -87.951208783107575, 15.524846899366624 ], [ -87.946285975749191, 15.534642782044248 ], [ -87.938716873447987, 15.544698089029852 ], [ -87.933145417841729, 15.549057717048514 ], [ -87.925339164359556, 15.55958624890159 ], [ -87.924818727682535, 15.570740892210489 ], [ -87.909986810836486, 15.571618198010711 ], [ -87.907124511094253, 15.570239572929712 ], [ -87.892943116916882, 15.560526270657002 ], [ -87.901139702542352, 15.547804284483211 ], [ -87.916752246590804, 15.526369407429234 ], [ -87.918313500995652, 15.523611542124621 ], [ -87.919623685492482, 15.520226056693678 ], [ -87.926751751449743, 15.517306225670225 ], [ -87.927857516440369, 15.516815612067973 ], [ -87.927871895869245, 15.514129921750721 ], [ -87.925149563667333, 15.505072279298858 ], [ -87.930928241564629, 15.494683629580729 ], [ -87.938716873447973, 15.496652077288889 ], [ -87.942266438342926, 15.498753834513034 ], [ -87.94320728686931, 15.499248362517692 ], [ -87.943977072027266, 15.499742889338702 ], [ -87.94496068639576, 15.50023741497602 ], [ -87.945431110658944, 15.500567098076614 ], [ -87.946243661658997, 15.5008967806511 ], [ -87.946927915132733, 15.501226462699469 ], [ -87.947911529501212, 15.501679774656898 ], [ -87.948510251290728, 15.502050665518544 ], [ -87.94928003644867, 15.50242155571428 ] ] ] ] } },
{ "type": "Feature", "properties": { "Dialgeo": 201197, "Dial": 7, "VERSION": "Capa anterior", "ID_MAPA": "anterior_48", "layer": "Capa anterior", "path": "C:\\Users\\said.calderon\\Downloads\\Capa anterior.geojson" }, "geometry": { "type": "MultiPolygon", "coordinates": [ [ [ [ -87.966468803906182, 15.512896980346163 ], [ -87.968041083675431, 15.509168220721822 ], [ -87.973066107239518, 15.509146149481357 ], [ -87.97318825262677, 15.50932575572331 ], [ -87.974324737570441, 15.51086702177933 ], [ -87.97814458377664, 15.515164465062295 ], [ -87.981811474086967, 15.520384668901546 ], [ -87.983902449066022, 15.527160719926608 ], [ -87.982013800180397, 15.527707492723112 ], [ -87.979913761027476, 15.529916453149696 ], [ -87.977758341014322, 15.532259190867794 ], [ -87.972563785094806, 15.537557729813242 ], [ -87.971670251525808, 15.538495653549724 ], [ -87.969608164859778, 15.537583951000897 ], [ -87.964235184936058, 15.535509828829927 ], [ -87.965064053026552, 15.534800270345661 ], [ -87.966098955715125, 15.53366120396643 ], [ -87.967031357608676, 15.532850337633514 ], [ -87.96790625787753, 15.531444613167151 ], [ -87.968248587906587, 15.530501865880057 ], [ -87.968886130692539, 15.529085623861665 ], [ -87.969291711324871, 15.526839980845056 ], [ -87.969361651760522, 15.525059098916167 ], [ -87.968269358452574, 15.524567842476877 ], [ -87.964371471876191, 15.523484965673873 ], [ -87.963419830965748, 15.522141156709655 ], [ -87.961386344635244, 15.521832418360923 ], [ -87.96170761914685, 15.520002249464625 ], [ -87.962224293783336, 15.518566176747726 ], [ -87.966468803906182, 15.512896980346163 ] ] ] ] } },
{ "type": "Feature", "properties": { "Dialgeo": 201198, "Dial": 7, "VERSION": "Capa anterior", "ID_MAPA": "anterior_49", "layer": "Capa anterior", "path": "C:\\Users\\said.calderon\\Downloads\\Capa anterior.geojson" }, "geometry": { "type": "MultiPolygon", "coordinates": [ [ [ [ -87.972728757476332, 15.494946450946955 ], [ -87.972951159264554, 15.494782645202024 ], [ -87.97552289390886, 15.493047286437303 ], [ -87.977873087413187, 15.491499316084576 ], [ -87.982365988343759, 15.495497979363311 ], [ -87.982880799489152, 15.498385905973814 ], [ -87.982972731478228, 15.499333598982661 ], [ -87.983133183580108, 15.500274130126908 ], [ -87.983276462843691, 15.50124835325304 ], [ -87.983327996061504, 15.501475813591149 ], [ -87.983584191982843, 15.502423839754677 ], [ -87.983614147561823, 15.50285863782714 ], [ -87.983702650712885, 15.503397872592034 ], [ -87.983862075917415, 15.50411990401973 ], [ -87.983986675479315, 15.50480847441704 ], [ -87.98407589180151, 15.505345930869455 ], [ -87.984936662040582, 15.506992522358605 ], [ -87.985096295450575, 15.507196937846157 ], [ -87.985875912128563, 15.508488325110788 ], [ -87.986111962886966, 15.508849710129256 ], [ -87.986701389267111, 15.509689761164777 ], [ -87.986554107963741, 15.509772706683123 ], [ -87.985891806829031, 15.509694305793325 ], [ -87.984625822874719, 15.509756711812855 ], [ -87.984355517714405, 15.509914966511721 ], [ -87.98416142750095, 15.510025606081344 ], [ -87.984052756452272, 15.510112628039101 ], [ -87.983011529199118, 15.510815976829507 ], [ -87.982983599303196, 15.510851357301199 ], [ -87.982501697447134, 15.511176415617779 ], [ -87.982398115394702, 15.511255539602081 ], [ -87.982324931594462, 15.511310387157746 ], [ -87.982292495813809, 15.510975423843439 ], [ -87.982202958594101, 15.51057386162287 ], [ -87.982006101625743, 15.509363828774264 ], [ -87.980876756302109, 15.508814183031177 ], [ -87.967973079914501, 15.508945271262597 ], [ -87.96842136438417, 15.504707693171017 ], [ -87.971855131968482, 15.505045589080144 ], [ -87.974193767536761, 15.505471648858464 ], [ -87.974712840439039, 15.505267664676769 ], [ -87.975022480806274, 15.505203158128271 ], [ -87.976025490729853, 15.504807706760365 ], [ -87.976289200702809, 15.504652696448954 ], [ -87.976754072902452, 15.50439743834176 ], [ -87.97732534969974, 15.504276323753635 ], [ -87.977945754228728, 15.504058836880924 ], [ -87.978208223560245, 15.503962211673096 ], [ -87.978593168950582, 15.503805034172338 ], [ -87.978796504723263, 15.503732700059755 ], [ -87.97961585668034, 15.503421561378342 ], [ -87.979936640049473, 15.503322570883935 ], [ -87.980206765711273, 15.503270218948968 ], [ -87.980437114199319, 15.503173283168303 ], [ -87.980541537126172, 15.502942625919887 ], [ -87.980553187202332, 15.502616465983067 ], [ -87.980578469633016, 15.502289167812462 ], [ -87.980597787695203, 15.502180108226712 ], [ -87.980024584509508, 15.5011327097286 ], [ -87.980108059663223, 15.501041942821319 ], [ -87.979922607047129, 15.500346095223604 ], [ -87.979561109305664, 15.500157548539025 ], [ -87.978864020241247, 15.499796775575398 ], [ -87.977761398883828, 15.499343351758069 ], [ -87.977353988106699, 15.499207304118411 ], [ -87.97667821226527, 15.498892983607238 ], [ -87.976141712866408, 15.498674199646322 ], [ -87.975654703913435, 15.498435965224113 ], [ -87.975148425631161, 15.498266680401665 ], [ -87.974586972644659, 15.498063271183089 ], [ -87.974388530504527, 15.498037703518101 ], [ -87.974224043933503, 15.498014983545735 ], [ -87.973902695930548, 15.498049459314332 ], [ -87.973486127575882, 15.497979060709783 ], [ -87.972757891039038, 15.497931841747169 ], [ -87.972029536814077, 15.497859408900446 ], [ -87.971639300911363, 15.497810700084701 ], [ -87.971405418590109, 15.497836939695283 ], [ -87.970989418286891, 15.497838766891253 ], [ -87.96970243285989, 15.497753510469471 ], [ -87.970135499121227, 15.497291221257299 ], [ -87.970456843240783, 15.497003856631355 ], [ -87.97122721506976, 15.496331306045951 ], [ -87.971865873146996, 15.495757028351537 ], [ -87.972193946010677, 15.49548665842465 ], [ -87.972306022016227, 15.4953601057484 ], [ -87.972504606286066, 15.495199556631659 ], [ -87.972728757476332, 15.494946450946955 ] ] ] ] } },
{ "type": "Feature", "properties": { "Dialgeo": 201199, "Dial": 7, "VERSION": "Capa anterior", "ID_MAPA": "anterior_50", "layer": "Capa anterior", "path": "C:\\Users\\said.calderon\\Downloads\\Capa anterior.geojson" }, "geometry": { "type": "MultiPolygon", "coordinates": [ [ [ [ -87.974542283216394, 15.510989015175365 ], [ -87.973233877299563, 15.509124309012927 ], [ -87.976795488910625, 15.508983270918421 ], [ -87.980861255589957, 15.508857903642436 ], [ -87.981375844093179, 15.50914457555047 ], [ -87.981979341426737, 15.509378960883989 ], [ -87.981967750375631, 15.509679799699972 ], [ -87.982308668527736, 15.511365234698834 ], [ -87.984341551867388, 15.510048889690943 ], [ -87.985788964805209, 15.509876510556516 ], [ -87.986715959608091, 15.510017548040846 ], [ -87.988017004945476, 15.511177185925863 ], [ -87.989610785483748, 15.51211742807779 ], [ -87.992375506825667, 15.513120348319541 ], [ -87.995660646302525, 15.513809853159135 ], [ -87.997352005241112, 15.514217286754453 ], [ -87.996571378038709, 15.517131980555297 ], [ -87.996018433770303, 15.51910642716047 ], [ -87.995530541768801, 15.520955494944195 ], [ -87.995042649767285, 15.522522488567455 ], [ -87.994782440699808, 15.523995451720113 ], [ -87.994066865764253, 15.525499743657779 ], [ -87.993513921495875, 15.526345903051199 ], [ -87.992424296025831, 15.526283224696666 ], [ -87.991172039888596, 15.526283224696666 ], [ -87.988130846412488, 15.526533938000492 ], [ -87.987024957875718, 15.526643624975083 ], [ -87.986455750540628, 15.526831659652924 ], [ -87.9857564386718, 15.527035363693779 ], [ -87.984992074536081, 15.527129380875543 ], [ -87.984146395066787, 15.527145050401668 ], [ -87.981909724791308, 15.520206238479016 ], [ -87.981853292686722, 15.520083122149034 ], [ -87.980678032383452, 15.518740566491836 ], [ -87.980569963738063, 15.518606431735568 ], [ -87.980471539653237, 15.518414562119458 ], [ -87.980358543156896, 15.518286859337145 ], [ -87.980158723157004, 15.51797364543012 ], [ -87.980072232518935, 15.517858645281285 ], [ -87.980025258028789, 15.517711418642955 ], [ -87.979932186615457, 15.517602857849063 ], [ -87.979859243708589, 15.517468140936659 ], [ -87.979705983615247, 15.517302580942554 ], [ -87.979591214443033, 15.517149244671685 ], [ -87.979411230342834, 15.516835941960332 ], [ -87.979268092019751, 15.516625039277653 ], [ -87.979071656508737, 15.516327834721171 ], [ -87.978882150035403, 15.516097906596814 ], [ -87.978475545963548, 15.515394583453556 ], [ -87.977374073853412, 15.51419683959034 ], [ -87.974542283216394, 15.510989015175365 ] ] ] ] } },
{ "type": "Feature", "properties": { "Dialgeo": 201202, "Dial": 3, "VERSION": "Capa anterior", "ID_MAPA": "anterior_51", "layer": "Capa anterior", "path": "C:\\Users\\said.calderon\\Downloads\\Capa anterior.geojson" }, "geometry": { "type": "MultiPolygon", "coordinates": [ [ [ [ -87.990964790391828, 15.503619494817478 ], [ -87.99152731083305, 15.504105101364969 ], [ -87.992314520325507, 15.504813462247853 ], [ -87.995410624135658, 15.507913920594591 ], [ -87.997333642104735, 15.509961249076113 ], [ -87.998450402894179, 15.511069813969305 ], [ -88.000262024433667, 15.512781777933762 ], [ -88.001886727967332, 15.514197487487142 ], [ -88.002316248279612, 15.514587713571734 ], [ -88.002107590031812, 15.515353416658613 ], [ -87.99988226737122, 15.514461485350772 ], [ -87.997236808518551, 15.513771982687942 ], [ -87.994537139443509, 15.513134713027183 ], [ -87.993734828152142, 15.512915324655935 ], [ -87.993152558654316, 15.512771844806071 ], [ -87.99277648367385, 15.512735169609172 ], [ -87.991270262129262, 15.512185632810796 ], [ -87.987883735727863, 15.510836937544049 ], [ -87.987191236022042, 15.510214580754106 ], [ -87.986395371448111, 15.508902528869434 ], [ -87.985443359560065, 15.507494116819519 ], [ -87.984242506952057, 15.505202547395994 ], [ -87.984013344477304, 15.503780123441926 ], [ -87.983897131049076, 15.502723841035916 ], [ -87.983727621098822, 15.502091875573202 ], [ -87.984498549392313, 15.501440602467691 ], [ -87.984858650717342, 15.501158623083679 ], [ -87.985011864940716, 15.500634932479946 ], [ -87.985188240083772, 15.500305244640369 ], [ -87.985465264538277, 15.500093728434196 ], [ -87.986438132218353, 15.499302342615572 ], [ -87.987016140375104, 15.498814337546872 ], [ -87.987717493466789, 15.49829413136268 ], [ -87.987956018445303, 15.498623237131156 ], [ -87.988813307840047, 15.50012660221852 ], [ -87.990167259396301, 15.502318639119711 ], [ -87.990964790391828, 15.503619494817478 ] ] ] ] } },
{ "type": "Feature", "properties": { "Dialgeo": 201212, "Dial": 11, "VERSION": "Capa anterior", "ID_MAPA": "anterior_52", "layer": "Capa anterior", "path": "C:\\Users\\said.calderon\\Downloads\\Capa anterior.geojson" }, "geometry": { "type": "MultiPolygon", "coordinates": [ [ [ [ -87.922720792075978, 15.418661275947162 ], [ -87.922503951186414, 15.419225673835857 ], [ -87.922525635275363, 15.420061816037562 ], [ -87.922460583008501, 15.420772534262795 ], [ -87.924889200971606, 15.421127892463502 ], [ -87.924518962790785, 15.421858496378162 ], [ -87.924377477701483, 15.422165820076494 ], [ -87.924283678994215, 15.422280498031496 ], [ -87.924115727568648, 15.422382572007514 ], [ -87.923632122918747, 15.422737558131718 ], [ -87.923135720620152, 15.423137768790721 ], [ -87.922306120710743, 15.423620252465888 ], [ -87.922086308636338, 15.423873289888553 ], [ -87.921464299541753, 15.424279271178706 ], [ -87.921257092314804, 15.424444011919215 ], [ -87.920959137584035, 15.424659553792269 ], [ -87.920829236780989, 15.424672698731206 ], [ -87.920518396686646, 15.424913505948805 ], [ -87.919832734866347, 15.425622296465887 ], [ -87.919729157717825, 15.425710969161965 ], [ -87.919651238972307, 15.425723898128355 ], [ -87.919443862421289, 15.425850819291812 ], [ -87.919275528249628, 15.425990184874738 ], [ -87.919081146928121, 15.426117051919162 ], [ -87.918873714179966, 15.426231366577493 ], [ -87.918562758606399, 15.426446959255477 ], [ -87.918407197449653, 15.426535846428074 ], [ -87.918277406056589, 15.426574201964746 ], [ -87.918082441884962, 15.426568705077758 ], [ -87.917913303084191, 15.426525282534691 ], [ -87.917796064320314, 15.426462735972981 ], [ -87.917626704178474, 15.426368889152501 ], [ -87.917366152530334, 15.426224994005333 ], [ -87.917144726789644, 15.426112452534396 ], [ -87.916866760736781, 15.426072104948251 ], [ -87.916294395327682, 15.425948405191095 ], [ -87.91608532508215, 15.426060097770563 ], [ -87.915669903356275, 15.42616266128184 ], [ -87.915150901661548, 15.426353894715582 ], [ -87.914735644383597, 15.426494274601074 ], [ -87.9141905390033, 15.426660400905137 ], [ -87.913684254679922, 15.426788547403326 ], [ -87.913333864210614, 15.426903445301424 ], [ -87.912762764836856, 15.427069675129349 ], [ -87.912008154462072, 15.426877379055444 ], [ -87.911370122564335, 15.426596358039097 ], [ -87.910719206427046, 15.426340600467409 ], [ -87.910002928619164, 15.425996864929555 ], [ -87.909172302245381, 15.425622076062268 ], [ -87.908239886420276, 15.425141307578743 ], [ -87.90735083877307, 15.424765053206498 ], [ -87.90665694792645, 15.42449331351369 ], [ -87.905572743478658, 15.424075251753486 ], [ -87.904770432187263, 15.423908026813752 ], [ -87.902038236978768, 15.424075251753484 ], [ -87.897809839632302, 15.426249163715758 ], [ -87.895663114825638, 15.427210694439497 ], [ -87.893082708239831, 15.429677209411562 ], [ -87.89095766752213, 15.430471504605119 ], [ -87.88336823638744, 15.430262479848849 ], [ -87.877682071494959, 15.432580303877845 ], [ -87.876999590546518, 15.433324761272043 ], [ -87.876857298879784, 15.433977560466966 ], [ -87.876452976152294, 15.436180451526612 ], [ -87.874088852343945, 15.439791639456143 ], [ -87.866953381047566, 15.451895425198943 ], [ -87.866302858378887, 15.452898637475336 ], [ -87.864828340329865, 15.449972588097603 ], [ -87.861549801732792, 15.446788141235901 ], [ -87.857195541017276, 15.44537442706188 ], [ -87.845180137598788, 15.442189875262757 ], [ -87.836552288330935, 15.436219602911969 ], [ -87.834513983969046, 15.435174505970798 ], [ -87.836213474440683, 15.434317522551448 ], [ -87.854054058629416, 15.427106180446099 ], [ -87.860559285316285, 15.425099501571054 ], [ -87.872512639353417, 15.422904674347665 ], [ -87.882010270316243, 15.414626831573495 ], [ -87.894339066530236, 15.410879956468532 ], [ -87.903183740163954, 15.39962884903977 ], [ -87.911514183852688, 15.395059710803741 ], [ -87.922604135123237, 15.392656786819824 ], [ -87.924958319005583, 15.39731754946286 ], [ -87.927733882391962, 15.40321290154607 ], [ -87.929555345864301, 15.406474088355262 ], [ -87.931767122937828, 15.411073111023395 ], [ -87.932244172894869, 15.41211832925768 ], [ -87.930552813956282, 15.412954500060556 ], [ -87.929117598318086, 15.41393699645489 ], [ -87.928163498404018, 15.414689543743229 ], [ -87.925561407729248, 15.41602739885993 ], [ -87.924303730569775, 15.416779938577687 ], [ -87.92339299883362, 15.41765789813682 ], [ -87.922720792075978, 15.418661275947162 ] ] ] ] } },
{ "type": "Feature", "properties": { "Dialgeo": 201213, "Dial": 11, "VERSION": "Capa anterior", "ID_MAPA": "anterior_53", "layer": "Capa anterior", "path": "C:\\Users\\said.calderon\\Downloads\\Capa anterior.geojson" }, "geometry": { "type": "MultiPolygon", "coordinates": [ [ [ [ -87.905746216190295, 15.425036792543724 ], [ -87.911056087191042, 15.426939446756005 ], [ -87.912800190788303, 15.427377630565926 ], [ -87.914296523582706, 15.427008219029283 ], [ -87.915285640643688, 15.426512681598558 ], [ -87.915656697921705, 15.426732623176536 ], [ -87.915709565132275, 15.426934105098331 ], [ -87.915710811026685, 15.427683734478418 ], [ -87.915698752705921, 15.428123634387532 ], [ -87.915666014517129, 15.429426498191763 ], [ -87.915705499315379, 15.430267696835871 ], [ -87.915711884652026, 15.43092187089942 ], [ -87.915715515342114, 15.431255921339684 ], [ -87.915720556691724, 15.431417680646707 ], [ -87.915738740475604, 15.432106746825527 ], [ -87.913399438421422, 15.432116385577931 ], [ -87.913362978644372, 15.431208885704793 ], [ -87.907454275837082, 15.431275140511204 ], [ -87.907464108418566, 15.431544034005892 ], [ -87.907415099637618, 15.432178131913455 ], [ -87.90715308304658, 15.434042921859866 ], [ -87.908750157091035, 15.435179779271982 ], [ -87.909783514298127, 15.435917315116464 ], [ -87.909840161538213, 15.435992720400119 ], [ -87.910045374150016, 15.436359561339508 ], [ -87.909634855758355, 15.436598662285707 ], [ -87.909417884254935, 15.436746157204025 ], [ -87.907206656331937, 15.436655550212283 ], [ -87.902465591378842, 15.436603247388698 ], [ -87.902538326279895, 15.43794661407083 ], [ -87.901966408433665, 15.437964903068204 ], [ -87.90048646936242, 15.438061573456142 ], [ -87.899187566692845, 15.43807625726842 ], [ -87.898166290228559, 15.438025230268879 ], [ -87.89284030822337, 15.437763300529129 ], [ -87.892738003159238, 15.436674820929541 ], [ -87.892438414117507, 15.431987870268282 ], [ -87.892587454232455, 15.431243286887119 ], [ -87.892848112722973, 15.43054069903728 ], [ -87.893682677343151, 15.42978585467505 ], [ -87.894661398526168, 15.428929873818666 ], [ -87.897438078704511, 15.427166848062649 ], [ -87.900151721239595, 15.42587291135092 ], [ -87.90253697102483, 15.424911374432272 ], [ -87.905746216190295, 15.425036792543724 ] ] ] ] } },
{ "type": "Feature", "properties": { "Dialgeo": 201214, "Dial": 11, "VERSION": "Capa anterior", "ID_MAPA": "anterior_54", "layer": "Capa anterior", "path": "C:\\Users\\said.calderon\\Downloads\\Capa anterior.geojson" }, "geometry": { "type": "MultiPolygon", "coordinates": [ [ [ [ -87.917094906563293, 15.426605352316825 ], [ -87.917416465323683, 15.426830936268139 ], [ -87.918145337168639, 15.427080048225472 ], [ -87.918544318317288, 15.427179247882076 ], [ -87.918111577603426, 15.427714468432782 ], [ -87.91918151379781, 15.428252342925301 ], [ -87.919702384406321, 15.42848550215324 ], [ -87.920657193261391, 15.428884944054136 ], [ -87.920935031938328, 15.429018258120308 ], [ -87.921782157876862, 15.429556810083758 ], [ -87.922442530035752, 15.429986880740033 ], [ -87.922330677697929, 15.430163832617406 ], [ -87.921685181009352, 15.431141394982436 ], [ -87.921272088214749, 15.431773421076985 ], [ -87.920878830961641, 15.432114336887389 ], [ -87.916923791940448, 15.435927333559334 ], [ -87.916386741108013, 15.436478938420059 ], [ -87.916227462989767, 15.436578422636813 ], [ -87.915978092044881, 15.436719174863692 ], [ -87.915869150399018, 15.436800702764376 ], [ -87.912849245559102, 15.436878163359159 ], [ -87.909593397501737, 15.436755571582962 ], [ -87.909579628770317, 15.436708417144782 ], [ -87.910054075051619, 15.43636792982606 ], [ -87.909896396782543, 15.435973580448382 ], [ -87.90975937634002, 15.435845978628985 ], [ -87.907367662060196, 15.434101441645652 ], [ -87.907214059540195, 15.433983275654498 ], [ -87.907454959880255, 15.43223294684821 ], [ -87.907513802179849, 15.431611459213959 ], [ -87.907520581258922, 15.431330547116513 ], [ -87.907877855245147, 15.431301772571995 ], [ -87.911070579742471, 15.4312928934227 ], [ -87.913332852020503, 15.431254182057998 ], [ -87.913348752857701, 15.432165968619632 ], [ -87.91575827150416, 15.432115070407617 ], [ -87.915735246812744, 15.431400073318944 ], [ -87.915714636675403, 15.431095665645438 ], [ -87.91572206595589, 15.430905994804395 ], [ -87.915711349400354, 15.429850034818504 ], [ -87.915685394232071, 15.429333130572978 ], [ -87.9157284210401, 15.428533356873443 ], [ -87.915722515328497, 15.426800110316137 ], [ -87.915683049106889, 15.426691018940783 ], [ -87.915933877150025, 15.426593336477781 ], [ -87.916453155094572, 15.426465131308477 ], [ -87.916756205194801, 15.426421859453656 ], [ -87.917094906563293, 15.426605352316825 ] ] ] ] } },
{ "type": "Feature", "properties": { "Dialgeo": 201215, "Dial": 10, "VERSION": "Capa anterior", "ID_MAPA": "anterior_55", "layer": "Capa anterior", "path": "C:\\Users\\said.calderon\\Downloads\\Capa anterior.geojson" }, "geometry": { "type": "MultiPolygon", "coordinates": [ [ [ [ -87.921030414250438, 15.43205247766555 ], [ -87.921347740492351, 15.431845606218964 ], [ -87.922493460852692, 15.432410858899397 ], [ -87.922594552664208, 15.435017079170988 ], [ -87.922427279508298, 15.436584530559713 ], [ -87.922186522889078, 15.436589796524313 ], [ -87.920741563650637, 15.436756055773351 ], [ -87.920287110921109, 15.43673523759788 ], [ -87.920827298223486, 15.444796776247742 ], [ -87.921915365265818, 15.445661442198867 ], [ -87.920601353999388, 15.449621354145263 ], [ -87.92050578483574, 15.451206202384547 ], [ -87.915974335323313, 15.451042416231671 ], [ -87.910603359793399, 15.45131870810882 ], [ -87.899773604937977, 15.451728222680755 ], [ -87.899773604937977, 15.446377670893979 ], [ -87.899773604937977, 15.443911354439583 ], [ -87.89981697311589, 15.442531876513449 ], [ -87.899838657204839, 15.440985178231232 ], [ -87.899882025382752, 15.438095538716883 ], [ -87.902562390283478, 15.437965713762701 ], [ -87.902503089635303, 15.436635027483989 ], [ -87.903701135550165, 15.436645478405904 ], [ -87.904546815019458, 15.436666380248131 ], [ -87.906075543290854, 15.436666380248134 ], [ -87.907241063072235, 15.436708183926278 ], [ -87.908479766653841, 15.436727779397517 ], [ -87.908624778998728, 15.436727779397529 ], [ -87.908692541776759, 15.436730392126897 ], [ -87.908752173021412, 15.436736923950157 ], [ -87.908828067332763, 15.436744762137787 ], [ -87.908901251133017, 15.436752600325114 ], [ -87.908990697999954, 15.436763051241089 ], [ -87.909231933489579, 15.436781340342803 ], [ -87.90977945673572, 15.436812693084836 ], [ -87.910318848448526, 15.436810080356505 ], [ -87.910511294738001, 15.436825756725947 ], [ -87.910646820293991, 15.436828369454073 ], [ -87.911123870251004, 15.436857109461263 ], [ -87.91137323727402, 15.436878011282181 ], [ -87.911763550875222, 15.436867560371988 ], [ -87.912262284921241, 15.436904138555359 ], [ -87.91293991270112, 15.436925040371538 ], [ -87.915459884932147, 15.436831740156322 ], [ -87.916000357687224, 15.436812032405316 ], [ -87.916518564641734, 15.436398264397454 ], [ -87.917111093050664, 15.435772700853219 ], [ -87.921030414250438, 15.43205247766555 ] ] ] ] } },
{ "type": "Feature", "properties": { "Dialgeo": 201216, "Dial": 10, "VERSION": "Capa anterior", "ID_MAPA": "anterior_56", "layer": "Capa anterior", "path": "C:\\Users\\said.calderon\\Downloads\\Capa anterior.geojson" }, "geometry": { "type": "MultiPolygon", "coordinates": [ [ [ [ -87.932020176671458, 15.43119833983982 ], [ -87.934011426144778, 15.430137064894055 ], [ -87.935394428188673, 15.432456643197879 ], [ -87.936342465707583, 15.434244365266325 ], [ -87.936732779308784, 15.434923681921701 ], [ -87.937318249710614, 15.435885172463474 ], [ -87.937518325834773, 15.436267865540115 ], [ -87.937753587417703, 15.436665874291176 ], [ -87.937960837823425, 15.437015473773638 ], [ -87.938178770440985, 15.437267973132226 ], [ -87.938430395886044, 15.437595816750047 ], [ -87.938586721892264, 15.437746129544619 ], [ -87.93882727938518, 15.43808480330865 ], [ -87.939129639981573, 15.438568797212916 ], [ -87.939549053727333, 15.4391223900067 ], [ -87.940041148022374, 15.439767336658848 ], [ -87.940417407350523, 15.440612274267385 ], [ -87.941342676568922, 15.442393076584777 ], [ -87.943316392246416, 15.446137467681831 ], [ -87.945860197560549, 15.450537218494203 ], [ -87.942795665639267, 15.452927592966478 ], [ -87.935824833375662, 15.454493941094574 ], [ -87.925278159317614, 15.466896077077255 ], [ -87.914784039058475, 15.478812037255311 ], [ -87.912312429376883, 15.481864296411858 ], [ -87.895614325625459, 15.476342116038138 ], [ -87.901557121254569, 15.471248204992301 ], [ -87.908756238788058, 15.464560623782097 ], [ -87.920541541135847, 15.452146228723199 ], [ -87.920926433714854, 15.451675971866166 ], [ -87.920893907581402, 15.451216164129947 ], [ -87.921002328026191, 15.449554577671901 ], [ -87.921208326871252, 15.448781256162505 ], [ -87.922498530164162, 15.4459544279942 ], [ -87.922016059184884, 15.445672265581075 ], [ -87.921907638740109, 15.445620013240212 ], [ -87.920903917532428, 15.44467583769139 ], [ -87.920841561801396, 15.441321687033975 ], [ -87.920692854721054, 15.440072284127444 ], [ -87.920579379729446, 15.438069517297679 ], [ -87.920413990882423, 15.436782789076872 ], [ -87.921025207495262, 15.436758885146929 ], [ -87.922616517943723, 15.43663766334098 ], [ -87.922732282866363, 15.435159787716534 ], [ -87.923854776525232, 15.435068846506402 ], [ -87.923864080954559, 15.434659019654665 ], [ -87.92617590864414, 15.434509193211687 ], [ -87.926420494391436, 15.434508172362291 ], [ -87.927165416938792, 15.434515845441393 ], [ -87.927184683221398, 15.43384716378656 ], [ -87.927265095537052, 15.433178226648314 ], [ -87.927320072277865, 15.433040502355574 ], [ -87.928192587352029, 15.431740092612269 ], [ -87.92873516899995, 15.431249852120107 ], [ -87.92888412616891, 15.430995807464765 ], [ -87.929209520890012, 15.430417507591763 ], [ -87.929407233152432, 15.429877485512115 ], [ -87.929582565993115, 15.429305205330017 ], [ -87.930174337326235, 15.428628733680354 ], [ -87.930476039094486, 15.428972553756511 ], [ -87.930756228162224, 15.429478221829642 ], [ -87.931550410579391, 15.43056406278021 ], [ -87.932020176671458, 15.43119833983982 ] ] ] ] } },
{ "type": "Feature", "properties": { "Dialgeo": 201218, "Dial": 8, "VERSION": "Capa anterior", "ID_MAPA": "anterior_57", "layer": "Capa anterior", "path": "C:\\Users\\said.calderon\\Downloads\\Capa anterior.geojson" }, "geometry": { "type": "MultiPolygon", "coordinates": [ [ [ [ -87.944262974821982, 15.474077159383011 ], [ -87.94448349378041, 15.474078621656664 ], [ -87.944621061556219, 15.47409125021813 ], [ -87.944771028338252, 15.474106228590065 ], [ -87.94496930325036, 15.474119799295879 ], [ -87.945057285975551, 15.474125430791586 ], [ -87.945205975815355, 15.474132004511945 ], [ -87.945458867459436, 15.474169369629559 ], [ -87.945825707834175, 15.474201442130958 ], [ -87.95752072826329, 15.475376600916578 ], [ -87.957356447847829, 15.476290372868963 ], [ -87.95948002709693, 15.47687226660519 ], [ -87.959699078439016, 15.47709237397677 ], [ -87.960333520691208, 15.478135443766634 ], [ -87.960633236278568, 15.478897532995884 ], [ -87.963471744843616, 15.478780766168017 ], [ -87.962086937770295, 15.481243641783912 ], [ -87.960171144827882, 15.480598402157971 ], [ -87.957967023316399, 15.479752558787924 ], [ -87.956338664715361, 15.479106040373049 ], [ -87.954392399323368, 15.478172922663175 ], [ -87.954471182066783, 15.478181816397921 ], [ -87.954316318041847, 15.478158827521177 ], [ -87.952639120739889, 15.477825505014083 ], [ -87.951694527526158, 15.477607611622094 ], [ -87.951363646626021, 15.477525700062884 ], [ -87.951052947340784, 15.477520624785541 ], [ -87.950857762032769, 15.477479796341722 ], [ -87.950672521059587, 15.477445335308886 ], [ -87.948939352621224, 15.477509894225363 ], [ -87.948840250108773, 15.47957522326678 ], [ -87.94879561371593, 15.479867404532829 ], [ -87.947939579197637, 15.479914207422597 ], [ -87.945516520700139, 15.480161814771021 ], [ -87.943392502066018, 15.480261318353596 ], [ -87.943421582779393, 15.478647039761009 ], [ -87.943416916337469, 15.478322534595119 ], [ -87.94346665200969, 15.477628407346568 ], [ -87.943514854516167, 15.477325315091848 ], [ -87.943550933577015, 15.477264263441086 ], [ -87.943653399875743, 15.476172472567702 ], [ -87.943736976120917, 15.475652881735028 ], [ -87.943759413664012, 15.475498938803264 ], [ -87.943769052574041, 15.47543799983025 ], [ -87.943768202746185, 15.475250502066237 ], [ -87.943774456778414, 15.475171949185057 ], [ -87.943794003317407, 15.47510936540157 ], [ -87.943835478830366, 15.474780660523308 ], [ -87.943859052994981, 15.474512929835285 ], [ -87.943987877439653, 15.474060311369305 ], [ -87.944262974821982, 15.474077159383011 ] ] ] ] } },
{ "type": "Feature", "properties": { "Dialgeo": 201219, "Dial": 8, "VERSION": "Capa anterior", "ID_MAPA": "anterior_58", "layer": "Capa anterior", "path": "C:\\Users\\said.calderon\\Downloads\\Capa anterior.geojson" }, "geometry": { "type": "MultiPolygon", "coordinates": [ [ [ [ -87.964899994370512, 15.47859658843527 ], [ -87.965236833984903, 15.478351403234148 ], [ -87.96679630112088, 15.478260557646738 ], [ -87.967682407196008, 15.478727310904381 ], [ -87.971027278319752, 15.48053633363752 ], [ -87.971794402377256, 15.480921126960826 ], [ -87.972052215352221, 15.481036075184598 ], [ -87.976666799517176, 15.48255973762635 ], [ -87.977696775870783, 15.482847571783466 ], [ -87.978043479451216, 15.482931862297917 ], [ -87.978258450938753, 15.483151749373151 ], [ -87.979722643448056, 15.484888739760637 ], [ -87.98041540080078, 15.485646183379798 ], [ -87.980415943727564, 15.48576141004636 ], [ -87.984158211705278, 15.490626089978134 ], [ -87.98487318668505, 15.492488484339358 ], [ -87.987007339553472, 15.497066509982899 ], [ -87.987712072444538, 15.498252340116478 ], [ -87.986423302688024, 15.499264505449698 ], [ -87.985950240216852, 15.499652342262829 ], [ -87.985680970465424, 15.499850134287575 ], [ -87.985448353235043, 15.500045277301837 ], [ -87.985149265990572, 15.500294634644005 ], [ -87.984972763048034, 15.500597363849378 ], [ -87.984786467044017, 15.501180511986988 ], [ -87.983950054842992, 15.501863607661905 ], [ -87.983716779054333, 15.502070980335253 ], [ -87.983685654348022, 15.501943938357936 ], [ -87.982652618530494, 15.495451945944135 ], [ -87.977697938529516, 15.491109105228006 ], [ -87.97645772910839, 15.492015772536536 ], [ -87.976231564050551, 15.49230242170532 ], [ -87.975816241476764, 15.492592740571478 ], [ -87.9754313488978, 15.492881223985032 ], [ -87.974960924634615, 15.493210918821786 ], [ -87.974469117450369, 15.493437583717009 ], [ -87.973870395660853, 15.49387030691765 ], [ -87.973399971397654, 15.494179394363446 ], [ -87.97297231297658, 15.494426663987271 ], [ -87.972587420397616, 15.494797567868339 ], [ -87.972245293660734, 15.495003625292421 ], [ -87.971916991419462, 15.495397080327423 ], [ -87.971352409552964, 15.495936681989853 ], [ -87.970590538522032, 15.496592245759915 ], [ -87.970104602263802, 15.497029190516498 ], [ -87.969850406502687, 15.497311454405635 ], [ -87.969593811450039, 15.497641142174997 ], [ -87.969294450555282, 15.497970829418339 ], [ -87.968824026292083, 15.498218094505646 ], [ -87.968524665397339, 15.49850657006685 ], [ -87.968054241134155, 15.498836255929346 ], [ -87.967733497318335, 15.499186546581836 ], [ -87.967198924291978, 15.499660468284064 ], [ -87.965274459501472, 15.501102833431839 ], [ -87.964632973765518, 15.501638564520057 ], [ -87.961682130660051, 15.504976558966796 ], [ -87.957904785353975, 15.504813106221091 ], [ -87.950220884975067, 15.502339135728334 ], [ -87.944163759863315, 15.499449832327601 ], [ -87.939090923982448, 15.496470980388585 ], [ -87.930992293217386, 15.494380300955944 ], [ -87.931024442890731, 15.491288755692452 ], [ -87.931067811068644, 15.488572215039527 ], [ -87.930937706534905, 15.487402001912821 ], [ -87.930720865645341, 15.486461647279796 ], [ -87.930482340666813, 15.485792948050264 ], [ -87.93074254973429, 15.485563082190717 ], [ -87.934841219007112, 15.483582582770554 ], [ -87.943165327792386, 15.482714028889527 ], [ -87.943464692569279, 15.480323612124982 ], [ -87.948962657728316, 15.47992060738094 ], [ -87.949061580645761, 15.478700252439465 ], [ -87.949039501863354, 15.477702009373113 ], [ -87.950958459807097, 15.477629592934324 ], [ -87.952183395740846, 15.477752690463049 ], [ -87.956448521197274, 15.479288178019297 ], [ -87.957322252788828, 15.47963040312915 ], [ -87.958335002578735, 15.480029689784956 ], [ -87.959238206459474, 15.480314112377609 ], [ -87.960419622841201, 15.480751102703934 ], [ -87.962127291659314, 15.481397244892129 ], [ -87.9625380995992, 15.480486002932963 ], [ -87.963491944230611, 15.478862373080265 ], [ -87.964621470700692, 15.478683073452341 ], [ -87.964899994370512, 15.47859658843527 ] ] ] ] } },
{ "type": "Feature", "properties": { "Dialgeo": 201221, "Dial": 8, "VERSION": "Capa anterior", "ID_MAPA": "anterior_59", "layer": "Capa anterior", "path": "C:\\Users\\said.calderon\\Downloads\\Capa anterior.geojson" }, "geometry": { "type": "MultiPolygon", "coordinates": [ [ [ [ -87.952526094047656, 15.458972078719334 ], [ -87.953162708170439, 15.45809285738609 ], [ -87.954305182039718, 15.458712668674981 ], [ -87.954782522890412, 15.459727138287507 ], [ -87.954974580297176, 15.460037260911355 ], [ -87.955114262282166, 15.460263568497737 ], [ -87.955831990995804, 15.461298039455382 ], [ -87.955932808976698, 15.461662991192911 ], [ -87.956098430196377, 15.462106189308725 ], [ -87.956183649805553, 15.462312553462255 ], [ -87.957030829495025, 15.463897751442319 ], [ -87.958420600314668, 15.466180233726119 ], [ -87.958546891301623, 15.466401071041554 ], [ -87.95896367641339, 15.467182596702713 ], [ -87.958336825065516, 15.47452949983537 ], [ -87.958175329707572, 15.475484297423083 ], [ -87.956707602220021, 15.475295930144295 ], [ -87.956524184334384, 15.475298325204124 ], [ -87.956241611637381, 15.4752379614647 ], [ -87.955230211838511, 15.475126993202128 ], [ -87.953762445987039, 15.474912263606617 ], [ -87.950360433277083, 15.474603715955155 ], [ -87.948000731223203, 15.474392774248194 ], [ -87.945368167119739, 15.474110888274325 ], [ -87.943984172652492, 15.474044444236338 ], [ -87.943796883414549, 15.47465101638649 ], [ -87.943820265105828, 15.474705404303229 ], [ -87.943792016710489, 15.475035655374709 ], [ -87.943732479962321, 15.475390078445633 ], [ -87.943700911893913, 15.475717138496137 ], [ -87.943531993489188, 15.477096073707752 ], [ -87.943364550676051, 15.478186196762191 ], [ -87.943385220904489, 15.47825696406904 ], [ -87.94338255493976, 15.478398002090882 ], [ -87.943349914586818, 15.478853272677586 ], [ -87.943325883768495, 15.480165329934673 ], [ -87.943133850878127, 15.481962091413395 ], [ -87.943069183045679, 15.482415286674049 ], [ -87.942958959851723, 15.482631432378152 ], [ -87.938606747825702, 15.483041474470888 ], [ -87.93664548457177, 15.483262136602404 ], [ -87.934622497220943, 15.483464798310344 ], [ -87.934142129774727, 15.483670090982065 ], [ -87.932735697933495, 15.484260667934695 ], [ -87.931637271972406, 15.484752732259432 ], [ -87.929982701103896, 15.485696013498771 ], [ -87.928378984038062, 15.486231782163539 ], [ -87.926861097811127, 15.486900479974031 ], [ -87.925516684295843, 15.487360208464377 ], [ -87.922264070952409, 15.48585563869489 ], [ -87.919705348455565, 15.484685410195032 ], [ -87.916365998756305, 15.48309723235424 ], [ -87.912809808167481, 15.481801604557347 ], [ -87.9173634668483, 15.4769951724893 ], [ -87.91861483894057, 15.475494042340404 ], [ -87.918827910533139, 15.475217988995078 ], [ -87.92378195717933, 15.470140589280001 ], [ -87.926620057812784, 15.469935045156465 ], [ -87.927446568212957, 15.469868909049293 ], [ -87.928704245372415, 15.469827112059072 ], [ -87.932834408631095, 15.469581890533217 ], [ -87.933508308531003, 15.469579051147537 ], [ -87.934118401823028, 15.469505132228587 ], [ -87.937732983567926, 15.466914707931045 ], [ -87.937952232239567, 15.466929884446275 ], [ -87.938878586724812, 15.467094378823765 ], [ -87.9394356378494, 15.467280771959221 ], [ -87.940051948722285, 15.467513471647807 ], [ -87.940432567988225, 15.467650469867948 ], [ -87.94070742638803, 15.467783821583561 ], [ -87.942059328829529, 15.468271344735612 ], [ -87.942777710457861, 15.468623134126588 ], [ -87.943458323323298, 15.469009490188059 ], [ -87.944425078474154, 15.469663737940941 ], [ -87.945115083519696, 15.4686742835078 ], [ -87.945971068826935, 15.467619585887654 ], [ -87.946411396711156, 15.466776702520459 ], [ -87.946454827024183, 15.466794521958233 ], [ -87.946980291010959, 15.467113066243185 ], [ -87.947965538377545, 15.467749182442974 ], [ -87.948520690865621, 15.468059169917538 ], [ -87.948904379786526, 15.468256958932209 ], [ -87.948965243844242, 15.468292740179589 ], [ -87.949015705177601, 15.46822043997483 ], [ -87.949677281972612, 15.467031199926138 ], [ -87.950034622613956, 15.466530676301989 ], [ -87.95051982878374, 15.466515988744211 ], [ -87.951054899346602, 15.466509490109194 ], [ -87.951955834120895, 15.466446791817969 ], [ -87.952048484700413, 15.466350284460022 ], [ -87.952602567020733, 15.465088613325312 ], [ -87.95307072993819, 15.461275760887789 ], [ -87.950703789675913, 15.46093825932727 ], [ -87.950862363030424, 15.460748904063367 ], [ -87.951041322165807, 15.460581240433878 ], [ -87.952526094047656, 15.458972078719334 ] ] ] ] } },
{ "type": "Feature", "properties": { "Dialgeo": 201222, "Dial": 10, "VERSION": "Capa anterior", "ID_MAPA": "anterior_60", "layer": "Capa anterior", "path": "C:\\Users\\said.calderon\\Downloads\\Capa anterior.geojson" }, "geometry": { "type": "MultiPolygon", "coordinates": [ [ [ [ -87.941971102396238, 15.459548751829505 ], [ -87.943038187459351, 15.459938273589486 ], [ -87.94446634602069, 15.460473372415683 ], [ -87.945611489468561, 15.460849984548613 ], [ -87.946497601258471, 15.461211427487923 ], [ -87.947242041629366, 15.461472554679709 ], [ -87.947862435428604, 15.461695765106702 ], [ -87.947962426877041, 15.461509343106412 ], [ -87.948103373455254, 15.461198465240496 ], [ -87.948298530255855, 15.460749128340874 ], [ -87.948408428074643, 15.460511926379183 ], [ -87.948556028812234, 15.460171781242623 ], [ -87.949837679601814, 15.460575034385172 ], [ -87.950308319190384, 15.460711906413376 ], [ -87.950768430901846, 15.460955660925197 ], [ -87.951568624808743, 15.461080409836439 ], [ -87.953055991528615, 15.461303456469917 ], [ -87.952946241532942, 15.462225401958172 ], [ -87.952768862464282, 15.463528481829314 ], [ -87.952569970355825, 15.46478014791527 ], [ -87.952555351615601, 15.465057579963226 ], [ -87.952399544364113, 15.465411185187998 ], [ -87.952262473143563, 15.465756340918404 ], [ -87.951966612376594, 15.466343205237969 ], [ -87.951922258506087, 15.466396257414656 ], [ -87.951698038009283, 15.466447899523589 ], [ -87.951142042140447, 15.466497185183059 ], [ -87.949956442215438, 15.466488991261317 ], [ -87.949324741492589, 15.467634652267877 ], [ -87.948957712699155, 15.468271147244154 ], [ -87.94829954413558, 15.467918351587402 ], [ -87.947741843743671, 15.467592756212822 ], [ -87.94640627505909, 15.466741867754578 ], [ -87.946506936878393, 15.466539602295093 ], [ -87.946166161707481, 15.466342211090828 ], [ -87.945586289537516, 15.466008146038103 ], [ -87.944588393692541, 15.465399862815632 ], [ -87.944080638978093, 15.465177666427776 ], [ -87.943916710129258, 15.46506262325998 ], [ -87.943245205977561, 15.464764554901 ], [ -87.942457415503199, 15.464329869662862 ], [ -87.942427894556701, 15.464297943682261 ], [ -87.942381399279768, 15.464266117319667 ], [ -87.940880377897003, 15.463542405987569 ], [ -87.940655775852051, 15.463408030806583 ], [ -87.940050508787763, 15.463545928626312 ], [ -87.938282735147922, 15.463539844744842 ], [ -87.938013065695401, 15.464175327832887 ], [ -87.937434785417409, 15.463950710108444 ], [ -87.936722721258093, 15.463726656478959 ], [ -87.931322599114168, 15.461138379548734 ], [ -87.932341751295112, 15.459811265043928 ], [ -87.932734663074086, 15.459219907097498 ], [ -87.933154904630968, 15.458693138350519 ], [ -87.933773939892973, 15.457899900879642 ], [ -87.934271635212212, 15.457261509382342 ], [ -87.935233101603714, 15.455995791238985 ], [ -87.937328352263293, 15.457086892630537 ], [ -87.937796598904299, 15.457365291729978 ], [ -87.938777085194658, 15.457814062038224 ], [ -87.940183026442668, 15.45860002772571 ], [ -87.941971102396238, 15.459548751829505 ] ] ] ] } },
{ "type": "Feature", "properties": { "Dialgeo": 201226, "Dial": 5, "VERSION": "Capa anterior", "ID_MAPA": "anterior_61", "layer": "Capa anterior", "path": "C:\\Users\\said.calderon\\Downloads\\Capa anterior.geojson" }, "geometry": { "type": "MultiPolygon", "coordinates": [ [ [ [ -87.994254714260293, 15.555346959678277 ], [ -87.994900762573252, 15.555086324338777 ], [ -87.994971514239936, 15.555377340211745 ], [ -87.994961032215102, 15.555601491600921 ], [ -87.994978297573738, 15.556789165112841 ], [ -87.995005632118747, 15.557127775441028 ], [ -87.995306359516405, 15.558370194510591 ], [ -87.995550550039994, 15.558671631688537 ], [ -87.996082809595549, 15.559322152407431 ], [ -87.996056999727244, 15.55993196272486 ], [ -87.995956266992721, 15.561913702268852 ], [ -87.995858057525766, 15.563124307172638 ], [ -87.995801253523666, 15.563931337856131 ], [ -87.995697406006528, 15.565495236441691 ], [ -87.995542540762827, 15.56621208906085 ], [ -87.995068592122919, 15.566418845963369 ], [ -87.994436085486711, 15.566575164130414 ], [ -87.993750684532316, 15.566706142322326 ], [ -87.993223655374905, 15.566849192685646 ], [ -87.992617162927331, 15.566928657759917 ], [ -87.992037606939746, 15.567123095892534 ], [ -87.991286545257296, 15.567318304608722 ], [ -87.990944026108508, 15.567422153718903 ], [ -87.990274915664386, 15.567620717931232 ], [ -87.988480906738033, 15.568251684687905 ], [ -87.98771707149433, 15.568536458175084 ], [ -87.986057892995206, 15.569196105704622 ], [ -87.983490220546244, 15.570243455116682 ], [ -87.983448879060276, 15.56987277402127 ], [ -87.982191972140512, 15.5643422563692 ], [ -87.98134779233591, 15.561535483225509 ], [ -87.982295655761462, 15.561160081615787 ], [ -87.984047461410967, 15.560355239317198 ], [ -87.984844768358869, 15.560005767625098 ], [ -87.98519671812565, 15.559780781868099 ], [ -87.985640470789292, 15.55961002641236 ], [ -87.98614794396758, 15.55937244587162 ], [ -87.986309395466066, 15.55929328660843 ], [ -87.986447942520272, 15.559259050678486 ], [ -87.98725498394009, 15.558818432269051 ], [ -87.989988228601817, 15.557506363446958 ], [ -87.990876059407043, 15.557042959070289 ], [ -87.991348897027578, 15.556816728106345 ], [ -87.991579589701175, 15.556714843241407 ], [ -87.991821840901579, 15.556612906122913 ], [ -87.992075435886818, 15.556466096837706 ], [ -87.992490477046218, 15.556240123741663 ], [ -87.992744285930954, 15.556138133604819 ], [ -87.993032663277219, 15.556013577000771 ], [ -87.993401682546633, 15.555832630491329 ], [ -87.994254714260293, 15.555346959678277 ] ] ] ] } },
{ "type": "Feature", "properties": { "Dialgeo": 201228, "Dial": 5, "VERSION": "Capa anterior", "ID_MAPA": "anterior_62", "layer": "Capa anterior", "path": "C:\\Users\\said.calderon\\Downloads\\Capa anterior.geojson" }, "geometry": { "type": "MultiPolygon", "coordinates": [ [ [ [ -87.992190948861207, 15.529651253184383 ], [ -87.993220803008512, 15.527495215947189 ], [ -87.993907146480751, 15.526013035611779 ], [ -87.99471989396632, 15.524581786249422 ], [ -87.997049097531416, 15.516048621893709 ], [ -87.997784557613713, 15.513977934991457 ], [ -87.999832542690882, 15.514489718356112 ], [ -88.001952105351904, 15.515463372910196 ], [ -88.002073812917544, 15.515538456051376 ], [ -88.001364563003477, 15.519441089687684 ], [ -88.001613416066832, 15.520717356049277 ], [ -88.00172294214471, 15.521859791356407 ], [ -88.002891326284498, 15.523493157212346 ], [ -88.004799731764706, 15.527274507571885 ], [ -88.005097470536057, 15.528693636779135 ], [ -88.005589877568923, 15.530136864404957 ], [ -88.00566476175004, 15.531279453191782 ], [ -88.005517838441747, 15.532263378580561 ], [ -88.004968134197199, 15.533307965930881 ], [ -88.003544309226882, 15.535603983252532 ], [ -88.002032183130225, 15.53750173374967 ], [ -88.000169965778824, 15.539609059347182 ], [ -87.999589867120307, 15.540651672000173 ], [ -87.995945675604787, 15.540493047367615 ], [ -87.995065252295802, 15.54046541313684 ], [ -87.994925887027676, 15.540522014452421 ], [ -87.994255340203864, 15.541543735212212 ], [ -87.993616025073067, 15.542141470890858 ], [ -87.993267086583032, 15.542588450210538 ], [ -87.992535259908678, 15.543195095697788 ], [ -87.987656301530862, 15.547499691604013 ], [ -87.986325083251145, 15.546146902110509 ], [ -87.985004025581034, 15.544445200704976 ], [ -87.984188407989208, 15.543507303067893 ], [ -87.983722200076656, 15.543110372884199 ], [ -87.984346244197397, 15.542497661144088 ], [ -87.985513536710329, 15.54179964885301 ], [ -87.986841919890168, 15.540415464426456 ], [ -87.988324232531284, 15.538593578839947 ], [ -87.988721052055837, 15.538188412020203 ], [ -87.98932366361818, 15.537311701775943 ], [ -87.989720077663037, 15.536822495891942 ], [ -87.990098148828366, 15.535887013293701 ], [ -87.990367259664296, 15.535234274283225 ], [ -87.991072790004139, 15.532407322449632 ], [ -87.991615659599333, 15.53079677293392 ], [ -87.992190948861207, 15.529651253184383 ] ] ] ] } },
{ "type": "Feature", "properties": { "Dialgeo": 201229, "Dial": 9, "VERSION": "Capa anterior", "ID_MAPA": "anterior_63", "layer": "Capa anterior", "path": "C:\\Users\\said.calderon\\Downloads\\Capa anterior.geojson" }, "geometry": { "type": "MultiPolygon", "coordinates": [ [ [ [ -87.996166346327925, 15.462940701467589 ], [ -87.996255303898266, 15.461547217184338 ], [ -87.996574162270647, 15.457338596259287 ], [ -87.998909814964165, 15.45854345502306 ], [ -88.001132758094315, 15.459943682720827 ], [ -88.005239154875298, 15.46408646472935 ], [ -88.00883850387396, 15.468974571086283 ], [ -88.010453260737563, 15.471060119723022 ], [ -88.011568914532347, 15.471886682466412 ], [ -88.012071990528284, 15.472293615445283 ], [ -88.012034481659853, 15.472715806961908 ], [ -88.008267125655607, 15.47212215993226 ], [ -88.006814811641476, 15.471866538793801 ], [ -88.006528121747778, 15.471828540302473 ], [ -88.006184632811369, 15.471744404070483 ], [ -88.002840781687041, 15.471421565800354 ], [ -88.002571989673356, 15.471389167065416 ], [ -88.001297556448364, 15.471268873825277 ], [ -87.999639185580591, 15.471187214992899 ], [ -87.997497033355657, 15.471138955872378 ], [ -87.995918788188135, 15.470910748136168 ], [ -87.995478931208424, 15.470781939087258 ], [ -87.995586245996506, 15.470231522303971 ], [ -87.995738206994375, 15.469390442744402 ], [ -87.995874001058269, 15.467043151617084 ], [ -87.996166346327925, 15.462940701467589 ] ] ] ] } },
{ "type": "Feature", "properties": { "Dialgeo": 201230, "Dial": 6, "VERSION": "Capa anterior", "ID_MAPA": "anterior_64", "layer": "Capa anterior", "path": "C:\\Users\\said.calderon\\Downloads\\Capa anterior.geojson" }, "geometry": { "type": "MultiPolygon", "coordinates": [ [ [ [ -87.997419526853363, 15.47124015247805 ], [ -88.000857064455715, 15.471332024399649 ], [ -88.006563977523214, 15.471871932582857 ], [ -88.008235271669605, 15.472294375697212 ], [ -88.00756102768176, 15.477920069354674 ], [ -88.007509030703986, 15.478664376321962 ], [ -88.006569098303018, 15.484398076291942 ], [ -87.999917504015713, 15.4833793437825 ], [ -87.996713679872414, 15.482979685812273 ], [ -87.991421694739643, 15.48240206721875 ], [ -87.991550156189689, 15.477627329170925 ], [ -87.994908138467721, 15.477804245745421 ], [ -87.995452677950681, 15.474135128702555 ], [ -87.995955889560221, 15.471120951788711 ], [ -87.997419526853363, 15.47124015247805 ] ] ] ] } },
{ "type": "Feature", "properties": { "Dialgeo": 201231, "Dial": 6, "VERSION": "Capa anterior", "ID_MAPA": "anterior_65", "layer": "Capa anterior", "path": "C:\\Users\\said.calderon\\Downloads\\Capa anterior.geojson" }, "geometry": { "type": "MultiPolygon", "coordinates": [ [ [ [ -87.987995565339304, 15.477472188331394 ], [ -87.990277926807863, 15.477486455342717 ], [ -87.99147292181928, 15.477533990885 ], [ -87.991367951628874, 15.479353938994519 ], [ -87.991384356030267, 15.480100295960971 ], [ -87.991327041524983, 15.481946442372436 ], [ -87.991298053218387, 15.483042960616331 ], [ -87.991308125409034, 15.485157353866631 ], [ -87.991269789104862, 15.487512240626362 ], [ -87.991311053908618, 15.488372247421854 ], [ -87.990339785496644, 15.488379000134245 ], [ -87.989968236539255, 15.488404690741504 ], [ -87.989757627295518, 15.488405633065444 ], [ -87.989203848803513, 15.488408109866766 ], [ -87.988596490161754, 15.488345949879115 ], [ -87.988218506793544, 15.488321208097197 ], [ -87.988316922598656, 15.487131396339345 ], [ -87.988331886557532, 15.486891052283347 ], [ -87.988332353462994, 15.486807607818326 ], [ -87.988328404438349, 15.486679623886753 ], [ -87.988324072067641, 15.486289192750412 ], [ -87.988123439306207, 15.484722102221989 ], [ -87.987996640572149, 15.477698761254381 ], [ -87.987995565339304, 15.477472188331394 ] ] ] ] } },
{ "type": "Feature", "properties": { "Dialgeo": 201232, "Dial": 9, "VERSION": "Capa anterior", "ID_MAPA": "anterior_66", "layer": "Capa anterior", "path": "C:\\Users\\said.calderon\\Downloads\\Capa anterior.geojson" }, "geometry": { "type": "MultiPolygon", "coordinates": [ [ [ [ -87.985084231914271, 15.450390597680297 ], [ -87.990028204196307, 15.453149439785669 ], [ -87.993001807857397, 15.455310438792594 ], [ -87.996339066677535, 15.457379648453726 ], [ -87.995959088207186, 15.462459854212053 ], [ -87.995477826684393, 15.470550835048643 ], [ -87.995357152606829, 15.470685840870035 ], [ -87.988162949274354, 15.468645559280588 ], [ -87.985993631257529, 15.468237879587956 ], [ -87.983173113500925, 15.467692926958192 ], [ -87.976103382022458, 15.466075401774505 ], [ -87.974496225455866, 15.463359577152225 ], [ -87.974078408867669, 15.46281575341612 ], [ -87.967683194214416, 15.451724639990902 ], [ -87.966088969988562, 15.450056190081524 ], [ -87.967203529853961, 15.448605157377663 ], [ -87.975694839042305, 15.445436933787608 ], [ -87.985084231914271, 15.450390597680297 ] ] ] ] } },
{ "type": "Feature", "properties": { "Dialgeo": 201234, "Dial": 10, "VERSION": "Capa anterior", "ID_MAPA": "anterior_67", "layer": "Capa anterior", "path": "C:\\Users\\said.calderon\\Downloads\\Capa anterior.geojson" }, "geometry": { "type": "MultiPolygon", "coordinates": [ [ [ [ -87.951104064531989, 15.451611181981376 ], [ -87.951461486527705, 15.451725033890739 ], [ -87.951900799533632, 15.451858849659621 ], [ -87.952236077693641, 15.452010172037152 ], [ -87.952474429539521, 15.452101849025953 ], [ -87.952950836583469, 15.452218640921895 ], [ -87.953426962263691, 15.452274286572381 ], [ -87.954141195137908, 15.452367368363925 ], [ -87.954904045854079, 15.452423157262144 ], [ -87.956006133998457, 15.45260933587843 ], [ -87.957280747191334, 15.452956915565482 ], [ -87.959415671274954, 15.454114104945008 ], [ -87.960422646493456, 15.455443221834756 ], [ -87.963341915164875, 15.455914053473931 ], [ -87.965165484930893, 15.456437719833973 ], [ -87.965564382133124, 15.45723507181912 ], [ -87.965581360443764, 15.458512549861812 ], [ -87.965180732219906, 15.45973097757892 ], [ -87.962120229291713, 15.46161261536483 ], [ -87.960488371348347, 15.462841264785283 ], [ -87.955980115367154, 15.460156494195409 ], [ -87.955659662656984, 15.459932029425545 ], [ -87.955575795331129, 15.459872694233812 ], [ -87.955254308728598, 15.45961565574679 ], [ -87.954325001470252, 15.458712583330069 ], [ -87.953181978242924, 15.457972634519894 ], [ -87.952538280099915, 15.4589022787299 ], [ -87.952034951048489, 15.459410352926705 ], [ -87.951576692975053, 15.459918616742913 ], [ -87.950715081051229, 15.460882149108151 ], [ -87.950267933331133, 15.460662911701768 ], [ -87.949083357799907, 15.460326710094128 ], [ -87.948540280367766, 15.460103001781899 ], [ -87.948235394019505, 15.459981487647326 ], [ -87.948005795054925, 15.459907925245719 ], [ -87.948103373455226, 15.459649293793893 ], [ -87.948507239612042, 15.458572965496298 ], [ -87.948637344145794, 15.458243796016912 ], [ -87.948787020477553, 15.45767885018676 ], [ -87.94884334299087, 15.457575005622736 ], [ -87.948913816279969, 15.457460057056331 ], [ -87.94912833034445, 15.457205541365774 ], [ -87.949507418215148, 15.456765139365011 ], [ -87.95052114937387, 15.455683571103869 ], [ -87.949501997192925, 15.455046122431579 ], [ -87.950404597395661, 15.451493093911488 ], [ -87.951104064531989, 15.451611181981376 ] ] ] ] } },
{ "type": "Feature", "properties": { "Dialgeo": 201235, "Dial": 8, "VERSION": "Capa anterior", "ID_MAPA": "anterior_68", "layer": "Capa anterior", "path": "C:\\Users\\said.calderon\\Downloads\\Capa anterior.geojson" }, "geometry": { "type": "MultiPolygon", "coordinates": [ [ [ [ -87.967442870292757, 15.451613270871293 ], [ -87.967778973671571, 15.452052177437144 ], [ -87.968147603183823, 15.452700085430985 ], [ -87.968689705407726, 15.45371374387439 ], [ -87.972597550594429, 15.460526586384123 ], [ -87.975961251769803, 15.466125604044798 ], [ -87.975480646016422, 15.46687654391855 ], [ -87.974994097899952, 15.467029860902237 ], [ -87.973816030811932, 15.469485793290715 ], [ -87.973733835950114, 15.469647284790373 ], [ -87.973639161234701, 15.469728361617328 ], [ -87.972804121849023, 15.469017608338465 ], [ -87.971873230613596, 15.468134427910945 ], [ -87.971479371654439, 15.467755898322055 ], [ -87.971123521499607, 15.467884211238257 ], [ -87.970459184318315, 15.468106059046129 ], [ -87.968501754370536, 15.468759912389878 ], [ -87.966850045312299, 15.469366322799848 ], [ -87.977589808924961, 15.482377534421582 ], [ -87.977676496007618, 15.482492380673214 ], [ -87.977709375007095, 15.482535446366661 ], [ -87.977757296226414, 15.482618775811403 ], [ -87.978042787448018, 15.482925334606586 ], [ -87.97664383220237, 15.482521371055112 ], [ -87.972505718344593, 15.481069274768267 ], [ -87.971278747796532, 15.480568846305749 ], [ -87.968509906513418, 15.479053024299397 ], [ -87.966789921355172, 15.478169717039268 ], [ -87.965247942497697, 15.478294102385743 ], [ -87.964651848968231, 15.478667501105429 ], [ -87.960647565080137, 15.478869929781338 ], [ -87.96035506164263, 15.478093192981 ], [ -87.959677044912908, 15.476967084982579 ], [ -87.959404032775922, 15.476780088457728 ], [ -87.957399557882383, 15.476236123593848 ], [ -87.957532115133262, 15.475428211730831 ], [ -87.958213915345539, 15.475523776515701 ], [ -87.95826245055386, 15.475302509491165 ], [ -87.958417479511709, 15.474532944672301 ], [ -87.959166092818663, 15.467138106085583 ], [ -87.957214065762273, 15.463896959843842 ], [ -87.956232654841088, 15.462275718553999 ], [ -87.955867181474119, 15.461313256255719 ], [ -87.955126462959697, 15.460153349304818 ], [ -87.954863894424321, 15.4596909438647 ], [ -87.954406199137154, 15.458828848976879 ], [ -87.955364832744436, 15.459790365534898 ], [ -87.960466602935824, 15.462923911761784 ], [ -87.962746632339972, 15.461343994262064 ], [ -87.964968855729595, 15.460032364721656 ], [ -87.965233932731479, 15.459828378221461 ], [ -87.965620904411693, 15.458569521692812 ], [ -87.96567355881777, 15.457216881263014 ], [ -87.965296439405577, 15.456361361986046 ], [ -87.963831984421546, 15.455880923046136 ], [ -87.960450465098674, 15.455383409831287 ], [ -87.959542346999839, 15.454094066800605 ], [ -87.957435663239465, 15.452971788180493 ], [ -87.958378921109059, 15.452783686314916 ], [ -87.960102806181069, 15.452397031944036 ], [ -87.961978479875782, 15.452250730102094 ], [ -87.964190256949323, 15.452135778582408 ], [ -87.967442870292757, 15.451613270871293 ] ] ] ] } },
{ "type": "Feature", "properties": { "Dialgeo": 201236, "Dial": 6, "VERSION": "Capa anterior", "ID_MAPA": "anterior_69", "layer": "Capa anterior", "path": "C:\\Users\\said.calderon\\Downloads\\Capa anterior.geojson" }, "geometry": { "type": "MultiPolygon", "coordinates": [ [ [ [ -87.976043778657456, 15.466123639339934 ], [ -87.982996888913021, 15.467788900383399 ], [ -87.98322064094701, 15.46944423550352 ], [ -87.98302424346322, 15.477458841318528 ], [ -87.980308311321465, 15.477255088383524 ], [ -87.978698267716467, 15.477067008573128 ], [ -87.978177849581513, 15.475358609133529 ], [ -87.975283656561558, 15.471391952026888 ], [ -87.974089518800213, 15.470118161342453 ], [ -87.97370785673165, 15.469808720212864 ], [ -87.974984279755731, 15.467100859410515 ], [ -87.975493778898766, 15.4669082332756 ], [ -87.976043778657456, 15.466123639339934 ] ] ] ] } },
{ "type": "Feature", "properties": { "Dialgeo": 201239, "Dial": 17, "VERSION": "Capa anterior", "ID_MAPA": "anterior_70", "layer": "Capa anterior", "path": "C:\\Users\\said.calderon\\Downloads\\Capa anterior.geojson" }, "geometry": { "type": "MultiPolygon", "coordinates": [ [ [ [ -87.925421198860079, 15.560894078163441 ], [ -87.925521021826881, 15.55961479176009 ], [ -87.927628643306463, 15.556940478651784 ], [ -87.929011006516234, 15.555129990691141 ], [ -87.930320717582603, 15.553200247435427 ], [ -87.933361034507001, 15.554691408814367 ], [ -87.936281008173026, 15.556258980351732 ], [ -87.937983977853222, 15.557092140664361 ], [ -87.939443916263201, 15.557859091188051 ], [ -87.94073536684192, 15.559702464840504 ], [ -87.941884459758086, 15.560739653012533 ], [ -87.942928153091614, 15.561474741335957 ], [ -87.943470482151156, 15.562531324385494 ], [ -87.94364494378523, 15.562765889309869 ], [ -87.943907020222937, 15.563201774804352 ], [ -87.944309496661958, 15.564006834271554 ], [ -87.945306341524343, 15.565868246865067 ], [ -87.947484005360991, 15.566499832593951 ], [ -87.947988574338552, 15.567711561258465 ], [ -87.948142352969015, 15.568198344921287 ], [ -87.948244576464859, 15.568558481011422 ], [ -87.948304590665728, 15.568809585188035 ], [ -87.948515319005764, 15.56961500517148 ], [ -87.948529426569195, 15.569687059636305 ], [ -87.949089346943978, 15.571086553506738 ], [ -87.949178145041429, 15.571222388347131 ], [ -87.949352145353075, 15.571680868618291 ], [ -87.949311120740219, 15.571903236997382 ], [ -87.949045804646119, 15.572031250162205 ], [ -87.948511727256786, 15.572813130539609 ], [ -87.948487801158365, 15.572828752073399 ], [ -87.948143143085758, 15.573064975080488 ], [ -87.94664185479283, 15.573966893200886 ], [ -87.94635645177074, 15.573335461264744 ], [ -87.946137200159527, 15.572829066503418 ], [ -87.946020738419733, 15.572506007121758 ], [ -87.94571023605944, 15.571548965795625 ], [ -87.945426987236459, 15.570732219785643 ], [ -87.94535648860213, 15.57046396721409 ], [ -87.945123556657464, 15.570335718159155 ], [ -87.944366844862472, 15.569959691822463 ], [ -87.944140292724796, 15.56982711646852 ], [ -87.943521622037423, 15.569509255743384 ], [ -87.941100038848418, 15.5698999480203 ], [ -87.941155379381385, 15.570572980105366 ], [ -87.939969886671634, 15.573766050657678 ], [ -87.938997391758477, 15.574933392454177 ], [ -87.937830462568044, 15.575100051280765 ], [ -87.937426185650963, 15.575049447740863 ], [ -87.93694071431571, 15.574939335072179 ], [ -87.936278796620201, 15.574808604314695 ], [ -87.935622925132208, 15.574651875271332 ], [ -87.935145506589024, 15.5745278436567 ], [ -87.934820021866102, 15.57444938792878 ], [ -87.934672499499172, 15.574420600279009 ], [ -87.93447293838932, 15.574387831427064 ], [ -87.934394908698309, 15.574388162644471 ], [ -87.933832233386255, 15.574197134652227 ], [ -87.933356812233043, 15.574096841821753 ], [ -87.931811811497994, 15.573796459633725 ], [ -87.931230730485893, 15.573671032033593 ], [ -87.93083447122828, 15.573570398754216 ], [ -87.92960646055198, 15.57334539203868 ], [ -87.927454292404803, 15.57298359835584 ], [ -87.926226459617851, 15.572796937620213 ], [ -87.925817468612991, 15.572798657900329 ], [ -87.925725001335906, 15.572773469415008 ], [ -87.925681759030439, 15.571955177218062 ], [ -87.925627527060499, 15.571629294462291 ], [ -87.925600253799914, 15.57143118492483 ], [ -87.925355093245173, 15.571189230905022 ], [ -87.92514942691237, 15.570927927647382 ], [ -87.925088742534655, 15.570634043435218 ], [ -87.924987249758814, 15.570065374409875 ], [ -87.924945669482881, 15.569617945917745 ], [ -87.924982790258213, 15.569067877517996 ], [ -87.925033618459764, 15.568632849481221 ], [ -87.925018767507183, 15.56826204063705 ], [ -87.925043095303195, 15.567801546564116 ], [ -87.925080730304884, 15.567366573906046 ], [ -87.925052229261453, 15.566893513041901 ], [ -87.925129156912178, 15.566394431984143 ], [ -87.925229325400579, 15.565191876655206 ], [ -87.925304822889075, 15.564373084858223 ], [ -87.925295904574284, 15.562378090133272 ], [ -87.925421198860079, 15.560894078163441 ] ] ] ] } },
{ "type": "Feature", "properties": { "Dialgeo": 201241, "Dial": 18, "VERSION": "Capa anterior", "ID_MAPA": "anterior_71", "layer": "Capa anterior", "path": "C:\\Users\\said.calderon\\Downloads\\Capa anterior.geojson" }, "geometry": { "type": "MultiPolygon", "coordinates": [ [ [ [ -87.97476836033475, 15.601200137198521 ], [ -87.977313528910088, 15.60295734461439 ], [ -87.978251825018987, 15.603729588694399 ], [ -87.9791450083749, 15.604372626296065 ], [ -87.98030482330924, 15.60492820196724 ], [ -87.980903373515389, 15.605356416174978 ], [ -87.984503328340224, 15.607458096692099 ], [ -87.990296871428114, 15.611289438326509 ], [ -87.999785074364141, 15.620549517980507 ], [ -87.997534558542597, 15.623206966799104 ], [ -87.991089529489273, 15.628924418396974 ], [ -87.986483902136811, 15.630305445200223 ], [ -87.982274637359197, 15.630712978685738 ], [ -87.980158896365069, 15.63070914428037 ], [ -87.977867564820926, 15.627554409447036 ], [ -87.971890512110065, 15.62213311148434 ], [ -87.970189343912935, 15.62136537570988 ], [ -87.96842983059922, 15.620635700998266 ], [ -87.966807885052205, 15.62011340267029 ], [ -87.965869912977652, 15.619814989929846 ], [ -87.965087858504845, 15.619478070120898 ], [ -87.964090738143724, 15.619047547677647 ], [ -87.962351569314649, 15.618487912104912 ], [ -87.962544697833835, 15.618061616842782 ], [ -87.967345906755114, 15.611483667313928 ], [ -87.967862881550133, 15.610775460834557 ], [ -87.971005906441746, 15.605573370015614 ], [ -87.97476836033475, 15.601200137198521 ] ] ] ] } },
{ "type": "Feature", "properties": { "Dialgeo": 201242, "Dial": 18, "VERSION": "Capa anterior", "ID_MAPA": "anterior_72", "layer": "Capa anterior", "path": "C:\\Users\\said.calderon\\Downloads\\Capa anterior.geojson" }, "geometry": { "type": "MultiPolygon", "coordinates": [ [ [ [ -87.956137277088828, 15.60625484617359 ], [ -87.954553192955814, 15.601664987104332 ], [ -87.953080280377719, 15.600907625636529 ], [ -87.952493938906485, 15.600683260368688 ], [ -87.952114134231365, 15.599255225582914 ], [ -87.951756911088083, 15.597396301462657 ], [ -87.954082873000573, 15.597629848258139 ], [ -87.962794236894354, 15.59867085534384 ], [ -87.965968184782795, 15.599128295824441 ], [ -87.971044761688006, 15.599975735112809 ], [ -87.97468424020083, 15.601115649479043 ], [ -87.971323438098295, 15.604762454530665 ], [ -87.967354796456235, 15.611351441326326 ], [ -87.966420717118226, 15.612517220104055 ], [ -87.965076378602035, 15.614321570500659 ], [ -87.963801311626824, 15.616108801752691 ], [ -87.963416297901531, 15.616761795354144 ], [ -87.962485522632932, 15.618001254042303 ], [ -87.962205410039743, 15.618526370300655 ], [ -87.962058015723542, 15.618300110118296 ], [ -87.961965709049764, 15.61810858096969 ], [ -87.961611937210662, 15.617559673215087 ], [ -87.96115350000143, 15.616880961987267 ], [ -87.9607736196985, 15.616311157040267 ], [ -87.960765954308059, 15.616040926861039 ], [ -87.960740085116413, 15.615664440942471 ], [ -87.960699916584375, 15.614916426801514 ], [ -87.960696122332095, 15.614657698028033 ], [ -87.956939845783666, 15.614107861967705 ], [ -87.956566010984517, 15.614060460938935 ], [ -87.956611544160737, 15.612847282954405 ], [ -87.956567028767395, 15.611568106521752 ], [ -87.956333728234313, 15.608802049383279 ], [ -87.956137277088828, 15.60625484617359 ] ] ] ] } },
{ "type": "Feature", "properties": { "Dialgeo": 201243, "Dial": 19, "VERSION": "Capa anterior", "ID_MAPA": "anterior_73", "layer": "Capa anterior", "path": "C:\\Users\\said.calderon\\Downloads\\Capa anterior.geojson" }, "geometry": { "type": "MultiPolygon", "coordinates": [ [ [ [ -87.930747970756528, 15.605460803843275 ], [ -87.936043268772153, 15.605817993805232 ], [ -87.936824995817531, 15.60818313192042 ], [ -87.937342902766375, 15.609518101440559 ], [ -87.937268375169666, 15.610564437938125 ], [ -87.937336043062558, 15.610763647586337 ], [ -87.939244558515185, 15.610975934164436 ], [ -87.939823576976238, 15.610898599293094 ], [ -87.940078735076852, 15.610730360353919 ], [ -87.940708586679875, 15.610986472560841 ], [ -87.941076772728522, 15.61112610481846 ], [ -87.941510169328254, 15.611322791635777 ], [ -87.941582284485236, 15.611448542161876 ], [ -87.941590937074565, 15.611710590942828 ], [ -87.941589433926893, 15.612600251208189 ], [ -87.941569788408415, 15.613171870570254 ], [ -87.941549331039127, 15.613490849157381 ], [ -87.940996454010758, 15.614905086152344 ], [ -87.940657109963055, 15.615558975054979 ], [ -87.940326156956687, 15.616244189005849 ], [ -87.939565342903862, 15.61772038533697 ], [ -87.936929238016575, 15.622864683880454 ], [ -87.935566325509782, 15.620055764840764 ], [ -87.934440683641583, 15.618522629373985 ], [ -87.934231303623974, 15.618246188805919 ], [ -87.93397035012147, 15.618070815197134 ], [ -87.932666159202299, 15.617319999509574 ], [ -87.932880685384333, 15.614691706024495 ], [ -87.932887884677086, 15.61443825841371 ], [ -87.934948871849656, 15.614359400612095 ], [ -87.934975480058753, 15.612251074158991 ], [ -87.934894756623962, 15.611625963104602 ], [ -87.935097282620745, 15.61089180941272 ], [ -87.935270621411007, 15.609855836178351 ], [ -87.935389302168574, 15.609035769560434 ], [ -87.931260554651288, 15.608902337308793 ], [ -87.931255851939142, 15.610325807290501 ], [ -87.929113332837233, 15.610205474563916 ], [ -87.926894436604428, 15.609802370322949 ], [ -87.920681244103619, 15.610697138412323 ], [ -87.918767511608223, 15.610661039901599 ], [ -87.91823625142878, 15.611559059282941 ], [ -87.896899107895848, 15.603288778666315 ], [ -87.900672139374223, 15.600448403354324 ], [ -87.90678705245989, 15.594683991430355 ], [ -87.907784520551886, 15.593785898185702 ], [ -87.908348306864738, 15.594203616462638 ], [ -87.913942801815452, 15.602432493190296 ], [ -87.919363824054514, 15.604061521028063 ], [ -87.922291176063595, 15.604646297096812 ], [ -87.925066739449989, 15.605022223689341 ], [ -87.929479051157884, 15.60538219841494 ], [ -87.930747970756528, 15.605460803843275 ] ] ] ] } },
{ "type": "Feature", "properties": { "Dialgeo": 201244, "Dial": 18, "VERSION": "Capa anterior", "ID_MAPA": "anterior_74", "layer": "Capa anterior", "path": "C:\\Users\\said.calderon\\Downloads\\Capa anterior.geojson" }, "geometry": { "type": "MultiPolygon", "coordinates": [ [ [ [ -87.95665298006783, 15.614114707768396 ], [ -87.958319054710898, 15.614351158778295 ], [ -87.959573175925627, 15.614513882838116 ], [ -87.960234557964696, 15.614611718357358 ], [ -87.960668460289057, 15.614679153306554 ], [ -87.960693527472031, 15.615284039129714 ], [ -87.960736882428577, 15.616308145592217 ], [ -87.962186710186586, 15.618602383030204 ], [ -87.967072443959268, 15.620358052052289 ], [ -87.971411851292757, 15.622002868550585 ], [ -87.966743506237918, 15.625011362357776 ], [ -87.961804720723535, 15.629577742549275 ], [ -87.961605928555542, 15.62990212213173 ], [ -87.953165224624399, 15.627257587755759 ], [ -87.952685748126555, 15.625284532463954 ], [ -87.952869156074271, 15.622970957858611 ], [ -87.952790798894185, 15.622795964876293 ], [ -87.952405117767867, 15.621906820396374 ], [ -87.952283922676429, 15.62165475296476 ], [ -87.952116945861192, 15.621475267187961 ], [ -87.952168511523908, 15.621374196204094 ], [ -87.95262586981886, 15.620884783345563 ], [ -87.953152968737285, 15.620350911600244 ], [ -87.953724751277548, 15.619730778505424 ], [ -87.955210034450019, 15.616927091526684 ], [ -87.95665298006783, 15.614114707768396 ] ] ] ] } },
{ "type": "Feature", "properties": { "Dialgeo": 201245, "Dial": 19, "VERSION": "Capa anterior", "ID_MAPA": "anterior_75", "layer": "Capa anterior", "path": "C:\\Users\\said.calderon\\Downloads\\Capa anterior.geojson" }, "geometry": { "type": "MultiPolygon", "coordinates": [ [ [ [ -87.94585240801112, 15.60631404867646 ], [ -87.946803937628204, 15.606724429493323 ], [ -87.947790226061528, 15.607000139550575 ], [ -87.949236240905421, 15.60741323261497 ], [ -87.949801998240758, 15.6075843978004 ], [ -87.951148968098778, 15.608032627986178 ], [ -87.952777477405263, 15.608573111135481 ], [ -87.953313933508412, 15.608726624163705 ], [ -87.953902650527439, 15.60893206665388 ], [ -87.954331341460147, 15.609076748804737 ], [ -87.954465131945739, 15.609265256468845 ], [ -87.954685599476122, 15.609474659889898 ], [ -87.954928044269678, 15.609689876561223 ], [ -87.955797210609774, 15.610185249954585 ], [ -87.956455250521785, 15.610641784166267 ], [ -87.956587403939949, 15.612373816844203 ], [ -87.956536405999913, 15.61375384599679 ], [ -87.956541754973856, 15.613972325190348 ], [ -87.956514001016501, 15.614064889420543 ], [ -87.956390328143158, 15.61447216501573 ], [ -87.955986502384732, 15.615319373477238 ], [ -87.955604190206486, 15.616112860317514 ], [ -87.955199956460177, 15.616814495745333 ], [ -87.954907492388003, 15.617328408208188 ], [ -87.954512171846389, 15.618103289695032 ], [ -87.954323182277747, 15.61849069252505 ], [ -87.95410817668045, 15.618878208263906 ], [ -87.9537387492677, 15.61962776421027 ], [ -87.953333732881362, 15.620104402185149 ], [ -87.951830208015025, 15.621583270248237 ], [ -87.950437318207349, 15.623151125794394 ], [ -87.94799020982046, 15.620787193256577 ], [ -87.945412146774373, 15.619777228684875 ], [ -87.946036554191238, 15.617924440050375 ], [ -87.946260208697311, 15.617496102264701 ], [ -87.946405430172405, 15.617016450676774 ], [ -87.946636596633923, 15.616368349330159 ], [ -87.946820385448063, 15.615762954612915 ], [ -87.947416058911116, 15.613442023 ], [ -87.947684467191451, 15.612519018151932 ], [ -87.947709854855276, 15.612393303142651 ], [ -87.946284312843531, 15.612119073618528 ], [ -87.946332974570538, 15.611811529379557 ], [ -87.946343854222917, 15.61175756415687 ], [ -87.945168884434864, 15.611528078045078 ], [ -87.945109069323493, 15.61183027827045 ], [ -87.94481549330807, 15.613327775918377 ], [ -87.94436465369489, 15.613591218868324 ], [ -87.942293835289163, 15.613341304445843 ], [ -87.941692530634796, 15.613246830140715 ], [ -87.941629217079452, 15.611564847131232 ], [ -87.941522034527665, 15.611241796048658 ], [ -87.94095921340228, 15.611044709431779 ], [ -87.940056186423405, 15.610665754717562 ], [ -87.93972333626489, 15.610877460746128 ], [ -87.939206178884305, 15.610933590872243 ], [ -87.937358125481353, 15.610725810428729 ], [ -87.937312809417719, 15.610548072810547 ], [ -87.937385994915715, 15.60951252573096 ], [ -87.94122847847639, 15.610310265300374 ], [ -87.941293884448825, 15.610245908602662 ], [ -87.94260637694272, 15.607459834770662 ], [ -87.943009204490124, 15.606624598502075 ], [ -87.943126205605267, 15.606488693545758 ], [ -87.94378239517205, 15.606499884922931 ], [ -87.94585240801112, 15.60631404867646 ] ] ] ] } },
{ "type": "Feature", "properties": { "Dialgeo": 201246, "Dial": 18, "VERSION": "Capa anterior", "ID_MAPA": "anterior_76", "layer": "Capa anterior", "path": "C:\\Users\\said.calderon\\Downloads\\Capa anterior.geojson" }, "geometry": { "type": "MultiPolygon", "coordinates": [ [ [ [ -87.950366171846653, 15.623796323647957 ], [ -87.950458196005115, 15.623240567336179 ], [ -87.951682695800699, 15.621804903940669 ], [ -87.952051848414115, 15.621462943577482 ], [ -87.952212899524952, 15.621596708237092 ], [ -87.952344259081201, 15.621873468630255 ], [ -87.952800286488653, 15.622972406501463 ], [ -87.952731837508864, 15.624111437817534 ], [ -87.952585611506152, 15.625309634188566 ], [ -87.952970043847301, 15.627017298977277 ], [ -87.953097898072642, 15.62732015389691 ], [ -87.961317106293279, 15.630011223744532 ], [ -87.959525924777722, 15.632948977284396 ], [ -87.958980807606991, 15.634038676107668 ], [ -87.95919880690802, 15.636155511027784 ], [ -87.959587875151485, 15.637758957758134 ], [ -87.961246802329555, 15.640138405097687 ], [ -87.952197117493313, 15.641169548263921 ], [ -87.952064120574406, 15.638665753999978 ], [ -87.951505055411474, 15.636390713778416 ], [ -87.951206214805367, 15.635525500607962 ], [ -87.951200000092342, 15.635399929076231 ], [ -87.950867145880721, 15.634322386756134 ], [ -87.95036165267328, 15.632933247590573 ], [ -87.950284765267057, 15.632687790629578 ], [ -87.949956730703818, 15.63153536158026 ], [ -87.949927816880532, 15.631298246636552 ], [ -87.949892469159352, 15.630872445789201 ], [ -87.949840802505463, 15.630527592876666 ], [ -87.949841126388947, 15.63007395920177 ], [ -87.949722460958924, 15.62878866929918 ], [ -87.949839449438016, 15.627534691027677 ], [ -87.950131476133919, 15.625332877185951 ], [ -87.950366171846653, 15.623796323647957 ] ] ] ] } },
{ "type": "Feature", "properties": { "Dialgeo": 201247, "Dial": 18, "VERSION": "Capa anterior", "ID_MAPA": "anterior_77", "layer": "Capa anterior", "path": "C:\\Users\\said.calderon\\Downloads\\Capa anterior.geojson" }, "geometry": { "type": "MultiPolygon", "coordinates": [ [ [ [ -87.950483039063968, 15.633452570124261 ], [ -87.950766221428708, 15.634363055282376 ], [ -87.951335050894713, 15.635968314157125 ], [ -87.952051018607975, 15.639049492010932 ], [ -87.952064120108091, 15.641010451024325 ], [ -87.952279177863801, 15.64405379917541 ], [ -87.952357375984974, 15.645787461342088 ], [ -87.950427690074122, 15.6457070704746 ], [ -87.946671344510762, 15.64543808684985 ], [ -87.944172475940348, 15.645417319431736 ], [ -87.941991824136053, 15.645556103515803 ], [ -87.940500861977526, 15.645692007248536 ], [ -87.939098923496928, 15.645697918119042 ], [ -87.938164102187429, 15.645701920427292 ], [ -87.936858016463887, 15.645656450229952 ], [ -87.935643695367446, 15.645636058892221 ], [ -87.93464019184016, 15.645538030897386 ], [ -87.933425986928242, 15.645543203828467 ], [ -87.93239608856284, 15.645445277856673 ], [ -87.931656775703672, 15.645397266578154 ], [ -87.93232708069479, 15.641864775883011 ], [ -87.935250365613996, 15.634588429942854 ], [ -87.936592621232748, 15.623170759419567 ], [ -87.943216581833454, 15.621373876442172 ], [ -87.945346633091134, 15.619962838434569 ], [ -87.947843138388677, 15.620814767868891 ], [ -87.950402359279494, 15.623197674492728 ], [ -87.95011538116384, 15.624913516884048 ], [ -87.94989387348943, 15.626348700721467 ], [ -87.949678324751531, 15.627870127694221 ], [ -87.94967549587237, 15.629671008687625 ], [ -87.949816437352183, 15.631277161520634 ], [ -87.950483039063968, 15.633452570124261 ] ] ] ] } },
{ "type": "Feature", "properties": { "Dialgeo": 201248, "Dial": 19, "VERSION": "Capa anterior", "ID_MAPA": "anterior_78", "layer": "Capa anterior", "path": "C:\\Users\\said.calderon\\Downloads\\Capa anterior.geojson" }, "geometry": { "type": "MultiPolygon", "coordinates": [ [ [ [ -87.951719905202168, 15.597328712016283 ], [ -87.952416423042948, 15.600797049724539 ], [ -87.954430129063823, 15.601695942218509 ], [ -87.955181741026323, 15.603905017716686 ], [ -87.956071081106856, 15.60635930566052 ], [ -87.956285000054905, 15.608653300159576 ], [ -87.956388699203472, 15.610165699018083 ], [ -87.956458936828071, 15.610586115707362 ], [ -87.955769169453944, 15.610154213593166 ], [ -87.955309355281798, 15.609872580381404 ], [ -87.955128347682816, 15.609771495388642 ], [ -87.954927891131391, 15.609656786680112 ], [ -87.9548225347488, 15.609552063937334 ], [ -87.954703666501544, 15.609426127359445 ], [ -87.954528552338346, 15.609267344541037 ], [ -87.954351984006365, 15.609057750248306 ], [ -87.953311451011629, 15.608717180488981 ], [ -87.951118443915774, 15.607987354420713 ], [ -87.950193518411794, 15.607693061036812 ], [ -87.946658558972402, 15.606623075557669 ], [ -87.946593528624689, 15.606578791848166 ], [ -87.946799482020893, 15.606284816128325 ], [ -87.947229907689064, 15.606211961474013 ], [ -87.9479293123281, 15.60608074090262 ], [ -87.948478204176567, 15.605927761319885 ], [ -87.949096585039086, 15.605161643689549 ], [ -87.949343851323377, 15.604836760377934 ], [ -87.94949401170561, 15.604609204608694 ], [ -87.949622744552826, 15.604528809542101 ], [ -87.949965747754035, 15.604312930764571 ], [ -87.950233364170515, 15.604164012956776 ], [ -87.950440060889946, 15.604033120325262 ], [ -87.950787759333977, 15.603804709344461 ], [ -87.95080495229297, 15.603649794329167 ], [ -87.951030881720357, 15.603039845845462 ], [ -87.951152580735027, 15.60253718527375 ], [ -87.951157181758447, 15.602339516902292 ], [ -87.95119416351848, 15.601992136581263 ], [ -87.951495370895032, 15.601118795432241 ], [ -87.95103866157713, 15.600704252845389 ], [ -87.951018414451823, 15.599931960175732 ], [ -87.950907660853616, 15.599439086434861 ], [ -87.951106797980898, 15.598285720188326 ], [ -87.95147789230937, 15.597325715685308 ], [ -87.951719905202168, 15.597328712016283 ] ] ] ] } },
{ "type": "Feature", "properties": { "Dialgeo": 201249, "Dial": 19, "VERSION": "Capa anterior", "ID_MAPA": "anterior_79", "layer": "Capa anterior", "path": "C:\\Users\\said.calderon\\Downloads\\Capa anterior.geojson" }, "geometry": { "type": "MultiPolygon", "coordinates": [ [ [ [ -87.950886575593387, 15.599390651130751 ], [ -87.95100816968214, 15.600425357351261 ], [ -87.951022065175493, 15.600724544031586 ], [ -87.951478755873296, 15.601135042857175 ], [ -87.951202540579402, 15.601860092039299 ], [ -87.951143353409989, 15.602328893046277 ], [ -87.951135608168556, 15.602550488676531 ], [ -87.951013540372585, 15.603052103127645 ], [ -87.950799416002539, 15.603644476431318 ], [ -87.950772571084414, 15.603799506226325 ], [ -87.949484169630963, 15.604590338215122 ], [ -87.948447672032174, 15.605904632787304 ], [ -87.946788092653847, 15.606254896857465 ], [ -87.946577692690553, 15.606582405492725 ], [ -87.945878679482263, 15.606254509364568 ], [ -87.945083848388109, 15.606305201741845 ], [ -87.943861709777792, 15.606416091239666 ], [ -87.943589170172572, 15.606481364069717 ], [ -87.942270973303351, 15.606015954105972 ], [ -87.942101203532417, 15.605914358207048 ], [ -87.941048263186531, 15.604985855662731 ], [ -87.940286028197932, 15.604332069278923 ], [ -87.938207016649471, 15.602887967186403 ], [ -87.9376001428667, 15.602526475917122 ], [ -87.942500746970808, 15.597221605757632 ], [ -87.951142803374893, 15.597044094293549 ], [ -87.951222887553584, 15.592689839682867 ], [ -87.954310031153142, 15.59261176225483 ], [ -87.954782625769539, 15.597368002455163 ], [ -87.951494022621645, 15.597204329582457 ], [ -87.951081708097831, 15.59827369710818 ], [ -87.950886575593387, 15.599390651130751 ] ] ] ] } },
{ "type": "Feature", "properties": { "Dialgeo": 201250, "Dial": 19, "VERSION": "Capa anterior", "ID_MAPA": "anterior_80", "layer": "Capa anterior", "path": "C:\\Users\\said.calderon\\Downloads\\Capa anterior.geojson" }, "geometry": { "type": "MultiPolygon", "coordinates": [ [ [ [ -87.936041895531176, 15.601427782849226 ], [ -87.937709721805206, 15.60275590770107 ], [ -87.938717199383603, 15.603347239462318 ], [ -87.939323820326507, 15.603741735853751 ], [ -87.939862071737139, 15.60411761388438 ], [ -87.940054098013277, 15.604236907968708 ], [ -87.940356862354989, 15.604454629051336 ], [ -87.941591240175939, 15.605603185715303 ], [ -87.942612732278832, 15.606298589918737 ], [ -87.943128559011868, 15.606450692693192 ], [ -87.943010928194482, 15.606592019095805 ], [ -87.942591614521632, 15.607431534683384 ], [ -87.941222316205128, 15.610239912262132 ], [ -87.93749828707368, 15.609431168853213 ], [ -87.936845780782392, 15.607859532316915 ], [ -87.936119402152102, 15.605934668784437 ], [ -87.936038614809306, 15.605611874619735 ], [ -87.934391867329524, 15.605618883115138 ], [ -87.925138192653606, 15.604889808681312 ], [ -87.920172647449107, 15.603989875244251 ], [ -87.914041881812992, 15.602173893169709 ], [ -87.908044729619348, 15.593462165936469 ], [ -87.909952929447499, 15.590245701665475 ], [ -87.910907029361582, 15.582392304515531 ], [ -87.910733556649916, 15.577128689457155 ], [ -87.910083033981238, 15.572784016741313 ], [ -87.90969272038005, 15.572073821123444 ], [ -87.911297342962797, 15.571864939592478 ], [ -87.924698109937765, 15.570987634845084 ], [ -87.925582459206083, 15.571536389178494 ], [ -87.926326906454108, 15.57877994394155 ], [ -87.925552344589235, 15.584692699922485 ], [ -87.927214991867345, 15.588265902433678 ], [ -87.932410826435088, 15.595663142570755 ], [ -87.936041895531176, 15.601427782849226 ] ] ] ] } },
{ "type": "Feature", "properties": { "Dialgeo": 201252, "Dial": 17, "VERSION": "Capa anterior", "ID_MAPA": "anterior_81", "layer": "Capa anterior", "path": "C:\\Users\\said.calderon\\Downloads\\Capa anterior.geojson" }, "geometry": { "type": "MultiPolygon", "coordinates": [ [ [ [ -87.943172533949749, 15.545076002256943 ], [ -87.946994613737417, 15.547195320663132 ], [ -87.950735389095414, 15.548828952060305 ], [ -87.951700786924235, 15.54934911934302 ], [ -87.954290240284806, 15.550181972609639 ], [ -87.957698074377106, 15.551113548927628 ], [ -87.954675422627716, 15.554662089728767 ], [ -87.952401275999861, 15.557823426614682 ], [ -87.950315938345099, 15.561053261324798 ], [ -87.950240373219017, 15.561589341892574 ], [ -87.95048164332951, 15.561739572948477 ], [ -87.950840269156998, 15.56195863015909 ], [ -87.951804978255822, 15.562477612551147 ], [ -87.952958919794085, 15.563140740665967 ], [ -87.954047498818937, 15.563728509562747 ], [ -87.95497833765539, 15.564194127076679 ], [ -87.95637597258154, 15.565047291315626 ], [ -87.956608751449238, 15.565593630983862 ], [ -87.957048169768456, 15.566473128840048 ], [ -87.957389931260323, 15.567088628125022 ], [ -87.957554826255347, 15.56729357277181 ], [ -87.957634384230744, 15.56744146339978 ], [ -87.957789540947914, 15.567736219568333 ], [ -87.957623549265392, 15.568077191610332 ], [ -87.957521909811987, 15.568144406793918 ], [ -87.956280292848703, 15.569924980357007 ], [ -87.953985180348397, 15.573191789912251 ], [ -87.953883935957961, 15.573345473229763 ], [ -87.953657743882971, 15.573293034568161 ], [ -87.953446897628169, 15.573281928630216 ], [ -87.952849140087551, 15.573172337531419 ], [ -87.952645705339023, 15.573125141170008 ], [ -87.952351753526727, 15.573018240243451 ], [ -87.951704854755462, 15.572858110831293 ], [ -87.951297315930475, 15.572767725028392 ], [ -87.95040207714753, 15.572531875307343 ], [ -87.950138313269591, 15.572472917788847 ], [ -87.949783634806465, 15.572267450848853 ], [ -87.949755087122099, 15.572276254533783 ], [ -87.949578379339997, 15.572123438087948 ], [ -87.949468749760712, 15.572026755690874 ], [ -87.949455639360409, 15.571871898088892 ], [ -87.949234144593973, 15.571341337346771 ], [ -87.949227963047321, 15.571270250385677 ], [ -87.949194653003701, 15.571216975313707 ], [ -87.949161171419803, 15.571126307901386 ], [ -87.949111219237935, 15.571097041293006 ], [ -87.948621064773306, 15.569841579075378 ], [ -87.948556490685604, 15.569580105668651 ], [ -87.9484052877431, 15.56905458280932 ], [ -87.948141283536629, 15.568094163068142 ], [ -87.948061634370134, 15.567720595019566 ], [ -87.947932341363469, 15.567466077251726 ], [ -87.947552732242883, 15.566402007481065 ], [ -87.945323143262854, 15.565750518735914 ], [ -87.943972349085939, 15.563137469739109 ], [ -87.94329290692697, 15.562122743758749 ], [ -87.943184745265611, 15.561533277458341 ], [ -87.941817351794526, 15.56053020302118 ], [ -87.94046952636063, 15.559204778533845 ], [ -87.939580006727425, 15.557670898211429 ], [ -87.933409582215489, 15.554473812526886 ], [ -87.930769475187489, 15.553249507463985 ], [ -87.933218229745023, 15.549210725968949 ], [ -87.935690429404602, 15.54762739708784 ], [ -87.940383977221273, 15.543949722760219 ], [ -87.943172533949749, 15.545076002256943 ] ] ] ] } },
{ "type": "Feature", "properties": { "Dialgeo": 201253, "Dial": 17, "VERSION": "Capa anterior", "ID_MAPA": "anterior_82", "layer": "Capa anterior", "path": "C:\\Users\\said.calderon\\Downloads\\Capa anterior.geojson" }, "geometry": { "type": "MultiPolygon", "coordinates": [ [ [ [ -87.954547448847663, 15.55511015650416 ], [ -87.954650809908017, 15.554964739971476 ], [ -87.954780032826505, 15.554787696395882 ], [ -87.958737198675522, 15.550185838390657 ], [ -87.966554719013274, 15.553479671392212 ], [ -87.971518355776411, 15.556282407931619 ], [ -87.971975247292704, 15.556764333451342 ], [ -87.973046359800591, 15.557674923704518 ], [ -87.974067679551112, 15.558325087523981 ], [ -87.976303683009363, 15.559804560034458 ], [ -87.980881584423344, 15.561483260186877 ], [ -87.977298433803469, 15.563922280466434 ], [ -87.972213699177189, 15.563516716749199 ], [ -87.972674156753385, 15.566862163526919 ], [ -87.973302995333114, 15.57087274942246 ], [ -87.96937993860675, 15.57231702229517 ], [ -87.964195677971517, 15.575447228457474 ], [ -87.962648178136945, 15.577308511598915 ], [ -87.961859351719596, 15.578899347265471 ], [ -87.961736231395804, 15.580865684916441 ], [ -87.961233332555395, 15.583358889645163 ], [ -87.9571396772577, 15.581079814267833 ], [ -87.955336982738217, 15.581001378484967 ], [ -87.952711514564328, 15.581034328367119 ], [ -87.952795926383033, 15.57834109721594 ], [ -87.953248867557065, 15.575032171179988 ], [ -87.953460334911284, 15.574403661173562 ], [ -87.953744241578221, 15.573825510434292 ], [ -87.953945880173094, 15.57335321587027 ], [ -87.95424945741847, 15.572956343249739 ], [ -87.954769875553424, 15.572183483842684 ], [ -87.955062610754325, 15.571838829386621 ], [ -87.955225241421473, 15.571494174352807 ], [ -87.955496292533425, 15.571118186384284 ], [ -87.955789027734326, 15.5707839742795 ], [ -87.956070920890767, 15.57032443174842 ], [ -87.956461234491982, 15.56986488819031 ], [ -87.956761639105437, 15.569502025227827 ], [ -87.957876780380559, 15.567779597721051 ], [ -87.957756202575524, 15.567641253318007 ], [ -87.957640823134014, 15.567418732503739 ], [ -87.957104648109919, 15.566471547940088 ], [ -87.956462709280345, 15.564995976846792 ], [ -87.955121909772018, 15.564257606921091 ], [ -87.950357583594709, 15.561626654258761 ], [ -87.950413497661629, 15.561059143466919 ], [ -87.951691742839884, 15.55906187925531 ], [ -87.952867093872868, 15.557317173255502 ], [ -87.95418523389236, 15.555521419600693 ], [ -87.954288711577973, 15.555401214684277 ], [ -87.954392189144713, 15.555281009724743 ], [ -87.954437353430606, 15.55520517822101 ], [ -87.954482691976182, 15.555167163908351 ], [ -87.954547448847663, 15.55511015650416 ] ] ] ] } },
{ "type": "Feature", "properties": { "Dialgeo": 201254, "Dial": 19, "VERSION": "Capa anterior", "ID_MAPA": "anterior_83", "layer": "Capa anterior", "path": "C:\\Users\\said.calderon\\Downloads\\Capa anterior.geojson" }, "geometry": { "type": "MultiPolygon", "coordinates": [ [ [ [ -87.937507305675524, 15.57740350750286 ], [ -87.937607383091191, 15.577392297477378 ], [ -87.938026214677421, 15.577751767682253 ], [ -87.938121121011093, 15.577826849252213 ], [ -87.938204779926664, 15.577875019411671 ], [ -87.938321520798155, 15.577858346157337 ], [ -87.938390346336249, 15.577805541860384 ], [ -87.938672173068198, 15.577636145268405 ], [ -87.939180337575635, 15.578179409154288 ], [ -87.93943420796947, 15.57840418724061 ], [ -87.939663978111298, 15.578780443189496 ], [ -87.940011053740278, 15.579331600919959 ], [ -87.940454447130719, 15.579803054597022 ], [ -87.941053739174919, 15.580213771114581 ], [ -87.941842075230156, 15.580765440902104 ], [ -87.941416235266459, 15.581428027808135 ], [ -87.941283873296669, 15.581757775010962 ], [ -87.941181389133789, 15.582116227720237 ], [ -87.941071178038953, 15.582411039746491 ], [ -87.940796076521949, 15.582969661312367 ], [ -87.940526144631832, 15.58357511471012 ], [ -87.941129245406401, 15.58427534907001 ], [ -87.942278977060127, 15.58633681824918 ], [ -87.942319297778027, 15.586480812286981 ], [ -87.942659494964019, 15.586581567956385 ], [ -87.944515490739036, 15.586977178493212 ], [ -87.944994282968608, 15.58705201106855 ], [ -87.946384067124043, 15.587387230608275 ], [ -87.947307018650051, 15.585388953638008 ], [ -87.948032716498474, 15.585517980278075 ], [ -87.94891737145457, 15.583822612228452 ], [ -87.949317256530421, 15.583990282869722 ], [ -87.949368278715809, 15.584034514060772 ], [ -87.949542405268431, 15.584164713889244 ], [ -87.949740214369029, 15.584323644638326 ], [ -87.950123120926065, 15.584302769183234 ], [ -87.950463785302233, 15.584308412536867 ], [ -87.950544456314958, 15.584282928427298 ], [ -87.950761093640622, 15.584243025633082 ], [ -87.951592911055641, 15.58415930157229 ], [ -87.951697684672268, 15.584172203030185 ], [ -87.95141305371618, 15.58634854115027 ], [ -87.951180015772124, 15.588796195056897 ], [ -87.95122418506034, 15.589346894188688 ], [ -87.951103476930157, 15.596960690973537 ], [ -87.949033912379349, 15.596948067070798 ], [ -87.946936284365549, 15.597029484776709 ], [ -87.94334670905225, 15.597082734349357 ], [ -87.942457378792895, 15.597158948991501 ], [ -87.937440363387111, 15.602515967318899 ], [ -87.936038888461837, 15.601294254525184 ], [ -87.934347529523265, 15.598244996896906 ], [ -87.932612802406751, 15.595613409372106 ], [ -87.930054079909922, 15.591853940099369 ], [ -87.9285795618609, 15.589848861672856 ], [ -87.92775556648057, 15.588553904783819 ], [ -87.926974939278139, 15.587217166527131 ], [ -87.926606309765873, 15.586569680806367 ], [ -87.92634610069841, 15.585901306308495 ], [ -87.925912418919282, 15.585212042829715 ], [ -87.925695578029718, 15.584689871987857 ], [ -87.92584736665242, 15.583541091463614 ], [ -87.926042523453006, 15.582225207697062 ], [ -87.92625936434257, 15.580804879253213 ], [ -87.926421995009761, 15.57885191161229 ], [ -87.927896512920199, 15.578559487191427 ], [ -87.928221774393123, 15.578413274616407 ], [ -87.928861455017326, 15.577995524226107 ], [ -87.929587872036663, 15.577682210918981 ], [ -87.930043237865448, 15.577577772986642 ], [ -87.930943127557128, 15.577817980053092 ], [ -87.931886385426722, 15.578225287045857 ], [ -87.932417645606151, 15.578737030584811 ], [ -87.933827111388297, 15.578831024157529 ], [ -87.934716159035503, 15.579019011173971 ], [ -87.935897650385584, 15.579410739797559 ], [ -87.936058771356073, 15.579366919634099 ], [ -87.936175171525989, 15.579274762819816 ], [ -87.936313333762712, 15.579074676081524 ], [ -87.93696906313302, 15.578926305028082 ], [ -87.937447310804629, 15.578587276997004 ], [ -87.937506754336937, 15.578508841779824 ], [ -87.937461153507058, 15.578266402191087 ], [ -87.937343312456775, 15.578040445845803 ], [ -87.937331063014284, 15.5777924723017 ], [ -87.937452559892463, 15.577597847764615 ], [ -87.937507305675524, 15.57740350750286 ] ] ] ] } },
{ "type": "Feature", "properties": { "Dialgeo": 201255, "Dial": 17, "VERSION": "Capa anterior", "ID_MAPA": "anterior_84", "layer": "Capa anterior", "path": "C:\\Users\\said.calderon\\Downloads\\Capa anterior.geojson" }, "geometry": { "type": "MultiPolygon", "coordinates": [ [ [ [ -87.949487897703563, 15.574493762526672 ], [ -87.949607427591033, 15.574562579821212 ], [ -87.949781538142389, 15.574661283482213 ], [ -87.950107516396429, 15.574841500188093 ], [ -87.951444574239531, 15.575578244187495 ], [ -87.952176018070332, 15.575990666114944 ], [ -87.952903475110759, 15.576279556318928 ], [ -87.952860193779472, 15.576765073376531 ], [ -87.95261161053179, 15.581083287447857 ], [ -87.952590602133199, 15.581352970459763 ], [ -87.952542749284277, 15.581833051478524 ], [ -87.952004951110723, 15.581676696761573 ], [ -87.951899519874573, 15.581610971567919 ], [ -87.951774537176874, 15.58153587641447 ], [ -87.95173433100625, 15.58151293938181 ], [ -87.95169249917798, 15.581490009372187 ], [ -87.951670409343336, 15.581475038621317 ], [ -87.95111895889066, 15.581168574122463 ], [ -87.950583008090092, 15.580871745765226 ], [ -87.948575642761654, 15.57968917222118 ], [ -87.948331986740371, 15.579557944988878 ], [ -87.948254192632362, 15.579500027166057 ], [ -87.947561708082489, 15.578987747177429 ], [ -87.94736803014726, 15.578790734543688 ], [ -87.94713472234632, 15.578540199695246 ], [ -87.946972541244989, 15.578309174349707 ], [ -87.946918312506483, 15.578217947940029 ], [ -87.946800335170721, 15.578028819201258 ], [ -87.946701748334775, 15.577889631723368 ], [ -87.946408304266257, 15.577565762778015 ], [ -87.946128300291633, 15.577195706725529 ], [ -87.945981574900202, 15.577046765054837 ], [ -87.946028241096244, 15.577007835933216 ], [ -87.946994694326349, 15.576243799191609 ], [ -87.948436519850532, 15.57519058548702 ], [ -87.949010365417791, 15.574742066462479 ], [ -87.949403157749487, 15.574470608535675 ], [ -87.949441770901018, 15.574478454800326 ], [ -87.949487897703563, 15.574493762526672 ] ] ] ] } },
{ "type": "Feature", "properties": { "Dialgeo": 201256, "Dial": 17, "VERSION": "Capa anterior", "ID_MAPA": "anterior_85", "layer": "Capa anterior", "path": "C:\\Users\\said.calderon\\Downloads\\Capa anterior.geojson" }, "geometry": { "type": "MultiPolygon", "coordinates": [ [ [ [ -87.943521719477445, 15.569530622829529 ], [ -87.944458475716061, 15.570054975937182 ], [ -87.944684330728904, 15.570150653066966 ], [ -87.944816851630122, 15.570217316465634 ], [ -87.945062864579498, 15.570319953040437 ], [ -87.94530573542454, 15.570479944098276 ], [ -87.945708125076081, 15.57163128320191 ], [ -87.945853605085347, 15.572111426728055 ], [ -87.946497758993644, 15.573780663870346 ], [ -87.94664199575621, 15.573988376607659 ], [ -87.947004847012721, 15.573797179643526 ], [ -87.947197239127163, 15.573689514559479 ], [ -87.947579083757603, 15.573434132552297 ], [ -87.947985720254621, 15.573177307705031 ], [ -87.948518677077047, 15.572826455266705 ], [ -87.94906177870044, 15.572031545277264 ], [ -87.949254960927547, 15.571974592743222 ], [ -87.949338848080203, 15.571940844378789 ], [ -87.94957805943271, 15.572128781334357 ], [ -87.949666606965366, 15.572209862874853 ], [ -87.949812885623885, 15.572336768920946 ], [ -87.950119363569499, 15.572471664101602 ], [ -87.951649149420916, 15.572878383618276 ], [ -87.951937325589626, 15.572927885458846 ], [ -87.952034657411403, 15.572971534951703 ], [ -87.952122941909195, 15.572995191541485 ], [ -87.952327714190574, 15.573033702087036 ], [ -87.952472561999159, 15.57307380716837 ], [ -87.952646560258316, 15.573161195039642 ], [ -87.952898025222424, 15.573217939122596 ], [ -87.95359381236382, 15.573322024000804 ], [ -87.953861249885094, 15.573399146939089 ], [ -87.95354323451366, 15.574001409025952 ], [ -87.952975282254258, 15.575869551544415 ], [ -87.952914128674948, 15.576239591305129 ], [ -87.952169418849081, 15.575969684713613 ], [ -87.952044119397129, 15.575906421406676 ], [ -87.94941028329751, 15.574429200742991 ], [ -87.949130161687364, 15.574615842851033 ], [ -87.948860751227528, 15.574842996699511 ], [ -87.948513089398261, 15.57509254702776 ], [ -87.948310125626861, 15.575263602239856 ], [ -87.948143710328395, 15.57536936894949 ], [ -87.948006013740553, 15.575460018356788 ], [ -87.947813494142181, 15.575630062419968 ], [ -87.947664153770887, 15.575726502551204 ], [ -87.947579592402946, 15.575800577946367 ], [ -87.947255834376946, 15.576020298707853 ], [ -87.947113250803028, 15.576123861132816 ], [ -87.946955590765839, 15.576248498307644 ], [ -87.94679786320556, 15.5763584286856 ], [ -87.946444155434065, 15.576625182414228 ], [ -87.946150197190903, 15.576828754724781 ], [ -87.945907103311427, 15.577031059505039 ], [ -87.946127075294299, 15.577229098671532 ], [ -87.946171554263145, 15.577314377370097 ], [ -87.946270126002361, 15.577478216064554 ], [ -87.946631479084559, 15.577861276693691 ], [ -87.946700764052324, 15.57794778403621 ], [ -87.946894841774636, 15.578207365185355 ], [ -87.947049332829366, 15.578439557961049 ], [ -87.947199458922782, 15.578637785254941 ], [ -87.947357887056498, 15.578833041851496 ], [ -87.947386991287843, 15.578870309632725 ], [ -87.947701590569096, 15.579165673240153 ], [ -87.947853703139231, 15.579249058014366 ], [ -87.947955349660518, 15.579325927240658 ], [ -87.948408712955796, 15.579641814898741 ], [ -87.949414630522654, 15.580270488323743 ], [ -87.951425653829247, 15.581347536064937 ], [ -87.952154957650052, 15.581772693432178 ], [ -87.952208691182406, 15.581769795228873 ], [ -87.952581837026443, 15.581865233314595 ], [ -87.952639523148733, 15.581104733977096 ], [ -87.956828768303041, 15.581210570434113 ], [ -87.961301388782246, 15.583638967391771 ], [ -87.964976097269329, 15.589100972552512 ], [ -87.96712676580178, 15.592197213179777 ], [ -87.969242374234298, 15.599250214973791 ], [ -87.95487778579988, 15.597445956265238 ], [ -87.954406000709795, 15.592434897075037 ], [ -87.951345250973489, 15.592524890798371 ], [ -87.951378096495418, 15.588642593477058 ], [ -87.951678241877261, 15.584138900518314 ], [ -87.950873833512418, 15.584211824671035 ], [ -87.950653363493942, 15.584246416255647 ], [ -87.950454058212742, 15.584301339777429 ], [ -87.950140434786249, 15.584294284700141 ], [ -87.949870319630918, 15.584314673251585 ], [ -87.949738847939074, 15.584296018622368 ], [ -87.949639265677476, 15.584203941625889 ], [ -87.949318440818246, 15.583978263882297 ], [ -87.948902365534011, 15.583793843637748 ], [ -87.948585318717974, 15.584391099206924 ], [ -87.948465107915652, 15.584665533920006 ], [ -87.94798805136503, 15.585508561645646 ], [ -87.947314224216399, 15.5853384643064 ], [ -87.946744755256105, 15.586573540107876 ], [ -87.946378845096859, 15.5873295864379 ], [ -87.946093560017246, 15.587286362248971 ], [ -87.945190192849068, 15.587066787428975 ], [ -87.94460464020537, 15.586956372085401 ], [ -87.944081051271965, 15.586843286452028 ], [ -87.943345922049687, 15.586714843081461 ], [ -87.94239340918331, 15.586424029503858 ], [ -87.942258690743557, 15.586237189804148 ], [ -87.941253438455021, 15.584328880339699 ], [ -87.940545921401224, 15.583563016265302 ], [ -87.941103469564439, 15.58242531832099 ], [ -87.941377125344459, 15.581549535553998 ], [ -87.941834879355767, 15.5808183328743 ], [ -87.94186934307119, 15.580765324194228 ], [ -87.94143663679337, 15.580464425407891 ], [ -87.941128204267372, 15.580235077699381 ], [ -87.940849759595793, 15.580058462504324 ], [ -87.940698033683674, 15.579946180397712 ], [ -87.940556278123083, 15.57984586947266 ], [ -87.940297436031528, 15.579618711323111 ], [ -87.940138044662163, 15.579456003125557 ], [ -87.939821217335961, 15.579015244442759 ], [ -87.939446547727897, 15.57839212065559 ], [ -87.938918692935289, 15.577880177635359 ], [ -87.93873903682578, 15.577621443397737 ], [ -87.938605367297413, 15.577584846841029 ], [ -87.938277933706757, 15.57775339066567 ], [ -87.938149774187622, 15.577705410218396 ], [ -87.938071237666648, 15.577560164676415 ], [ -87.937675072304813, 15.577292259648477 ], [ -87.937352296614279, 15.577261283319528 ], [ -87.937308724740461, 15.577466359693121 ], [ -87.937165906035077, 15.577865965762069 ], [ -87.937345766297909, 15.578274981443681 ], [ -87.937347086149472, 15.578566136427574 ], [ -87.936591646456861, 15.57880659457939 ], [ -87.936180599029626, 15.578937748214548 ], [ -87.93566210927753, 15.579138560881304 ], [ -87.933931937519276, 15.578645357539392 ], [ -87.932704312787024, 15.578613993751455 ], [ -87.931963280603142, 15.5781311650048 ], [ -87.929875244482162, 15.57737267854287 ], [ -87.928821369816461, 15.577735210350083 ], [ -87.927994091459112, 15.578298393343722 ], [ -87.92703999154503, 15.578569930793835 ], [ -87.926389468876351, 15.578611705754316 ], [ -87.926085891630947, 15.575624774678348 ], [ -87.925771472341125, 15.572836236910499 ], [ -87.933834388433866, 15.574289141610404 ], [ -87.936384646418958, 15.574860630157113 ], [ -87.937876889189624, 15.575183181188773 ], [ -87.938622388129588, 15.575206962968476 ], [ -87.939062084630521, 15.574971290489039 ], [ -87.940011046066829, 15.573925143532762 ], [ -87.940524172812957, 15.572368210856428 ], [ -87.940704061665343, 15.571888413969296 ], [ -87.940858322472749, 15.571492766534615 ], [ -87.941042669034132, 15.571040263383537 ], [ -87.941183685006337, 15.570592147324739 ], [ -87.941147266392349, 15.570209920704722 ], [ -87.94113728729252, 15.569922126131408 ], [ -87.941436164620228, 15.569870424455585 ], [ -87.941852102607456, 15.56982242370716 ], [ -87.942090367818466, 15.569787788418106 ], [ -87.94233291039636, 15.569740528563589 ], [ -87.942631787069772, 15.569688825294923 ], [ -87.942857009031229, 15.569645841022428 ], [ -87.943190564368123, 15.569593988516855 ], [ -87.943385480303974, 15.569559537526038 ], [ -87.943521719477445, 15.569530622829529 ] ] ] ] } },
{ "type": "Feature", "properties": { "Dialgeo": 201260, "Dial": 9, "VERSION": "Capa anterior", "ID_MAPA": "anterior_86", "layer": "Capa anterior", "path": "C:\\Users\\said.calderon\\Downloads\\Capa anterior.geojson" }, "geometry": { "type": "MultiPolygon", "coordinates": [ [ [ [ -88.025917718172821, 15.423532389097847 ], [ -88.027716793907203, 15.422930543146974 ], [ -88.03062720061196, 15.422816208442454 ], [ -88.032189102238277, 15.423313189436177 ], [ -88.033127492992833, 15.423863484140474 ], [ -88.033261901060385, 15.426456299747354 ], [ -88.033795318270876, 15.427681509235256 ], [ -88.034370810856359, 15.428532791913796 ], [ -88.03459469642695, 15.429365862141021 ], [ -88.034338283395599, 15.430434956643172 ], [ -88.033062539898111, 15.431751907151039 ], [ -88.031263133118514, 15.432298125033368 ], [ -88.029092778421798, 15.431693359966083 ], [ -88.028098673744921, 15.430110978380633 ], [ -88.027833058036094, 15.429452506930279 ], [ -88.027660692108924, 15.429138151480684 ], [ -88.026683801321397, 15.429180773372217 ], [ -88.025502018473262, 15.429577922298634 ], [ -88.024556150522159, 15.428551620238999 ], [ -88.025157801286312, 15.427569785105176 ], [ -88.024894863982468, 15.426296195213402 ], [ -88.024403253002461, 15.425640363685897 ], [ -88.024104656123015, 15.424818155626872 ], [ -88.024897987813389, 15.424058141510544 ], [ -88.025917718172821, 15.423532389097847 ] ] ] ] } },
{ "type": "Feature", "properties": { "Dialgeo": 201261, "Dial": 5, "VERSION": "Capa anterior", "ID_MAPA": "anterior_87", "layer": "Capa anterior", "path": "C:\\Users\\said.calderon\\Downloads\\Capa anterior.geojson" }, "geometry": { "type": "MultiPolygon", "coordinates": [ [ [ [ -88.009049376662645, 15.548074794201257 ], [ -88.009055264913343, 15.548097177589648 ], [ -88.009197405352722, 15.548425414467673 ], [ -88.009718461850852, 15.550178302106803 ], [ -88.010561157382242, 15.552325831588496 ], [ -88.012438468447925, 15.556535947944553 ], [ -88.016994091552419, 15.569211771702255 ], [ -88.017928801872785, 15.572007669626579 ], [ -88.015419143385728, 15.572935857559623 ], [ -88.011004780313797, 15.573993980346557 ], [ -88.008174275075973, 15.574694519782613 ], [ -88.003287971357793, 15.575668039602384 ], [ -87.998836123703342, 15.576117385110047 ], [ -87.995366199048107, 15.576348775065107 ], [ -87.994787911768114, 15.576394523673265 ], [ -87.995064704482616, 15.574822958944853 ], [ -87.995773095174201, 15.568889761772061 ], [ -87.995724101610492, 15.56591500556709 ], [ -87.995911351664347, 15.565191424136216 ], [ -87.995890454269869, 15.564451975999624 ], [ -87.995987693195104, 15.563039682118744 ], [ -87.996138402859074, 15.561929686541694 ], [ -87.996187183268859, 15.56125715434025 ], [ -87.996149109459466, 15.560551399254885 ], [ -87.996180147028582, 15.559794908249012 ], [ -87.99615875113885, 15.559489887005959 ], [ -87.996151551652815, 15.559257188144104 ], [ -87.995452367466058, 15.558203414746604 ], [ -87.995218096062501, 15.556103746874962 ], [ -87.995202526407908, 15.555342681496116 ], [ -87.995097044596193, 15.55504061733129 ], [ -87.99630768575301, 15.554407656350392 ], [ -87.99816392604771, 15.553424405090858 ], [ -88.001491615803815, 15.551803499765523 ], [ -88.002168644211508, 15.551462571812456 ], [ -88.003522952461992, 15.550834053706826 ], [ -88.004776456880137, 15.550223768789502 ], [ -88.005693708021099, 15.549692467421401 ], [ -88.007527122813258, 15.548787681932984 ], [ -88.008749517335303, 15.54821062843652 ], [ -88.009049376662645, 15.548074794201257 ] ] ] ] } },
{ "type": "Feature", "properties": { "Dialgeo": 201262, "Dial": 5, "VERSION": "Capa anterior", "ID_MAPA": "anterior_88", "layer": "Capa anterior", "path": "C:\\Users\\said.calderon\\Downloads\\Capa anterior.geojson" }, "geometry": { "type": "MultiPolygon", "coordinates": [ [ [ [ -87.9867057269866, 15.546773844733595 ], [ -87.987578968497345, 15.54778143109214 ], [ -87.989391094530617, 15.546136334644794 ], [ -87.990360211294245, 15.547954294824427 ], [ -87.991772049052031, 15.550243525801507 ], [ -87.992964848007631, 15.552339962912686 ], [ -87.994345408396399, 15.554976778707747 ], [ -87.985650776165031, 15.559346657488904 ], [ -87.981137061988676, 15.561271120521353 ], [ -87.976499834942004, 15.559634047045183 ], [ -87.975276413080593, 15.559026503437313 ], [ -87.974957386352472, 15.558706432875375 ], [ -87.974436732768737, 15.558403181269478 ], [ -87.973761527150302, 15.557894625514701 ], [ -87.972623099748873, 15.557068399510808 ], [ -87.970795878092318, 15.55564414156475 ], [ -87.971211313354047, 15.555237484548437 ], [ -87.980704990451301, 15.546348419382211 ], [ -87.983638186295053, 15.543146533842856 ], [ -87.9867057269866, 15.546773844733595 ] ] ] ] } },
{ "type": "Feature", "properties": { "Dialgeo": 201284, "Dial": 5, "VERSION": "Capa anterior", "ID_MAPA": "anterior_89", "layer": "Capa anterior", "path": "C:\\Users\\said.calderon\\Downloads\\Capa anterior.geojson" }, "geometry": { "type": "MultiPolygon", "coordinates": [ [ [ [ -88.003390304454058, 15.537744000913987 ], [ -88.004926344486393, 15.539888405542595 ], [ -88.006275392892974, 15.543325271463871 ], [ -88.007209723493887, 15.545315527861812 ], [ -88.007898353432054, 15.546690617758319 ], [ -88.008713424330551, 15.547919459157052 ], [ -88.001367780181155, 15.551460169472323 ], [ -87.995002960268863, 15.554704886022272 ], [ -87.994656792761518, 15.554829705888576 ], [ -87.992999486908246, 15.551913046915487 ], [ -87.989469937106406, 15.546072038448685 ], [ -87.989742019995902, 15.54581079822481 ], [ -87.990910792192295, 15.544738647839464 ], [ -87.99187230698206, 15.544021528550369 ], [ -87.993641189402183, 15.54265278068552 ], [ -87.994170967951675, 15.542172585689499 ], [ -87.995293077159943, 15.54060148647069 ], [ -87.999030056565019, 15.540801908443576 ], [ -87.999729226657422, 15.540718796855025 ], [ -88.001382840496035, 15.538492665876712 ], [ -88.002802411617083, 15.537023130431717 ], [ -88.003390304454058, 15.537744000913987 ] ] ] ] } },
{ "type": "Feature", "properties": { "Dialgeo": 201300, "Dial": 18, "VERSION": "Capa anterior", "ID_MAPA": "anterior_90", "layer": "Capa anterior", "path": "C:\\Users\\said.calderon\\Downloads\\Capa anterior.geojson" }, "geometry": { "type": "MultiPolygon", "coordinates": [ [ [ [ -87.992298961428631, 15.627967319601071 ], [ -87.99302743268693, 15.627292766757817 ], [ -87.994614389010493, 15.626046909648844 ], [ -87.996132275237443, 15.624689532921773 ], [ -87.997975422798731, 15.622851839330718 ], [ -88.000035411249584, 15.620533815953269 ], [ -88.000273936228098, 15.620847063887952 ], [ -88.000577513473488, 15.62111854504402 ], [ -88.000794354363052, 15.621536207658739 ], [ -88.001054563430529, 15.622079167785179 ], [ -88.001184667964267, 15.622705658450991 ], [ -88.001271404320079, 15.623499210544464 ], [ -88.001444877031744, 15.623916868306519 ], [ -88.00153161338757, 15.624418056497118 ], [ -88.001574981565483, 15.62508630551069 ], [ -88.001661717921309, 15.62583808304546 ], [ -88.002008663344654, 15.628594577068263 ], [ -88.002268872412131, 15.62926281245694 ], [ -88.002529081479594, 15.629931045665318 ], [ -88.002745922369158, 15.630682805418536 ], [ -88.003049499614548, 15.631601619146986 ], [ -88.003266340504112, 15.632520428752786 ], [ -88.003396445037851, 15.633313942821722 ], [ -88.003830126816979, 15.634274508369561 ], [ -88.004220440418194, 15.63523506941074 ], [ -88.004654122197323, 15.636320915595462 ], [ -88.004870963086887, 15.637657333762181 ], [ -88.005131172154378, 15.638826692500555 ], [ -88.005434749399754, 15.639870757157247 ], [ -88.0059963626057, 15.641868954343567 ], [ -88.005679630311349, 15.642644736586263 ], [ -88.005283113580134, 15.643487666109706 ], [ -88.004862757612841, 15.644007199946781 ], [ -88.00362531461883, 15.643846312717118 ], [ -88.003035789316414, 15.643627360061934 ], [ -87.999997614771829, 15.642476620340767 ], [ -87.999233929100072, 15.642194339147922 ], [ -87.998803522623987, 15.641791918906135 ], [ -87.998762507006788, 15.641366157558268 ], [ -87.997893525453748, 15.641170618903063 ], [ -87.996383750437204, 15.64078927781947 ], [ -87.996067843846348, 15.641049517077155 ], [ -87.994757992253739, 15.640586380075931 ], [ -87.993436575588987, 15.640031627430407 ], [ -87.993081731481979, 15.639568968522026 ], [ -87.992637325641212, 15.639293879725338 ], [ -87.992052102764632, 15.639091640850754 ], [ -87.991165940280993, 15.63885201538718 ], [ -87.990385991664112, 15.63882669250056 ], [ -87.989355997438679, 15.638711845063169 ], [ -87.987057484009313, 15.638294217474893 ], [ -87.985073389869811, 15.637803503969817 ], [ -87.983859080888251, 15.637490281968496 ], [ -87.982492983284004, 15.637281467034676 ], [ -87.982146037860701, 15.637072651887832 ], [ -87.980281206210449, 15.6309751556884 ], [ -87.983184373707445, 15.630730271433501 ], [ -87.986237924412677, 15.630528407337641 ], [ -87.991162115636612, 15.62893207240753 ], [ -87.991414728747273, 15.628713481521126 ], [ -87.991649597988584, 15.628520941171283 ], [ -87.992298961428631, 15.627967319601071 ] ] ] ] } },
{ "type": "Feature", "properties": { "Dialgeo": 201303, "Dial": 19, "VERSION": "Capa anterior", "ID_MAPA": "anterior_91", "layer": "Capa anterior", "path": "C:\\Users\\said.calderon\\Downloads\\Capa anterior.geojson" }, "geometry": { "type": "MultiPolygon", "coordinates": [ [ [ [ -87.939996604722069, 15.617125437151088 ], [ -87.941759736073038, 15.613343595129145 ], [ -87.944431712350408, 15.613655632576338 ], [ -87.94483240614818, 15.61337622969406 ], [ -87.945202413521329, 15.611560284796781 ], [ -87.946313378716766, 15.611784654623563 ], [ -87.946251055531263, 15.61214617606273 ], [ -87.947671145655548, 15.612444692565102 ], [ -87.947629258547849, 15.612535013766797 ], [ -87.94751453769284, 15.613046049331484 ], [ -87.947447111696476, 15.613302333221606 ], [ -87.947392887635502, 15.613497544640945 ], [ -87.947020937777836, 15.614960002074493 ], [ -87.946046311684441, 15.617800257992711 ], [ -87.945528723672155, 15.619079481650232 ], [ -87.945118305570347, 15.619996996728164 ], [ -87.943077436225821, 15.621249559187333 ], [ -87.93697791352146, 15.622964874913707 ], [ -87.939479537043255, 15.61805684434054 ], [ -87.939996604722069, 15.617125437151088 ] ] ] ] } },
{ "type": "Feature", "properties": { "Dialgeo": 201305, "Dial": 19, "VERSION": "Capa anterior", "ID_MAPA": "anterior_92", "layer": "Capa anterior", "path": "C:\\Users\\said.calderon\\Downloads\\Capa anterior.geojson" }, "geometry": { "type": "MultiPolygon", "coordinates": [ [ [ [ -87.925544169452564, 15.610099970588744 ], [ -87.925942872072127, 15.610036303098877 ], [ -87.926516265113378, 15.609971081948675 ], [ -87.926951468696373, 15.609868835598137 ], [ -87.927172761187563, 15.609905719795295 ], [ -87.927524295867869, 15.609979871943088 ], [ -87.928227195766411, 15.610090357211332 ], [ -87.928527904761523, 15.610127238205225 ], [ -87.929158644807828, 15.610232505568918 ], [ -87.92938059793677, 15.610252870781233 ], [ -87.929658820029843, 15.61026247729305 ], [ -87.929665999729593, 15.610279999787281 ], [ -87.930020506328731, 15.610274426053964 ], [ -87.930760678806607, 15.610322513959222 ], [ -87.93136160653107, 15.610336142673365 ], [ -87.931321922733446, 15.608939820170809 ], [ -87.93531156080978, 15.609068451644658 ], [ -87.935215206848369, 15.609904598743192 ], [ -87.93505314132284, 15.610972875064368 ], [ -87.934883189850794, 15.611528959022841 ], [ -87.934867012425684, 15.611642256733013 ], [ -87.934884362593365, 15.611787762854791 ], [ -87.934918794249199, 15.612019465875719 ], [ -87.934954521061741, 15.612536931421779 ], [ -87.934951523295979, 15.61310308841451 ], [ -87.934890332156854, 15.614332690555436 ], [ -87.933980810134202, 15.614363519411906 ], [ -87.932857211848628, 15.61442221313966 ], [ -87.932529593035412, 15.617323730989487 ], [ -87.932474866197907, 15.617446871729809 ], [ -87.932064384029815, 15.617284736599713 ], [ -87.93162768786803, 15.617078590925667 ], [ -87.931380058674819, 15.616972490439242 ], [ -87.93108025690799, 15.616835095899241 ], [ -87.930526238056629, 15.616572718365795 ], [ -87.930265517080329, 15.616447763043366 ], [ -87.930043932910138, 15.616347853637205 ], [ -87.929783269312523, 15.61623550346112 ], [ -87.92960065155151, 15.616122822608689 ], [ -87.929431126780429, 15.616028995174256 ], [ -87.929131441138537, 15.615916809327365 ], [ -87.928831727418682, 15.615798320174104 ], [ -87.928512389172553, 15.615654701568268 ], [ -87.928245166689734, 15.615529771203875 ], [ -87.928108275313591, 15.615461016755193 ], [ -87.927749745296325, 15.615279744601366 ], [ -87.927450033208117, 15.615161253461817 ], [ -87.926909285502617, 15.614955537277995 ], [ -87.926720421443179, 15.614899607263213 ], [ -87.926544338506091, 15.614793199140264 ], [ -87.926420512272912, 15.614736994468929 ], [ -87.926303303079735, 15.614705973828164 ], [ -87.926127475200303, 15.614656291303985 ], [ -87.925971158666428, 15.614606526374242 ], [ -87.925677952213277, 15.61448800528002 ], [ -87.92540428560379, 15.614375704451794 ], [ -87.925104378153065, 15.614213089754669 ], [ -87.924583287466533, 15.614038799817001 ], [ -87.923931671185741, 15.613764209589769 ], [ -87.923071768096193, 15.613452674727126 ], [ -87.921846814320446, 15.612953578432906 ], [ -87.920921542692966, 15.612566672981981 ], [ -87.918315572360456, 15.61156910060093 ], [ -87.918441566291875, 15.611382634855424 ], [ -87.918699804557747, 15.610952949882634 ], [ -87.918751384726335, 15.610851885898358 ], [ -87.918790182091143, 15.610801299500363 ], [ -87.918832104951846, 15.61072233644876 ], [ -87.920708462761667, 15.610727086367671 ], [ -87.924727332660964, 15.610243345688499 ], [ -87.925544169452564, 15.610099970588744 ] ] ] ] } },
{ "type": "Feature", "properties": { "Dialgeo": 201307, "Dial": 18, "VERSION": "Capa anterior", "ID_MAPA": "anterior_93", "layer": "Capa anterior", "path": "C:\\Users\\said.calderon\\Downloads\\Capa anterior.geojson" }, "geometry": { "type": "MultiPolygon", "coordinates": [ [ [ [ -87.938658597458868, 15.645915786811795 ], [ -87.946360355806988, 15.645590061324681 ], [ -87.943442137640517, 15.652397480275944 ], [ -87.943624754511717, 15.653388788771746 ], [ -87.944347182608524, 15.658022639294009 ], [ -87.944199979349918, 15.658686467106197 ], [ -87.945065861120497, 15.659410628400815 ], [ -87.944702499542615, 15.660264102359953 ], [ -87.944122987875829, 15.66063609623435 ], [ -87.942713522093683, 15.661627852020427 ], [ -87.942469211756247, 15.661895419844358 ], [ -87.942756110116619, 15.66563118884055 ], [ -87.938705800766229, 15.667115543396772 ], [ -87.932283475305681, 15.670365534437353 ], [ -87.929160966495985, 15.67005236231366 ], [ -87.931698004903879, 15.645665219182471 ], [ -87.938658597458868, 15.645915786811795 ] ] ] ] } },
{ "type": "Feature", "properties": { "Dialgeo": 201320, "Dial": 11, "VERSION": "Capa anterior", "ID_MAPA": "anterior_94", "layer": "Capa anterior", "path": "C:\\Users\\said.calderon\\Downloads\\Capa anterior.geojson" }, "geometry": { "type": "MultiPolygon", "coordinates": [ [ [ [ -87.92061332049542, 15.425532393251428 ], [ -87.921873353075952, 15.424436065052353 ], [ -87.923025520702893, 15.423525430479586 ], [ -87.924575501303437, 15.422073939181468 ], [ -87.925104719747608, 15.421079615956266 ], [ -87.926693046122026, 15.421378733180493 ], [ -87.927647146036108, 15.421545960156744 ], [ -87.930747970756855, 15.424367895074003 ], [ -87.931632952637003, 15.425559367192609 ], [ -87.934018202422209, 15.430074357388097 ], [ -87.93203062027888, 15.431047321671253 ], [ -87.930178074101576, 15.428531663039449 ], [ -87.929967687385243, 15.428721262455079 ], [ -87.929427116470634, 15.429348991746158 ], [ -87.929252286920487, 15.4300345005471 ], [ -87.929136994548216, 15.430358499783585 ], [ -87.92907110619096, 15.430542101655464 ], [ -87.928894284286812, 15.430780087189634 ], [ -87.928695443086809, 15.431066692221995 ], [ -87.928457738536721, 15.431364243545062 ], [ -87.927402040401248, 15.432722035107263 ], [ -87.927220490273527, 15.433226087637362 ], [ -87.927160644037812, 15.43401160594464 ], [ -87.927148180517065, 15.434305465865583 ], [ -87.927140548225054, 15.434447059713593 ], [ -87.926503469571102, 15.434419435264925 ], [ -87.925879762631538, 15.434447250588217 ], [ -87.92553334557914, 15.434482312087107 ], [ -87.92501782842001, 15.43448446136817 ], [ -87.923818251791133, 15.43458190354435 ], [ -87.923746502589537, 15.435010813459501 ], [ -87.923499592047762, 15.435016043136827 ], [ -87.922668201996828, 15.435103542686971 ], [ -87.922659339346424, 15.43407827387435 ], [ -87.92263870625591, 15.433330390706395 ], [ -87.922637592317784, 15.433078270962563 ], [ -87.922583107041234, 15.432389882713355 ], [ -87.921358802879226, 15.431789869451864 ], [ -87.9225104013898, 15.42998735670013 ], [ -87.920966018894859, 15.428969775512618 ], [ -87.919258137038526, 15.428184334415203 ], [ -87.918156734316838, 15.427701908877488 ], [ -87.918746598911795, 15.427075321077943 ], [ -87.92061332049542, 15.425532393251428 ] ] ] ] } },
{ "type": "Feature", "properties": { "Dialgeo": 201321, "Dial": 11, "VERSION": "Capa anterior", "ID_MAPA": "anterior_95", "layer": "Capa anterior", "path": "C:\\Users\\said.calderon\\Downloads\\Capa anterior.geojson" }, "geometry": { "type": "MultiPolygon", "coordinates": [ [ [ [ -87.953669395457609, 15.397538027400074 ], [ -87.959761946121489, 15.400007835734941 ], [ -87.961606276853331, 15.399823382281449 ], [ -87.964207305343677, 15.405938695125389 ], [ -87.994070508196216, 15.405101967940242 ], [ -87.994868534335396, 15.406913664809867 ], [ -87.992652863229537, 15.414404030784988 ], [ -87.986753906763965, 15.424493313513535 ], [ -87.98545286142658, 15.424869568378123 ], [ -87.984455393334585, 15.424827762315729 ], [ -87.98324108435304, 15.425036792543567 ], [ -87.981853302659843, 15.425872911350764 ], [ -87.980031839187504, 15.425538464231888 ], [ -87.978959715106072, 15.425583357289023 ], [ -87.978249710488825, 15.425995723331628 ], [ -87.977595908954385, 15.427149581717122 ], [ -87.977689018126085, 15.430141716187833 ], [ -87.977454339318513, 15.430705450267066 ], [ -87.977006799630558, 15.430860884310917 ], [ -87.976189507556782, 15.430890057330073 ], [ -87.975819397798347, 15.430687066171741 ], [ -87.974393491525916, 15.430258515409131 ], [ -87.971937928655763, 15.429553114944758 ], [ -87.969493371954727, 15.428715690110842 ], [ -87.967932117549879, 15.428799300661595 ], [ -87.965676972298411, 15.428548468908316 ], [ -87.964417847047798, 15.428460506957643 ], [ -87.963573365951532, 15.428310709445149 ], [ -87.962302758130818, 15.42724196948131 ], [ -87.961123313617591, 15.424200670369755 ], [ -87.957653859384564, 15.423531770206871 ], [ -87.955962500445978, 15.422904674347487 ], [ -87.954271141507405, 15.422946480797025 ], [ -87.953663987016625, 15.423615382845052 ], [ -87.950975159986029, 15.426750832474845 ], [ -87.949457273759108, 15.429091937324042 ], [ -87.948503173845026, 15.429593599214245 ], [ -87.944436434985178, 15.430479535295303 ], [ -87.940870374532423, 15.430011649863355 ], [ -87.940046379152079, 15.428088609906888 ], [ -87.939179015593822, 15.427377916719369 ], [ -87.938008074790176, 15.427043472024648 ], [ -87.936923870342355, 15.427754166356985 ], [ -87.934451884201323, 15.430116162394082 ], [ -87.933150838863952, 15.427775069094634 ], [ -87.931416111747453, 15.424806859281372 ], [ -87.927686448446963, 15.421420539937008 ], [ -87.922612371631203, 15.420647113576223 ], [ -87.922655739809102, 15.419142059430591 ], [ -87.923739944256937, 15.417386149145919 ], [ -87.929507911919302, 15.413916092324648 ], [ -87.93009180361318, 15.413485629560594 ], [ -87.932892438899884, 15.412069872562299 ], [ -87.934906078418109, 15.411210491355845 ], [ -87.943172435280019, 15.405308180770202 ], [ -87.953669395457609, 15.397538027400074 ] ] ] ] } },
{ "type": "Feature", "properties": { "Dialgeo": 201322, "Dial": 10, "VERSION": "Capa anterior", "ID_MAPA": "anterior_96", "layer": "Capa anterior", "path": "C:\\Users\\said.calderon\\Downloads\\Capa anterior.geojson" }, "geometry": { "type": "MultiPolygon", "coordinates": [ [ [ [ -87.907943085452246, 15.454278046426641 ], [ -87.907899717274319, 15.454570647145115 ], [ -87.907773014813827, 15.455543797919598 ], [ -87.90776148249671, 15.458002578673442 ], [ -87.907232095562023, 15.458996866853781 ], [ -87.906924613636818, 15.459882406705479 ], [ -87.90692808575308, 15.460680402412553 ], [ -87.907242139898131, 15.46130458399665 ], [ -87.907622628558215, 15.46186378940404 ], [ -87.907780737725787, 15.462423905228345 ], [ -87.908141435403195, 15.46354395401719 ], [ -87.907567936737635, 15.464624695238463 ], [ -87.906193939555877, 15.465730278975089 ], [ -87.90454952553057, 15.465939955086988 ], [ -87.904549525530541, 15.46405904648439 ], [ -87.900516284984676, 15.46389185378187 ], [ -87.899150187380414, 15.463891853781877 ], [ -87.897735485512001, 15.463953016416315 ], [ -87.89604536790749, 15.463959858349181 ], [ -87.892931806343697, 15.463929293114239 ], [ -87.892791706732169, 15.459883128830015 ], [ -87.891449897222827, 15.459917439422847 ], [ -87.891037255066252, 15.459953221537736 ], [ -87.890036628743331, 15.460007667784616 ], [ -87.888672005134126, 15.460050963242912 ], [ -87.887790921529373, 15.46000668511663 ], [ -87.887163973660265, 15.459993974122202 ], [ -87.887171713763848, 15.458758526103782 ], [ -87.887220539885249, 15.458014559107268 ], [ -87.887081282290978, 15.455834226767958 ], [ -87.887070445493848, 15.455641487969753 ], [ -87.88707860492427, 15.45526799365307 ], [ -87.887074882950415, 15.454627950559605 ], [ -87.88706130778732, 15.454173546069931 ], [ -87.888763508770381, 15.454257146359515 ], [ -87.889218874638473, 15.454257146359515 ], [ -87.889587504150725, 15.454278046426646 ], [ -87.889934449574028, 15.454278046426642 ], [ -87.890389815442106, 15.454278046426642 ], [ -87.890975285843922, 15.454257146359518 ], [ -87.891593282379176, 15.454278046426646 ], [ -87.892124542558619, 15.45429894649166 ], [ -87.892417277759506, 15.454319846554576 ], [ -87.892699170915932, 15.454319846554576 ], [ -87.893067800428199, 15.454319846554576 ], [ -87.893523166296291, 15.454319846554576 ], [ -87.893913479897506, 15.454340746615376 ], [ -87.894737475277836, 15.454340746615381 ], [ -87.895366313857579, 15.454319846554574 ], [ -87.895550628613705, 15.454298946491665 ], [ -87.895995152437308, 15.45429894649166 ], [ -87.896320413771662, 15.454319846554576 ], [ -87.896623991017051, 15.45429894649166 ], [ -87.897079356885129, 15.45429894649166 ], [ -87.897556406842156, 15.454278046426646 ], [ -87.898228613599827, 15.454298946491663 ], [ -87.898727347645803, 15.45429894649166 ], [ -87.899551343026161, 15.45429894649166 ], [ -87.900375338406505, 15.454278046426642 ], [ -87.901069229253096, 15.454319846554579 ], [ -87.907943085452246, 15.454278046426641 ] ] ] ] } },
{ "type": "Feature", "properties": { "Dialgeo": 201330, "Dial": 7, "VERSION": "Capa anterior", "ID_MAPA": "anterior_97", "layer": "Capa anterior", "path": "C:\\Users\\said.calderon\\Downloads\\Capa anterior.geojson" }, "geometry": { "type": "MultiPolygon", "coordinates": [ [ [ [ -87.973619746628358, 15.498057259804485 ], [ -87.973694481947362, 15.498053779212585 ], [ -87.973788820608107, 15.498072272737767 ], [ -87.973929419413778, 15.498073102666293 ], [ -87.974026870299042, 15.498062168413778 ], [ -87.974176419662427, 15.498072014563141 ], [ -87.974270532649399, 15.498085115928147 ], [ -87.974432391828017, 15.498136017562882 ], [ -87.974621000388368, 15.498158297253321 ], [ -87.974785446754339, 15.498204338025042 ], [ -87.974996425343917, 15.498282701934112 ], [ -87.975213407745443, 15.498348976923925 ], [ -87.975334977872976, 15.498398864617768 ], [ -87.975460940545972, 15.498461338843073 ], [ -87.975625785083253, 15.49849842946977 ], [ -87.975756120684721, 15.49856928820898 ], [ -87.975921182324271, 15.498652599571388 ], [ -87.976064478705354, 15.498714996924013 ], [ -87.976212167711154, 15.498789980762016 ], [ -87.976390111337892, 15.498848022922161 ], [ -87.97664184047656, 15.498930950972747 ], [ -87.976872179460727, 15.499072801117757 ], [ -87.977032809810837, 15.499135121222235 ], [ -87.977206499578045, 15.499209989458416 ], [ -87.977401836500903, 15.499280559864646 ], [ -87.97751044707644, 15.499338907572948 ], [ -87.977653724595953, 15.499397101933276 ], [ -87.977870787932275, 15.49948018180431 ], [ -87.978022732364337, 15.499538337580882 ], [ -87.978211288158974, 15.499627922517433 ], [ -87.97847868480784, 15.49973801566578 ], [ -87.978653912407893, 15.499798609371004 ], [ -87.978838881369484, 15.499868127647952 ], [ -87.979182036031759, 15.500020636958206 ], [ -87.979344467906216, 15.500105674262425 ], [ -87.979532839907804, 15.500197556844515 ], [ -87.979703308015644, 15.500287254891711 ], [ -87.979820586466289, 15.500345562985677 ], [ -87.979899677984051, 15.500378168263399 ], [ -87.979929728773399, 15.500457963590922 ], [ -87.979955436417058, 15.500545142825322 ], [ -87.980070471821563, 15.500978831671869 ], [ -87.980085958830585, 15.501062190354221 ], [ -87.98002683174964, 15.501122538445456 ], [ -87.980012077601998, 15.501140188125079 ], [ -87.980035406183973, 15.501192837528828 ], [ -87.980095221737216, 15.501291683708677 ], [ -87.980148473247425, 15.501396953252549 ], [ -87.980182433588823, 15.501464331471139 ], [ -87.98030482543416, 15.501690396889613 ], [ -87.980378101239381, 15.501846731807642 ], [ -87.980557760332118, 15.502188028952265 ], [ -87.980539425458431, 15.502495035712904 ], [ -87.980507690802213, 15.50275734194676 ], [ -87.980508505282614, 15.502929983883478 ], [ -87.980404052160239, 15.503154246972482 ], [ -87.980160424581513, 15.503232058761609 ], [ -87.979705959568491, 15.503349170547454 ], [ -87.979468925776587, 15.503426952373765 ], [ -87.979304338950897, 15.503485230152247 ], [ -87.979133097452163, 15.503530748727814 ], [ -87.979014610473996, 15.503576033524155 ], [ -87.97885669802676, 15.503631585795807 ], [ -87.9786576364627, 15.503691295069572 ], [ -87.978514889843964, 15.503746552887346 ], [ -87.978343102956188, 15.503815595158128 ], [ -87.978139950410224, 15.50388329876743 ], [ -87.97796838672916, 15.503951365352977 ], [ -87.977704731765385, 15.504117595227775 ], [ -87.97742262533076, 15.504226214305611 ], [ -87.977257611616238, 15.504281430933421 ], [ -87.976916585433685, 15.504337476480089 ], [ -87.976748822391755, 15.504347257590105 ], [ -87.976618536353811, 15.50439483213421 ], [ -87.976324957859802, 15.504524333810346 ], [ -87.976239258246252, 15.504575994225066 ], [ -87.97616351997398, 15.504637225966952 ], [ -87.97606455348037, 15.504679329558382 ], [ -87.975813643525115, 15.504744539804928 ], [ -87.975526969706664, 15.504885288665777 ], [ -87.975136656105462, 15.505042000763577 ], [ -87.974144609035719, 15.505371095781905 ], [ -87.973640453967477, 15.505230055123967 ], [ -87.972794774498198, 15.505120356767883 ], [ -87.972306882496667, 15.505010658353527 ], [ -87.972062936495917, 15.504979315938723 ], [ -87.971688885961427, 15.504916631094849 ], [ -87.971428676893936, 15.504869617449451 ], [ -87.970973311025858, 15.504869617449451 ], [ -87.970631786624807, 15.504838275013245 ], [ -87.970111368489853, 15.50477559012656 ], [ -87.969721054888637, 15.504728576449063 ], [ -87.968777797019044, 15.504650220296119 ], [ -87.968403746484569, 15.504618877826612 ], [ -87.968094748216927, 15.504383809153753 ], [ -87.967590593148699, 15.503600244978669 ], [ -87.967232805680922, 15.502910706045729 ], [ -87.966972596613431, 15.50240922173964 ], [ -87.966907544346554, 15.502095793430094 ], [ -87.966696124479256, 15.50175102174032 ], [ -87.966484704611929, 15.501280877599681 ], [ -87.966435915411779, 15.501124162648361 ], [ -87.966354600078191, 15.500920433033919 ], [ -87.966354600078191, 15.500701031685985 ], [ -87.966322073944767, 15.500559987839276 ], [ -87.966452178478477, 15.500403272341101 ], [ -87.96687501821313, 15.500074169407995 ], [ -87.967184016480772, 15.499839095563388 ], [ -87.967314121014496, 15.499705886932713 ], [ -87.967395436348085, 15.499619693067094 ], [ -87.967582461615336, 15.499423797784248 ], [ -87.967647513882213, 15.499329767982506 ], [ -87.967818276082738, 15.499126036598597 ], [ -87.967948380616491, 15.499016335000967 ], [ -87.968070353616852, 15.498953648347605 ], [ -87.968184195083879, 15.498836110821284 ], [ -87.968298036550891, 15.498749916592812 ], [ -87.96844440415137, 15.498624543105405 ], [ -87.968631429418608, 15.498483497841146 ], [ -87.968818454685845, 15.498334616624399 ], [ -87.969103058353397, 15.498130884259247 ], [ -87.969355135887525, 15.497966331048438 ], [ -87.969639739555063, 15.497825285334866 ], [ -87.970160157690017, 15.497848792960486 ], [ -87.971054626359447, 15.497864464709409 ], [ -87.97159943909449, 15.497856628835095 ], [ -87.97208733109602, 15.497934987564857 ], [ -87.972410261060176, 15.497939841846994 ], [ -87.972851695231711, 15.497997674527266 ], [ -87.973242008832926, 15.498013346264898 ], [ -87.973619746628358, 15.498057259804485 ] ] ] ] } },
{ "type": "Feature", "properties": { "Dialgeo": 201332, "Dial": 6, "VERSION": "Capa anterior", "ID_MAPA": "anterior_98", "layer": "Capa anterior", "path": "C:\\Users\\said.calderon\\Downloads\\Capa anterior.geojson" }, "geometry": { "type": "MultiPolygon", "coordinates": [ [ [ [ -88.021990277247014, 15.47107210448654 ], [ -88.023590534353914, 15.471367254142676 ], [ -88.024070694868882, 15.471460493081578 ], [ -88.024402805722744, 15.471522360947429 ], [ -88.024887926345897, 15.471625620968339 ], [ -88.025370818551281, 15.471723704165196 ], [ -88.026211583701155, 15.471967975963457 ], [ -88.02593150816061, 15.472666243693872 ], [ -88.025604805603734, 15.473268813804554 ], [ -88.024856271856038, 15.475241699608064 ], [ -88.024810999675552, 15.475420947334422 ], [ -88.024650307600069, 15.475409682190154 ], [ -88.023940675094764, 15.475263928799869 ], [ -88.020031088055759, 15.474628137248851 ], [ -88.018232267847097, 15.474177389340376 ], [ -88.018523203987598, 15.473674737630743 ], [ -88.019640048363229, 15.470648167363978 ], [ -88.020561759533635, 15.470766394075806 ], [ -88.020819145091366, 15.470816361643806 ], [ -88.021301013203299, 15.470929236060053 ], [ -88.021990277247014, 15.47107210448654 ] ] ] ] } },
{ "type": "Feature", "properties": { "Dialgeo": 201333, "Dial": 6, "VERSION": "Capa anterior", "ID_MAPA": "anterior_99", "layer": "Capa anterior", "path": "C:\\Users\\said.calderon\\Downloads\\Capa anterior.geojson" }, "geometry": { "type": "MultiPolygon", "coordinates": [ [ [ [ -88.018638555292569, 15.474391662398585 ], [ -88.018939558236042, 15.474445665450528 ], [ -88.01955685225316, 15.47458154049453 ], [ -88.019852836155067, 15.47467222708285 ], [ -88.020541946139161, 15.474787282194963 ], [ -88.021450551351194, 15.474929289585898 ], [ -88.022935741483892, 15.475239427893111 ], [ -88.023198622133251, 15.475267058933799 ], [ -88.023441838886669, 15.475328433958154 ], [ -88.023660150890393, 15.475365885714943 ], [ -88.023941549825452, 15.475441806994466 ], [ -88.024161409698863, 15.475478950609274 ], [ -88.024479081678848, 15.475559210538433 ], [ -88.024662621665698, 15.475582399299153 ], [ -88.024885235156489, 15.475635347001285 ], [ -88.025243246270918, 15.475704709599572 ], [ -88.025204415999269, 15.475873156332076 ], [ -88.02516530162481, 15.475983912859412 ], [ -88.025068166417256, 15.476393010861681 ], [ -88.025034482624449, 15.476599894749278 ], [ -88.024995628393327, 15.476763533935625 ], [ -88.024976224925467, 15.476850161043304 ], [ -88.024927361192354, 15.47699461605808 ], [ -88.024903852295523, 15.477254336707219 ], [ -88.024830532815258, 15.477466211691162 ], [ -88.02481378541431, 15.47758888368605 ], [ -88.024733526587269, 15.477901750915322 ], [ -88.024685171235902, 15.478149567492167 ], [ -88.024573008294809, 15.478527485304456 ], [ -88.024461389147817, 15.479015975949707 ], [ -88.0244029114223, 15.479221772595535 ], [ -88.024378763029304, 15.479351690251185 ], [ -88.024349302313908, 15.479409518100843 ], [ -88.024310825662226, 15.479650077452568 ], [ -88.024227731918344, 15.479890843261005 ], [ -88.024194259834047, 15.480140994688488 ], [ -88.024106255640973, 15.48039139843333 ], [ -88.024072404922535, 15.480564629584302 ], [ -88.024062821132631, 15.480631980687178 ], [ -88.02401924462923, 15.48084371783585 ], [ -88.023956500377992, 15.481190157174961 ], [ -88.023918023071431, 15.481430716467901 ], [ -88.023869843562963, 15.481714589268618 ], [ -88.023835945202393, 15.481878205355871 ], [ -88.023782500583437, 15.482099603364787 ], [ -88.023715885976088, 15.482667211312675 ], [ -88.023462051850217, 15.482590862385177 ], [ -88.023334206794772, 15.482552992575783 ], [ -88.023015963691137, 15.482484753331098 ], [ -88.022854053607745, 15.482450646420659 ], [ -88.022614021458708, 15.482408487037006 ], [ -88.022313705437384, 15.48233114961765 ], [ -88.021930912053122, 15.482242173571416 ], [ -88.021599668109502, 15.482176396081149 ], [ -88.021471959255862, 15.482166168395739 ], [ -88.021197519175175, 15.482086733429032 ], [ -88.021920934293178, 15.479326392993666 ], [ -88.022004077783507, 15.47909524293134 ], [ -88.022099343216865, 15.478808749137336 ], [ -88.022075807253131, 15.478811261626605 ], [ -88.022021210676897, 15.47879829273055 ], [ -88.021819931943313, 15.478759859494717 ], [ -88.020708346233306, 15.478536024548003 ], [ -88.02056133241382, 15.478506053743804 ], [ -88.01977783190064, 15.47833658985866 ], [ -88.01904209172595, 15.478175917580097 ], [ -88.018373929602433, 15.478021542410787 ], [ -88.018110898779383, 15.477963858778335 ], [ -88.017459474981976, 15.477810605694311 ], [ -88.017443853858751, 15.477784235496632 ], [ -88.017418503027443, 15.477161763195765 ], [ -88.017360014510245, 15.476279957554349 ], [ -88.01731679674235, 15.476003075339994 ], [ -88.018191529272116, 15.474999304821791 ], [ -88.018273963141269, 15.474873209657643 ], [ -88.018417618517731, 15.474689227731197 ], [ -88.018638555292569, 15.474391662398585 ] ] ] ] } },
{ "type": "Feature", "properties": { "Dialgeo": 201334, "Dial": 6, "VERSION": "Capa anterior", "ID_MAPA": "anterior_100", "layer": "Capa anterior", "path": "C:\\Users\\said.calderon\\Downloads\\Capa anterior.geojson" }, "geometry": { "type": "MultiPolygon", "coordinates": [ [ [ [ -87.984477197608598, 15.477496410376087 ], [ -87.984629502790824, 15.477483459032753 ], [ -87.984938592719473, 15.477483459032751 ], [ -87.985198407442113, 15.477487776147287 ], [ -87.985494058678228, 15.477496410376091 ], [ -87.985655322988819, 15.477492093261736 ], [ -87.98567324124555, 15.477483459032753 ], [ -87.985830025991973, 15.477483459032747 ], [ -87.985906178583093, 15.477496410376091 ], [ -87.985968892481651, 15.477496410376094 ], [ -87.986054004201151, 15.477496410376094 ], [ -87.986174952434084, 15.477492093261731 ], [ -87.986327257616324, 15.477505044604532 ], [ -87.986461644541819, 15.47751367883261 ], [ -87.986578113210598, 15.477500727490357 ], [ -87.986701301225665, 15.477507203161585 ], [ -87.987023829846848, 15.477498568933232 ], [ -87.98723884892766, 15.477498568933228 ], [ -87.987444908880093, 15.477489934704529 ], [ -87.987686805345987, 15.477489934704533 ], [ -87.987930547859918, 15.47750881323363 ], [ -87.987976399404175, 15.477772913781138 ], [ -87.987975900045953, 15.478081063192013 ], [ -87.988093956499526, 15.484790890414555 ], [ -87.988226471960388, 15.485563991416676 ], [ -87.988315051349517, 15.486476649280293 ], [ -87.98813348334842, 15.486393230101537 ], [ -87.985794189195673, 15.484968140513224 ], [ -87.9857802658005, 15.484905730413525 ], [ -87.984957630867257, 15.484392885540025 ], [ -87.984765224341118, 15.484298743807086 ], [ -87.984310615600251, 15.48404967641434 ], [ -87.981975832316138, 15.482844244253126 ], [ -87.981625695259169, 15.482680005972954 ], [ -87.981611221339804, 15.482644685133275 ], [ -87.981146641638205, 15.482009904156186 ], [ -87.98147588960569, 15.481582518721991 ], [ -87.981478129387781, 15.481528555851856 ], [ -87.981415415489209, 15.481329972368558 ], [ -87.981395257450401, 15.481271692397051 ], [ -87.981372859629488, 15.481222046482452 ], [ -87.981321344641358, 15.481150815366782 ], [ -87.981291590229745, 15.481091166442448 ], [ -87.981261746770528, 15.481070465476437 ], [ -87.981202636190503, 15.481014828623294 ], [ -87.980779317375166, 15.481077425706793 ], [ -87.980535181127195, 15.481107644981712 ], [ -87.97989684323106, 15.481174559074731 ], [ -87.979625829597978, 15.481204778335449 ], [ -87.979498162018743, 15.481222046482456 ], [ -87.979513091067133, 15.481089476605833 ], [ -87.979045935299894, 15.478489738275167 ], [ -87.978713367744206, 15.47726024140751 ], [ -87.978876521383924, 15.477253310118817 ], [ -87.980789056663141, 15.477374652537279 ], [ -87.981713135317179, 15.477442671771135 ], [ -87.982291690056186, 15.477479368073876 ], [ -87.98306507343608, 15.477545588217938 ], [ -87.98319604225216, 15.477539581514693 ], [ -87.983402102204579, 15.477530947287693 ], [ -87.98358128477193, 15.477513678832613 ], [ -87.983715671697425, 15.477487776147283 ], [ -87.98410091421718, 15.477479141918128 ], [ -87.984477197608598, 15.477496410376087 ] ] ] ] } },
{ "type": "Feature", "properties": { "Dialgeo": 201335, "Dial": 10, "VERSION": "Capa anterior", "ID_MAPA": "anterior_101", "layer": "Capa anterior", "path": "C:\\Users\\said.calderon\\Downloads\\Capa anterior.geojson" }, "geometry": { "type": "MultiPolygon", "coordinates": [ [ [ [ -87.938721327976808, 15.463554806539483 ], [ -87.940023301462702, 15.463560098957826 ], [ -87.940647001523558, 15.46341808907648 ], [ -87.940725800775581, 15.463464714075858 ], [ -87.940884329089741, 15.463578069353046 ], [ -87.941475330079484, 15.463875909453616 ], [ -87.942605052590906, 15.464496621929483 ], [ -87.94379715203327, 15.465015055315476 ], [ -87.943904027480784, 15.465100070768763 ], [ -87.944621942321902, 15.4655101195147 ], [ -87.945739179681681, 15.466117893079943 ], [ -87.946471878518025, 15.466547459345467 ], [ -87.945910372316334, 15.46761144102231 ], [ -87.945084446656551, 15.468644523885436 ], [ -87.944365159377782, 15.469563075729544 ], [ -87.943522718091984, 15.469004410271197 ], [ -87.942302201257931, 15.468327510122746 ], [ -87.940796618332428, 15.467765451424087 ], [ -87.940670503152077, 15.46776296818374 ], [ -87.940433732884671, 15.467623205165898 ], [ -87.939413680468448, 15.467215733413287 ], [ -87.938131631057175, 15.466845562037895 ], [ -87.937863862349161, 15.466803445373145 ], [ -87.934576205142875, 15.469036318404493 ], [ -87.934092283018828, 15.469413197996566 ], [ -87.933190619449945, 15.469455443859939 ], [ -87.932476949663851, 15.469429615984406 ], [ -87.929415398411564, 15.469605875724309 ], [ -87.924818294042126, 15.469913457043877 ], [ -87.923688771710516, 15.469975838291067 ], [ -87.924694079721633, 15.468722179792726 ], [ -87.927402369411141, 15.465304451892294 ], [ -87.928915734256663, 15.463674242733243 ], [ -87.930076856414644, 15.462375440904326 ], [ -87.931122760358406, 15.461352255780788 ], [ -87.931246704802817, 15.461201077661473 ], [ -87.932200804474533, 15.461702662056911 ], [ -87.933930110811147, 15.462533408070733 ], [ -87.934710738013578, 15.462862570734 ], [ -87.935399207837946, 15.463191732874185 ], [ -87.935794942461371, 15.463369375716622 ], [ -87.936125624817961, 15.463505220140387 ], [ -87.936340684054755, 15.463616540785644 ], [ -87.936566482106628, 15.463692476273524 ], [ -87.937392721905297, 15.463962902124763 ], [ -87.938013146813987, 15.464193348546127 ], [ -87.938285282965751, 15.463555452203879 ], [ -87.938721327976808, 15.463554806539483 ] ] ] ] } },
{ "type": "Feature", "properties": { "Dialgeo": 201336, "Dial": 10, "VERSION": "Capa anterior", "ID_MAPA": "anterior_102", "layer": "Capa anterior", "path": "C:\\Users\\said.calderon\\Downloads\\Capa anterior.geojson" }, "geometry": { "type": "MultiPolygon", "coordinates": [ [ [ [ -87.945186198911856, 15.451745168259333 ], [ -87.945521942397022, 15.451484233646362 ], [ -87.945886236317008, 15.450963673754149 ], [ -87.946371356849795, 15.450719779633516 ], [ -87.946687673831221, 15.45069113906446 ], [ -87.946935143162648, 15.450677978779551 ], [ -87.94713368211228, 15.450708456731824 ], [ -87.947550137000988, 15.450764344674468 ], [ -87.947986498151167, 15.450839369147838 ], [ -87.948423209197884, 15.450991280980864 ], [ -87.950328703084395, 15.451498318998146 ], [ -87.94946676054839, 15.455051347428654 ], [ -87.950472360173734, 15.455688796084877 ], [ -87.94991399488309, 15.456310567884998 ], [ -87.949653785815599, 15.456587490859347 ], [ -87.949336656014623, 15.456932337819444 ], [ -87.949217393525359, 15.457083861302246 ], [ -87.949127946658422, 15.457185747719752 ], [ -87.948987000080223, 15.457329433608013 ], [ -87.948886711168782, 15.457467894460617 ], [ -87.948799612749909, 15.457591567154443 ], [ -87.948777775995538, 15.457634396007363 ], [ -87.948719625640592, 15.457766412331079 ], [ -87.948707817434908, 15.457825802273529 ], [ -87.948669870279218, 15.457990387410637 ], [ -87.948545186767717, 15.458259470765883 ], [ -87.948450318878542, 15.458510266588172 ], [ -87.948390687633903, 15.458651339104788 ], [ -87.948331056389293, 15.458813311135039 ], [ -87.948279556678003, 15.458959608343852 ], [ -87.948209003154446, 15.459160037111495 ], [ -87.948161870590766, 15.459275794786981 ], [ -87.948103373455254, 15.459416786455533 ], [ -87.948056210872281, 15.459601992123938 ], [ -87.948011216077177, 15.459740729192545 ], [ -87.947943453299175, 15.45992621230584 ], [ -87.948085370063168, 15.459975448115987 ], [ -87.948534344723228, 15.460129982295214 ], [ -87.948431345300719, 15.460399062871524 ], [ -87.948352740478256, 15.460566258393371 ], [ -87.94828768821138, 15.460699492228223 ], [ -87.948227686685797, 15.460838804812717 ], [ -87.948171136233256, 15.460986859031276 ], [ -87.948035610677266, 15.461289899955373 ], [ -87.947981400454879, 15.461407458815199 ], [ -87.947916294986925, 15.461553769373291 ], [ -87.947875690521172, 15.461650413580756 ], [ -87.947645297076022, 15.461569428690561 ], [ -87.947528745097884, 15.461517180357506 ], [ -87.947259110886804, 15.461412411644234 ], [ -87.947182167487114, 15.461381504125288 ], [ -87.946904200089492, 15.46127456602049 ], [ -87.946544476661785, 15.461167976800464 ], [ -87.946316157268356, 15.461082451069455 ], [ -87.946082904939544, 15.461001751760994 ], [ -87.945934039123401, 15.460954331229198 ], [ -87.945586562254434, 15.460816451668402 ], [ -87.945244084322027, 15.460688161429184 ], [ -87.945000944746766, 15.460612308717815 ], [ -87.94481228761309, 15.460531417831831 ], [ -87.944613699014042, 15.460445763503953 ], [ -87.944340634500051, 15.460326787117374 ], [ -87.943755084695269, 15.460137057271151 ], [ -87.943343174959224, 15.459994642821764 ], [ -87.943005676223621, 15.459871133386008 ], [ -87.942777250842809, 15.459761576243119 ], [ -87.942583618621413, 15.459675898922267 ], [ -87.942186618612354, 15.459543030034888 ], [ -87.941806874346824, 15.459390864624252 ], [ -87.940917887933935, 15.458938107582746 ], [ -87.940162795156184, 15.458508806868545 ], [ -87.939556951859373, 15.458155840028409 ], [ -87.938732124674388, 15.457706414107388 ], [ -87.937795531741031, 15.45712805176799 ], [ -87.937215807901637, 15.456785420990771 ], [ -87.935075989628999, 15.455672938638402 ], [ -87.936267295394089, 15.454451184088642 ], [ -87.937357031046233, 15.454246611573035 ], [ -87.938576385187318, 15.454093540571129 ], [ -87.939566813769261, 15.453968661094558 ], [ -87.941125665932844, 15.453777158552507 ], [ -87.943563267329949, 15.452893412423965 ], [ -87.943763897252822, 15.452779628489687 ], [ -87.944139238524585, 15.452508916021026 ], [ -87.944297049905813, 15.452344853071796 ], [ -87.944652832029675, 15.452131890453666 ], [ -87.944909475666762, 15.45190973862316 ], [ -87.945186198911856, 15.451745168259333 ] ] ] ] } },
{ "type": "Feature", "properties": { "Dialgeo": 201338, "Dial": 7, "VERSION": "Capa anterior", "ID_MAPA": "anterior_103", "layer": "Capa anterior", "path": "C:\\Users\\said.calderon\\Downloads\\Capa anterior.geojson" }, "geometry": { "type": "MultiPolygon", "coordinates": [ [ [ [ -87.922162702798872, 15.505662106266364 ], [ -87.924958542224587, 15.505599268325104 ], [ -87.926453956157246, 15.509685397594382 ], [ -87.927366696854889, 15.51323683293135 ], [ -87.927608905201268, 15.514310068255087 ], [ -87.927671832374116, 15.516586195189356 ], [ -87.924668762149238, 15.517844858797584 ], [ -87.91932406444576, 15.519895014617825 ], [ -87.916622142057079, 15.524990479386464 ], [ -87.90123661717692, 15.546365604691095 ], [ -87.887700070626337, 15.536836194731469 ], [ -87.877065064027533, 15.526051669011666 ], [ -87.880585881385599, 15.517137024419371 ], [ -87.884186435084118, 15.507761201636074 ], [ -87.886000776873388, 15.502256315143249 ], [ -87.88758842608614, 15.499014767606599 ], [ -87.889201433539668, 15.496128806366418 ], [ -87.890403387131997, 15.493463888898271 ], [ -87.900477751969859, 15.498962649298338 ], [ -87.91178468503567, 15.503096253405751 ], [ -87.917833996185749, 15.505066264609463 ], [ -87.922162702798872, 15.505662106266364 ] ] ] ] } },
{ "type": "Feature", "properties": { "Dialgeo": 201340, "Dial": 11, "VERSION": "Capa anterior", "ID_MAPA": "anterior_104", "layer": "Capa anterior", "path": "C:\\Users\\said.calderon\\Downloads\\Capa anterior.geojson" }, "geometry": { "type": "MultiPolygon", "coordinates": [ [ [ [ -87.879013978124775, 15.435285472392977 ], [ -87.880975086901842, 15.435493936768552 ], [ -87.885940524071216, 15.436000508974914 ], [ -87.885161281751266, 15.442120219077767 ], [ -87.884943310337547, 15.443156351792959 ], [ -87.884639683355601, 15.444969273173173 ], [ -87.883393894670348, 15.444844830574878 ], [ -87.882815382350785, 15.444760861990366 ], [ -87.882058796687417, 15.444634464119662 ], [ -87.880975766586886, 15.444486550276922 ], [ -87.88001177210667, 15.444340643184724 ], [ -87.878275880031538, 15.444002435308363 ], [ -87.876228865090241, 15.443708578838114 ], [ -87.876358228247625, 15.44272551682907 ], [ -87.87634137611802, 15.441525976608824 ], [ -87.876482386081292, 15.440537077676622 ], [ -87.876522148448544, 15.439415383130713 ], [ -87.876496561764029, 15.438617467105319 ], [ -87.876558922188167, 15.437581955250081 ], [ -87.876554303849673, 15.436482003791532 ], [ -87.87665182147154, 15.43528284612681 ], [ -87.877260858263242, 15.435292969967213 ], [ -87.877572154587568, 15.435291739201473 ], [ -87.878128508856619, 15.43527700795843 ], [ -87.879013978124775, 15.435285472392977 ] ] ] ] } },
{ "type": "Feature", "properties": { "Dialgeo": 201344, "Dial": 13, "VERSION": "Capa anterior", "ID_MAPA": "anterior_105", "layer": "Capa anterior", "path": "C:\\Users\\said.calderon\\Downloads\\Capa anterior.geojson" }, "geometry": { "type": "MultiPolygon", "coordinates": [ [ [ [ -87.972892164016145, 15.312436292859308 ], [ -87.974899403219638, 15.312062222077587 ], [ -87.97527153709585, 15.312026728050563 ], [ -87.975795541034728, 15.312053855605617 ], [ -87.976722381996851, 15.312121242668372 ], [ -87.978233781839037, 15.312202876615226 ], [ -87.97817712000959, 15.312587612950896 ], [ -87.97816600038378, 15.31392181515141 ], [ -87.978070135155306, 15.315653482554612 ], [ -87.977933472342642, 15.317923191591653 ], [ -87.97185055733371, 15.322005189180951 ], [ -87.970598026014812, 15.323116359707424 ], [ -87.969834870985622, 15.326632599094896 ], [ -87.969263906669283, 15.335111326538797 ], [ -87.966194778643811, 15.334650141178834 ], [ -87.964103130068835, 15.334098422471643 ], [ -87.96495514229332, 15.325890729581426 ], [ -87.965369931647501, 15.323309129408882 ], [ -87.964004987503145, 15.320556433635236 ], [ -87.963934701757466, 15.320382039679554 ], [ -87.963810402430155, 15.319929652188517 ], [ -87.963619114851923, 15.319407458151222 ], [ -87.96349402700065, 15.318782531368919 ], [ -87.962891008361183, 15.318127312753392 ], [ -87.961977027357406, 15.317505782884984 ], [ -87.962752938067823, 15.31709265291402 ], [ -87.962968940283091, 15.316946139499173 ], [ -87.963143914170914, 15.316855178858949 ], [ -87.964824491963427, 15.316046634370794 ], [ -87.965256019245174, 15.315777480062 ], [ -87.965999893906215, 15.315361412438687 ], [ -87.966220200277533, 15.315251206239346 ], [ -87.966652133888161, 15.315026628692337 ], [ -87.96740812643057, 15.314657777513016 ], [ -87.968289228366586, 15.314191734337815 ], [ -87.968846887915731, 15.314004426656469 ], [ -87.969443976539452, 15.313917796237728 ], [ -87.969980915810126, 15.31393227490422 ], [ -87.970500924361247, 15.314030867121613 ], [ -87.970595689761424, 15.313925403951032 ], [ -87.970912819437473, 15.313218079444178 ], [ -87.971358746515961, 15.312274879184518 ], [ -87.972892164016145, 15.312436292859308 ] ] ] ] } },
{ "type": "Feature", "properties": { "Dialgeo": 201346, "Dial": 12, "VERSION": "Capa anterior", "ID_MAPA": "anterior_106", "layer": "Capa anterior", "path": "C:\\Users\\said.calderon\\Downloads\\Capa anterior.geojson" }, "geometry": { "type": "MultiPolygon", "coordinates": [ [ [ [ -87.967218635322993, 15.30236433849125 ], [ -87.969677930771908, 15.296820561446463 ], [ -87.970046260844271, 15.296691076513936 ], [ -87.977972264547077, 15.299683844699389 ], [ -87.979637249417152, 15.300712924657004 ], [ -87.979326512172051, 15.30402018670439 ], [ -87.979267464536889, 15.304597880677582 ], [ -87.979201884641, 15.305555386550013 ], [ -87.979129385957222, 15.30554930961644 ], [ -87.978261661367398, 15.303991180739995 ], [ -87.974789581014818, 15.303339554415265 ], [ -87.974507500953393, 15.306009794912111 ], [ -87.976926238509719, 15.306391815559749 ], [ -87.976795722765431, 15.30707819846084 ], [ -87.976655409527922, 15.307304199970643 ], [ -87.976592451099634, 15.308750151806898 ], [ -87.976572114677367, 15.309232473754351 ], [ -87.975704399404449, 15.309119630175479 ], [ -87.975676775878384, 15.309112140285478 ], [ -87.97513013806649, 15.309073294885259 ], [ -87.974465263176782, 15.308959434008493 ], [ -87.973319768118657, 15.308814849091807 ], [ -87.970785204453449, 15.308545934987846 ], [ -87.968978598880966, 15.308284839657507 ], [ -87.968094625292125, 15.308120586160108 ], [ -87.966878563420494, 15.307999786166414 ], [ -87.967218635322993, 15.30236433849125 ] ] ] ] } },
{ "type": "Feature", "properties": { "Dialgeo": 201093, "Dial": 15, "VERSION": "Capa anterior", "ID_MAPA": "anterior_107", "layer": "Capa anterior", "path": "C:\\Users\\said.calderon\\Downloads\\Capa anterior.geojson" }, "geometry": { "type": "MultiPolygon", "coordinates": [ [ [ [ -88.187522871359377, 15.40591782538038 ], [ -88.188633512189043, 15.406623039240989 ], [ -88.186003443220002, 15.410267421133506 ], [ -88.184718076328664, 15.412744920938927 ], [ -88.183428114285789, 15.414415698292762 ], [ -88.182999782901504, 15.414883326092841 ], [ -88.182588540320182, 15.415692256561202 ], [ -88.182113728416908, 15.416797376603263 ], [ -88.181901731766317, 15.418070659618117 ], [ -88.181347422010589, 15.420885580273499 ], [ -88.181131376715584, 15.42189027679929 ], [ -88.181772786609031, 15.425012985051639 ], [ -88.180854670052909, 15.425941953923303 ], [ -88.180000014760807, 15.426475921492058 ], [ -88.177599634086903, 15.42943831451668 ], [ -88.17488049724119, 15.431192259924595 ], [ -88.173794019617034, 15.432105593100827 ], [ -88.172247816886028, 15.432021631847723 ], [ -88.170385572599656, 15.433644945437937 ], [ -88.169672531850381, 15.436270619312106 ], [ -88.170013811989222, 15.441512647168198 ], [ -88.169753130465551, 15.444854439673071 ], [ -88.170622213755578, 15.451505474331348 ], [ -88.170672040008128, 15.46037936528964 ], [ -88.172013912598615, 15.477112128008605 ], [ -88.172228174443276, 15.494091929925858 ], [ -88.159008426308674, 15.497793377456437 ], [ -88.152900763272029, 15.499871380037188 ], [ -88.147693908044104, 15.499084240100741 ], [ -88.13156268185611, 15.495071022849096 ], [ -88.119101027914084, 15.492781430231426 ], [ -88.108344623835308, 15.483781601150001 ], [ -88.10423012882562, 15.480082578633951 ], [ -88.102940618821918, 15.472223135132211 ], [ -88.102467101797828, 15.469590525975347 ], [ -88.102082740160213, 15.466727888400627 ], [ -88.101748807248185, 15.463153050990625 ], [ -88.101213167748313, 15.461872704857639 ], [ -88.099538659454538, 15.458121792584166 ], [ -88.111503838768556, 15.446207303760854 ], [ -88.133729343606191, 15.433861374342168 ], [ -88.134928793385683, 15.432770237778152 ], [ -88.135652963434069, 15.432111047922163 ], [ -88.137431498530418, 15.430576676822358 ], [ -88.137773191000065, 15.430083311696656 ], [ -88.139526218146997, 15.427452379363425 ], [ -88.144738196130675, 15.418510137747868 ], [ -88.14321567542197, 15.413988255620472 ], [ -88.142899731101778, 15.412232831647616 ], [ -88.137379847669806, 15.410129473020943 ], [ -88.133521661097831, 15.408146256176931 ], [ -88.13325274313442, 15.408090681898084 ], [ -88.133663216463091, 15.407114392503646 ], [ -88.135731947703746, 15.403596985550504 ], [ -88.13559599485788, 15.402707781755662 ], [ -88.125198998629145, 15.374304756408515 ], [ -88.128767746653281, 15.373337093557769 ], [ -88.133745803028859, 15.372549928836102 ], [ -88.140408471640285, 15.371364982351675 ], [ -88.145517405614768, 15.370469175011856 ], [ -88.153628387134319, 15.369046203350715 ], [ -88.156419598908712, 15.368520208561014 ], [ -88.157750121774484, 15.372935821139791 ], [ -88.162964011540708, 15.378946716617499 ], [ -88.165909687796116, 15.382898113822634 ], [ -88.170247248946055, 15.38608046499647 ], [ -88.172282939450525, 15.392542909948034 ], [ -88.176018924258813, 15.39810657575385 ], [ -88.187522871359377, 15.40591782538038 ] ] ] ] } },
{ "type": "Feature", "properties": { "Dialgeo": 201073, "Dial": 16, "VERSION": "Capa anterior", "ID_MAPA": "anterior_108", "layer": "Capa anterior", "path": "C:\\Users\\said.calderon\\Downloads\\Capa anterior.geojson" }, "geometry": { "type": "MultiPolygon", "coordinates": [ [ [ [ -88.000878096995734, 15.384261586674501 ], [ -88.004166483724887, 15.385564002592655 ], [ -88.003435479264212, 15.389119016557117 ], [ -88.002025158362841, 15.391713466084127 ], [ -87.999180434300598, 15.39420651823111 ], [ -87.999461097606755, 15.397116864048195 ], [ -87.998005393743412, 15.399538956269481 ], [ -87.993729656192968, 15.404557670964813 ], [ -87.979452004316627, 15.404882398411534 ], [ -87.970159035729196, 15.405315197393179 ], [ -87.964304990151803, 15.405705858448069 ], [ -87.96171073676193, 15.399655146571259 ], [ -87.959652544212616, 15.399864787237332 ], [ -87.953890320756003, 15.39752384181322 ], [ -87.953693518934088, 15.39548250677533 ], [ -87.956237891773185, 15.388053471098132 ], [ -87.959733707211583, 15.379667933635016 ], [ -87.965480459430751, 15.378835089094286 ], [ -87.970850067772389, 15.377957031876894 ], [ -87.972478954653837, 15.377778982103051 ], [ -87.973756666783729, 15.377858868951442 ], [ -87.979569450187967, 15.377576960813919 ], [ -87.983978343377501, 15.377163382478306 ], [ -87.986688854497018, 15.375323485844536 ], [ -87.990938935932462, 15.375135313682089 ], [ -87.994538494699199, 15.375511657837034 ], [ -87.995557646880158, 15.377957878274353 ], [ -87.997319069074692, 15.381476850470609 ], [ -87.99808697007478, 15.382189572590612 ], [ -87.999287310180648, 15.383142934311019 ], [ -88.000878096995734, 15.384261586674501 ] ] ] ] } },
{ "type": "Feature", "properties": { "Dialgeo": 201326, "Dial": 7, "VERSION": "Capa anterior", "ID_MAPA": "anterior_109", "layer": "Capa anterior", "path": "C:\\Users\\said.calderon\\Downloads\\Capa anterior.geojson" }, "geometry": { "type": "MultiPolygon", "coordinates": [ [ [ [ -87.969246291508483, 15.525118940134863 ], [ -87.96877721597302, 15.528617054876937 ], [ -87.967406958037017, 15.532186352706276 ], [ -87.964370159547784, 15.53529231108195 ], [ -87.95928563492329, 15.539693472816575 ], [ -87.951229617923417, 15.548786686953816 ], [ -87.940615089383499, 15.543643408282643 ], [ -87.949206545678251, 15.530050656219785 ], [ -87.951296377497002, 15.525540061918278 ], [ -87.953628920174552, 15.522218761419955 ], [ -87.954713169469912, 15.520499657058348 ], [ -87.955069364640977, 15.519922355752085 ], [ -87.955547217412558, 15.520158808784192 ], [ -87.956060541733464, 15.520340091249043 ], [ -87.956549330537385, 15.520504226538741 ], [ -87.957091115193734, 15.520719285475741 ], [ -87.957672529414765, 15.520946959766787 ], [ -87.958227447066989, 15.52114917021593 ], [ -87.958689859526999, 15.521313415024196 ], [ -87.959191664979173, 15.521439121882384 ], [ -87.959669040381513, 15.521585953368852 ], [ -87.960881742921998, 15.521815431901743 ], [ -87.962362981792438, 15.522091846924939 ], [ -87.963431904073801, 15.52234599450723 ], [ -87.963835254319662, 15.522980472932744 ], [ -87.964238857604883, 15.523668867879643 ], [ -87.965749057932157, 15.523974651008546 ], [ -87.967178326424587, 15.524346167240127 ], [ -87.967891354205889, 15.524601851104761 ], [ -87.969246291508483, 15.525118940134863 ] ] ] ] } },
{ "type": "Feature", "properties": { "Dialgeo": 201263, "Dial": 6, "VERSION": "Capa anterior", "ID_MAPA": "anterior_110", "layer": "Capa anterior", "path": "C:\\Users\\said.calderon\\Downloads\\Capa anterior.geojson" }, "geometry": { "type": "MultiPolygon", "coordinates": [ [ [ [ -87.991012530785156, 15.477466371517924 ], [ -87.990945813105199, 15.477466670178035 ], [ -87.990626836210026, 15.477478152358534 ], [ -87.989892361797061, 15.477470932866732 ], [ -87.988880572407055, 15.477462848878966 ], [ -87.987857970519343, 15.477459010497842 ], [ -87.987106184055051, 15.477456060989663 ], [ -87.986549357688077, 15.477448038191286 ], [ -87.986040302549512, 15.47746291215754 ], [ -87.98582554642779, 15.477448922113219 ], [ -87.985682200373944, 15.477461873458719 ], [ -87.985158091364482, 15.477444604997874 ], [ -87.984410004145829, 15.477470507688608 ], [ -87.984078516396281, 15.477453239228476 ], [ -87.983581284771944, 15.477470507688603 ], [ -87.98317812399543, 15.477487776147283 ], [ -87.983169164867036, 15.475216961465215 ], [ -87.983164167763306, 15.473538436269163 ], [ -87.983174051718976, 15.472878679261527 ], [ -87.983239791908005, 15.469365519461679 ], [ -87.983058709830274, 15.467719140759238 ], [ -87.985513717071186, 15.468279702559148 ], [ -87.988914024781479, 15.468995693345374 ], [ -87.992910208827368, 15.470165296221083 ], [ -87.988960262814999, 15.472082831312836 ], [ -87.989745196797884, 15.474026655394004 ], [ -87.98993653401368, 15.474511065687977 ], [ -87.990128590044421, 15.475146444052264 ], [ -87.990180063584688, 15.47544815688317 ], [ -87.990797914601899, 15.475596364267497 ], [ -87.991499265494653, 15.475765763299808 ], [ -87.991233870545088, 15.477244315220949 ], [ -87.991173816510965, 15.477476433117868 ], [ -87.991012530785156, 15.477466371517924 ] ] ] ] } },
{ "type": "Feature", "properties": { "Dialgeo": 201238, "Dial": 7, "VERSION": "Capa anterior", "ID_MAPA": "anterior_111", "layer": "Capa anterior", "path": "C:\\Users\\said.calderon\\Downloads\\Capa anterior.geojson" }, "geometry": { "type": "MultiPolygon", "coordinates": [ [ [ [ -87.999345586169568, 15.504886594600395 ], [ -87.994791927488762, 15.507174579407957 ], [ -87.990980948854698, 15.503544089431946 ], [ -87.986955508924609, 15.496918591097339 ], [ -87.98426074169852, 15.490334207026105 ], [ -87.98164224146943, 15.48700388149201 ], [ -87.980650770508888, 15.485834454205227 ], [ -87.980116279455515, 15.485209638021876 ], [ -87.969872636329967, 15.472913699855079 ], [ -87.966933269116581, 15.469377482442395 ], [ -87.971488873743382, 15.467882609115039 ], [ -87.97488967738667, 15.470990383924924 ], [ -87.978130571043295, 15.475446988919529 ], [ -87.978662360117184, 15.477357443907378 ], [ -87.979504881365031, 15.481232839073593 ], [ -87.979919241051988, 15.481189668705644 ], [ -87.980891306693863, 15.481088218633161 ], [ -87.981191437280032, 15.481036413826642 ], [ -87.981372859629488, 15.481239314628006 ], [ -87.981470640726229, 15.481563502375234 ], [ -87.981317984968243, 15.481763833862521 ], [ -87.981129843272527, 15.482022855216165 ], [ -87.981578685638596, 15.482656662665041 ], [ -87.984966589995608, 15.484461957054759 ], [ -87.988285947055502, 15.486516824066397 ], [ -87.988232192285295, 15.487824848524347 ], [ -87.988173957950906, 15.488209052156032 ], [ -87.988160519258344, 15.488351509500962 ], [ -87.989038513838295, 15.488403312147508 ], [ -87.989011636453185, 15.489409144295427 ], [ -87.988937723644156, 15.489830038269915 ], [ -87.989072110569666, 15.490727942551642 ], [ -87.989815718224094, 15.491358199958434 ], [ -87.99036222505444, 15.491574041094385 ], [ -87.990944568384165, 15.492128751697679 ], [ -87.991116474410717, 15.493091056235127 ], [ -87.991040580099366, 15.494522437353655 ], [ -87.991246578944455, 15.496476204339833 ], [ -87.991972995924499, 15.497844875023036 ], [ -87.993664354863071, 15.498576222053464 ], [ -87.995377397890593, 15.499443387320873 ], [ -87.997177177273954, 15.499746371917761 ], [ -87.99746991247487, 15.501877699284098 ], [ -87.999345586169568, 15.504886594600395 ] ] ] ] } },
{ "type": "Feature", "properties": { "Dialgeo": 201001, "Dial": 2, "VERSION": "Capa anterior", "ID_MAPA": "anterior_112", "layer": "Capa anterior", "path": "C:\\Users\\said.calderon\\Downloads\\Capa anterior.geojson" }, "geometry": { "type": "MultiPolygon", "coordinates": [ [ [ [ -88.447329376128209, 15.361962826110188 ], [ -88.446865570422574, 15.36350025478886 ], [ -88.437996589955048, 15.361562917731476 ], [ -88.433247463853647, 15.360826299098159 ], [ -88.41401065410902, 15.358848922351433 ], [ -88.405272470206057, 15.358674019637442 ], [ -88.404764712109383, 15.359597885291688 ], [ -88.404133663600334, 15.361227488955112 ], [ -88.403756812944408, 15.362167360339049 ], [ -88.40323771616039, 15.364255753162858 ], [ -88.402911479172687, 15.365292287327193 ], [ -88.402781891552735, 15.365842670672578 ], [ -88.402668961294353, 15.366392949098161 ], [ -88.40138617136661, 15.372198420426392 ], [ -88.401157403319573, 15.374527439344927 ], [ -88.400890834949166, 15.377848072046904 ], [ -88.399924312483336, 15.379470526112879 ], [ -88.399067541547382, 15.380898322153415 ], [ -88.397443561060655, 15.382828085040595 ], [ -88.394132524288509, 15.381798109104718 ], [ -88.393419419547953, 15.381666507192248 ], [ -88.392274019804788, 15.381452769241061 ], [ -88.391189535982576, 15.381423063519344 ], [ -88.39020434160912, 15.381445454300561 ], [ -88.388212906241861, 15.381203348389546 ], [ -88.385899408537256, 15.380700521674717 ], [ -88.384854293877794, 15.380534611635046 ], [ -88.384231070218391, 15.380344521790102 ], [ -88.384072595613318, 15.379892919653436 ], [ -88.384317993465274, 15.364183354312146 ], [ -88.386895170676297, 15.359594712334767 ], [ -88.392824063011247, 15.350322268411936 ], [ -88.394146779544272, 15.342776028906631 ], [ -88.403776006382188, 15.336198226058221 ], [ -88.408702654199985, 15.337851731763465 ], [ -88.411882149594376, 15.33987809252241 ], [ -88.416886308686671, 15.345306369488737 ], [ -88.420866074616967, 15.347153465793316 ], [ -88.422404723776964, 15.347622927370121 ], [ -88.424327892180543, 15.348038408728025 ], [ -88.432572169053145, 15.349478760592772 ], [ -88.438079330405913, 15.35006827298748 ], [ -88.439512340403667, 15.350068272987487 ], [ -88.440812417579352, 15.35032650514073 ], [ -88.449453847263058, 15.352531258921118 ], [ -88.448248499347002, 15.35766048873043 ], [ -88.447329376128209, 15.361962826110188 ] ] ] ] } },
{ "type": "Feature", "properties": { "Dialgeo": 201009, "Dial": 4, "VERSION": "Capa anterior", "ID_MAPA": "anterior_113", "layer": "Capa anterior", "path": "C:\\Users\\said.calderon\\Downloads\\Capa anterior.geojson" }, "geometry": { "type": "MultiPolygon", "coordinates": [ [ [ [ -88.451491408353448, 15.342752085225491 ], [ -88.449341893356817, 15.351350145211986 ], [ -88.442740957988946, 15.350100823113765 ], [ -88.430776437170394, 15.348575787477179 ], [ -88.422795865789013, 15.347006659406606 ], [ -88.418200036994136, 15.345501493065642 ], [ -88.416321695486559, 15.343914489419793 ], [ -88.410087355327889, 15.33814168343107 ], [ -88.403817936587728, 15.336059340778087 ], [ -88.394100337540507, 15.342709402798892 ], [ -88.392264293480878, 15.350814865598672 ], [ -88.383755796619269, 15.363801518703276 ], [ -88.375026550768496, 15.362147130429438 ], [ -88.364263253261186, 15.360144292552466 ], [ -88.346299523905287, 15.355467389485069 ], [ -88.33437637520106, 15.350775572338758 ], [ -88.305921483184804, 15.335255422066608 ], [ -88.301610286467977, 15.333233561742484 ], [ -88.302308660328777, 15.331246658898113 ], [ -88.32068219425409, 15.265059000368915 ], [ -88.325545559781162, 15.254642007054759 ], [ -88.331129678398312, 15.245944855545483 ], [ -88.337750986745135, 15.220088874705324 ], [ -88.34082689469858, 15.220800139854568 ], [ -88.344610306326402, 15.22183817999116 ], [ -88.35400147233922, 15.233092163903079 ], [ -88.362171083528153, 15.242622610768567 ], [ -88.375199411268866, 15.257692407802137 ], [ -88.384289006647037, 15.269912200051523 ], [ -88.387805756006784, 15.275874848679615 ], [ -88.389899049017643, 15.281692818377264 ], [ -88.392622545980345, 15.288478930696556 ], [ -88.394951187226681, 15.296629175058754 ], [ -88.398175459721628, 15.302092525675182 ], [ -88.400414537843119, 15.306391555668426 ], [ -88.403280557838627, 15.309257575663922 ], [ -88.411699491575391, 15.313287916282597 ], [ -88.415282016569776, 15.314452236905769 ], [ -88.417431531566393, 15.314452236905764 ], [ -88.424315630221187, 15.310932810795393 ], [ -88.430866000295282, 15.306481118793288 ], [ -88.443209702642406, 15.298581960866866 ], [ -88.446999140056278, 15.302154717623342 ], [ -88.451379984128806, 15.307138081364815 ], [ -88.455848159359675, 15.311074475264165 ], [ -88.4588475880945, 15.313727280266974 ], [ -88.451491408353448, 15.342752085225491 ] ] ] ] } },
{ "type": "Feature", "properties": { "Dialgeo": 201019, "Dial": 8, "VERSION": "Capa anterior", "ID_MAPA": "anterior_114", "layer": "Capa anterior", "path": "C:\\Users\\said.calderon\\Downloads\\Capa anterior.geojson" }, "geometry": { "type": "MultiPolygon", "coordinates": [ [ [ [ -88.559737526240227, 15.339930314944644 ], [ -88.552063916042187, 15.340453226045167 ], [ -88.551331202078728, 15.343341942368189 ], [ -88.5505013437499, 15.343211795952376 ], [ -88.548455386116458, 15.34288293135328 ], [ -88.547289666069474, 15.342645029302906 ], [ -88.547418413061465, 15.341637444148231 ], [ -88.546265287828916, 15.341156042352107 ], [ -88.546248494742969, 15.340803387547975 ], [ -88.545576771306514, 15.340624261298256 ], [ -88.545901437634129, 15.343087247231884 ], [ -88.545487208181655, 15.345830117930708 ], [ -88.54312498076348, 15.34837147159859 ], [ -88.542177009346261, 15.3492003174996 ], [ -88.541326487078777, 15.348301075048161 ], [ -88.538666297297837, 15.34592733185896 ], [ -88.531662864934148, 15.339463167882911 ], [ -88.527326047142878, 15.335824517285511 ], [ -88.508282200354529, 15.320726409049687 ], [ -88.506075639965758, 15.319094273970659 ], [ -88.517351366223025, 15.296840976965465 ], [ -88.519129461517437, 15.295878844997794 ], [ -88.521062903209398, 15.294778806518943 ], [ -88.523029954334973, 15.293777849013384 ], [ -88.525244374603091, 15.292490432017921 ], [ -88.527239310447484, 15.291507363177869 ], [ -88.527466993721134, 15.291434156274992 ], [ -88.527803097099948, 15.291549196465747 ], [ -88.528692144728055, 15.291894317181189 ], [ -88.529537824216462, 15.292155770972622 ], [ -88.531684549023112, 15.29295059008251 ], [ -88.53294222618257, 15.29330616607665 ], [ -88.534113166986202, 15.293808154688195 ], [ -88.536606837216169, 15.294623883616865 ], [ -88.537192307617985, 15.29481212830323 ], [ -88.538037987087279, 15.295042204912432 ], [ -88.539143875624049, 15.295439609369575 ], [ -88.540553341406209, 15.295899760957131 ], [ -88.542266384433745, 15.296527238765888 ], [ -88.544543213774148, 15.297154714695171 ], [ -88.545605734133005, 15.297865851809528 ], [ -88.546733306758739, 15.298576986509616 ], [ -88.548207824807761, 15.299455443688135 ], [ -88.549617290589921, 15.300480305739717 ], [ -88.551352017706421, 15.30156790896234 ], [ -88.562280798540357, 15.305374475757571 ], [ -88.569393179717991, 15.308051580182854 ], [ -88.578153551656314, 15.310895966119842 ], [ -88.571735061325271, 15.320098126322613 ], [ -88.566530879975772, 15.326455745985182 ], [ -88.561901694481193, 15.332649979127726 ], [ -88.559737526240227, 15.339930314944644 ] ] ] ] } },
{ "type": "Feature", "properties": { "Dialgeo": 201033, "Dial": 10, "VERSION": "Capa anterior", "ID_MAPA": "anterior_115", "layer": "Capa anterior", "path": "C:\\Users\\said.calderon\\Downloads\\Capa anterior.geojson" }, "geometry": { "type": "MultiPolygon", "coordinates": [ [ [ [ -88.594040509937074, 15.270974997659591 ], [ -88.591816194877651, 15.276661684803098 ], [ -88.585541443781437, 15.28915908097915 ], [ -88.583199455354759, 15.294618134074774 ], [ -88.588905331590084, 15.296623467259183 ], [ -88.578680815247068, 15.31040266187852 ], [ -88.576817302233437, 15.310081418072457 ], [ -88.551779717414846, 15.301435496188851 ], [ -88.544614667426103, 15.297046903070747 ], [ -88.528761994326004, 15.291762678704048 ], [ -88.52896319585912, 15.280473673996458 ], [ -88.528582868076285, 15.269058426552204 ], [ -88.524015148708457, 15.265207212183247 ], [ -88.521379970413804, 15.264137246192968 ], [ -88.514859051250099, 15.262829022785573 ], [ -88.509828342612238, 15.262577991556972 ], [ -88.498726089066608, 15.263582114670667 ], [ -88.493868853140398, 15.263833144698772 ], [ -88.477302209177779, 15.265674022400489 ], [ -88.442613112923667, 15.271355225035894 ], [ -88.450934357006943, 15.265590346491495 ], [ -88.455509943149565, 15.261962970405351 ], [ -88.461342719705968, 15.256553152046854 ], [ -88.467998379758868, 15.250993619933615 ], [ -88.472508670261774, 15.24672580781189 ], [ -88.478363374279979, 15.244006078411569 ], [ -88.482700192071206, 15.24287633431784 ], [ -88.488751408146712, 15.24190872459612 ], [ -88.502629225078749, 15.240737126325739 ], [ -88.516940723789915, 15.240402382763849 ], [ -88.535849249359813, 15.241155555028788 ], [ -88.5409666943535, 15.238896030141696 ], [ -88.543742257739908, 15.237557040975721 ], [ -88.549033175445246, 15.235381165401447 ], [ -88.555711874843794, 15.232619444762998 ], [ -88.563431410512223, 15.232870511773573 ], [ -88.572105046094748, 15.235046413315489 ], [ -88.580605208965622, 15.236887543196229 ], [ -88.593268716916086, 15.246260318159647 ], [ -88.60176887978696, 15.25328962515688 ], [ -88.597096409364468, 15.264957840629457 ], [ -88.594040509937074, 15.270974997659591 ] ] ] ] } },
{ "type": "Feature", "properties": { "Dialgeo": 201065, "Dial": 12, "VERSION": "Capa anterior", "ID_MAPA": "anterior_116", "layer": "Capa anterior", "path": "C:\\Users\\said.calderon\\Downloads\\Capa anterior.geojson" }, "geometry": { "type": "MultiPolygon", "coordinates": [ [ [ [ -88.662658865990693, 15.286786327579035 ], [ -88.672943508937095, 15.295836592476029 ], [ -88.678706183939411, 15.298543196290758 ], [ -88.695835541009131, 15.299999715309756 ], [ -88.699326553077739, 15.300671691623574 ], [ -88.700616268164836, 15.300920477582226 ], [ -88.701780093225537, 15.302075277690731 ], [ -88.704373842874659, 15.304339729240345 ], [ -88.708360542830803, 15.308619116776631 ], [ -88.718008877153778, 15.318849926278682 ], [ -88.706365670922082, 15.325835850017715 ], [ -88.692214697194288, 15.334433910004213 ], [ -88.679317607214543, 15.341419833743238 ], [ -88.67233418078321, 15.334858562705909 ], [ -88.665889442115244, 15.328614326497227 ], [ -88.661957044000403, 15.32554050844502 ], [ -88.656689168467892, 15.322045528831369 ], [ -88.649639821060489, 15.31787398207593 ], [ -88.644739689995461, 15.315927541977659 ], [ -88.642955397678662, 15.314906284789629 ], [ -88.639730706026711, 15.314192643785999 ], [ -88.632191248254003, 15.312657794538511 ], [ -88.626493411821755, 15.31088914987974 ], [ -88.618062203120033, 15.30806005604976 ], [ -88.608192931106643, 15.304470374313606 ], [ -88.604296103679246, 15.302989864889884 ], [ -88.601087249799548, 15.301461257736459 ], [ -88.596633845484916, 15.2997690873395 ], [ -88.592237367433526, 15.297656694085338 ], [ -88.588334231421399, 15.29606708855658 ], [ -88.586261600416236, 15.29541475813925 ], [ -88.583882881080982, 15.294408717822586 ], [ -88.586270418316516, 15.289584202689243 ], [ -88.593008635238021, 15.274806701966662 ], [ -88.597469049519475, 15.265466630273874 ], [ -88.602012752736215, 15.253261810956275 ], [ -88.612311999298967, 15.249812481417672 ], [ -88.619911854296106, 15.25527649637923 ], [ -88.620918240738035, 15.255985241104998 ], [ -88.62785737485207, 15.260895932029424 ], [ -88.632728821580031, 15.264082562189767 ], [ -88.635219060627264, 15.265905581149806 ], [ -88.639881190400757, 15.269246992037809 ], [ -88.643377284404835, 15.27167626542442 ], [ -88.64771877430384, 15.274406119437229 ], [ -88.651215837736629, 15.276937532696156 ], [ -88.655852068501389, 15.279979530089731 ], [ -88.662658865990693, 15.286786327579035 ] ] ] ] } },
{ "type": "Feature", "properties": { "Dialgeo": 201053, "Dial": 11, "VERSION": "Capa anterior", "ID_MAPA": "anterior_117", "layer": "Capa anterior", "path": "C:\\Users\\said.calderon\\Downloads\\Capa anterior.geojson" }, "geometry": { "type": "MultiPolygon", "coordinates": [ [ [ [ -88.658051185499787, 15.172976477695197 ], [ -88.663319957911554, 15.168711899395309 ], [ -88.667480709496175, 15.17288534713547 ], [ -88.670704159456434, 15.176481813561447 ], [ -88.671777989203008, 15.177594429203161 ], [ -88.674580858214597, 15.181301694672134 ], [ -88.677663006154987, 15.18456225693444 ], [ -88.682453421300295, 15.19097053212568 ], [ -88.689259114073948, 15.198924902092013 ], [ -88.691517872850639, 15.201603988456908 ], [ -88.693853872483984, 15.205120510306079 ], [ -88.696456933319354, 15.208721182185446 ], [ -88.691403013243587, 15.211317657217046 ], [ -88.684878209033798, 15.215014486199836 ], [ -88.675858074181491, 15.219391827079624 ], [ -88.667626947684525, 15.223222793908038 ], [ -88.660643824103786, 15.226400670816137 ], [ -88.655137940501177, 15.229247789487404 ], [ -88.650210290581597, 15.231821904533168 ], [ -88.644730328940526, 15.234965281250629 ], [ -88.633936797867534, 15.239871270983155 ], [ -88.623674091367135, 15.244600544383751 ], [ -88.601816089169546, 15.252727796643565 ], [ -88.596409659118379, 15.248367906676251 ], [ -88.5792450631522, 15.235498557492004 ], [ -88.579709593289337, 15.234216662929136 ], [ -88.582091721051086, 15.22872737280619 ], [ -88.585456124626049, 15.22077617678617 ], [ -88.589702133340268, 15.218035497493835 ], [ -88.600866388097671, 15.210744848036709 ], [ -88.62022228641338, 15.200326192259729 ], [ -88.634983860409122, 15.192151690774503 ], [ -88.638551693802881, 15.18518588908495 ], [ -88.640731323421136, 15.180403532343613 ], [ -88.643173639901761, 15.180689393488949 ], [ -88.64412781139788, 15.18303455371138 ], [ -88.644410379300595, 15.183867101725005 ], [ -88.658051185499787, 15.172976477695197 ] ] ] ] } },
{ "type": "Feature", "properties": { "Dialgeo": 201088, "Dial": 15, "VERSION": "Capa anterior", "ID_MAPA": "anterior_118", "layer": "Capa anterior", "path": "C:\\Users\\said.calderon\\Downloads\\Capa anterior.geojson" }, "geometry": { "type": "MultiPolygon", "coordinates": [ [ [ [ -88.550907612198202, 15.157036184010618 ], [ -88.545898502663547, 15.16983645744893 ], [ -88.546853745547509, 15.174507755177219 ], [ -88.54848827257625, 15.178358969546187 ], [ -88.557575517015067, 15.183168686969076 ], [ -88.562169039898507, 15.18722571890725 ], [ -88.570699927541369, 15.193047322023125 ], [ -88.578021712998577, 15.196002905143461 ], [ -88.591478572508734, 15.19877936201412 ], [ -88.598262979216784, 15.200570624511286 ], [ -88.602466012953656, 15.202449635460205 ], [ -88.605965407954699, 15.204511402005101 ], [ -88.60797679664239, 15.206166216435811 ], [ -88.606861039203281, 15.206660917001722 ], [ -88.599377361587258, 15.211430999724213 ], [ -88.585203702970247, 15.220459078202705 ], [ -88.578334523355196, 15.235912523034456 ], [ -88.563978918032149, 15.232228230671344 ], [ -88.554854516376352, 15.232491724036171 ], [ -88.542990376258075, 15.237289126430474 ], [ -88.535811048481804, 15.240585722631632 ], [ -88.52737096083743, 15.239867487142277 ], [ -88.518752423390069, 15.239796664293724 ], [ -88.512003576054738, 15.239669820638237 ], [ -88.505523524791457, 15.239885787048793 ], [ -88.499397361261728, 15.239926794756313 ], [ -88.494252688703426, 15.240650739685572 ], [ -88.484852281238858, 15.242264814112172 ], [ -88.478449908936241, 15.243740050693511 ], [ -88.472317647392458, 15.246125270519675 ], [ -88.46448252566627, 15.253542062558948 ], [ -88.460885998581219, 15.256349183102131 ], [ -88.455784160537789, 15.261420465165253 ], [ -88.44875876970103, 15.253460253383778 ], [ -88.444447674695738, 15.245254234336915 ], [ -88.441598198023328, 15.238673523200521 ], [ -88.442992320244471, 15.226798262013164 ], [ -88.444606103095722, 15.216251426979309 ], [ -88.423659555009721, 15.195703558741398 ], [ -88.427413168392306, 15.194162172496737 ], [ -88.446774404030663, 15.186860993181469 ], [ -88.464007880009333, 15.180816473958309 ], [ -88.486909883594109, 15.172176015444009 ], [ -88.505610031706624, 15.166039645613022 ], [ -88.526939052585618, 15.158201099134288 ], [ -88.532192220008838, 15.156426496889319 ], [ -88.540400676245227, 15.155552251308608 ], [ -88.550907612198202, 15.157036184010618 ] ] ] ] } },
{ "type": "Feature", "properties": { "Dialgeo": 201008, "Dial": 6, "VERSION": "Capa anterior", "ID_MAPA": "anterior_119", "layer": "Capa anterior", "path": "C:\\Users\\said.calderon\\Downloads\\Capa anterior.geojson" }, "geometry": { "type": "MultiPolygon", "coordinates": [ [ [ [ -88.439908328928169, 15.291934005243665 ], [ -88.44139909975992, 15.294174903343841 ], [ -88.443741405844506, 15.297637836358891 ], [ -88.436923150546079, 15.302202159492284 ], [ -88.423689241381354, 15.310247150363253 ], [ -88.419531078887658, 15.312687378062147 ], [ -88.415764149675823, 15.313979447108965 ], [ -88.41148631882109, 15.312625507337968 ], [ -88.407972485544789, 15.310950148962021 ], [ -88.404241080490962, 15.308835026437986 ], [ -88.401623305654041, 15.306359738450729 ], [ -88.397595194587822, 15.30002799703653 ], [ -88.394972145169078, 15.292489696932241 ], [ -88.392980798479769, 15.286687668199368 ], [ -88.390831283483152, 15.280059996959777 ], [ -88.387427884738486, 15.272536694471592 ], [ -88.369720275356983, 15.248755585685636 ], [ -88.351182047863603, 15.228039013885731 ], [ -88.344926368097518, 15.221836288484493 ], [ -88.349861895793794, 15.217470092885604 ], [ -88.355686179308648, 15.212081981425563 ], [ -88.367232051953792, 15.200832723061058 ], [ -88.369289914150784, 15.197947509633442 ], [ -88.379630811659666, 15.198412709939863 ], [ -88.397543783096452, 15.199348727133161 ], [ -88.402188389709252, 15.202513278464609 ], [ -88.413718552548332, 15.199105430010245 ], [ -88.422504323099375, 15.195473497374104 ], [ -88.423178723142854, 15.195960448736296 ], [ -88.431697957759653, 15.204332275755402 ], [ -88.443976811047406, 15.216664653825283 ], [ -88.442296091629956, 15.225559698226455 ], [ -88.440809343897342, 15.238632235165205 ], [ -88.445250373939288, 15.248513551015813 ], [ -88.44830891309249, 15.254014363109567 ], [ -88.454452028517423, 15.261356066864865 ], [ -88.450576564817624, 15.264756918286535 ], [ -88.44753834473731, 15.267333942900756 ], [ -88.442504244230165, 15.270844448959277 ], [ -88.433700755111346, 15.277959361563658 ], [ -88.439908328928169, 15.291934005243665 ] ] ] ] } },
{ "type": "Feature", "properties": { "Dialgeo": 201097, "Dial": 17, "VERSION": "Capa anterior", "ID_MAPA": "anterior_120", "layer": "Capa anterior", "path": "C:\\Users\\said.calderon\\Downloads\\Capa anterior.geojson" }, "geometry": { "type": "MultiPolygon", "coordinates": [ [ [ [ -88.261402671675143, 15.209114067962648 ], [ -88.271835476854093, 15.209566816854371 ], [ -88.286377581564565, 15.210097909573619 ], [ -88.300497025619478, 15.210425898370369 ], [ -88.311346799740946, 15.210158284233746 ], [ -88.318513739117691, 15.210627876845848 ], [ -88.328737104101549, 15.211283797775378 ], [ -88.333586387491735, 15.211766588520542 ], [ -88.338293509218801, 15.211698908503312 ], [ -88.33741890446494, 15.219272252700369 ], [ -88.334826482772272, 15.231784909575092 ], [ -88.331296414462983, 15.244219671263133 ], [ -88.326111659759178, 15.252871358514948 ], [ -88.321458228102486, 15.261347399737151 ], [ -88.318398082694941, 15.269038106990216 ], [ -88.316222047108852, 15.276120120148779 ], [ -88.313790995979204, 15.28505713014891 ], [ -88.312416693144385, 15.292565461583401 ], [ -88.311664715293134, 15.295372696501852 ], [ -88.299011336087531, 15.29442351629416 ], [ -88.28462129995323, 15.293330233134467 ], [ -88.263834201511585, 15.292758916843285 ], [ -88.249038608035278, 15.291945906183892 ], [ -88.219309353297589, 15.290677621161867 ], [ -88.210287629046718, 15.290478288685168 ], [ -88.196329997386783, 15.290187814633331 ], [ -88.198618432539661, 15.284855763768089 ], [ -88.200483460171142, 15.279219052951738 ], [ -88.202354808036759, 15.274707640283964 ], [ -88.203282874720102, 15.271122018835777 ], [ -88.205678671787922, 15.265448510946554 ], [ -88.206911127783172, 15.263545187216643 ], [ -88.209148289276015, 15.260182297448157 ], [ -88.213341109949752, 15.256272103472041 ], [ -88.218978912035368, 15.251701806679209 ], [ -88.226207590724414, 15.244398865533615 ], [ -88.235116256274964, 15.236165756067818 ], [ -88.239825948461245, 15.230717734477919 ], [ -88.248203099797564, 15.221873287107529 ], [ -88.255746426510683, 15.214670071756142 ], [ -88.259519112776189, 15.211272980454678 ], [ -88.261402671675143, 15.209114067962648 ] ] ] ] } },
{ "type": "Feature", "properties": { "Dialgeo": 201099, "Dial": 16, "VERSION": "Capa anterior", "ID_MAPA": "anterior_121", "layer": "Capa anterior", "path": "C:\\Users\\said.calderon\\Downloads\\Capa anterior.geojson" }, "geometry": { "type": "MultiPolygon", "coordinates": [ [ [ [ -88.17341616913356, 15.25883758206591 ], [ -88.196517882121, 15.257965795900912 ], [ -88.207562347956099, 15.259270109670554 ], [ -88.187175221898755, 15.306848215075034 ], [ -88.174806903548514, 15.323701537181496 ], [ -88.1644166294775, 15.334131507158602 ], [ -88.161515167846886, 15.336740514697066 ], [ -88.156391316673762, 15.344248562366147 ], [ -88.154538696458772, 15.352442544720587 ], [ -88.15432096007028, 15.363217259255892 ], [ -88.156470475066897, 15.368232794248012 ], [ -88.137572655721527, 15.371457066742954 ], [ -88.133334286576144, 15.37246859686875 ], [ -88.125750323240098, 15.373427455489853 ], [ -88.11923018175834, 15.37420908271632 ], [ -88.112407175656173, 15.374721228083338 ], [ -88.10376434717908, 15.3753780688894 ], [ -88.102209270019841, 15.365700247742852 ], [ -88.101633218633737, 15.356393219681671 ], [ -88.101143368093062, 15.343402720289985 ], [ -88.101120851996185, 15.339105957207016 ], [ -88.108371247094937, 15.327342452651491 ], [ -88.11168891263722, 15.321839095570867 ], [ -88.119517734333144, 15.30944795687676 ], [ -88.121668163893503, 15.291904309308443 ], [ -88.121264847465909, 15.281202654249613 ], [ -88.120288617871012, 15.275989908588702 ], [ -88.119238298524692, 15.268924761372613 ], [ -88.118412468548769, 15.260039445911254 ], [ -88.120729785203238, 15.259823261269084 ], [ -88.127049954967632, 15.259280048336073 ], [ -88.132425490166028, 15.259457576062632 ], [ -88.139274704523658, 15.259320572766672 ], [ -88.148653025728635, 15.25917041858238 ], [ -88.160773430746374, 15.259414915666039 ], [ -88.17341616913356, 15.25883758206591 ] ] ] ] } },
{ "type": "Feature", "properties": { "Dialgeo": 201104, "Dial": 18, "VERSION": "Capa anterior", "ID_MAPA": "anterior_122", "layer": "Capa anterior", "path": "C:\\Users\\said.calderon\\Downloads\\Capa anterior.geojson" }, "geometry": { "type": "MultiPolygon", "coordinates": [ [ [ [ -88.187195032864381, 15.308609659718474 ], [ -88.193026955472789, 15.296097523310474 ], [ -88.194580086848475, 15.291178641466312 ], [ -88.198267152740371, 15.290852018134734 ], [ -88.201536124155069, 15.291141402907707 ], [ -88.206805836712277, 15.291113048016845 ], [ -88.215132549719115, 15.291170294719683 ], [ -88.221984918934254, 15.291439892782783 ], [ -88.229154066422637, 15.291809842909027 ], [ -88.238010718104363, 15.292374837277071 ], [ -88.243884084929547, 15.292596735304258 ], [ -88.252840397415483, 15.293313240303132 ], [ -88.309504827315848, 15.295642977831013 ], [ -88.308647717589437, 15.300648175794105 ], [ -88.30482945412588, 15.315153779254471 ], [ -88.300327821837783, 15.334146241129584 ], [ -88.333484840765792, 15.351537261129167 ], [ -88.328287676325218, 15.372603273879905 ], [ -88.322977131535922, 15.395620080758547 ], [ -88.29407071612458, 15.393334947659937 ], [ -88.281201762069429, 15.392591037087142 ], [ -88.272960260738571, 15.391720261697383 ], [ -88.259893754561276, 15.391280521205209 ], [ -88.245757146342541, 15.390132510026142 ], [ -88.238587061734194, 15.390172540501872 ], [ -88.237667375332165, 15.377287625428043 ], [ -88.236762338842183, 15.366857852215455 ], [ -88.236743039541537, 15.363584294018612 ], [ -88.236460778521078, 15.3604144959175 ], [ -88.236475525626105, 15.353969380509781 ], [ -88.23639299619883, 15.348905880577737 ], [ -88.232643910727589, 15.347801306840994 ], [ -88.227310255553931, 15.346142727526816 ], [ -88.221234868257426, 15.343823108424345 ], [ -88.216903165289864, 15.342209931664534 ], [ -88.213311226097986, 15.340899553966015 ], [ -88.210881286754727, 15.339992025517795 ], [ -88.207503779226755, 15.339294204774344 ], [ -88.20306859636959, 15.337988215301054 ], [ -88.199163467054603, 15.337190804212069 ], [ -88.193358527885678, 15.335994273535224 ], [ -88.18755306596762, 15.334695286154187 ], [ -88.183542044687826, 15.333795852655141 ], [ -88.179005119371553, 15.333103731163042 ], [ -88.173413485467833, 15.332314757085546 ], [ -88.168004430071093, 15.331291799239519 ], [ -88.175290283960393, 15.324432412671465 ], [ -88.179667869894047, 15.319698374335866 ], [ -88.183014520341956, 15.314974684792377 ], [ -88.187195032864381, 15.308609659718474 ] ] ] ] } },
{ "type": "Feature", "properties": { "Dialgeo": 201110, "Dial": 19, "VERSION": "Capa anterior", "ID_MAPA": "anterior_123", "layer": "Capa anterior", "path": "C:\\Users\\said.calderon\\Downloads\\Capa anterior.geojson" }, "geometry": { "type": "MultiPolygon", "coordinates": [ [ [ [ -88.193985088332539, 15.336684669683436 ], [ -88.200357090793773, 15.337941843230977 ], [ -88.208336835529678, 15.33978206958392 ], [ -88.214408380437419, 15.341622279723762 ], [ -88.221087079835939, 15.344215275580487 ], [ -88.227245361099506, 15.346724595750823 ], [ -88.232276069737367, 15.348313816259216 ], [ -88.236005733037828, 15.349192064507509 ], [ -88.236135837571581, 15.350739445287326 ], [ -88.236179205749465, 15.354210555032719 ], [ -88.236179205749465, 15.357179771763978 ], [ -88.236092469393654, 15.360901687977911 ], [ -88.236179205749465, 15.364205355716791 ], [ -88.236179205749465, 15.366505346656398 ], [ -88.236699623884405, 15.37143978705457 ], [ -88.237046569307694, 15.377795843193738 ], [ -88.237566987442648, 15.390172869629108 ], [ -88.232189333381498, 15.39059099956607 ], [ -88.223255488731539, 15.390758251305673 ], [ -88.201658136131144, 15.391845384337145 ], [ -88.201484663419478, 15.389252980811234 ], [ -88.201571399775304, 15.387601352050511 ], [ -88.200381525493938, 15.386496750206561 ], [ -88.19930900318009, 15.386606649759528 ], [ -88.195350416217565, 15.384962073631424 ], [ -88.194385683408825, 15.385154663909336 ], [ -88.186042032724075, 15.386115517918373 ], [ -88.180997533366593, 15.385996580103452 ], [ -88.175013964773214, 15.38241639048816 ], [ -88.167440643758269, 15.378757597956707 ], [ -88.165749284819668, 15.382144611983257 ], [ -88.160241526224794, 15.375495976844407 ], [ -88.157986380973341, 15.372861553287283 ], [ -88.15668533563597, 15.3681780514033 ], [ -88.155687867543961, 15.365752625141821 ], [ -88.154430190384502, 15.363159896902909 ], [ -88.154647031274067, 15.35809980217555 ], [ -88.154777135807791, 15.352412276468483 ], [ -88.154993976697369, 15.350739445287326 ], [ -88.155861340255612, 15.347226456165748 ], [ -88.156511862924276, 15.34413163105542 ], [ -88.157943012795386, 15.342207797731531 ], [ -88.159157321776931, 15.340618530748387 ], [ -88.159677739911885, 15.339740246437767 ], [ -88.160718576181779, 15.338109137205713 ], [ -88.161325730672559, 15.33731448963251 ], [ -88.161889516985426, 15.336645310384222 ], [ -88.163971189525228, 15.334805056399334 ], [ -88.167310539224488, 15.331500923342775 ], [ -88.176417856586113, 15.333090259688662 ], [ -88.193985088332539, 15.336684669683436 ] ] ] ] } },
{ "type": "Feature", "properties": { "Dialgeo": 201047, "Dial": 14, "VERSION": "Capa anterior", "ID_MAPA": "anterior_124", "layer": "Capa anterior", "path": "C:\\Users\\said.calderon\\Downloads\\Capa anterior.geojson" }, "geometry": { "type": "MultiPolygon", "coordinates": [ [ [ [ -88.63398399513936, 15.136167007484751 ], [ -88.646731162266619, 15.15049701893331 ], [ -88.653844735766683, 15.15793755410407 ], [ -88.663362467457205, 15.168347240119544 ], [ -88.660974069299201, 15.170089459216481 ], [ -88.644498597851651, 15.183635243405828 ], [ -88.643238070979336, 15.18064962854606 ], [ -88.640686761217466, 15.18036172721567 ], [ -88.635722756189267, 15.190125325074584 ], [ -88.634729881218092, 15.19211331688523 ], [ -88.63236871505346, 15.193255623250794 ], [ -88.627019826184949, 15.196260717866828 ], [ -88.62261404822577, 15.198645167157528 ], [ -88.619258737206025, 15.20066396953418 ], [ -88.614564275550777, 15.203203787680508 ], [ -88.61144269814595, 15.20481165204373 ], [ -88.608452155418092, 15.20634182312549 ], [ -88.607577544202158, 15.205317470128829 ], [ -88.60199067323849, 15.201605913156508 ], [ -88.597820438901564, 15.200356951834687 ], [ -88.592585907693049, 15.198548463806109 ], [ -88.58884811345574, 15.197863246047644 ], [ -88.585419520834535, 15.197171398959139 ], [ -88.577716705896762, 15.195384309918319 ], [ -88.570797152386177, 15.192670862326922 ], [ -88.565608877351295, 15.189024531837577 ], [ -88.561692205027242, 15.186392162322745 ], [ -88.558773211168472, 15.183343646290419 ], [ -88.556128849416979, 15.181827560634774 ], [ -88.551477772653016, 15.179558083183345 ], [ -88.548833877080966, 15.178093045388682 ], [ -88.547069988279617, 15.174524946145485 ], [ -88.546297396632198, 15.169671376788324 ], [ -88.54903729833805, 15.162645561469271 ], [ -88.55136772459025, 15.157259212613891 ], [ -88.555520823860306, 15.156309983229361 ], [ -88.560413679893998, 15.15571358513778 ], [ -88.565437868594927, 15.155536363307395 ], [ -88.571931420508179, 15.154714304583287 ], [ -88.580932503601332, 15.153320317297243 ], [ -88.595076637930759, 15.152031521192482 ], [ -88.601455295163163, 15.151538932852521 ], [ -88.606604908425425, 15.150829110039 ], [ -88.609762143050801, 15.149843187680325 ], [ -88.613156880619258, 15.148799740718117 ], [ -88.6149271469788, 15.148183672680654 ], [ -88.61652057318652, 15.147655059253017 ], [ -88.617933888045229, 15.146782923282236 ], [ -88.619524672196988, 15.145909506089593 ], [ -88.62252458781775, 15.143713145165854 ], [ -88.625323350321764, 15.141148342492439 ], [ -88.627264402213797, 15.139668951534926 ], [ -88.629735211477467, 15.137840921562029 ], [ -88.633236329067884, 15.134791519537107 ], [ -88.63398399513936, 15.136167007484751 ] ] ] ] } },
{ "type": "Feature", "properties": { "Dialgeo": 201013, "Dial": 7, "VERSION": "Capa anterior", "ID_MAPA": "anterior_125", "layer": "Capa anterior", "path": "C:\\Users\\said.calderon\\Downloads\\Capa anterior.geojson" }, "geometry": { "type": "MultiPolygon", "coordinates": [ [ [ [ -88.453923316201411, 15.308069815328686 ], [ -88.450706357597355, 15.30524593182037 ], [ -88.446606522371582, 15.300483586578686 ], [ -88.443627610282817, 15.296411029008659 ], [ -88.439578206437446, 15.289890222126568 ], [ -88.434228339749353, 15.278058279135363 ], [ -88.442441294729278, 15.272067018980946 ], [ -88.449360651500058, 15.270987891371353 ], [ -88.456092212438634, 15.269818597645035 ], [ -88.460890923422241, 15.268930279107256 ], [ -88.467278440643867, 15.268026490441208 ], [ -88.473842879984318, 15.267035155352131 ], [ -88.481914971339947, 15.2657750541418 ], [ -88.491035019491392, 15.265108923819609 ], [ -88.49795097393681, 15.264237569658619 ], [ -88.505718567129946, 15.263596068324567 ], [ -88.513000355643314, 15.262957581177702 ], [ -88.519692726880109, 15.264798546383743 ], [ -88.523708537272981, 15.265950177855704 ], [ -88.52749942383835, 15.26957894664694 ], [ -88.528392149555103, 15.275467330559103 ], [ -88.528425815995732, 15.285047789318162 ], [ -88.528095832300863, 15.290764830276204 ], [ -88.517004420799694, 15.296799145232665 ], [ -88.505902167254121, 15.318968792087899 ], [ -88.499437732954121, 15.316224378732752 ], [ -88.491629144632981, 15.314946832288697 ], [ -88.489885080586774, 15.314242415141884 ], [ -88.48703728948179, 15.313954503437813 ], [ -88.484720798339268, 15.314276785871401 ], [ -88.481667260319711, 15.314706226451035 ], [ -88.479352185355893, 15.315233032290786 ], [ -88.477353998890109, 15.315860013819595 ], [ -88.475563003749841, 15.31597414163098 ], [ -88.47387811670383, 15.31618984915117 ], [ -88.471717515543091, 15.316204090289482 ], [ -88.470242696294918, 15.316316093183937 ], [ -88.467343965311784, 15.316284000692587 ], [ -88.463128141797895, 15.316311645818239 ], [ -88.461276969709701, 15.315351963890723 ], [ -88.457670151904182, 15.311999804105229 ], [ -88.455758917637439, 15.309966369823227 ], [ -88.453923316201411, 15.308069815328686 ] ] ] ] } },
{ "type": "Feature", "properties": { "Dialgeo": 201003, "Dial": 1, "VERSION": "Capa anterior", "ID_MAPA": "anterior_126", "layer": "Capa anterior", "path": "C:\\Users\\said.calderon\\Downloads\\Capa anterior.geojson" }, "geometry": { "type": "MultiPolygon", "coordinates": [ [ [ [ -88.396291928546759, 15.387246122035986 ], [ -88.396795721124079, 15.387394460961531 ], [ -88.397589101138522, 15.387581927777269 ], [ -88.397772518954582, 15.387629564164287 ], [ -88.396776129190556, 15.389700711426656 ], [ -88.397187559795327, 15.391592732439321 ], [ -88.398217535731206, 15.393607902748652 ], [ -88.400295674336036, 15.396408930291228 ], [ -88.40390759300746, 15.400851320471643 ], [ -88.405967544879218, 15.406314671088067 ], [ -88.407131865502407, 15.409270254208426 ], [ -88.408216325301595, 15.412322073617236 ], [ -88.405344904474362, 15.413712038455579 ], [ -88.397854766074346, 15.416415371853875 ], [ -88.389362698337933, 15.41837659826388 ], [ -88.376718656274932, 15.421793572788559 ], [ -88.37182517517283, 15.423358307389131 ], [ -88.367137156267873, 15.424661793759729 ], [ -88.362355836108861, 15.42671568839287 ], [ -88.357698388291823, 15.428125232915802 ], [ -88.35454115283855, 15.429141919438772 ], [ -88.3380887614925, 15.429088257087798 ], [ -88.330099323030069, 15.428982825821121 ], [ -88.328439817472173, 15.429222934419412 ], [ -88.314675023039399, 15.428921262674917 ], [ -88.317770078581034, 15.41800809481037 ], [ -88.320542699635936, 15.406176123858845 ], [ -88.323794396554689, 15.395108519389924 ], [ -88.32611532766542, 15.386961944879987 ], [ -88.333961641450074, 15.352389259535224 ], [ -88.35127799199536, 15.357981982915373 ], [ -88.383528519341453, 15.364766935211328 ], [ -88.383446149180301, 15.372482995153458 ], [ -88.383365362834454, 15.380436110360344 ], [ -88.383722893097669, 15.380757165090969 ], [ -88.385879191740713, 15.381002372319751 ], [ -88.388214476778089, 15.381440407853997 ], [ -88.391076167332599, 15.381702715153388 ], [ -88.392264293480892, 15.381624580550286 ], [ -88.394153893954154, 15.381882813187612 ], [ -88.396193968878961, 15.382502075266093 ], [ -88.397067209346346, 15.382770764640677 ], [ -88.397347094111524, 15.382938695499776 ], [ -88.397268726377263, 15.383112224054194 ], [ -88.397162370166484, 15.383408901905286 ], [ -88.397022427783895, 15.383694384365777 ], [ -88.396904876182518, 15.384052636865219 ], [ -88.396854496924789, 15.384254153896153 ], [ -88.396393993191154, 15.386231483785252 ], [ -88.395684485311449, 15.386868221626049 ], [ -88.396291928546759, 15.387246122035986 ] ] ] ] } },
{ "type": "Feature", "properties": { "Dialgeo": 201004, "Dial": 3, "VERSION": "Capa anterior", "ID_MAPA": "anterior_127", "layer": "Capa anterior", "path": "C:\\Users\\said.calderon\\Downloads\\Capa anterior.geojson" }, "geometry": { "type": "MultiPolygon", "coordinates": [ [ [ [ -88.435409722669718, 15.361701720770583 ], [ -88.458902756935714, 15.366682232648888 ], [ -88.469292079419404, 15.369010873895236 ], [ -88.478622352202322, 15.370656896970893 ], [ -88.49224252173822, 15.373481400634899 ], [ -88.489462614008147, 15.382859787617159 ], [ -88.484493429063619, 15.3957818718868 ], [ -88.474845932976208, 15.418248219279389 ], [ -88.465469832917563, 15.434574895301887 ], [ -88.456432315065385, 15.454274725655109 ], [ -88.449645761174864, 15.492015719610245 ], [ -88.456474111092163, 15.527659256607086 ], [ -88.415470470773244, 15.560798425396822 ], [ -88.396897553404727, 15.55293799919826 ], [ -88.251286129322111, 15.502472127263026 ], [ -88.247282352042845, 15.497092888787055 ], [ -88.245906026836451, 15.491160574320119 ], [ -88.229999434873193, 15.429978538595178 ], [ -88.355008111269754, 15.429856766384631 ], [ -88.403802390356276, 15.415102672027558 ], [ -88.406640711637436, 15.413780450342951 ], [ -88.408848900115544, 15.412845799456527 ], [ -88.408363021831235, 15.411161003770802 ], [ -88.407157139424456, 15.408253219304951 ], [ -88.406591687905561, 15.40663933741569 ], [ -88.405069114782947, 15.40234030742244 ], [ -88.404355408631773, 15.400582631097073 ], [ -88.402471784162046, 15.397503898680034 ], [ -88.399742907701466, 15.394402775481776 ], [ -88.397638174267271, 15.391895007985713 ], [ -88.397145577080551, 15.389700711426659 ], [ -88.397903799508782, 15.387857845857999 ], [ -88.397850793393957, 15.38764070357796 ], [ -88.39671306182349, 15.387355221117469 ], [ -88.396275042165954, 15.387220876430177 ], [ -88.395699878973502, 15.386866822202229 ], [ -88.396405188581767, 15.386221687818461 ], [ -88.396729854909367, 15.385195910154073 ], [ -88.396953762721523, 15.3841883249994 ], [ -88.397373589869346, 15.383315084532027 ], [ -88.39769265850164, 15.382654556486179 ], [ -88.398895023950502, 15.381675266350735 ], [ -88.400808037512732, 15.378753762575048 ], [ -88.401175824404376, 15.377739780009504 ], [ -88.401544963035093, 15.372693109426196 ], [ -88.404334022349801, 15.361296269394501 ], [ -88.405486803560706, 15.359311638166812 ], [ -88.40760490969042, 15.35886185092418 ], [ -88.411402767714847, 15.358837834256276 ], [ -88.435409722669718, 15.361701720770583 ] ] ] ] } },
{ "type": "Feature", "properties": { "Dialgeo": 201021, "Dial": 9, "VERSION": "Capa anterior", "ID_MAPA": "anterior_128", "layer": "Capa anterior", "path": "C:\\Users\\said.calderon\\Downloads\\Capa anterior.geojson" }, "geometry": { "type": "MultiPolygon", "coordinates": [ [ [ [ -88.656341381919702, 15.322996287784282 ], [ -88.666006638062683, 15.329571745551606 ], [ -88.673952805569527, 15.337346152601059 ], [ -88.678930355080595, 15.341700697409259 ], [ -88.643895391332663, 15.37944497794134 ], [ -88.621033837567381, 15.397526607358545 ], [ -88.605621692180918, 15.386378724535255 ], [ -88.577976931436197, 15.372279927952592 ], [ -88.55894476740356, 15.358755896098836 ], [ -88.550884086166235, 15.352844729858118 ], [ -88.549227168356325, 15.349754802050468 ], [ -88.549092823669042, 15.349542089628933 ], [ -88.54912081214556, 15.349223020996622 ], [ -88.549274748766408, 15.348635262989733 ], [ -88.549414691149011, 15.347966338400939 ], [ -88.549644196656459, 15.34686919012141 ], [ -88.549862506773309, 15.345897989986213 ], [ -88.550002449155912, 15.345136703424911 ], [ -88.550749741478938, 15.34523746194038 ], [ -88.550786126498409, 15.345226266549769 ], [ -88.551052017025341, 15.344364221473002 ], [ -88.551365487962372, 15.343261475498169 ], [ -88.551533418821492, 15.342581355518769 ], [ -88.551737734700083, 15.34184525858633 ], [ -88.552070797570636, 15.340496214018136 ], [ -88.555446207838799, 15.340277903901288 ], [ -88.559851594042811, 15.339930846792463 ], [ -88.562348166148269, 15.333000900006475 ], [ -88.589002775330741, 15.297711514726512 ], [ -88.589418435869234, 15.296903724549002 ], [ -88.614355138168904, 15.307361392473643 ], [ -88.621901201125681, 15.310205787789924 ], [ -88.637856678610063, 15.314565436189071 ], [ -88.649294708800909, 15.319169506652973 ], [ -88.656341381919702, 15.322996287784282 ] ] ] ] } },
{ "type": "Feature", "properties": { "Dialgeo": 201348, "Dial": 1, "VERSION": "Capa anterior", "ID_MAPA": "anterior_129", "layer": "Capa anterior", "path": "C:\\Users\\said.calderon\\Downloads\\Capa anterior.geojson" }, "geometry": { "type": "MultiPolygon", "coordinates": [ [ [ [ -87.94383951492739, 15.865514208469067 ], [ -87.94289742085968, 15.865373780961285 ], [ -87.944502103531605, 15.856818616327011 ], [ -87.946874752087282, 15.843190132691182 ], [ -87.948733571409434, 15.843476770434009 ], [ -87.950742437445143, 15.84329111072703 ], [ -87.952598634936535, 15.843017674171145 ], [ -87.954212474573083, 15.843010576688313 ], [ -87.959086386637168, 15.843401738316802 ], [ -87.961068039891273, 15.843272707650049 ], [ -87.96332268186417, 15.84417881639339 ], [ -87.963853929034372, 15.845600113898259 ], [ -87.964005869935519, 15.846976032306184 ], [ -87.964045275655209, 15.84886234287266 ], [ -87.963566318911944, 15.850603577014585 ], [ -87.962784381264228, 15.852670396475238 ], [ -87.96133626528605, 15.855536031914895 ], [ -87.959462617611052, 15.85858040248621 ], [ -87.958737616518732, 15.859821619555213 ], [ -87.956220772770109, 15.862102426275994 ], [ -87.953912885070693, 15.863497994458397 ], [ -87.950568039686644, 15.864573854053292 ], [ -87.94770820468483, 15.865175918555865 ], [ -87.945029285080892, 15.865393962851501 ], [ -87.94383951492739, 15.865514208469067 ] ] ] ] } },
{ "type": "Feature", "properties": { "Dialgeo": 201139, "Dial": 2, "VERSION": "Capa anterior", "ID_MAPA": "anterior_130", "layer": "Capa anterior", "path": "C:\\Users\\said.calderon\\Downloads\\Capa anterior.geojson" }, "geometry": { "type": "MultiPolygon", "coordinates": [ [ [ [ -87.946836483643992, 15.843146085116249 ], [ -87.946006676657589, 15.848042803461047 ], [ -87.94468261295755, 15.855544183741582 ], [ -87.940128050772941, 15.854794869309996 ], [ -87.938177205688817, 15.854443481825124 ], [ -87.937809531190069, 15.855791016121376 ], [ -87.936746494543371, 15.855552999188909 ], [ -87.935756770768847, 15.855314981975608 ], [ -87.936700673998246, 15.851268646386444 ], [ -87.937104295535249, 15.849006617449293 ], [ -87.931430483200359, 15.847932710331735 ], [ -87.930601959443294, 15.84776440131172 ], [ -87.930858554495956, 15.846821109854162 ], [ -87.931124313657648, 15.846724135716109 ], [ -87.931369453574035, 15.845952748867845 ], [ -87.931864315461297, 15.845937321100811 ], [ -87.932929825637729, 15.841007028431971 ], [ -87.935927332822089, 15.841075635181113 ], [ -87.935665863301637, 15.840237530218461 ], [ -87.935943216326422, 15.840221946302016 ], [ -87.9364285894939, 15.840195872480853 ], [ -87.936853011921897, 15.83984395885652 ], [ -87.937427355094016, 15.839774337848885 ], [ -87.937285991278117, 15.83919947473249 ], [ -87.937422841764686, 15.83879605116984 ], [ -87.938036502792841, 15.838659120066216 ], [ -87.938889544021762, 15.83886643535744 ], [ -87.940021335311584, 15.839360275884905 ], [ -87.94177230548442, 15.840906456585699 ], [ -87.943087177543958, 15.842307609455892 ], [ -87.946836483643992, 15.843146085116249 ] ] ] ] } },
{ "type": "Feature", "properties": { "Dialgeo": 201155, "Dial": 4, "VERSION": "Capa anterior", "ID_MAPA": "anterior_131", "layer": "Capa anterior", "path": "C:\\Users\\said.calderon\\Downloads\\Capa anterior.geojson" }, "geometry": { "type": "MultiPolygon", "coordinates": [ [ [ [ -87.930831062168892, 15.84674176738103 ], [ -87.930580802770578, 15.847826996197337 ], [ -87.929300071125596, 15.854084606076736 ], [ -87.927408932293105, 15.853687654163378 ], [ -87.927311566729358, 15.853773785238921 ], [ -87.927079387308368, 15.854927192685274 ], [ -87.920237829716584, 15.853251276067768 ], [ -87.919148729096861, 15.852956818731567 ], [ -87.919139528224179, 15.850924522163941 ], [ -87.921654113125797, 15.849916332757447 ], [ -87.922593209311586, 15.848836439403652 ], [ -87.923456034622689, 15.847727390718406 ], [ -87.924150768784784, 15.846486410861491 ], [ -87.925258522013252, 15.845671077578805 ], [ -87.925835266618321, 15.84527068043805 ], [ -87.927142508287034, 15.84473615561941 ], [ -87.927545729084059, 15.844559837149021 ], [ -87.927802324136721, 15.8441366721918 ], [ -87.927835835737255, 15.843257716537083 ], [ -87.927998329000459, 15.842166386169005 ], [ -87.928560439572408, 15.841898689812181 ], [ -87.928985505458414, 15.841857738179531 ], [ -87.929494802252904, 15.841752882957133 ], [ -87.930243768127156, 15.841453296607432 ], [ -87.930946700323901, 15.841004158363887 ], [ -87.931277341033621, 15.840150095986228 ], [ -87.931397175573508, 15.838517350380357 ], [ -87.93135223762107, 15.838082950173291 ], [ -87.930293785017241, 15.835322809941346 ], [ -87.929704848517687, 15.834532396271229 ], [ -87.929279646913017, 15.833918072847734 ], [ -87.928623175696714, 15.831985754214454 ], [ -87.927844266262014, 15.830646309939562 ], [ -87.926832094883125, 15.83029575962953 ], [ -87.925764194722859, 15.830760700349611 ], [ -87.925004816025151, 15.831531241444706 ], [ -87.924887933961358, 15.831972938360602 ], [ -87.924464312039561, 15.832502264163452 ], [ -87.924248876554813, 15.833059476066694 ], [ -87.924369773005353, 15.833500159443737 ], [ -87.924380683713466, 15.833720712212322 ], [ -87.924312006895448, 15.833869669606926 ], [ -87.923234860846975, 15.83424196282124 ], [ -87.922507328893019, 15.834299254056219 ], [ -87.920830251221119, 15.832513429385065 ], [ -87.919804330144018, 15.830815110959222 ], [ -87.919108228837175, 15.829893903153913 ], [ -87.917762268825584, 15.829322437083219 ], [ -87.916590036746825, 15.829144599817198 ], [ -87.916250964712958, 15.829047617191485 ], [ -87.915901071635204, 15.828960545824872 ], [ -87.915994692369495, 15.828668449133911 ], [ -87.916394423490715, 15.828550578241945 ], [ -87.91877109469435, 15.827989621887738 ], [ -87.920607377612058, 15.827497630160039 ], [ -87.921208747694564, 15.827337188689583 ], [ -87.921447014529164, 15.827354822046949 ], [ -87.921708191636313, 15.827495888850544 ], [ -87.921844115847406, 15.828237793756212 ], [ -87.922048205000252, 15.828732600478842 ], [ -87.922301719194778, 15.829083794914595 ], [ -87.922589331369238, 15.829238384659499 ], [ -87.925738927294631, 15.829485621288594 ], [ -87.92629231243464, 15.829486810215672 ], [ -87.927422013554676, 15.829492855497513 ], [ -87.927789787719192, 15.829473637081257 ], [ -87.928322725641721, 15.829715237575854 ], [ -87.92881037611977, 15.830189364268739 ], [ -87.929167776389363, 15.830683090662326 ], [ -87.930667939358031, 15.830310938563565 ], [ -87.93149749743543, 15.830064770175918 ], [ -87.931832632944165, 15.829689271881692 ], [ -87.932051689102252, 15.829523113944607 ], [ -87.932318532969788, 15.829725200714888 ], [ -87.933400220114478, 15.83060122705345 ], [ -87.93428460977546, 15.831180021941105 ], [ -87.933972467335721, 15.831804532934115 ], [ -87.933746600955303, 15.832241907251445 ], [ -87.933895609224976, 15.832327587047548 ], [ -87.933345151504511, 15.833279490196976 ], [ -87.933196252801565, 15.833217787712323 ], [ -87.932969084684359, 15.8333722249748 ], [ -87.932805231417092, 15.833993596499859 ], [ -87.933274544855379, 15.835164474872204 ], [ -87.933942277182325, 15.836343225663327 ], [ -87.935921724731315, 15.841051067566532 ], [ -87.932897568753674, 15.8409805389096 ], [ -87.932847165894998, 15.841240613936201 ], [ -87.931820785943401, 15.845904261596056 ], [ -87.931490878018565, 15.84593511713399 ], [ -87.931348834328702, 15.845913077464512 ], [ -87.931041836676414, 15.846719727799632 ], [ -87.930831062168892, 15.84674176738103 ] ] ] ] } },
{ "type": "Feature", "properties": { "Dialgeo": 201174, "Dial": 15, "VERSION": "Capa anterior", "ID_MAPA": "anterior_132", "layer": "Capa anterior", "path": "C:\\Users\\said.calderon\\Downloads\\Capa anterior.geojson" }, "geometry": { "type": "MultiPolygon", "coordinates": [ [ [ [ -87.871941398569575, 15.82507396485242 ], [ -87.871920110716431, 15.825435144270063 ], [ -87.872072433117907, 15.825884858526994 ], [ -87.871882251154389, 15.826067736964763 ], [ -87.871723036606454, 15.826160813386398 ], [ -87.871642829036389, 15.826732312025575 ], [ -87.871737725464754, 15.82692784155863 ], [ -87.87190229835619, 15.827087220091643 ], [ -87.872187109843793, 15.827369594149051 ], [ -87.871632229587263, 15.827916786823215 ], [ -87.871689470511384, 15.827971742989831 ], [ -87.871679607292805, 15.828330492400497 ], [ -87.87180284122816, 15.828487277709437 ], [ -87.871744857044035, 15.828878531353396 ], [ -87.871891388711333, 15.829196063473439 ], [ -87.872334299232662, 15.829715020165141 ], [ -87.872488249347143, 15.830112341084032 ], [ -87.872687050613237, 15.830384515556714 ], [ -87.872749402790092, 15.830705636311883 ], [ -87.872851644902212, 15.831143945356187 ], [ -87.873415982418166, 15.833259609943088 ], [ -87.874471639220218, 15.838166318096183 ], [ -87.874811473848851, 15.840125528654763 ], [ -87.874498160893381, 15.84099641087243 ], [ -87.874152141207887, 15.842326212161103 ], [ -87.873821214524654, 15.843326648140264 ], [ -87.873604876772575, 15.844093231723541 ], [ -87.873449865118502, 15.844912320587955 ], [ -87.873215146368793, 15.845629422433687 ], [ -87.87303228088787, 15.846116122155035 ], [ -87.8729026986463, 15.846704915181959 ], [ -87.872720051391241, 15.847242767803534 ], [ -87.872589973153055, 15.847716466135331 ], [ -87.872434021384663, 15.848318153574276 ], [ -87.872303886981342, 15.848779063475279 ], [ -87.872173752039117, 15.849239973308475 ], [ -87.87177877804028, 15.855712543157678 ], [ -87.871655338893461, 15.857733622030553 ], [ -87.869357139600396, 15.857896319950818 ], [ -87.867006634259909, 15.858187088082495 ], [ -87.864365350345835, 15.858453414541483 ], [ -87.862146404407298, 15.858615720276539 ], [ -87.861090211431488, 15.858798961051896 ], [ -87.859902655570252, 15.859161757683951 ], [ -87.858926270264874, 15.859472556535883 ], [ -87.857976846472567, 15.859911129615211 ], [ -87.855865298358893, 15.860482179596646 ], [ -87.853912928330857, 15.861206044419703 ], [ -87.851487482101305, 15.862545603037788 ], [ -87.84547401333883, 15.865280339613786 ], [ -87.845099164643059, 15.864105255348294 ], [ -87.843585357612653, 15.855926472624652 ], [ -87.842341388295324, 15.845812277995595 ], [ -87.842101719215563, 15.844494098056908 ], [ -87.84180213286588, 15.843715173547684 ], [ -87.841628579985866, 15.842838568458628 ], [ -87.841502546516168, 15.842337076339062 ], [ -87.841442629246217, 15.841618069099773 ], [ -87.840640174800498, 15.840233528783347 ], [ -87.839784959596031, 15.837883739272085 ], [ -87.835534422452611, 15.83227316420121 ], [ -87.838344126460314, 15.82806765626056 ], [ -87.83892040729414, 15.826863298417189 ], [ -87.841330824733419, 15.821968713624642 ], [ -87.844849010391968, 15.816660561444831 ], [ -87.850922902375174, 15.816074143004011 ], [ -87.851978672948974, 15.815839807995824 ], [ -87.853661828338844, 15.814017216477456 ], [ -87.85533538961343, 15.809918280977691 ], [ -87.857975433102212, 15.803232223319373 ], [ -87.859987093300717, 15.804170626150542 ], [ -87.862475616677827, 15.805292684162247 ], [ -87.866257758203417, 15.806473234853293 ], [ -87.867896638916903, 15.807024411585859 ], [ -87.868136309297284, 15.807156318239045 ], [ -87.86897488798742, 15.811756845818993 ], [ -87.86985956870339, 15.814771401946141 ], [ -87.870517444793279, 15.817843060584973 ], [ -87.871941398569575, 15.82507396485242 ] ] ] ] } },
{ "type": "Feature", "properties": { "Dialgeo": 201175, "Dial": 16, "VERSION": "Capa anterior", "ID_MAPA": "anterior_133", "layer": "Capa anterior", "path": "C:\\Users\\said.calderon\\Downloads\\Capa anterior.geojson" }, "geometry": { "type": "MultiPolygon", "coordinates": [ [ [ [ -87.855852732666875, 15.808184232473053 ], [ -87.853515959139202, 15.81393629038733 ], [ -87.851538689231162, 15.815853643025411 ], [ -87.844768037727917, 15.816512732994768 ], [ -87.841182751799082, 15.821849703468615 ], [ -87.839015979813624, 15.826458999804865 ], [ -87.835059062303458, 15.832326149154964 ], [ -87.832425080120188, 15.832330892259014 ], [ -87.830013511404744, 15.832537343269651 ], [ -87.824308308003296, 15.832968335342118 ], [ -87.820504546121228, 15.833187375467102 ], [ -87.821194338119696, 15.820805331092064 ], [ -87.821749944227207, 15.814460042751831 ], [ -87.822153217164939, 15.809649970263248 ], [ -87.822609310955187, 15.804839695788033 ], [ -87.82280556293675, 15.801104653761938 ], [ -87.823006770067039, 15.798597307052125 ], [ -87.82231127615519, 15.796451437604386 ], [ -87.822357341597609, 15.793138879136981 ], [ -87.822617550665086, 15.791636555591104 ], [ -87.843361092262924, 15.792512912346824 ], [ -87.8469075475262, 15.79270390375553 ], [ -87.850195900367993, 15.79280897841948 ], [ -87.852435883491097, 15.792825895983684 ], [ -87.853541772027867, 15.792857194320778 ], [ -87.855813925841574, 15.798061362763818 ], [ -87.8578300025749, 15.803211099068003 ], [ -87.855852732666875, 15.808184232473053 ] ] ] ] } },
{ "type": "Feature", "properties": { "Dialgeo": 201102, "Dial": 16, "VERSION": "Capa anterior", "ID_MAPA": "anterior_134", "layer": "Capa anterior", "path": "C:\\Users\\said.calderon\\Downloads\\Capa anterior.geojson" }, "geometry": { "type": "MultiPolygon", "coordinates": [ [ [ [ -87.856546435299478, 15.783786383995819 ], [ -87.854354925363737, 15.78888226682311 ], [ -87.853867033362192, 15.79083322523484 ], [ -87.85352008793889, 15.7926694042257 ], [ -87.851698624466565, 15.7926694042257 ], [ -87.848012329344016, 15.792502479550595 ], [ -87.843030010086139, 15.792075083268269 ], [ -87.843209521381411, 15.790769944714871 ], [ -87.843415302485283, 15.789456080070709 ], [ -87.843759537397418, 15.787849398882567 ], [ -87.843987220331456, 15.786566131380448 ], [ -87.844832899800736, 15.783530075913241 ], [ -87.845174424201787, 15.782403280870016 ], [ -87.849227156415708, 15.783201227788091 ], [ -87.850280426562421, 15.782719392748405 ], [ -87.851598606501099, 15.780742122840371 ], [ -87.851568647866131, 15.777304369477543 ], [ -87.850827171650693, 15.776267051741705 ], [ -87.850728261485742, 15.77558760235037 ], [ -87.85067363364648, 15.775285906446427 ], [ -87.850622551552064, 15.774992882451039 ], [ -87.850576268082818, 15.774712947552628 ], [ -87.850565033594719, 15.774280419760251 ], [ -87.850437709396019, 15.773185057169147 ], [ -87.850419263218143, 15.77260616005003 ], [ -87.850655077685516, 15.770712412787118 ], [ -87.851468231021386, 15.769194272050139 ], [ -87.853867033362206, 15.768693439624407 ], [ -87.855491188718034, 15.768354655499095 ], [ -87.856794096579904, 15.770405382584553 ], [ -87.857073395548184, 15.770893371217701 ], [ -87.857210565595594, 15.771190151830195 ], [ -87.857445426255723, 15.771429028722066 ], [ -87.858005368439279, 15.771787204025138 ], [ -87.859168793111976, 15.772434001938468 ], [ -87.859835578847395, 15.772919174423986 ], [ -87.860862565704267, 15.773768647795508 ], [ -87.862624694789346, 15.775110261516673 ], [ -87.856546435299478, 15.783786383995819 ] ] ] ] } },
{ "type": "Feature", "properties": { "Dialgeo": 201119, "Dial": 19, "VERSION": "Capa anterior", "ID_MAPA": "anterior_135", "layer": "Capa anterior", "path": "C:\\Users\\said.calderon\\Downloads\\Capa anterior.geojson" }, "geometry": { "type": "MultiPolygon", "coordinates": [ [ [ [ -87.813014209768681, 15.724364878079188 ], [ -87.816158402667355, 15.724281387676676 ], [ -87.818977334231647, 15.724072661520555 ], [ -87.821796265795967, 15.723571717872415 ], [ -87.824506776915499, 15.723133391168798 ], [ -87.826349924476773, 15.723029027528787 ], [ -87.829082119685253, 15.72277855457444 ], [ -87.832052839872262, 15.72250720852603 ], [ -87.832269680761826, 15.723488227144509 ], [ -87.832464837562426, 15.724844947228881 ], [ -87.832659994363027, 15.725867699466896 ], [ -87.832941887519468, 15.727161786768175 ], [ -87.83350567383232, 15.729040285946915 ], [ -87.835240400948834, 15.73313117969251 ], [ -87.836714918997856, 15.736971535675595 ], [ -87.838015964335227, 15.739476076588911 ], [ -87.839056800605135, 15.741479687104626 ], [ -87.840314477764579, 15.743858948941215 ], [ -87.838579750648094, 15.744693771054942 ], [ -87.835630714550035, 15.745904257028537 ], [ -87.834206340956456, 15.746384275331623 ], [ -87.83286192744113, 15.747031254728878 ], [ -87.831734354815396, 15.74753214058941 ], [ -87.829349105030204, 15.748659129261014 ], [ -87.826393292654686, 15.749994811443678 ], [ -87.824571829182361, 15.750704389031343 ], [ -87.821969738507619, 15.751914839195846 ], [ -87.819541120544514, 15.753208760705649 ], [ -87.819299885054761, 15.760899075699207 ], [ -87.821381557594563, 15.779617566242726 ], [ -87.822747655198825, 15.788256286881557 ], [ -87.822487446131348, 15.789132658258255 ], [ -87.821666161262243, 15.79118794292771 ], [ -87.822186579397197, 15.799116764530609 ], [ -87.821836923462655, 15.807285212624853 ], [ -87.813079262035572, 15.809131674367878 ], [ -87.799967164494433, 15.811823096899435 ], [ -87.797451810175517, 15.806732314023098 ], [ -87.795760451236916, 15.804854533911223 ], [ -87.794242565009966, 15.801599673785114 ], [ -87.793765515052925, 15.799388008199461 ], [ -87.794242565009966, 15.796508633787582 ], [ -87.79541350245367, 15.795799218124801 ], [ -87.799923796316534, 15.795048065899961 ], [ -87.801918732500511, 15.793337101550577 ], [ -87.802395782457552, 15.79037417788679 ], [ -87.801485050721382, 15.78799546133512 ], [ -87.799880428138621, 15.786868691117041 ], [ -87.796390076316754, 15.786888797444654 ], [ -87.792284411297274, 15.788493232367959 ], [ -87.791599900790999, 15.789084009746729 ], [ -87.791125319436944, 15.789315935161621 ], [ -87.790596220177818, 15.789113238693467 ], [ -87.790663464890599, 15.786018104810724 ], [ -87.789412758432576, 15.78364393010486 ], [ -87.782019261211616, 15.77745526478013 ], [ -87.780845895616395, 15.774543623377205 ], [ -87.781552006160183, 15.772699495978317 ], [ -87.783140311464365, 15.769173404056955 ], [ -87.78548219307163, 15.765959707511705 ], [ -87.786956711120681, 15.76276682872829 ], [ -87.787325340632933, 15.761264280156912 ], [ -87.787130183832303, 15.760325181652163 ], [ -87.786523029341566, 15.758989567407411 ], [ -87.785395456715818, 15.758321756990206 ], [ -87.784918406758791, 15.757987850957928 ], [ -87.78383420231097, 15.758029589241998 ], [ -87.782381368350883, 15.758530447981535 ], [ -87.780343063988951, 15.761222542537832 ], [ -87.779822645853997, 15.76919427205001 ], [ -87.777871077847919, 15.772908740619181 ], [ -87.776916977933837, 15.774244263256339 ], [ -87.775659300774379, 15.774703347131918 ], [ -87.774358255437008, 15.774703347131918 ], [ -87.773447523700852, 15.773534767950226 ], [ -87.771712796584339, 15.766731834054095 ], [ -87.769414283154973, 15.764185892166433 ], [ -87.766812192480216, 15.762683354099435 ], [ -87.764990729007877, 15.761347755369309 ], [ -87.764557047228749, 15.758885222174516 ], [ -87.765771356210308, 15.755379191179415 ], [ -87.767029033369781, 15.75166440182239 ], [ -87.766866000213852, 15.749235976767455 ], [ -87.763798104115338, 15.743378924672859 ], [ -87.75693750992815, 15.736977027536152 ], [ -87.756165304802721, 15.735447924860964 ], [ -87.756165304802721, 15.733193794773568 ], [ -87.757466350140092, 15.732275438316009 ], [ -87.758420450054174, 15.732525899579302 ], [ -87.769712067008442, 15.734517497715272 ], [ -87.772431290348763, 15.73433226234382 ], [ -87.774786360494971, 15.733753134810847 ], [ -87.776911593863062, 15.732340591158874 ], [ -87.777209904833157, 15.727334268404059 ], [ -87.774655157114523, 15.723040580764662 ], [ -87.772927105565927, 15.720190315996847 ], [ -87.772883737388, 15.717518551333658 ], [ -87.773622768599907, 15.713736198161817 ], [ -87.774488359970775, 15.712341907528923 ], [ -87.776136350731448, 15.711465204822604 ], [ -87.779475700430723, 15.710421506204368 ], [ -87.782338000172956, 15.710755490344059 ], [ -87.785502053277483, 15.712002864677251 ], [ -87.790274376730963, 15.722590699656104 ], [ -87.794004040031439, 15.725554612592781 ], [ -87.796649498884108, 15.725846827023373 ], [ -87.798297489644781, 15.725888571907777 ], [ -87.799945480405469, 15.725429377708357 ], [ -87.802243993834821, 15.72355084519339 ], [ -87.802918086644254, 15.723435642869529 ], [ -87.809009429589196, 15.724469241033901 ], [ -87.810744156705695, 15.724552731359333 ], [ -87.813014209768681, 15.724364878079188 ] ] ] ] } },
{ "type": "Feature", "properties": { "Dialgeo": 201018, "Dial": 5, "VERSION": "Capa anterior", "ID_MAPA": "anterior_136", "layer": "Capa anterior", "path": "C:\\Users\\said.calderon\\Downloads\\Capa anterior.geojson" }, "geometry": { "type": "MultiPolygon", "coordinates": [ [ [ [ -87.921282060566753, 15.827196121775216 ], [ -87.919577977230176, 15.827713003655205 ], [ -87.918054076364854, 15.828122291087025 ], [ -87.916958002461854, 15.828379881250386 ], [ -87.915953499246413, 15.828623511181453 ], [ -87.915852388853395, 15.829005483777326 ], [ -87.915403009328841, 15.829069145876637 ], [ -87.914930271076429, 15.829118594217254 ], [ -87.914624492313578, 15.829200268647988 ], [ -87.911141480934361, 15.830473155734762 ], [ -87.910788349896379, 15.830540861297107 ], [ -87.910725743837631, 15.830563198370506 ], [ -87.910471241915786, 15.829742000992619 ], [ -87.910377267726304, 15.829124316430384 ], [ -87.90844983025616, 15.828915634348567 ], [ -87.908594026363929, 15.827927125278304 ], [ -87.908727958794785, 15.827413429114412 ], [ -87.908807443562822, 15.826909552241306 ], [ -87.908864388863719, 15.82690451807218 ], [ -87.910556929932795, 15.827236214220612 ], [ -87.912771591484443, 15.827722560785862 ], [ -87.913232678714735, 15.827809340158003 ], [ -87.913237341611662, 15.827744579236239 ], [ -87.913264651313682, 15.827207351305248 ], [ -87.913258846994026, 15.827017947488589 ], [ -87.913270595057824, 15.826938211574632 ], [ -87.913280113130071, 15.826871581633755 ], [ -87.913341974215413, 15.826683690243877 ], [ -87.913545599788876, 15.826329645275608 ], [ -87.914623623625388, 15.82520483682565 ], [ -87.914945079177215, 15.824683350867131 ], [ -87.915245937573786, 15.824153687088948 ], [ -87.915772001568811, 15.824515692639929 ], [ -87.916617929771363, 15.825019828446909 ], [ -87.917133120498377, 15.825110861231199 ], [ -87.918100202772692, 15.825057710897301 ], [ -87.919035049131381, 15.825053753826021 ], [ -87.919787885559572, 15.825138861073828 ], [ -87.920308735805222, 15.825110861231202 ], [ -87.920828437170115, 15.82501838879301 ], [ -87.921632876256481, 15.8247116234998 ], [ -87.921907777946856, 15.824633395486394 ], [ -87.922342178153926, 15.824483602311537 ], [ -87.922652094865754, 15.824365946004086 ], [ -87.92295633017082, 15.824243933231779 ], [ -87.923210978568065, 15.824213974596805 ], [ -87.923390730377875, 15.824086650398163 ], [ -87.923716350520962, 15.823453504155022 ], [ -87.924194066537638, 15.823208654325997 ], [ -87.924963558713813, 15.822974436074897 ], [ -87.925517793460756, 15.822712298018908 ], [ -87.925923240979714, 15.822390057976973 ], [ -87.927172957780201, 15.821435533501477 ], [ -87.927592428932442, 15.821135724853605 ], [ -87.928416887008396, 15.820464471451007 ], [ -87.928684050380014, 15.820300531602278 ], [ -87.929392962107087, 15.819508346080779 ], [ -87.931664012564283, 15.816289580345677 ], [ -87.934225828046465, 15.813099894727612 ], [ -87.935336419785159, 15.811660294371356 ], [ -87.937662810905152, 15.806882247830814 ], [ -87.937853060708292, 15.806634566448686 ], [ -87.938162659389491, 15.806504829249493 ], [ -87.939111524078498, 15.806287476396516 ], [ -87.93995723708241, 15.80619402717409 ], [ -87.941071034674067, 15.805952560619776 ], [ -87.941720314716079, 15.805856413376114 ], [ -87.942350347211445, 15.805845391356431 ], [ -87.943165952914512, 15.805893888238543 ], [ -87.943225519623169, 15.805999699577375 ], [ -87.944128184362, 15.809054978125449 ], [ -87.945234320100525, 15.811646327226798 ], [ -87.944137349213904, 15.811744290490571 ], [ -87.940416719562648, 15.814072059907382 ], [ -87.937026002861714, 15.817404954920629 ], [ -87.933873546364936, 15.822730421379234 ], [ -87.933433669131816, 15.82414111725789 ], [ -87.933305371605485, 15.824952262930584 ], [ -87.93314041764306, 15.826380576746587 ], [ -87.93314041764306, 15.827191713432562 ], [ -87.932957135462615, 15.828055746756499 ], [ -87.932718868627987, 15.828426045621681 ], [ -87.932590571101656, 15.828708177634985 ], [ -87.932114037432456, 15.829272440479981 ], [ -87.931528244601523, 15.829975394584487 ], [ -87.929181522544965, 15.830616966690345 ], [ -87.928831700782283, 15.830164289041686 ], [ -87.928439229714087, 15.829761760890321 ], [ -87.928113903843752, 15.829554571311657 ], [ -87.927843562627572, 15.829453180589361 ], [ -87.927412849503483, 15.829413505945055 ], [ -87.926986718433881, 15.829422322533352 ], [ -87.926400215456411, 15.829448772295944 ], [ -87.926158159283119, 15.829458608131254 ], [ -87.924418501471948, 15.829318797022747 ], [ -87.923363778280191, 15.829290177209106 ], [ -87.922816164757862, 15.829209728969451 ], [ -87.922435798888074, 15.829024207924183 ], [ -87.922239709959683, 15.828853651800436 ], [ -87.922098764244666, 15.828649724987052 ], [ -87.922050081462828, 15.828544869764656 ], [ -87.921993909022262, 15.828413800736664 ], [ -87.921928130252908, 15.828289387786134 ], [ -87.921847944298946, 15.828168158983715 ], [ -87.921754012181452, 15.82744960131647 ], [ -87.921566147946464, 15.827222571829155 ], [ -87.921282060566753, 15.827196121775216 ] ] ] ] } },
{ "type": "Feature", "properties": { "Dialgeo": 201022, "Dial": 6, "VERSION": "Capa anterior", "ID_MAPA": "anterior_137", "layer": "Capa anterior", "path": "C:\\Users\\said.calderon\\Downloads\\Capa anterior.geojson" }, "geometry": { "type": "MultiPolygon", "coordinates": [ [ [ [ -87.965756804847018, 15.801969108307269 ], [ -87.953493903783809, 15.805960020331804 ], [ -87.952978627240327, 15.806193855662235 ], [ -87.951853075140377, 15.805769255598527 ], [ -87.951567317150605, 15.805604951906565 ], [ -87.951076253919723, 15.805549745010373 ], [ -87.95097139869732, 15.804845717088575 ], [ -87.951023323960143, 15.804456722705661 ], [ -87.951487707307521, 15.802594948400214 ], [ -87.95148641841439, 15.802319028046519 ], [ -87.951144520166224, 15.802337080490199 ], [ -87.950864930952193, 15.802272081924777 ], [ -87.950855876005193, 15.802774306941302 ], [ -87.950157630359399, 15.803378880286258 ], [ -87.949169316003861, 15.804117163511741 ], [ -87.948452856596788, 15.804484514870204 ], [ -87.948046686958378, 15.804650985961267 ], [ -87.947717141973698, 15.804553620397611 ], [ -87.94732393488971, 15.804355144440935 ], [ -87.946870810535785, 15.804044323603121 ], [ -87.946676079408476, 15.803804654523361 ], [ -87.946442575932679, 15.803632391404387 ], [ -87.945460035162128, 15.803162075789819 ], [ -87.943336604498228, 15.802487007491198 ], [ -87.942414463583972, 15.802261784822404 ], [ -87.941407636159823, 15.801954557163718 ], [ -87.939403620769468, 15.801153315328504 ], [ -87.936974997748592, 15.799854596621559 ], [ -87.934317854856332, 15.797128838311181 ], [ -87.93138801895779, 15.794580805465515 ], [ -87.929771919626546, 15.794420112118964 ], [ -87.923821259590667, 15.794881143185016 ], [ -87.92125824650077, 15.793992459146319 ], [ -87.916600463132482, 15.792068306070661 ], [ -87.915909081968337, 15.791048144772555 ], [ -87.915407833075619, 15.788287585924502 ], [ -87.915147624008156, 15.786952155792489 ], [ -87.914800678861852, 15.785241122001933 ], [ -87.913911065914064, 15.781388484242186 ], [ -87.91345626506957, 15.779148060008213 ], [ -87.913239424180006, 15.777937772257294 ], [ -87.91232869244385, 15.775725848392835 ], [ -87.911764906130969, 15.774014720928889 ], [ -87.911374592529768, 15.772512255643537 ], [ -87.910984278928566, 15.771134986022536 ], [ -87.91063733350525, 15.770675894070994 ], [ -87.910550597149438, 15.770258536849887 ], [ -87.910247019904034, 15.769715971178893 ], [ -87.909900074480746, 15.769006460035234 ], [ -87.909596497235356, 15.768839515876149 ], [ -87.909271235900988, 15.768359550653651 ], [ -87.909206183634154, 15.768046529244691 ], [ -87.909011026833525, 15.767566562146429 ], [ -87.908772501855026, 15.767211803126743 ], [ -87.908772501855026, 15.766877911718121 ], [ -87.908642397321273, 15.766251863846218 ], [ -87.908121979186319, 15.765250183234006 ], [ -87.907905138296769, 15.764206760672375 ], [ -87.907558192873452, 15.763121595517939 ], [ -87.907514824695554, 15.761660787110126 ], [ -87.907428088339728, 15.759239995747579 ], [ -87.907341351983888, 15.756109619295364 ], [ -87.907254615628077, 15.754147892122724 ], [ -87.907428088339728, 15.752144406516624 ], [ -87.907428088339728, 15.747886933993552 ], [ -87.907948506474682, 15.74204319900376 ], [ -87.90829545189797, 15.739705657962039 ], [ -87.908815870032925, 15.73528095311873 ], [ -87.910377124437773, 15.735280953118734 ], [ -87.912805742400877, 15.735030495248319 ], [ -87.915060887652345, 15.734863523163343 ], [ -87.917055823836321, 15.73494700922296 ], [ -87.920265069001843, 15.734696550941271 ], [ -87.922606950609136, 15.734696550941267 ], [ -87.925816195774644, 15.7345295785821 ], [ -87.92789786831446, 15.734279119786301 ], [ -87.929632595430974, 15.734195633452497 ], [ -87.933535731443115, 15.734112147084405 ], [ -87.935010249492123, 15.734112147084408 ], [ -87.93839296736931, 15.734362606085849 ], [ -87.940387903553287, 15.746133831140952 ], [ -87.944551248632891, 15.745716423470583 ], [ -87.952357520657159, 15.745883386641619 ], [ -87.963112828779487, 15.74538249671698 ], [ -87.973694664190162, 15.74579990507325 ], [ -87.982628508840165, 15.746384275331636 ], [ -87.97959273638628, 15.753647022573926 ], [ -87.975082445883359, 15.761326886569433 ], [ -87.973607927834351, 15.764832814853081 ], [ -87.966582283012499, 15.766794438780119 ], [ -87.960554106282657, 15.768296946410477 ], [ -87.956211025108516, 15.76940789895397 ], [ -87.957972842755368, 15.775669198353658 ], [ -87.95867849846374, 15.777860753680557 ], [ -87.959190362959902, 15.780054946650743 ], [ -87.959594909366075, 15.781388256633146 ], [ -87.959888160854831, 15.783328357095742 ], [ -87.960927963788166, 15.786166508184666 ], [ -87.961047798328053, 15.78724501904359 ], [ -87.961167632867927, 15.788203695362641 ], [ -87.961467219217639, 15.789402040761445 ], [ -87.961631991710007, 15.790106068683242 ], [ -87.9617068882974, 15.791019807049828 ], [ -87.962111329869529, 15.791933545416425 ], [ -87.962306060996795, 15.792877242417985 ], [ -87.963003957922751, 15.795092023074627 ], [ -87.963755414862675, 15.797067264327067 ], [ -87.964159086071646, 15.797990056170784 ], [ -87.964343400827758, 15.798355193825858 ], [ -87.964484347405971, 15.798636870995635 ], [ -87.964740145102155, 15.799115040168207 ], [ -87.965308151087825, 15.800491175168144 ], [ -87.965756804847018, 15.801969108307269 ] ] ] ] } },
{ "type": "Feature", "properties": { "Dialgeo": 201020, "Dial": 9, "VERSION": "Capa anterior", "ID_MAPA": "anterior_138", "layer": "Capa anterior", "path": "C:\\Users\\said.calderon\\Downloads\\Capa anterior.geojson" }, "geometry": { "type": "MultiPolygon", "coordinates": [ [ [ [ -87.952665266714419, 15.806732743661387 ], [ -87.945392173792797, 15.811620819745514 ], [ -87.94396325530802, 15.80831591946731 ], [ -87.943222232568274, 15.805846837555027 ], [ -87.941770352932096, 15.805800648578245 ], [ -87.940778517965001, 15.805989055675074 ], [ -87.940150075146562, 15.806121258269181 ], [ -87.939287243770394, 15.806222344088836 ], [ -87.938550886857016, 15.80635319554289 ], [ -87.937833713000259, 15.806609650331266 ], [ -87.937140799186494, 15.807688045669176 ], [ -87.936194947629318, 15.809696063109472 ], [ -87.935919157160697, 15.810458809845356 ], [ -87.935461641008061, 15.811368580353992 ], [ -87.934866803831738, 15.812165811196156 ], [ -87.933971537595397, 15.813328556448432 ], [ -87.932628366495848, 15.815017483902206 ], [ -87.930835100311896, 15.817383164054812 ], [ -87.930264192961531, 15.818191277969829 ], [ -87.929359891536208, 15.819501517662406 ], [ -87.928800912128736, 15.820047486475877 ], [ -87.928395065485958, 15.820424483524045 ], [ -87.927642477039143, 15.821015425916663 ], [ -87.926833121291338, 15.821659034460216 ], [ -87.925711141214649, 15.822499882150677 ], [ -87.924812767580235, 15.823000381142652 ], [ -87.923826680612819, 15.823276889980475 ], [ -87.923593576656529, 15.823537670065221 ], [ -87.923252052255492, 15.824064444810336 ], [ -87.922884777998803, 15.82415832531384 ], [ -87.921908993995771, 15.82447126001072 ], [ -87.920790908158963, 15.824909367772536 ], [ -87.919847650289356, 15.82499281676237 ], [ -87.918980286731099, 15.824961523395212 ], [ -87.917462400504135, 15.825003247883677 ], [ -87.916990771569345, 15.825003247883673 ], [ -87.916639760379397, 15.824846781007526 ], [ -87.916264354589302, 15.824705960715507 ], [ -87.915814409743462, 15.82437737965255 ], [ -87.915302123141885, 15.824080091563951 ], [ -87.915467464320159, 15.82387146808283 ], [ -87.914285681472066, 15.82301610955934 ], [ -87.913358686669184, 15.822358941406165 ], [ -87.913257042502238, 15.821967768872222 ], [ -87.913473883391788, 15.820611698228607 ], [ -87.913559264492022, 15.820027541917925 ], [ -87.913553843469799, 15.819114794304065 ], [ -87.913423738936075, 15.818322004461963 ], [ -87.913103898623973, 15.817430112174696 ], [ -87.913686658514678, 15.816626884175568 ], [ -87.914564864117423, 15.816317849176803 ], [ -87.915602989876191, 15.816371310961422 ], [ -87.915650423820765, 15.81629046630604 ], [ -87.915536582353738, 15.816021853186751 ], [ -87.914677350328873, 15.815239482845527 ], [ -87.916422919489833, 15.813528689156261 ], [ -87.916544246079837, 15.812395293101078 ], [ -87.916559225397322, 15.810687650907777 ], [ -87.916544246079837, 15.809519264143942 ], [ -87.917338149906556, 15.808066270347881 ], [ -87.918566453940343, 15.807646849458299 ], [ -87.919465212989451, 15.806957800853993 ], [ -87.924198677314735, 15.795109160723271 ], [ -87.925996195412935, 15.79480957437357 ], [ -87.928273051670672, 15.794749657103635 ], [ -87.929531314339428, 15.794809574373573 ], [ -87.930130487038824, 15.794749657103628 ], [ -87.931089163357882, 15.794929408913454 ], [ -87.932130331427643, 15.795481021051003 ], [ -87.933951794899968, 15.797150237065868 ], [ -87.935296208415267, 15.798276950098337 ], [ -87.93664062193055, 15.799820954072214 ], [ -87.939120739040604, 15.801418046000741 ], [ -87.941153463073732, 15.802203920421844 ], [ -87.942842589527245, 15.802638080207096 ], [ -87.944371621252102, 15.802962551780295 ], [ -87.946289667741894, 15.803594355912793 ], [ -87.946598576593473, 15.803835825437679 ], [ -87.946986900246301, 15.80421284092483 ], [ -87.947844796714136, 15.804625059781133 ], [ -87.948130190893423, 15.804712110866939 ], [ -87.948755971411231, 15.804455526967326 ], [ -87.949954840806726, 15.80364458421381 ], [ -87.950829028914313, 15.802879204492106 ], [ -87.950892757280528, 15.802733633323182 ], [ -87.950884324714011, 15.802514740144092 ], [ -87.950900624890039, 15.802343594666448 ], [ -87.951454481686227, 15.802355405556684 ], [ -87.951353371293209, 15.802804785081234 ], [ -87.951042550455384, 15.803961937356954 ], [ -87.950867922564896, 15.805105757126816 ], [ -87.950972578151323, 15.80554678058656 ], [ -87.951977373266487, 15.805895565030999 ], [ -87.952879938502193, 15.806322052304923 ], [ -87.952665266714419, 15.806732743661387 ] ] ] ] } },
{ "type": "Feature", "properties": { "Dialgeo": 201037, "Dial": 10, "VERSION": "Capa anterior", "ID_MAPA": "anterior_139", "layer": "Capa anterior", "path": "C:\\Users\\said.calderon\\Downloads\\Capa anterior.geojson" }, "geometry": { "type": "MultiPolygon", "coordinates": [ [ [ [ -88.012459038966171, 15.786660029278393 ], [ -88.008824503039349, 15.786207608326539 ], [ -88.008384625806244, 15.786172334439492 ], [ -88.008494595114513, 15.785413944383059 ], [ -88.008641220858877, 15.784302809640891 ], [ -88.008797010712271, 15.783218124612453 ], [ -88.008946000613776, 15.779304441239487 ], [ -88.01076768002757, 15.776936149345739 ], [ -88.015037768957129, 15.773332231812901 ], [ -88.020169670010176, 15.768322960352032 ], [ -88.023648028867569, 15.763121595518358 ], [ -88.026597064965628, 15.760408657251148 ], [ -88.029415996529934, 15.758947829321128 ], [ -88.036571745885496, 15.755107888639102 ], [ -88.03730900491, 15.755733970878595 ], [ -88.040518250075522, 15.760492132815381 ], [ -88.038653418425284, 15.764958025457899 ], [ -88.036820856105535, 15.769972153169634 ], [ -88.040594144386887, 15.770707195828368 ], [ -88.045928430270138, 15.77187579129939 ], [ -88.046452334689008, 15.77206228737195 ], [ -88.046324037162663, 15.772820727369323 ], [ -88.045884159929543, 15.774690358041761 ], [ -88.045590908440801, 15.775730994063355 ], [ -88.045737534185179, 15.776718711449643 ], [ -88.045865831711509, 15.777194930613449 ], [ -88.046214067854393, 15.777671148658932 ], [ -88.046470662907041, 15.778059177350583 ], [ -88.047020509448444, 15.778411930062287 ], [ -88.048046889659062, 15.77897633312458 ], [ -88.048519678900419, 15.77941933040997 ], [ -88.048963300561383, 15.779964034703234 ], [ -88.049109926305746, 15.780581345746516 ], [ -88.049073269869666, 15.780969368868824 ], [ -88.048926644125288, 15.781375028611722 ], [ -88.048532624320174, 15.781854383862509 ], [ -88.039975947441405, 15.784720881306841 ], [ -88.033962330715497, 15.78563249793803 ], [ -88.026538725781379, 15.786533891490665 ], [ -88.012459038966171, 15.786660029278393 ] ] ] ] } },
{ "type": "Feature", "properties": { "Dialgeo": 201031, "Dial": 11, "VERSION": "Capa anterior", "ID_MAPA": "anterior_140", "layer": "Capa anterior", "path": "C:\\Users\\said.calderon\\Downloads\\Capa anterior.geojson" }, "geometry": { "type": "MultiPolygon", "coordinates": [ [ [ [ -87.985933447650154, 15.741226067190498 ], [ -87.987046625429684, 15.734926344530631 ], [ -87.987987154001615, 15.729966033548632 ], [ -88.002166393773294, 15.735118962110112 ], [ -88.005415329961806, 15.736632201703406 ], [ -88.012086568633052, 15.739977427324673 ], [ -88.021407469383817, 15.74504922657076 ], [ -88.029174260135136, 15.749520508870621 ], [ -88.036278153777502, 15.754704386479752 ], [ -88.035542331018007, 15.755424018062348 ], [ -88.02654788989031, 15.7602575970873 ], [ -88.023725344311131, 15.762444845915638 ], [ -88.019729792776985, 15.768124527157665 ], [ -88.016723965017349, 15.771052499486109 ], [ -88.01067565306198, 15.776590837594814 ], [ -88.008736774961122, 15.779174549652215 ], [ -88.008696205513019, 15.780396152630875 ], [ -88.00869620551299, 15.782680189233904 ], [ -88.008228835952849, 15.786123832834772 ], [ -88.004286917902377, 15.786215788586473 ], [ -87.998066817152775, 15.787261779050306 ], [ -87.996544612441625, 15.787973163790818 ], [ -87.989085012203077, 15.791723486861342 ], [ -87.978440538204325, 15.796796658322409 ], [ -87.977452398511389, 15.797887249267399 ], [ -87.97745902437164, 15.799268348824155 ], [ -87.976411240396644, 15.801114564966266 ], [ -87.974463589835182, 15.802606743670291 ], [ -87.970258710708038, 15.802315464917704 ], [ -87.965964286477259, 15.802298638545084 ], [ -87.965357131986494, 15.80029562860317 ], [ -87.964836713851525, 15.799168926802844 ], [ -87.964104875849245, 15.797614485324406 ], [ -87.963725404292518, 15.796581661905481 ], [ -87.963291722513389, 15.795392343565084 ], [ -87.962858040734261, 15.793869171280734 ], [ -87.96246772713306, 15.79259637469722 ], [ -87.96194730899812, 15.790175952574087 ], [ -87.961275102240464, 15.78706691966512 ], [ -87.960841420461335, 15.784396034513877 ], [ -87.959410270590226, 15.779095892581717 ], [ -87.957979120719102, 15.774546841381992 ], [ -87.957545438939974, 15.772793968732246 ], [ -87.956547970847993, 15.769872480655975 ], [ -87.956341972002889, 15.769517725667946 ], [ -87.958336908186865, 15.769058630056781 ], [ -87.960006583036503, 15.768724741687103 ], [ -87.961741310153002, 15.768286512368087 ], [ -87.963367616824712, 15.767827413971116 ], [ -87.966132341843874, 15.767076163553948 ], [ -87.970859437242297, 15.765865768912059 ], [ -87.973439876144894, 15.76516670962649 ], [ -87.973872591224435, 15.764914292073284 ], [ -87.97636722815399, 15.760659083840443 ], [ -87.978931179405294, 15.75644749446608 ], [ -87.985933447650154, 15.741226067190498 ] ] ] ] } },
{ "type": "Feature", "properties": { "Dialgeo": 201051, "Dial": 12, "VERSION": "Capa anterior", "ID_MAPA": "anterior_141", "layer": "Capa anterior", "path": "C:\\Users\\said.calderon\\Downloads\\Capa anterior.geojson" }, "geometry": { "type": "MultiPolygon", "coordinates": [ [ [ [ -88.253753438371973, 15.655693689201472 ], [ -88.245953556234568, 15.657872400837642 ], [ -88.23935539773791, 15.659072465810334 ], [ -88.223340955420284, 15.661531924880569 ], [ -88.211699622163962, 15.665393146052617 ], [ -88.20170170476878, 15.669862798511273 ], [ -88.195893211950818, 15.673956004224793 ], [ -88.192091707663167, 15.678735958612997 ], [ -88.186575270354354, 15.685837775840259 ], [ -88.184756392740397, 15.688494386329923 ], [ -88.185194139274628, 15.691151836479721 ], [ -88.187107920495293, 15.693392071558636 ], [ -88.190825861394188, 15.695879879639087 ], [ -88.20380925072817, 15.70559960223539 ], [ -88.212066541515313, 15.712096893744302 ], [ -88.209307716142149, 15.713927371439057 ], [ -88.20074328447987, 15.70853951914761 ], [ -88.179328637251118, 15.693558337853499 ], [ -88.17365331857809, 15.689262583524462 ], [ -88.151753760174344, 15.668365426071974 ], [ -88.1474426514215, 15.663355382166554 ], [ -88.170965083988648, 15.65174319075134 ], [ -88.19357390633121, 15.64302488474387 ], [ -88.205899811104814, 15.63840600253496 ], [ -88.218072662690858, 15.632841505422162 ], [ -88.229688694610005, 15.627174871316779 ], [ -88.248798763701757, 15.619476181378452 ], [ -88.253904489115271, 15.628014638257666 ], [ -88.254221014465358, 15.628286863271391 ], [ -88.255629996227668, 15.629738621459474 ], [ -88.255515444864884, 15.630104868860107 ], [ -88.255694144990912, 15.630458980934906 ], [ -88.254941542537395, 15.631127489911675 ], [ -88.255917233769978, 15.632030690611808 ], [ -88.255877999928217, 15.632057717624802 ], [ -88.255761443916583, 15.632090260350008 ], [ -88.255047788926404, 15.632416790458951 ], [ -88.254113049806037, 15.633016898490482 ], [ -88.253464689092652, 15.633212153849453 ], [ -88.25345323395635, 15.634018545478167 ], [ -88.253607182017234, 15.634454788725204 ], [ -88.254983606132157, 15.634031328513949 ], [ -88.259015158765195, 15.638368718341269 ], [ -88.262155700987506, 15.642200317579288 ], [ -88.265299608951935, 15.647437129757789 ], [ -88.26750754065705, 15.652013158927183 ], [ -88.253753438371973, 15.655693689201472 ] ] ] ] } },
{ "type": "Feature", "properties": { "Dialgeo": 201046, "Dial": 13, "VERSION": "Capa anterior", "ID_MAPA": "anterior_142", "layer": "Capa anterior", "path": "C:\\Users\\said.calderon\\Downloads\\Capa anterior.geojson" }, "geometry": { "type": "MultiPolygon", "coordinates": [ [ [ [ -88.046612445389684, 15.771853140920252 ], [ -88.038582044655158, 15.770073411169006 ], [ -88.037077451158183, 15.769848684652869 ], [ -88.037975530858191, 15.767238192651197 ], [ -88.040706439397368, 15.760553052342885 ], [ -88.037443785266419, 15.75541497178922 ], [ -88.040810076545554, 15.752636692278136 ], [ -88.045973086459682, 15.750054358026905 ], [ -88.051553751276074, 15.746549154482707 ], [ -88.053974303976986, 15.744798290882244 ], [ -88.055761038688928, 15.743050472708084 ], [ -88.05776058685241, 15.741608521656167 ], [ -88.06007698929335, 15.740165013477197 ], [ -88.063551529862295, 15.737999708485987 ], [ -88.066282353078421, 15.735019556888426 ], [ -88.069226481688446, 15.732447545342083 ], [ -88.071012441543488, 15.730597313646159 ], [ -88.07258712656656, 15.728748107558102 ], [ -88.075949263795351, 15.725355527915202 ], [ -88.078044416853302, 15.722071466852181 ], [ -88.080203748221948, 15.717244269435339 ], [ -88.084455894808741, 15.703835200652103 ], [ -88.088155241952379, 15.696282639832022 ], [ -88.10349842419852, 15.68508073202239 ], [ -88.117024472141793, 15.675211517411022 ], [ -88.123472631196137, 15.671117024187279 ], [ -88.131111144838329, 15.668605298983966 ], [ -88.137207979479015, 15.667324318505569 ], [ -88.141583537038869, 15.66571898083262 ], [ -88.146902323963147, 15.663692157126182 ], [ -88.151919145376326, 15.669163152091535 ], [ -88.167653988964048, 15.684041329621444 ], [ -88.171175858496241, 15.687046155588481 ], [ -88.16996619610515, 15.687707862456479 ], [ -88.168115046082434, 15.686984396171292 ], [ -88.158639357352371, 15.683349380400367 ], [ -88.155010370179141, 15.682078874179632 ], [ -88.151958721874365, 15.681549494253204 ], [ -88.150492464430656, 15.681364210954548 ], [ -88.149365279020785, 15.681337741898146 ], [ -88.145012327234724, 15.681408326040911 ], [ -88.140980119264455, 15.681902414356735 ], [ -88.138634107354505, 15.682449439311094 ], [ -88.138120917249196, 15.682678836436219 ], [ -88.137094537038578, 15.682996462799156 ], [ -88.132897375105898, 15.684019922161156 ], [ -88.127930428015276, 15.685255124899763 ], [ -88.125924293048172, 15.686114255675383 ], [ -88.120099734074927, 15.687645145815491 ], [ -88.115563013296381, 15.691376651973714 ], [ -88.111947586352201, 15.696957548351344 ], [ -88.109968745289166, 15.70182374023651 ], [ -88.108537172277366, 15.706775434771455 ], [ -88.108960722337002, 15.71165138358112 ], [ -88.11022946496378, 15.716302512473057 ], [ -88.108080967870748, 15.721460886215882 ], [ -88.105258110650453, 15.724097545520307 ], [ -88.098171758864652, 15.728547989659106 ], [ -88.088983274331511, 15.73203749430763 ], [ -88.084071954366863, 15.734181005784503 ], [ -88.081354907505144, 15.73754965674676 ], [ -88.079007546305192, 15.741887680793681 ], [ -88.07720428804349, 15.745693232510238 ], [ -88.076314954446119, 15.749935729251 ], [ -88.070130416568503, 15.75279159244044 ], [ -88.057392912584632, 15.757886548637146 ], [ -88.049762248062919, 15.763309412798993 ], [ -88.046224582612908, 15.766858215046877 ], [ -88.045501512628761, 15.768097810451604 ], [ -88.046612445389684, 15.771853140920252 ] ] ] ] } },
{ "type": "Feature", "properties": { "Dialgeo": 201101, "Dial": 17, "VERSION": "Capa anterior", "ID_MAPA": "anterior_143", "layer": "Capa anterior", "path": "C:\\Users\\said.calderon\\Downloads\\Capa anterior.geojson" }, "geometry": { "type": "MultiPolygon", "coordinates": [ [ [ [ -87.845655539925346, 15.722340226162318 ], [ -87.843487131029704, 15.722966409318834 ], [ -87.842402926581897, 15.723383863686198 ], [ -87.841492194845728, 15.72355084519339 ], [ -87.840841672177035, 15.723717826563567 ], [ -87.83923704959426, 15.724093534145537 ], [ -87.832653647017324, 15.725268438578233 ], [ -87.832168036594538, 15.722486335737825 ], [ -87.831474145747933, 15.722423717361163 ], [ -87.830108048143671, 15.722486335737825 ], [ -87.82809142787076, 15.722736809051806 ], [ -87.826465121199021, 15.722799427332143 ], [ -87.824600289548783, 15.723008154794108 ], [ -87.823234191944522, 15.723196009326843 ], [ -87.821087467137843, 15.723571717872149 ], [ -87.818572112818913, 15.723884807796734 ], [ -87.815948338055193, 15.724135279389605 ], [ -87.814148558671832, 15.724197897239641 ], [ -87.812890881512374, 15.724177024625112 ], [ -87.811568152086039, 15.724281387676417 ], [ -87.810071949948039, 15.724323132881949 ], [ -87.80842395918738, 15.724114406768642 ], [ -87.806667547981917, 15.723968298361962 ], [ -87.802877879824678, 15.722935678720463 ], [ -87.800205689472946, 15.723968298361946 ], [ -87.797733703331915, 15.724636221650515 ], [ -87.795738767147938, 15.724803202130129 ], [ -87.793613726430223, 15.724010043631713 ], [ -87.791401949356683, 15.722298480550053 ], [ -87.790231008553036, 15.72016944297131 ], [ -87.785005143114603, 15.71056762433286 ], [ -87.782056107016544, 15.7094404246271 ], [ -87.780494852611696, 15.709189934956539 ], [ -87.778456548249792, 15.709690913989636 ], [ -87.774510044059767, 15.711527826569627 ], [ -87.77242837151995, 15.715243349096355 ], [ -87.771907953384996, 15.717372438192443 ], [ -87.771691112495432, 15.721296583287009 ], [ -87.773729416857321, 15.724344005481511 ], [ -87.775637616685486, 15.727516615719228 ], [ -87.776244771176252, 15.728768948248126 ], [ -87.776288139354179, 15.730480456903868 ], [ -87.775550880329661, 15.732233694742144 ], [ -87.773946257746886, 15.732859847450598 ], [ -87.771907953384996, 15.73365297144734 ], [ -87.769479335421892, 15.733444254905962 ], [ -87.764448626784031, 15.732901590895954 ], [ -87.758940868189129, 15.731064871195688 ], [ -87.756902563827239, 15.731315333949622 ], [ -87.755341309422391, 15.732525899579302 ], [ -87.754690786753699, 15.733694714729909 ], [ -87.754690786753685, 15.735155724222079 ], [ -87.755297941244464, 15.736574980534991 ], [ -87.757206141072615, 15.738870815361723 ], [ -87.759374549968243, 15.741542299614826 ], [ -87.762236849710476, 15.744380713163958 ], [ -87.76527262216436, 15.748554778720692 ], [ -87.765619567587649, 15.751643532027337 ], [ -87.764318522250278, 15.756652221337916 ], [ -87.763537895047847, 15.758989567407411 ], [ -87.764665467673566, 15.762245111734778 ], [ -87.767137453814584, 15.76437370864272 ], [ -87.768958917286909, 15.765083235984628 ], [ -87.770173226268469, 15.766502283226734 ], [ -87.771864585207084, 15.769298611983102 ], [ -87.772385003342023, 15.77130192829279 ], [ -87.772298266986212, 15.773305224819852 ], [ -87.77286205329905, 15.774765949398081 ], [ -87.773881205479995, 15.775746715711836 ], [ -87.775659300774407, 15.775871919580723 ], [ -87.777651719934468, 15.77504103637453 ], [ -87.781082527636727, 15.767355444232837 ], [ -87.781167826404968, 15.762034976434217 ], [ -87.781479092438786, 15.760550352761335 ], [ -87.782689126994654, 15.759267122718301 ], [ -87.784430514620595, 15.758800460066677 ], [ -87.786176224596645, 15.759459186473705 ], [ -87.786761414013029, 15.760531336252573 ], [ -87.786818375239179, 15.761605393034161 ], [ -87.784984890374403, 15.765602127635173 ], [ -87.782673357046306, 15.768935547841624 ], [ -87.780267049168145, 15.775133986110374 ], [ -87.781254337963134, 15.777739366819956 ], [ -87.788303544318026, 15.783699107954025 ], [ -87.789846288240724, 15.786455893278832 ], [ -87.79012074538619, 15.789114966838001 ], [ -87.791074473790175, 15.789827671968956 ], [ -87.793765515052939, 15.788204121799085 ], [ -87.795413505813642, 15.787452943123299 ], [ -87.796931392040563, 15.787411210893 ], [ -87.799490114537406, 15.787536407558118 ], [ -87.800617687163125, 15.787953729216552 ], [ -87.801571787077222, 15.789289152748047 ], [ -87.801875364322612, 15.790666299046759 ], [ -87.801441682543484, 15.792126898528675 ], [ -87.800400846273575, 15.793796142184824 ], [ -87.798926328224539, 15.794922873876642 ], [ -87.79636760572771, 15.794964604559683 ], [ -87.794546142255385, 15.795173257845892 ], [ -87.793071624206348, 15.796425173049172 ], [ -87.793331833273811, 15.801474485812115 ], [ -87.796888024683341, 15.807692062848977 ], [ -87.797625282887168, 15.808401437274423 ], [ -87.79797222777556, 15.809945362400407 ], [ -87.797061498899325, 15.811572734956517 ], [ -87.795370137635715, 15.811990005644908 ], [ -87.794459405899559, 15.812156914252689 ], [ -87.792204637307435, 15.812156819634165 ], [ -87.732571618255463, 15.748637858012904 ], [ -87.724102048052657, 15.739122441251098 ], [ -87.744102850577278, 15.716124458675552 ], [ -87.77355252216762, 15.686364559462799 ], [ -87.774723120558804, 15.685222199246724 ], [ -87.798904644135547, 15.718541340386006 ], [ -87.803241461926831, 15.718750072214347 ], [ -87.803067989215194, 15.715159854952688 ], [ -87.802807780147702, 15.712863752586236 ], [ -87.803024621037267, 15.709983151189984 ], [ -87.803718511883858, 15.707645241848752 ], [ -87.8058869207795, 15.705641298202591 ], [ -87.809313006834586, 15.70380433254668 ], [ -87.81377992915958, 15.702050849882516 ], [ -87.823877470899276, 15.700043874055131 ], [ -87.826724310160202, 15.698856554310295 ], [ -87.831250140838051, 15.695002751311382 ], [ -87.836456631262692, 15.689765069383345 ], [ -87.837929511903951, 15.688378242221875 ], [ -87.838336339398339, 15.687788399123992 ], [ -87.838426656498896, 15.687276501565652 ], [ -87.838425768508287, 15.687059095638709 ], [ -87.83826709672752, 15.686995759893001 ], [ -87.838069187879583, 15.68702209587082 ], [ -87.837740209533081, 15.687279131877656 ], [ -87.836701977465083, 15.688421308210602 ], [ -87.835412341190803, 15.689423763851085 ], [ -87.833949154866872, 15.689953688921708 ], [ -87.832339140276488, 15.690087710694305 ], [ -87.830278112009026, 15.689686303784653 ], [ -87.824983487931902, 15.686176626788923 ], [ -87.822339213493933, 15.685163477602066 ], [ -87.820016890056309, 15.68542797240144 ], [ -87.814325890591377, 15.688416246071265 ], [ -87.811804641690813, 15.691801876666513 ], [ -87.808445643276343, 15.692155914995935 ], [ -87.807057861583147, 15.691696644753767 ], [ -87.805843551360212, 15.690861605944761 ], [ -87.804629243620042, 15.688398218994212 ], [ -87.804412402730478, 15.685433765526998 ], [ -87.804412402730478, 15.683220835566244 ], [ -87.804976189043359, 15.681926469182782 ], [ -87.8063206025586, 15.681508929888489 ], [ -87.808277807140598, 15.681225759119926 ], [ -87.812088483467178, 15.683462488309225 ], [ -87.814624243332759, 15.68375999311804 ], [ -87.816735142689012, 15.683445190098825 ], [ -87.819582415174594, 15.682411434429033 ], [ -87.821687968794947, 15.680766565463564 ], [ -87.828078279122522, 15.667953646242001 ], [ -87.829855677473077, 15.663547558781342 ], [ -87.829317797516552, 15.661094139257635 ], [ -87.827196451602603, 15.658749012660063 ], [ -87.821641787560338, 15.656007520863749 ], [ -87.820633565486375, 15.654732412258799 ], [ -87.819363417520762, 15.653969832806469 ], [ -87.817884335184445, 15.653770736094073 ], [ -87.816200162803639, 15.655107059214046 ], [ -87.8144735033286, 15.659052460481282 ], [ -87.813276174239405, 15.663353973467366 ], [ -87.811805713484489, 15.665354494597763 ], [ -87.809485204977861, 15.66602810654943 ], [ -87.807319660930816, 15.665831478486796 ], [ -87.80615428205688, 15.664863815397167 ], [ -87.804846084509606, 15.663428659431954 ], [ -87.804499139086289, 15.662342957152358 ], [ -87.80467261179794, 15.661299007212991 ], [ -87.804889452687505, 15.659545159309888 ], [ -87.805800184423674, 15.658167125399554 ], [ -87.80840227509843, 15.65561982613805 ], [ -87.810071230586388, 15.653953224046914 ], [ -87.810353843104494, 15.651944977841612 ], [ -87.810896402284101, 15.64898807855589 ], [ -87.809991251454889, 15.647047511222624 ], [ -87.809356375012499, 15.645973208515787 ], [ -87.806710916159844, 15.642632282497084 ], [ -87.800249057650845, 15.638664862000851 ], [ -87.792789731049879, 15.638414285492614 ], [ -87.784593145424409, 15.640585938372096 ], [ -87.781904318393828, 15.641337658999939 ], [ -87.77830475962709, 15.641337658999943 ], [ -87.775225618995293, 15.6404188889687 ], [ -87.772493423786798, 15.639082488832857 ], [ -87.771235746627326, 15.637620791192782 ], [ -87.76984796386661, 15.635950266436529 ], [ -87.76924081044335, 15.633987383269215 ], [ -87.769674492860133, 15.63206624522047 ], [ -87.771582692050629, 15.627597440519185 ], [ -87.774748569038266, 15.622669113213579 ], [ -87.774531728148688, 15.619327806933214 ], [ -87.769717860400362, 15.615777609320986 ], [ -87.764192802093234, 15.611709542260224 ], [ -87.763231315346772, 15.608643507227129 ], [ -87.764173478959705, 15.606491667803919 ], [ -87.765960535980682, 15.604439194193423 ], [ -87.774184782725357, 15.611224912995185 ], [ -87.777784341492094, 15.61377276468067 ], [ -87.802070521123142, 15.63114743332939 ], [ -87.833271705140575, 15.654091813060017 ], [ -87.841883043574938, 15.66094389622479 ], [ -87.842886593786375, 15.67069788826166 ], [ -87.844087691784267, 15.680310424353527 ], [ -87.845300303788036, 15.692685268165837 ], [ -87.845612171747419, 15.6987943420537 ], [ -87.846132589882373, 15.704806315866415 ], [ -87.846826480728978, 15.709398676370064 ], [ -87.847346898863918, 15.715159854952688 ], [ -87.848561207845492, 15.721547058065111 ], [ -87.845655539925346, 15.722340226162318 ] ] ] ] } },
{ "type": "Feature", "properties": { "Dialgeo": 201107, "Dial": 18, "VERSION": "Capa anterior", "ID_MAPA": "anterior_144", "layer": "Capa anterior", "path": "C:\\Users\\said.calderon\\Downloads\\Capa anterior.geojson" }, "geometry": { "type": "MultiPolygon", "coordinates": [ [ [ [ -87.862716976130926, 15.775065743730199 ], [ -87.859614540421163, 15.772667581486685 ], [ -87.858160482975521, 15.771745368031155 ], [ -87.857485209176104, 15.77137701389624 ], [ -87.856890465582296, 15.770451522353406 ], [ -87.856215624375494, 15.769464488315156 ], [ -87.855525866167341, 15.768286512368219 ], [ -87.851427573354627, 15.769100366064487 ], [ -87.850620840116463, 15.770605359424373 ], [ -87.850458281785109, 15.772003155013927 ], [ -87.850379884953028, 15.772997779058665 ], [ -87.850510168798749, 15.774154642919381 ], [ -87.850573762351928, 15.775032008813799 ], [ -87.850793313752618, 15.776291873659932 ], [ -87.851500757154795, 15.777332625673017 ], [ -87.851484494088083, 15.780634826020879 ], [ -87.850329816351163, 15.782528480628576 ], [ -87.849288980081255, 15.783123178425724 ], [ -87.845109371934953, 15.782293731017861 ], [ -87.843987220331456, 15.785658449460273 ], [ -87.842848805661234, 15.792043435984853 ], [ -87.833936645100238, 15.79188694362243 ], [ -87.823072916533164, 15.791073181389168 ], [ -87.822824198536637, 15.786090642931141 ], [ -87.820430168191706, 15.767128330326226 ], [ -87.819909750056752, 15.753229630339904 ], [ -87.840570558226389, 15.744085471990701 ], [ -87.852313243104902, 15.748132257139687 ], [ -87.858128064020306, 15.749234843206848 ], [ -87.863304352602981, 15.749214400996312 ], [ -87.866364398065571, 15.748383785863782 ], [ -87.870583814213148, 15.746934647351724 ], [ -87.874375809494666, 15.744361746419075 ], [ -87.883854267190557, 15.737673456709771 ], [ -87.890303487172915, 15.739359274426191 ], [ -87.892921432827976, 15.741312720315724 ], [ -87.89378473061943, 15.748126940945262 ], [ -87.893749470203431, 15.749449758666435 ], [ -87.893917098933727, 15.751546393538501 ], [ -87.894159499892112, 15.753377358548157 ], [ -87.894378391374872, 15.755115702344552 ], [ -87.894649660170302, 15.756751522048496 ], [ -87.895299201272863, 15.760329644155993 ], [ -87.896374941540927, 15.76472447393505 ], [ -87.898516667374054, 15.771263367846064 ], [ -87.900553340294934, 15.77790497308211 ], [ -87.902008817916766, 15.782256623275812 ], [ -87.882284302047452, 15.780025985751481 ], [ -87.868614432646012, 15.775998232727288 ], [ -87.864882892634697, 15.775069935428444 ], [ -87.862716976130926, 15.775065743730199 ] ] ] ] } },
{ "type": "Feature", "properties": { "Dialgeo": 201066, "Dial": 14, "VERSION": "Capa anterior", "ID_MAPA": "anterior_145", "layer": "Capa anterior", "path": "C:\\Users\\said.calderon\\Downloads\\Capa anterior.geojson" }, "geometry": { "type": "MultiPolygon", "coordinates": [ [ [ [ -88.414751546981165, 15.561034864731745 ], [ -88.362413493095218, 15.616082118230663 ], [ -88.315209148245685, 15.642503208274679 ], [ -88.267887601750758, 15.651964057654553 ], [ -88.266701099063013, 15.649612939066586 ], [ -88.262668891092815, 15.642341512878607 ], [ -88.257023799934544, 15.63600527792234 ], [ -88.255007695949445, 15.633957873167889 ], [ -88.253669736032066, 15.634416776013859 ], [ -88.253495617960596, 15.634028473672684 ], [ -88.253486453851565, 15.63323421659017 ], [ -88.254100449156113, 15.633057714597868 ], [ -88.254993949785884, 15.632475256943767 ], [ -88.255351350037799, 15.632298754297231 ], [ -88.255762875808642, 15.632094948708295 ], [ -88.255876854414623, 15.632061854412195 ], [ -88.255924106851737, 15.632029587468343 ], [ -88.254977053459825, 15.631133005653234 ], [ -88.2557133323442, 15.630458705146948 ], [ -88.255548378381761, 15.630096870994672 ], [ -88.255658347690044, 15.629726210956299 ], [ -88.253953823411734, 15.627996455240737 ], [ -88.24893332355893, 15.619421648548469 ], [ -88.2500682411859, 15.619029732337545 ], [ -88.265014042945907, 15.610598433419367 ], [ -88.285633592659195, 15.599430506112959 ], [ -88.316011101557152, 15.582550681844511 ], [ -88.343273727175514, 15.568499177893148 ], [ -88.37965065942808, 15.547917487300017 ], [ -88.396547359812033, 15.553179390133414 ], [ -88.412773212296685, 15.560055824732936 ], [ -88.414751546981165, 15.561034864731745 ] ] ] ] } },
{ "type": "Feature", "properties": { "Dialgeo": 201023, "Dial": 5, "VERSION": "Capa anterior", "ID_MAPA": "anterior_146", "layer": "Capa anterior", "path": "C:\\Users\\said.calderon\\Downloads\\Capa anterior.geojson" }, "geometry": { "type": "MultiPolygon", "coordinates": [ [ [ [ -88.46543736649096, 15.518924850959669 ], [ -88.457528905469118, 15.525928219176816 ], [ -88.450852461427317, 15.49301946436217 ], [ -88.453778967792445, 15.47285126719234 ], [ -88.455334461197907, 15.461709654450015 ], [ -88.460511394623737, 15.450856876066565 ], [ -88.463115447756323, 15.444383132209506 ], [ -88.468393974553678, 15.434348388365992 ], [ -88.471235851695411, 15.429243082896253 ], [ -88.473891316529645, 15.424468849128258 ], [ -88.475606310975991, 15.420928356027064 ], [ -88.478733915398507, 15.415844062625917 ], [ -88.481227634648292, 15.410610522651018 ], [ -88.483095128798922, 15.406301775665426 ], [ -88.488701554877451, 15.393989197743787 ], [ -88.492126191974521, 15.3862943180259 ], [ -88.495517666892354, 15.381833022257785 ], [ -88.497611585074921, 15.379773097872109 ], [ -88.500128625381691, 15.377914890668952 ], [ -88.502727718683005, 15.376019343398564 ], [ -88.506822697587225, 15.373690099591673 ], [ -88.51029168571884, 15.372285659984644 ], [ -88.515478995247477, 15.367954172473551 ], [ -88.519252962772285, 15.365013157380275 ], [ -88.52743417488054, 15.35928005757293 ], [ -88.533404658903819, 15.354022217714034 ], [ -88.535910954415286, 15.35078280010746 ], [ -88.539523392858584, 15.347459009166746 ], [ -88.541989326976449, 15.349513361463455 ], [ -88.543208946193005, 15.348365873903282 ], [ -88.545492805876904, 15.34588609488374 ], [ -88.545974207673027, 15.343092844927185 ], [ -88.54580907566158, 15.342257388903109 ], [ -88.545606159206827, 15.340657847470073 ], [ -88.546182721823072, 15.340859364501004 ], [ -88.546247095319089, 15.341133651570885 ], [ -88.54739182400867, 15.341654237234133 ], [ -88.547249082778436, 15.342709402798882 ], [ -88.551306012449857, 15.343347540063496 ], [ -88.550767234276861, 15.345217170294921 ], [ -88.549994752324949, 15.345105216388848 ], [ -88.54969527562622, 15.346569013710759 ], [ -88.549282445597512, 15.348542901017225 ], [ -88.549148100910188, 15.349044594458819 ], [ -88.548947983303052, 15.350066173851749 ], [ -88.550626592182255, 15.353057442279669 ], [ -88.582350037947634, 15.375468670686002 ], [ -88.587522593008117, 15.378060960860131 ], [ -88.60461846252241, 15.386640115542408 ], [ -88.620314997243128, 15.397825722834948 ], [ -88.61397567245389, 15.404535184939645 ], [ -88.59978205377999, 15.417539393618886 ], [ -88.580730997525436, 15.431330015711376 ], [ -88.563956803836248, 15.440109301083439 ], [ -88.542819906369431, 15.456588916057555 ], [ -88.52204126140208, 15.471993773533367 ], [ -88.498754848938631, 15.492414166001298 ], [ -88.46543736649096, 15.518924850959669 ] ] ] ] } },
{ "type": "Feature", "properties": { "Dialgeo": 201143, "Dial": 3, "VERSION": "Capa anterior", "ID_MAPA": "anterior_147", "layer": "Capa anterior", "path": "C:\\Users\\said.calderon\\Downloads\\Capa anterior.geojson" }, "geometry": { "type": "MultiPolygon", "coordinates": [ [ [ [ -87.942868119370928, 15.865311463097601 ], [ -87.925987830550014, 15.86431536331092 ], [ -87.910091593223243, 15.862906342572451 ], [ -87.898687949769624, 15.866624896885874 ], [ -87.887211696525114, 15.877002840783673 ], [ -87.874258876089755, 15.887337970286966 ], [ -87.866806711550808, 15.889118168502094 ], [ -87.848841465036116, 15.890611482664211 ], [ -87.83365943214028, 15.897439651116969 ], [ -87.811225693251245, 15.901811156354642 ], [ -87.786730863277356, 15.899352626699432 ], [ -87.777648397789889, 15.89560641097048 ], [ -87.83541894107276, 15.870503443356645 ], [ -87.854861013451369, 15.861308576593865 ], [ -87.861152890129546, 15.859010947996723 ], [ -87.873989868379851, 15.857676100650936 ], [ -87.893765757041621, 15.858343574602207 ], [ -87.899396899241395, 15.858029440904996 ], [ -87.905701116991622, 15.858501919898849 ], [ -87.90994105171778, 15.858253958503129 ], [ -87.910732721291495, 15.858020440492082 ], [ -87.911536030620269, 15.858021309287707 ], [ -87.912085877161672, 15.858127093331253 ], [ -87.913964700451785, 15.858275258329776 ], [ -87.914560186597967, 15.85775684893613 ], [ -87.914780125214534, 15.856751896437839 ], [ -87.914816781650615, 15.856081925324128 ], [ -87.915707791593476, 15.855438985644277 ], [ -87.91732774752299, 15.854495142758072 ], [ -87.919050600019375, 15.854213046773035 ], [ -87.919453820816386, 15.85315518331619 ], [ -87.927115015959885, 15.85496236336564 ], [ -87.927380775121577, 15.853798717579892 ], [ -87.929332730343532, 15.854168969239746 ], [ -87.930615705606769, 15.847865782841509 ], [ -87.937067238359219, 15.849020647108679 ], [ -87.935654265784706, 15.855413848844771 ], [ -87.93785535173518, 15.855932063059949 ], [ -87.938231080205156, 15.854530404728477 ], [ -87.944627628303394, 15.855597076419814 ], [ -87.942868119370928, 15.865311463097601 ] ] ] ] } },
{ "type": "Feature", "properties": { "Dialgeo": 201064, "Dial": 13, "VERSION": "Capa anterior", "ID_MAPA": "anterior_148", "layer": "Capa anterior", "path": "C:\\Users\\said.calderon\\Downloads\\Capa anterior.geojson" }, "geometry": { "type": "MultiPolygon", "coordinates": [ [ [ [ -88.754951974808222, 15.296600377347792 ], [ -88.721617545309229, 15.316965498656458 ], [ -88.718057536292918, 15.318823649147594 ], [ -88.701145948231769, 15.300528564320024 ], [ -88.67972328416532, 15.298018375570468 ], [ -88.67562657716627, 15.296562195070198 ], [ -88.670803285597884, 15.293064164041898 ], [ -88.656397128462146, 15.279067245687402 ], [ -88.642047472201043, 15.269615439024365 ], [ -88.625447273476212, 15.258702923471692 ], [ -88.61431530663215, 15.250002650186069 ], [ -88.63447380617113, 15.240855355471659 ], [ -88.667638222331732, 15.22465471905384 ], [ -88.702675036750463, 15.206185194772484 ], [ -88.707291650209868, 15.214304190935017 ], [ -88.763086729086893, 15.292399085536719 ], [ -88.754951974808222, 15.296600377347792 ] ] ] ] } },
{ "type": "Feature", "properties": { "Dialgeo": 201150, "Dial": 7, "VERSION": "Capa anterior", "ID_MAPA": "anterior_149", "layer": "Capa anterior", "path": "C:\\Users\\said.calderon\\Downloads\\Capa anterior.geojson" }, "geometry": { "type": "MultiPolygon", "coordinates": [ [ [ [ -87.910488654618334, 15.830652705920365 ], [ -87.909760534615543, 15.831097760134325 ], [ -87.907792856206498, 15.831772797013532 ], [ -87.907382744286593, 15.83205234368514 ], [ -87.907020752220859, 15.832396515623541 ], [ -87.906027667181974, 15.832808151131042 ], [ -87.905495662730942, 15.833643865362914 ], [ -87.905689425645804, 15.834189457136205 ], [ -87.905108223123264, 15.834719761998489 ], [ -87.903413294546567, 15.836504946867874 ], [ -87.902062242286334, 15.838177557001142 ], [ -87.901193118898789, 15.840663128052928 ], [ -87.900698849655683, 15.8413875425948 ], [ -87.899332710116809, 15.843986303837054 ], [ -87.898479306481491, 15.845712395372747 ], [ -87.896540065072259, 15.848535780798858 ], [ -87.894687593954799, 15.853692574064361 ], [ -87.894005238991838, 15.854791792647378 ], [ -87.893296337684291, 15.857671033040399 ], [ -87.893298589300954, 15.858182560939401 ], [ -87.885845804573435, 15.857906245968582 ], [ -87.882330914272657, 15.857792707429475 ], [ -87.879212600003896, 15.857728656216151 ], [ -87.875459457060387, 15.857513664876604 ], [ -87.872869945680932, 15.857524115122809 ], [ -87.871866288423263, 15.857630465108546 ], [ -87.872261283509317, 15.84924121957946 ], [ -87.874630928688731, 15.841149337377528 ], [ -87.875023395126249, 15.84025255856718 ], [ -87.873824288057094, 15.834514657536181 ], [ -87.872753519867331, 15.830221817591568 ], [ -87.872123349222107, 15.829390852310139 ], [ -87.871921463977628, 15.829160136100279 ], [ -87.871805616196767, 15.828915182316321 ], [ -87.871822674077109, 15.828431220943967 ], [ -87.871690512709534, 15.828285889512053 ], [ -87.871696337609734, 15.827970988455073 ], [ -87.871698411575395, 15.827896891261625 ], [ -87.872217606550535, 15.827390074458894 ], [ -87.87176349893781, 15.826901060657363 ], [ -87.871676658946058, 15.826727763738187 ], [ -87.87169934382986, 15.826440578236754 ], [ -87.871757971219395, 15.82616945527797 ], [ -87.872070170716597, 15.825913520349483 ], [ -87.872059983996479, 15.825237947970729 ], [ -87.871994931729603, 15.824549493609243 ], [ -87.871716472151732, 15.823182913908267 ], [ -87.871105884082397, 15.820168365468612 ], [ -87.870542097769558, 15.81699720397409 ], [ -87.869154316076362, 15.811906551289415 ], [ -87.868243584340206, 15.807233052443982 ], [ -87.872553297020161, 15.806518456611906 ], [ -87.876830483566863, 15.805981204068939 ], [ -87.878651947039202, 15.805647376527894 ], [ -87.881790718915511, 15.804932775097287 ], [ -87.883689049642072, 15.80457526358752 ], [ -87.888026438041194, 15.803372158567615 ], [ -87.890219572725215, 15.806178554579088 ], [ -87.891982240724957, 15.809314233229788 ], [ -87.892936605704676, 15.810649765701214 ], [ -87.893360408047613, 15.811314820316133 ], [ -87.895516747224818, 15.816428684568452 ], [ -87.897338210697143, 15.819224324235483 ], [ -87.902253437574927, 15.823595254589225 ], [ -87.903866279089684, 15.824885089328689 ], [ -87.906893032551991, 15.826399630748616 ], [ -87.908718192522727, 15.826890743405892 ], [ -87.908612683875546, 15.827668081679816 ], [ -87.908437523303746, 15.828378572334415 ], [ -87.908380607301865, 15.828944698123243 ], [ -87.910317204120432, 15.829188682813491 ], [ -87.91043346859415, 15.829694207405215 ], [ -87.910702809692623, 15.830558982494635 ], [ -87.910488654618334, 15.830652705920365 ] ] ] ] } },
{ "type": "Feature", "properties": { "Dialgeo": 201168, "Dial": 8, "VERSION": "Capa anterior", "ID_MAPA": "anterior_150", "layer": "Capa anterior", "path": "C:\\Users\\said.calderon\\Downloads\\Capa anterior.geojson" }, "geometry": { "type": "MultiPolygon", "coordinates": [ [ [ [ -87.913357331413678, 15.817028498573885 ], [ -87.913067306723889, 15.817414464906479 ], [ -87.913387147036005, 15.81842371122733 ], [ -87.913517251569743, 15.81979022793465 ], [ -87.913343778858106, 15.821041990860234 ], [ -87.913239424179906, 15.821529654735757 ], [ -87.913250266224395, 15.82237980392004 ], [ -87.915429517164497, 15.823853213517987 ], [ -87.914620429595345, 15.825008463444101 ], [ -87.913883170570827, 15.825853382460476 ], [ -87.913254331991112, 15.82666700484195 ], [ -87.913205542790962, 15.827783122524318 ], [ -87.90727494446142, 15.826447952984511 ], [ -87.90362117547231, 15.824455613287393 ], [ -87.901257609776067, 15.822651016404619 ], [ -87.899620461059868, 15.821138480597392 ], [ -87.89745205216424, 15.819031342888101 ], [ -87.895717325047727, 15.816444331912711 ], [ -87.894459647888297, 15.813648653819603 ], [ -87.89361396841899, 15.811353665314591 ], [ -87.892031029925192, 15.809142106307331 ], [ -87.891380506948181, 15.807931997941086 ], [ -87.890079465143671, 15.805720401495654 ], [ -87.887455687155423, 15.802465555145796 ], [ -87.887130425821084, 15.797207616121566 ], [ -87.887049110487482, 15.795595780092411 ], [ -87.887049110487482, 15.794448186752289 ], [ -87.887005742309555, 15.791297487972338 ], [ -87.886984058220605, 15.790650649709889 ], [ -87.886897321864808, 15.790129004445603 ], [ -87.892708657705072, 15.789962077677384 ], [ -87.894849961489513, 15.789946428285599 ], [ -87.895722746069993, 15.789899480103843 ], [ -87.896568425539286, 15.789836882510963 ], [ -87.897934523143519, 15.789878614241708 ], [ -87.899799354793743, 15.789941211821692 ], [ -87.901217529175653, 15.789984149820627 ], [ -87.90549646769766, 15.789915219131593 ], [ -87.915563687464953, 15.790316796895459 ], [ -87.915860389618089, 15.7919691173951 ], [ -87.923977113979959, 15.795199339491839 ], [ -87.92117444548235, 15.801547512139166 ], [ -87.920437186457846, 15.804134713582837 ], [ -87.919547226623052, 15.806272871897484 ], [ -87.918858153730085, 15.807093080172775 ], [ -87.918125025008251, 15.807428147237298 ], [ -87.917039078089147, 15.807811710169641 ], [ -87.916346273003171, 15.809157316191643 ], [ -87.916350191082032, 15.810027836140542 ], [ -87.916318038620787, 15.813510117053221 ], [ -87.914628917415897, 15.815165396825666 ], [ -87.914631271639834, 15.815158637737756 ], [ -87.914577061417447, 15.815226443314193 ], [ -87.915523029798152, 15.816055755833128 ], [ -87.915622725958215, 15.816298302811704 ], [ -87.91560143257766, 15.816349328232405 ], [ -87.915410543586688, 15.81634262415192 ], [ -87.915196413208264, 15.816324368907393 ], [ -87.914873862385022, 15.816306113661222 ], [ -87.914577061417418, 15.816294378144947 ], [ -87.914452377905945, 15.816345232043858 ], [ -87.914276194683154, 15.816407821440359 ], [ -87.913957709626615, 15.816506921278537 ], [ -87.913705632092501, 15.816595589513639 ], [ -87.913565668332012, 15.816737605824162 ], [ -87.913357331413678, 15.817028498573885 ] ] ] ] } },
{ "type": "Feature", "properties": { "Dialgeo": 201312, "Dial": 6, "VERSION": "Capa anterior", "ID_MAPA": "anterior_151", "layer": "Capa anterior", "path": "C:\\Users\\said.calderon\\Downloads\\Capa anterior.geojson" }, "geometry": { "type": "MultiPolygon", "coordinates": [ [ [ [ -87.995892694820455, 15.471034720440821 ], [ -87.995757757163261, 15.471856035409207 ], [ -87.995684043536983, 15.472466009501764 ], [ -87.99473771726629, 15.477690022290282 ], [ -87.992200678858381, 15.477548962745018 ], [ -87.991200500255289, 15.477501942875223 ], [ -87.991533893122991, 15.475730853332443 ], [ -87.991309771580745, 15.475669558761064 ], [ -87.990819948375488, 15.475553130951445 ], [ -87.990263254758261, 15.475404650091365 ], [ -87.990115624651239, 15.474758289550595 ], [ -87.989936046818002, 15.474347668878107 ], [ -87.989817216835704, 15.473972415043139 ], [ -87.989008042510349, 15.472080825944881 ], [ -87.992934756037172, 15.470206697457197 ], [ -87.995892694820455, 15.471034720440821 ] ] ] ] } },
{ "type": "Feature", "properties": { "Dialgeo": 201072, "Dial": 12, "VERSION": "Capa anterior", "ID_MAPA": "anterior_152", "layer": "Capa anterior", "path": "C:\\Users\\said.calderon\\Downloads\\Capa anterior.geojson" }, "geometry": { "type": "MultiPolygon", "coordinates": [ [ [ [ -87.984042529279947, 15.323002741105743 ], [ -87.980041334079317, 15.322789669678706 ], [ -87.980041334079317, 15.322552923394039 ], [ -87.980286806177503, 15.319356822319108 ], [ -87.981096864101573, 15.318267769314927 ], [ -87.979498101774595, 15.317893659139205 ], [ -87.978456112212157, 15.317680815126536 ], [ -87.97860354826264, 15.315381387491977 ], [ -87.978639823658227, 15.31468104322329 ], [ -87.97898249342613, 15.314695528440296 ], [ -87.985957211645925, 15.315379383887603 ], [ -87.986202683744111, 15.31736811255654 ], [ -87.985515361869162, 15.318646571002988 ], [ -87.986129042114655, 15.319735622034882 ], [ -87.986497250261934, 15.320351170109806 ], [ -87.984680756735258, 15.320114421064607 ], [ -87.984042529279947, 15.323002741105743 ] ] ] ] } },
{ "type": "Feature", "properties": { "Dialgeo": 201345, "Dial": 12, "VERSION": "Capa anterior", "ID_MAPA": "anterior_153", "layer": "Capa anterior", "path": "C:\\Users\\said.calderon\\Downloads\\Capa anterior.geojson" }, "geometry": { "type": "MultiPolygon", "coordinates": [ [ [ [ -87.981379157014487, 15.305920826326478 ], [ -87.981735495561324, 15.306102192219779 ], [ -87.981888511618251, 15.306341084203034 ], [ -87.981898961135272, 15.306608315958613 ], [ -87.981778881011465, 15.307067157340573 ], [ -87.981201189743274, 15.308223355608435 ], [ -87.981241516858219, 15.309776265392912 ], [ -87.979914372235143, 15.309655864861904 ], [ -87.979288313410905, 15.309620241804405 ], [ -87.978935087360924, 15.311584866341047 ], [ -87.978893752020213, 15.312106226794308 ], [ -87.978906025625108, 15.312887527533849 ], [ -87.978837311351199, 15.314645009243641 ], [ -87.97862651314928, 15.314652326762795 ], [ -87.978599185502361, 15.314982819660171 ], [ -87.978476238707614, 15.316341103006661 ], [ -87.978423155008457, 15.317677762242882 ], [ -87.977979413846072, 15.317890719546073 ], [ -87.978095967701066, 15.315811460473753 ], [ -87.978243250959991, 15.312496877528718 ], [ -87.978797407077508, 15.310312985753335 ], [ -87.978961256847199, 15.309495950899294 ], [ -87.976591819996543, 15.309219598889474 ], [ -87.976623135111879, 15.308252950935639 ], [ -87.976666975848133, 15.307312142441921 ], [ -87.976812472324667, 15.307076512844871 ], [ -87.976937945655834, 15.306430130780775 ], [ -87.976947553508694, 15.306370940649467 ], [ -87.976921193625088, 15.306369457218201 ], [ -87.97453282043503, 15.305985025086072 ], [ -87.974823889893202, 15.303394024584499 ], [ -87.978239366755844, 15.303999367244796 ], [ -87.979109800019828, 15.305587761726853 ], [ -87.979611757907435, 15.305672222678432 ], [ -87.981379157014487, 15.305920826326478 ] ] ] ] } }
]
}
