{
"type": "FeatureCollection",
"name": "Capa 19 Diales",
"crs": { "type": "name", "properties": { "name": "urn:ogc:def:crs:EPSG::32616" } },
"features": [
{ "type": "Feature", "properties": { "fid": 618, "qgs_fid_0": 667, "qgs_fid": 1, "Dialgeo": 201002, "DIA": 1, "SEDE": "201" }, "geometry": { "type": "MultiPolygon", "coordinates": [ [ [ [ 386275.515138621907681, 1712153.864247669698671 ], [ 386728.223440708650742, 1709550.791510671144351 ], [ 384034.438103265478276, 1709530.981678781099617 ], [ 382570.92877933208365, 1709389.351744206855074 ], [ 382124.231410283537116, 1709341.825489353388548 ], [ 381888.141126994974911, 1709713.615688451565802 ], [ 381601.187498515413608, 1711855.088268214371055 ], [ 379975.371796111459844, 1713213.095680282218382 ], [ 377773.832107001915574, 1713689.20089131500572 ], [ 377109.559344410547055, 1713917.65688149840571 ], [ 376596.378335581219289, 1714029.217970374273136 ], [ 376172.446197852725163, 1713984.593534823972732 ], [ 375860.075149000098463, 1713873.032445947872475 ], [ 374945.274220217484981, 1713560.661397095303982 ], [ 374097.40994476043852, 1713382.163654893869534 ], [ 373633.502323168329895, 1713428.722640623338521 ], [ 372728.002410458575469, 1713643.18314626510255 ], [ 372775.66030060115736, 1714953.775125187123194 ], [ 373217.331704336043913, 1716190.013517432846129 ], [ 373731.568831323820632, 1718356.33201712439768 ], [ 374337.491665314009879, 1719108.361817955272272 ], [ 375078.817980614607222, 1719942.3539226683788 ], [ 376310.381253627070691, 1720873.004381058737636 ], [ 376883.183301544049755, 1721467.437361634802073 ], [ 377869.650713954993989, 1722025.030644779093564 ], [ 380169.291536754346453, 1721658.421238245908171 ], [ 380870.429818900243845, 1720869.01181679405272 ], [ 381495.923897435073741, 1720475.182211790699512 ], [ 381773.921265672775917, 1720058.186159434029832 ], [ 382268.963592353800777, 1718958.842881046701223 ], [ 381997.421683902386576, 1718039.072174797300249 ], [ 381544.713381815701723, 1716794.124344058800489 ], [ 381657.890457337372936, 1715820.80149457231164 ], [ 382382.223740676126909, 1714598.489078938262537 ], [ 383853.525722457969096, 1712900.832946113077924 ], [ 385305.807356314384378, 1712239.694026184035465 ], [ 385732.265176117885858, 1712199.135077878367156 ], [ 386275.515138621907681, 1712153.864247669698671 ] ] ] ] } },
{ "type": "Feature", "properties": { "fid": 619, "qgs_fid_0": 668, "qgs_fid": 2, "Dialgeo": 201014, "DIA": 9, "SEDE": "201" }, "geometry": { "type": "MultiPolygon", "coordinates": [ [ [ [ 395630.429499039193615, 1706158.51790474052541 ], [ 395258.797113556298427, 1706303.563986798748374 ], [ 395151.745544956531376, 1706299.424977613613009 ], [ 395046.631975618482102, 1706209.721620588330552 ], [ 395041.106563842738979, 1706017.822584425797686 ], [ 395059.164213210809976, 1705895.185775435529649 ], [ 395044.846356264082715, 1705816.630413965554908 ], [ 395005.017559616593644, 1705756.689689599908888 ], [ 394981.602360828546807, 1705724.422821528743953 ], [ 394928.064667337923311, 1705720.041427319403738 ], [ 394869.936436620482709, 1705729.555311102885753 ], [ 394779.401349945634138, 1705776.214890780393034 ], [ 394385.803351951646619, 1705729.450478094629943 ], [ 394264.935940816591028, 1705757.751761773601174 ], [ 394097.956726450007409, 1705878.759835709352046 ], [ 394080.929147238552105, 1706193.317979829153046 ], [ 394067.710749716206919, 1706355.24168126960285 ], [ 394003.010414685937576, 1706485.028167428215966 ], [ 393812.579055163310841, 1706564.521269357763231 ], [ 393621.509946808102541, 1706505.280497594969347 ], [ 393346.03626461897511, 1706307.691163926618174 ], [ 393230.65029057697393, 1707538.057332414900884 ], [ 393757.776435501175001, 1707571.525659077102318 ], [ 394153.769535289204214, 1707549.029429722577333 ], [ 394585.139078942826018, 1707578.779053422855213 ], [ 394856.980789195979014, 1707636.966860046377406 ], [ 395418.128542549849954, 1707764.714201548835263 ], [ 395715.624779552337714, 1707868.837884499691427 ], [ 396488.62290839740308, 1708145.484036585781723 ], [ 396706.695865941350348, 1706965.292360089952126 ], [ 396793.166945568635128, 1706530.200007896870375 ], [ 396711.804138554725796, 1706546.749704624526203 ], [ 396514.178082621889189, 1706580.006292031379417 ], [ 396488.553117596835364, 1706573.184269424295053 ], [ 396458.139938116190024, 1706536.323999419575557 ], [ 396469.358994469686877, 1706443.782045506406575 ], [ 396513.121425440476742, 1706344.156985949259251 ], [ 396533.59604720614152, 1706240.011267456924543 ], [ 396502.654262474679854, 1706085.224149536574259 ], [ 396448.703381656319834, 1705988.347741885343567 ], [ 396246.512638239422813, 1706042.438620032044128 ], [ 396030.070779429457616, 1706031.849894666112959 ], [ 395630.429499039193615, 1706158.51790474052541 ] ] ] ] } },
{ "type": "Feature", "properties": { "fid": 620, "qgs_fid_0": 669, "qgs_fid": 3, "Dialgeo": 201024, "DIA": 12, "SEDE": "201" }, "geometry": { "type": "MultiPolygon", "coordinates": [ [ [ [ 391637.658719733124599, 1689288.461566992802545 ], [ 391570.854806374467444, 1688963.985416393261403 ], [ 391544.792915139521938, 1688488.665829011239111 ], [ 391427.796304947871249, 1687174.182584531139582 ], [ 391310.769984266080428, 1686045.357268163235858 ], [ 391296.333151453640312, 1685623.743031943682581 ], [ 391130.664734421763569, 1685619.018040360417217 ], [ 385988.328309486852959, 1685521.883663974003866 ], [ 386158.093922769359779, 1686721.560664503835142 ], [ 386429.718904021428898, 1687842.01371216843836 ], [ 387719.937564968597144, 1688068.367863212246448 ], [ 388503.688812956097536, 1690009.354708408471197 ], [ 390088.167870259610936, 1689998.037000856362283 ], [ 391192.696939683344681, 1689946.957284384639934 ], [ 392014.623659400094766, 1689746.545544309541583 ], [ 391704.462633091839962, 1689402.982561321929097 ], [ 391637.658719733124599, 1689288.461566992802545 ] ] ] ] } },
{ "type": "Feature", "properties": { "fid": 621, "qgs_fid_0": 670, "qgs_fid": 4, "Dialgeo": 201030, "DIA": 13, "SEDE": "201" }, "geometry": { "type": "MultiPolygon", "coordinates": [ [ [ [ 399369.163022563385312, 1698545.699732679640874 ], [ 399255.132743089052383, 1698653.310896056704223 ], [ 398355.07722985255532, 1699324.874492842005566 ], [ 397963.676674152724445, 1699497.090737349819392 ], [ 397360.860316816251725, 1699838.821779569145292 ], [ 398340.011977743997704, 1700424.109566516475752 ], [ 398691.429407682328019, 1700557.982873159693554 ], [ 398925.707694307842758, 1700624.919526481302455 ], [ 399009.378510959853884, 1700708.590343133313581 ], [ 399243.656797585368622, 1700859.197813106700778 ], [ 399528.137574202148244, 1701311.02022302756086 ], [ 399720.580452501657419, 1701570.399754648562521 ], [ 400071.997882439987734, 1701679.171816296176985 ], [ 400406.681149047915824, 1701662.43765296577476 ], [ 400641.338928253215272, 1701535.533278421964496 ], [ 401728.657904716790654, 1701043.87600210821256 ], [ 401539.558952288352884, 1700533.308830551337451 ], [ 401419.098030536901206, 1700290.23625987325795 ], [ 401050.946437268168665, 1699888.616339943837374 ], [ 400277.323444828391075, 1699167.068899255478755 ], [ 399996.694147453235928, 1698888.750080952653661 ], [ 399624.359013351902831, 1698646.104712662054226 ], [ 399369.163022563385312, 1698545.699732679640874 ] ] ] ] } },
{ "type": "Feature", "properties": { "fid": 622, "qgs_fid_0": 671, "qgs_fid": 5, "Dialgeo": 201032, "DIA": 11, "SEDE": "201" }, "geometry": { "type": "MultiPolygon", "coordinates": [ [ [ [ 413484.598555058590136, 1722028.46428137505427 ], [ 413734.067283739568666, 1721593.117519884835929 ], [ 414058.123972223082092, 1721203.700172167737037 ], [ 414326.595013874466531, 1720869.947580192470923 ], [ 414362.72613547014771, 1720583.277163510443643 ], [ 414296.928630301961675, 1720398.659974701935425 ], [ 414175.151179059932474, 1720168.034693153342232 ], [ 413848.886643501697108, 1719975.149303472600877 ], [ 412797.337177344888914, 1719840.476642429595813 ], [ 412582.952345833647996, 1719721.128320197574794 ], [ 412461.189231756899972, 1719499.747784389881417 ], [ 412448.533644277194981, 1718621.637080822372809 ], [ 412519.702653027023189, 1717770.90618653036654 ], [ 412824.946966074232478, 1717316.769741744501516 ], [ 413270.437487107585184, 1717046.990742348367348 ], [ 413483.971371961117256, 1716935.249771180097014 ], [ 413585.635422719409689, 1716759.218697881791741 ], [ 413648.909023636137135, 1716269.008010428398848 ], [ 413489.894448734587058, 1716038.483823418617249 ], [ 413229.140124066791032, 1715965.507852932438254 ], [ 413061.516392341465689, 1715919.916822576196864 ], [ 412764.355826709303074, 1716059.71864144760184 ], [ 412598.104145151330158, 1716374.677686761366203 ], [ 412023.932198200374842, 1717051.735535348998383 ], [ 410704.336362892412581, 1717398.880662162788212 ], [ 410197.61212029622402, 1717526.238551338436082 ], [ 409473.278836957470048, 1717662.051041964441538 ], [ 409356.203811108949594, 1720827.960929713444784 ], [ 410701.250106367690023, 1722489.053312964038923 ], [ 411742.4792011671816, 1723700.048021045979112 ], [ 412029.574676185613498, 1723965.127448379993439 ], [ 412609.692338340508286, 1724601.025654973229393 ], [ 413613.7421382238972, 1725939.758721484337002 ], [ 414277.645692852791399, 1726733.193645027000457 ], [ 414605.859211865696125, 1727084.042579144239426 ], [ 415499.958108486956917, 1726642.651984609663486 ], [ 416075.365275263786316, 1726228.043336792150512 ], [ 417187.940965533838607, 1725575.735414708964527 ], [ 417808.770449129224289, 1725244.91510191722773 ], [ 417788.964460912975483, 1725103.443757515167817 ], [ 417797.452741577115376, 1724973.290120665216818 ], [ 417817.25872979342239, 1724795.036226718686521 ], [ 417970.047781747649424, 1724461.163853929610923 ], [ 418032.295173284597695, 1724305.545375087298453 ], [ 418004.000904404150788, 1724200.856580229708925 ], [ 417919.118097762926482, 1724135.779761804733425 ], [ 417817.25872979342239, 1724138.609188692877069 ], [ 417650.322543398942798, 1724206.515434005763382 ], [ 417506.02177210879745, 1724308.374801975442097 ], [ 417194.784814424172509, 1724557.36436812300235 ], [ 416702.464535904873628, 1724718.641700741369277 ], [ 416371.421590003941674, 1724687.518004972953349 ], [ 416136.579158296459354, 1724537.558379906695336 ], [ 415910.881548130535521, 1724256.000445713987574 ], [ 415825.99643563083373, 1723932.853653671452776 ], [ 416241.964108610642143, 1723247.425506004365161 ], [ 416379.499148448929191, 1722710.878544453298673 ], [ 416693.97912017791532, 1722238.37231419258751 ], [ 416926.011500688211527, 1722108.13436325523071 ], [ 417158.14683673431864, 1722005.625321027124301 ], [ 417250.814337084244471, 1721912.864803289761767 ], [ 417268.646175970381591, 1721700.221041692653671 ], [ 417081.702482465072535, 1721442.10277346894145 ], [ 416923.226480690063909, 1721341.007223476422951 ], [ 416718.2129323707195, 1721230.838711444288492 ], [ 416476.36611874261871, 1721222.477093511959538 ], [ 416365.063941208587494, 1721306.068816197803244 ], [ 416273.005903463577852, 1721565.202293352689594 ], [ 416264.584862222662196, 1721805.541942185489461 ], [ 415690.317634672974236, 1722445.382092277053744 ], [ 414613.997980515821837, 1723114.816526256268844 ], [ 414193.859800377220381, 1723053.812803623732179 ], [ 413829.891747919435147, 1722830.690625871997327 ], [ 413693.229414046450984, 1722716.340509774163365 ], [ 413523.231990116066299, 1722407.260593867162243 ], [ 413484.598555058590136, 1722028.46428137505427 ] ] ] ] } },
{ "type": "Feature", "properties": { "fid": 623, "qgs_fid_0": 672, "qgs_fid": 6, "Dialgeo": 201036, "DIA": 9, "SEDE": "201" }, "geometry": { "type": "MultiPolygon", "coordinates": [ [ [ [ 391316.457279592810664, 1704894.863294886890799 ], [ 391247.661274785990827, 1704913.45680969953537 ], [ 391188.162027385493275, 1704930.190973030868918 ], [ 391134.240834428754169, 1704965.518651174847037 ], [ 391106.210408516228199, 1704986.769432562869042 ], [ 391076.653980105009396, 1705010.611552004236728 ], [ 391052.429369253106415, 1705030.595953019335866 ], [ 391022.151507798815146, 1705049.024223354412243 ], [ 391005.371397005859762, 1705068.181218869518489 ], [ 390990.888229285483249, 1705080.96809167531319 ], [ 390955.001237268967088, 1705119.293056452414021 ], [ 390938.843867300369311, 1705147.118852228624746 ], [ 390923.866350043099374, 1705178.407752785598859 ], [ 390891.606387644889764, 1705245.621253973105922 ], [ 390883.565987926791422, 1705267.627509486628696 ], [ 390871.019224087707698, 1705320.873073952738196 ], [ 390865.393093043530826, 1705361.36741953343153 ], [ 390856.353116696234792, 1705418.064883983228356 ], [ 390851.835878533252981, 1705446.991662873420864 ], [ 390845.024554358504247, 1705482.866535671753809 ], [ 390843.959412255033385, 1705503.683435009093955 ], [ 390827.999082954134792, 1705573.131584773072973 ], [ 390791.064472501864657, 1705635.741404224419966 ], [ 390769.134304181556217, 1705672.843678286066279 ], [ 390752.933855575858615, 1705691.419551678700373 ], [ 390723.449784662167076, 1705730.29180646687746 ], [ 390708.464778296183795, 1705759.845847548916936 ], [ 390679.486006207298487, 1705782.528854720992967 ], [ 390659.273932763782796, 1705813.841897072037682 ], [ 390601.259201049164403, 1705847.068156513851136 ], [ 390572.840445427340455, 1705865.123787187505513 ], [ 390547.914705284987576, 1705883.740994594991207 ], [ 390514.246990804793313, 1705898.931049139471725 ], [ 390467.814690845669247, 1705921.118822723859921 ], [ 390429.515371302783024, 1705940.955717923352495 ], [ 390431.307086160231847, 1705950.774871243862435 ], [ 390403.440124039188959, 1705962.468969689682126 ], [ 390381.373769681202248, 1705970.666998924454674 ], [ 390365.118979659571778, 1705977.681278459494933 ], [ 390348.853225317958277, 1705982.383235037792474 ], [ 390326.786906300170813, 1705990.581312003545463 ], [ 390302.377321565407328, 1705995.32195730227977 ], [ 390280.272596877650358, 1705995.426914734300226 ], [ 390236.074128752923571, 1705997.949225415010005 ], [ 390203.515224728616886, 1706001.572499007917941 ], [ 390180.280065201048274, 1706008.620076682185754 ], [ 390138.386443355644587, 1706006.506852302001789 ], [ 390087.141555405571125, 1705995.188644415233284 ], [ 390059.362816446926445, 1706025.381803392898291 ], [ 389973.678210716985632, 1706111.347712273709476 ], [ 390048.444044429110363, 1706175.738177356310189 ], [ 390081.195220953261014, 1706212.580188907682896 ], [ 390223.667950302886311, 1706325.208285814151168 ], [ 390263.420933106215671, 1706366.641708033625036 ], [ 390303.195735362824053, 1706412.699697755975649 ], [ 390375.70971458859276, 1706493.287296978291124 ], [ 390377.287372186663561, 1706580.570272820536047 ], [ 390377.638561840867624, 1706654.562915913527831 ], [ 390384.975468645920046, 1706729.678323249565437 ], [ 390388.638423028227407, 1706766.079808495938778 ], [ 390486.895995295140892, 1706779.257916466100141 ], [ 390503.69373139279196, 1706826.619158933870494 ], [ 390513.682277556217741, 1706855.549431880470365 ], [ 390523.153349179716315, 1706894.537708304589614 ], [ 390527.917650822084397, 1706942.309955567819998 ], [ 390632.342337384237908, 1707113.154690460301936 ], [ 390767.901818904152606, 1707120.065565988654271 ], [ 390796.608532637706958, 1707567.677657908992842 ], [ 390497.84606748400256, 1707576.183350866893306 ], [ 390336.23790127976099, 1708222.616015683626756 ], [ 390278.824473812477663, 1708471.40753470826894 ], [ 390212.905353387061041, 1708732.957593170227483 ], [ 390083.193535775935743, 1708913.703568530268967 ], [ 389955.608141404227354, 1709136.978008680744097 ], [ 390071.23240505362628, 1709166.88083548634313 ], [ 390236.29600902198581, 1709196.517859387444332 ], [ 390525.489569597819354, 1709245.425593896536157 ], [ 390668.118145409040153, 1709277.51808984670788 ], [ 391317.303580985462759, 1709295.257622401928529 ], [ 391643.042405392799992, 1709300.66074981726706 ], [ 391676.661272506578825, 1709034.969666738528758 ], [ 391693.265139470982831, 1708761.920198756502941 ], [ 391705.122149707633071, 1708648.362650119466707 ], [ 391712.175034713814966, 1708563.366298706736416 ], [ 391974.912810241396073, 1707837.999212234979495 ], [ 392393.630334118963219, 1707116.787728417431936 ], [ 392606.136977831250988, 1706782.830952105810866 ], [ 392725.837607817375101, 1706504.798278858419508 ], [ 392759.34331924689468, 1706204.039637602865696 ], [ 392765.797750140191056, 1706090.704448947450146 ], [ 392763.063134756404907, 1706002.84740265016444 ], [ 392767.459174413699657, 1705947.330153510905802 ], [ 392771.544065353809856, 1705824.755195828387514 ], [ 392754.773446446808521, 1705720.77553387102671 ], [ 392703.153844265383668, 1705628.51919961348176 ], [ 392527.673445799737237, 1705421.217257896903902 ], [ 392511.712394278612919, 1704991.176460962276906 ], [ 392111.598894021415617, 1705048.539365622680634 ], [ 391750.507429088465869, 1704960.040901235304773 ], [ 391673.745702794287354, 1704934.963176275603473 ], [ 391553.931326621270273, 1704914.677009209757671 ], [ 391481.416618851886597, 1704899.33735948917456 ], [ 391439.581210523378104, 1704900.731873100157827 ], [ 391372.644557197811082, 1704886.786736990790814 ], [ 391316.457279592810664, 1704894.863294886890799 ] ] ] ] } },
{ "type": "Feature", "properties": { "fid": 624, "qgs_fid_0": 673, "qgs_fid": 7, "Dialgeo": 201050, "DIA": 16, "SEDE": "201" }, "geometry": { "type": "MultiPolygon", "coordinates": [ [ [ [ 394325.472421277023386, 1696933.036170221166685 ], [ 393946.121627561573405, 1697111.975223860470578 ], [ 393770.761354994960129, 1697205.023531752871349 ], [ 393800.584530601510778, 1697369.647461101179942 ], [ 393690.123872541764285, 1697568.011367682833225 ], [ 393603.866334716673009, 1697830.547865589614958 ], [ 393548.085790278739296, 1698477.60218107001856 ], [ 393324.963612526888028, 1698745.348794372286648 ], [ 392890.641050065634772, 1698904.533008593367413 ], [ 388743.511827819456812, 1700001.921131279785186 ], [ 388588.158646746887825, 1700608.661872085183859 ], [ 391019.595515690220054, 1700953.289764523040503 ], [ 392291.468719243828673, 1701197.132648500148207 ], [ 392584.084539183357265, 1701061.629270867444575 ], [ 392927.284660056291614, 1700791.748726663878188 ], [ 393252.23131597583415, 1700094.063818615395576 ], [ 393656.963290006446186, 1700041.319457623409107 ], [ 394113.216126220533624, 1700057.735254027182236 ], [ 394416.745123387954663, 1700269.140881907194853 ], [ 394807.09916202200111, 1700322.311269387835637 ], [ 395118.768892411782872, 1700309.019648883957416 ], [ 395309.964603737462312, 1700313.243235368281603 ], [ 395707.072403834026773, 1700332.153130610939115 ], [ 396298.299049997003749, 1700396.685328638413921 ], [ 396432.172356648137793, 1700396.685328638413921 ], [ 396916.237298960331827, 1700475.618876639055088 ], [ 397091.153829955263063, 1700116.330867027631029 ], [ 397223.98248190357117, 1699879.810407348908484 ], [ 398325.024494541110471, 1699293.750423970399424 ], [ 399193.076887400762644, 1698622.631596608785912 ], [ 397166.577800269704312, 1697909.768841529032215 ], [ 396618.485127862542868, 1697524.312523053493351 ], [ 396561.896590101707261, 1696856.567777475574985 ], [ 395637.69214796583401, 1696872.196891984436661 ], [ 394325.472421277023386, 1696933.036170221166685 ] ] ] ] } },
{ "type": "Feature", "properties": { "fid": 625, "qgs_fid_0": 674, "qgs_fid": 8, "Dialgeo": 201057, "DIA": 14, "SEDE": "201" }, "geometry": { "type": "MultiPolygon", "coordinates": [ [ [ [ 387698.166337987349834, 1688165.917237164219841 ], [ 386371.631487007834949, 1687908.244999923976138 ], [ 386123.502665961335879, 1686801.208721408853307 ], [ 385894.460677303024568, 1685503.30411901162006 ], [ 381430.121592842100654, 1680379.400294956751168 ], [ 377932.949959222169127, 1681912.949668276123703 ], [ 377536.830194896261673, 1682869.29595643421635 ], [ 377406.676558046543505, 1683955.795881442259997 ], [ 377714.907249631418381, 1684393.472853172803298 ], [ 378235.521797032270115, 1687166.311203460209072 ], [ 379933.177929861471057, 1687279.488278982229531 ], [ 379729.459193921939004, 1690527.670346461469308 ], [ 379933.177929861471057, 1692678.034781378461048 ], [ 380612.240382993128151, 1693787.17012149351649 ], [ 381896.800190167152323, 1696124.27673102193512 ], [ 381783.623114645190071, 1698840.526543548563495 ], [ 383571.820907891844399, 1698795.25571333989501 ], [ 385020.487474572728388, 1698817.891128444112837 ], [ 386378.612380836042576, 1698772.620298235444352 ], [ 387782.008117308083456, 1698772.620298235444352 ], [ 389547.570495450403541, 1698727.349468026543036 ], [ 389502.299665241618641, 1697912.474524268647656 ], [ 389485.323103913280647, 1695484.826254322892055 ], [ 389462.687688808888197, 1694669.951310564996675 ], [ 389598.500179435242899, 1693719.263876180630177 ], [ 389938.031406001071446, 1691902.771814053412527 ], [ 387566.97167381644249, 1691053.943747639190406 ], [ 387227.440447250555735, 1690765.342205058084801 ], [ 386991.953539624053519, 1690499.28249662136659 ], [ 386934.693042459490243, 1690275.0122160599567 ], [ 386953.779874847678002, 1690117.545848857378587 ], [ 387053.985744885692839, 1689874.188735907897353 ], [ 388270.771309633099008, 1689645.146747249411419 ], [ 387698.166337987349834, 1688165.917237164219841 ] ] ] ] } },
{ "type": "Feature", "properties": { "fid": 626, "qgs_fid_0": 675, "qgs_fid": 9, "Dialgeo": 201058, "DIA": 14, "SEDE": "201" }, "geometry": { "type": "MultiPolygon", "coordinates": [ [ [ [ 398622.643462816951796, 1672080.730523588368669 ], [ 396207.026662712683901, 1673339.573081389069557 ], [ 393112.648374391836114, 1674620.63238185364753 ], [ 393769.075412419100758, 1676352.241637339582667 ], [ 393950.15873325424036, 1676787.973378099035472 ], [ 393590.998357646516524, 1676899.205222665332258 ], [ 393319.373376394505613, 1676967.111467978451401 ], [ 392996.818711157713551, 1677040.676567067625001 ], [ 392623.33436193614034, 1677153.853642589179799 ], [ 392363.027088236180134, 1677244.395303006283939 ], [ 391845.065128546091728, 1677919.744133318541571 ], [ 390993.584474423900247, 1679157.087879322702065 ], [ 390767.636015998956282, 1679642.291563351638615 ], [ 391092.437576325028203, 1681213.197031006449834 ], [ 391352.744850025512278, 1682209.155295599484816 ], [ 391805.453152113303076, 1683578.597909414907917 ], [ 392105.372402246342972, 1684795.251471276162192 ], [ 392536.44398364413064, 1684637.485549689037725 ], [ 394272.303192207065877, 1683783.031215075170621 ], [ 396528.900000000023283, 1682559.33 ], [ 398908.335927684151102, 1680832.434539879439399 ], [ 399824.700200924184173, 1680538.069992170901969 ], [ 402505.354881027946249, 1679878.630029947729781 ], [ 401800.898030213778839, 1678529.645455841906369 ], [ 400955.338470868184231, 1676884.855041566072032 ], [ 400193.633979613892734, 1675467.780360847013071 ], [ 398622.643462816951796, 1672080.730523588368669 ] ] ] ] } },
{ "type": "Feature", "properties": { "fid": 627, "qgs_fid_0": 676, "qgs_fid": 10, "Dialgeo": 201060, "DIA": 12, "SEDE": "201" }, "geometry": { "type": "MultiPolygon", "coordinates": [ [ [ [ 392024.167075594188645, 1689779.947500988841057 ], [ 391536.259922670957167, 1689918.327035802416503 ], [ 391234.085759916692041, 1689983.889866416109726 ], [ 389974.990794737939723, 1690048.966684841085225 ], [ 389244.998657623131294, 1690065.943246169248596 ], [ 388427.294286979129538, 1690020.672415961278602 ], [ 388302.799503905291203, 1689686.800043172435835 ], [ 387096.931117759144399, 1689921.905816878192127 ], [ 387006.921989182068501, 1690037.648977289674804 ], [ 386964.96356569690397, 1690204.629521625349298 ], [ 387026.727977398200892, 1690501.674986927770078 ], [ 387230.446713337209076, 1690728.029137971112505 ], [ 387569.977939902280923, 1690977.018704118905589 ], [ 388310.585249065072276, 1691263.948719170410186 ], [ 388816.386307352397125, 1691435.730210664216429 ], [ 389150.405874145915732, 1691569.338037381647155 ], [ 389608.489851462712977, 1691731.576112681534141 ], [ 389909.107461576873902, 1691860.412231301655993 ], [ 391657.983562323264778, 1692698.415089969756082 ], [ 391853.730248397798277, 1692918.005549315363169 ], [ 391972.982666712021455, 1693182.634000299731269 ], [ 392002.528177282598335, 1693444.524236610392109 ], [ 391971.447426553058904, 1694276.866575954249129 ], [ 391924.172688446356915, 1694399.78089503175579 ], [ 391952.537531310401391, 1694551.060056973481551 ], [ 391999.81226941710338, 1694759.068904642947018 ], [ 392186.547484938637353, 1695186.905284509528428 ], [ 392250.917321810557041, 1695413.240849596215412 ], [ 392535.398098436300643, 1695831.594932869309559 ], [ 392719.473895076487679, 1696090.974464498693123 ], [ 392803.14471173111815, 1696283.417342804372311 ], [ 392886.815528385690413, 1696538.613333601271734 ], [ 392935.85208393051289, 1696725.698009883286431 ], [ 393009.745431689254474, 1696960.080848589772359 ], [ 393020.901540576829575, 1697008.423987102694809 ], [ 393022.760892058082391, 1697036.314259321661666 ], [ 393024.620243539393414, 1697079.079343390651047 ], [ 393041.354406870785169, 1697110.68831857223995 ], [ 393059.94792168342974, 1697116.266373015940189 ], [ 393087.838193902396597, 1697131.141184866195545 ], [ 393436.9643078619265, 1697463.183924348559231 ], [ 393557.227417651971336, 1697564.094566056737676 ], [ 393647.889871495892294, 1697583.18139844480902 ], [ 393786.797369851788972, 1697368.634448135038838 ], [ 393754.060376655252185, 1697196.673042583512142 ], [ 394224.073624214681331, 1696956.894710706779733 ], [ 394320.990494770405348, 1696913.156315230531618 ], [ 395532.550465291831642, 1696866.1727713951841 ], [ 395972.360851473989896, 1696836.440595494583249 ], [ 395976.684870038647205, 1696762.397229393944144 ], [ 395966.77340492408257, 1696628.272490298608318 ], [ 395964.300706307869405, 1696595.897797629935667 ], [ 395954.399516016652342, 1696464.085343032376841 ], [ 395889.847097717167344, 1695896.084354382241145 ], [ 395878.724767282023095, 1694810.670536247082055 ], [ 395852.693846544309054, 1694613.579279233003035 ], [ 395808.069410993950441, 1694308.645636305445805 ], [ 395683.359541362558957, 1694199.028572876704857 ], [ 394948.415907193731982, 1693708.830364523921162 ], [ 394684.571849883766845, 1693768.955685894936323 ], [ 394772.284083413076587, 1693887.791615192778409 ], [ 394798.456282127590384, 1694271.88631524448283 ], [ 394358.480401037028059, 1694294.521730348700657 ], [ 394292.696225889900234, 1693976.918562165694311 ], [ 394094.636343727004714, 1694002.383404158055782 ], [ 394200.032495306513738, 1693809.982375771272928 ], [ 394127.174752939550672, 1693673.462528423406184 ], [ 394149.102811321965419, 1693446.401020657969639 ], [ 394915.170141259382945, 1693365.054997626924887 ], [ 394903.910859738942236, 1693034.810142425820231 ], [ 394864.685632593464106, 1692811.051882490282878 ], [ 394652.781773556896951, 1692831.45482905046083 ], [ 394654.571164093387779, 1692650.129921361804008 ], [ 394628.326769559585955, 1692594.062351221451536 ], [ 394594.61963659763569, 1692537.261002243030816 ], [ 394576.434444004087709, 1692455.086352895246819 ], [ 394596.117739904439077, 1692416.912688118871301 ], [ 394643.545160007080995, 1692395.976288472069427 ], [ 394870.606667772459332, 1692363.437879259698093 ], [ 394823.966801538597792, 1691822.835030036745593 ], [ 394982.626095765503123, 1691717.857451901538298 ], [ 395003.502318689948879, 1691703.840559366159141 ], [ 394957.8728600119357, 1691700.261778293410316 ], [ 394896.437118262401782, 1691682.367872929433361 ], [ 394789.371917834854685, 1691661.193418248789385 ], [ 394494.718942841805983, 1691588.424869769951329 ], [ 394196.487186776415911, 1691502.534124022349715 ], [ 393267.105537513096351, 1690964.490524125052616 ], [ 392024.167075594188645, 1689779.947500988841057 ] ] ] ] } },
{ "type": "Feature", "properties": { "fid": 628, "qgs_fid_0": 677, "qgs_fid": 11, "Dialgeo": 201061, "DIA": 13, "SEDE": "201" }, "geometry": { "type": "MultiPolygon", "coordinates": [ [ [ [ 396834.810964395699557, 1692522.994603753322735 ], [ 397144.614210897882003, 1691744.275539291789755 ], [ 396397.852172255283222, 1691584.255102439783514 ], [ 395920.928517323918641, 1691411.684043089626357 ], [ 396181.822931660397444, 1692000.604177565081045 ], [ 396198.147632478794549, 1692408.721698024775833 ], [ 396205.273371180403046, 1692625.700126827694476 ], [ 396170.330571773287375, 1692628.972619043663144 ], [ 396116.954175820283126, 1692636.391397845000029 ], [ 396010.273884582624305, 1692653.590399046661332 ], [ 395864.314793303317856, 1692676.367454692022875 ], [ 395801.561680810584221, 1692686.593887839000672 ], [ 395789.01105831208406, 1692690.777428671717644 ], [ 395411.866492271947209, 1692732.755442542955279 ], [ 395374.952010565961245, 1692739.044298647204414 ], [ 395289.775185592181515, 1692752.136027553118765 ], [ 395254.912345318414737, 1692757.714081996819004 ], [ 395186.581178381922655, 1692765.151487922063097 ], [ 395062.004629137110896, 1692779.561461901990697 ], [ 394905.354266841022763, 1692800.479166067205369 ], [ 394938.822593503748067, 1692938.071175680728629 ], [ 394957.416108316509053, 1693010.58588344999589 ], [ 394978.566231416072696, 1693088.678645663429052 ], [ 395157.063973617507145, 1693079.614307192154229 ], [ 395246.77768258866854, 1693071.944482331862673 ], [ 395341.604608133202419, 1693068.690617239568383 ], [ 395541.949730239633936, 1693109.131511956918985 ], [ 395723.236499662918504, 1693087.748969922540709 ], [ 395816.20407372614136, 1693282.980875454843044 ], [ 395841.305318723258097, 1693278.332496751565486 ], [ 395850.602076129522175, 1693275.543469529831782 ], [ 395871.054942423419561, 1693268.10606360505335 ], [ 395895.226511679880787, 1693266.246712123742327 ], [ 395962.163165005506016, 1693270.895090826554224 ], [ 396053.736225457745604, 1693300.877133461879566 ], [ 396068.843456243048422, 1693309.011796192266047 ], [ 396080.231984065787401, 1693314.822269571246579 ], [ 396089.993579342437442, 1693320.632742950227112 ], [ 396101.846945035504177, 1693326.675635264487937 ], [ 396111.376121376990341, 1693331.324013967532665 ], [ 396124.159162810654379, 1693339.226257762871683 ], [ 396130.899311930290423, 1693343.874636466149241 ], [ 396135.08285276312381, 1693346.198825818253681 ], [ 396153.908786510990467, 1693354.565907483221963 ], [ 396229.444940437446348, 1693393.379869654774666 ], [ 396281.426206325064413, 1693002.44305008975789 ], [ 396539.073529008834157, 1692781.433649439131841 ], [ 396580.438924852525815, 1692750.705069669522345 ], [ 396796.719995819497854, 1692659.033777239965275 ], [ 396834.810964395699557, 1692522.994603753322735 ] ] ] ] } },
{ "type": "Feature", "properties": { "fid": 629, "qgs_fid_0": 678, "qgs_fid": 12, "Dialgeo": 201068, "DIA": 14, "SEDE": "201" }, "geometry": { "type": "MultiPolygon", "coordinates": [ [ [ [ 397322.83558380760951, 1687166.311203460209072 ], [ 397198.340800733538345, 1687024.839859057450667 ], [ 397107.799140315910336, 1687070.110689266351983 ], [ 396824.856451511092018, 1687211.582033668877557 ], [ 396332.536172990628984, 1687505.842430026037619 ], [ 395930.757554887735751, 1687771.808557502459735 ], [ 395721.379965172149241, 1687805.761680159252137 ], [ 395053.812058773939498, 1687858.990273496136069 ], [ 394732.578786502010189, 1687899.938447297550738 ], [ 394453.796719326404855, 1687913.279901904985309 ], [ 394272.71339849132346, 1687930.25646323338151 ], [ 393984.11185591033427, 1687941.574170785490423 ], [ 393701.169167105515953, 1687964.209585889941081 ], [ 393455.00496149196988, 1687992.85486536892131 ], [ 393252.956716933869757, 1687998.341868987772614 ], [ 393067.37754418264376, 1688015.139269874896854 ], [ 392558.08070433390094, 1688060.410100083565339 ], [ 391545.145878412527964, 1688116.998637844575569 ], [ 391545.322717601258773, 1688204.180353837786242 ], [ 391573.616986481647473, 1688362.628259568009526 ], [ 391596.252401585981715, 1688939.831344728590921 ], [ 391635.864378018595744, 1689188.820910876384005 ], [ 391698.111769555602223, 1689324.633401502389461 ], [ 391981.054458359780256, 1689686.800043171737343 ], [ 392744.822878945502453, 1690431.469832269707695 ], [ 393328.217477607075125, 1690967.332919796463102 ], [ 394243.018406389688607, 1691502.826146400533617 ], [ 394448.767268725612666, 1691568.775019203079864 ], [ 394885.935030833119527, 1691676.755980082554743 ], [ 394951.257006537402049, 1691695.675757799530402 ], [ 395018.658497733355034, 1691700.788974372670054 ], [ 395849.498086203006096, 1691368.952839749632403 ], [ 396037.021775432222057, 1691411.684043089626357 ], [ 396212.304043997253757, 1691498.06155827245675 ], [ 396410.402794753492344, 1691556.01620181882754 ], [ 396591.611746175447479, 1691609.622647148324177 ], [ 396815.160370320256334, 1691647.008214930770919 ], [ 397000.280918570235372, 1690708.753667296841741 ], [ 397170.046531853149645, 1690029.691214165184647 ], [ 397362.447560240456369, 1689418.535006346646696 ], [ 397464.306928210193291, 1688931.873581602238119 ], [ 397645.390249045332894, 1688399.941326649161056 ], [ 397849.108984984806739, 1687834.055949039524421 ], [ 397696.319933030114044, 1687624.678359323414043 ], [ 397322.83558380760951, 1687166.311203460209072 ] ] ] ] } },
{ "type": "Feature", "properties": { "fid": 630, "qgs_fid_0": 679, "qgs_fid": 13, "Dialgeo": 201069, "DIA": 13, "SEDE": "201" }, "geometry": { "type": "MultiPolygon", "coordinates": [ [ [ [ 399098.82079298311146, 1689005.737862241687253 ], [ 398941.354425780416932, 1689015.281278435606509 ], [ 398888.865636712871492, 1689024.824694629758596 ], [ 398793.431474771874491, 1689053.454943212214857 ], [ 398383.064578425546642, 1689120.258856570813805 ], [ 398156.408443816006184, 1689210.92131041479297 ], [ 398091.990384505479597, 1689816.928238740190864 ], [ 398099.930943410261534, 1690024.547745877178386 ], [ 398091.668521758983843, 1690265.228236785624176 ], [ 398092.396247680298984, 1690431.823597 ], [ 397968.165662742045242, 1691839.152364254929125 ], [ 399268.807068717374932, 1694197.922237687977031 ], [ 399320.705219495925121, 1694519.446568382671103 ], [ 399738.229677987808827, 1694471.729487412143499 ], [ 400203.471217450336553, 1694378.681179520208389 ], [ 400575.664449020288885, 1694316.648974258452654 ], [ 401417.870928149612155, 1694178.269439443713054 ], [ 401634.662846369901672, 1693387.40037039318122 ], [ 402508.909127063350752, 1693124.605510767083615 ], [ 402694.069086705916561, 1692864.710265819216147 ], [ 402786.032756211818196, 1692586.69366468465887 ], [ 402579.768314515822567, 1692254.39167139492929 ], [ 401574.723742943024263, 1692425.198095449944958 ], [ 401146.351866186014377, 1692427.011647176928818 ], [ 400510.893126541632228, 1691911.45342356688343 ], [ 400322.107279179384932, 1691319.945254647638649 ], [ 400470.686870885198005, 1690852.388895800104365 ], [ 400661.555194767192006, 1690699.694236694136634 ], [ 401673.157311341899913, 1690718.781069082440808 ], [ 401940.372964776703157, 1690585.173242365242913 ], [ 402045.350542911735829, 1690446.793707550270483 ], [ 402121.697872464603279, 1690222.523426989326254 ], [ 402107.382748173375148, 1689478.13696384918876 ], [ 402181.344223677471746, 1689062.998359406366944 ], [ 402178.958369629166555, 1688848.271495038643479 ], [ 402083.524207688169554, 1688829.184662650804967 ], [ 401930.82954858255107, 1688819.64124645665288 ], [ 401484.674841508152895, 1689043.91152701806277 ], [ 400632.924946184910368, 1689096.400316085666418 ], [ 400289.361963197297882, 1689029.59640272683464 ], [ 399833.663839928805828, 1689015.281278435606509 ], [ 399633.252099852717947, 1688943.705656979931518 ], [ 399399.438403097272385, 1688948.477365077007562 ], [ 399098.82079298311146, 1689005.737862241687253 ] ] ] ] } },
{ "type": "Feature", "properties": { "fid": 631, "qgs_fid_0": 680, "qgs_fid": 14, "Dialgeo": 201074, "DIA": 16, "SEDE": "201" }, "geometry": { "type": "MultiPolygon", "coordinates": [ [ [ [ 391488.09549406869337, 1702778.080357351806015 ], [ 391234.085759918671101, 1702777.143540703924373 ], [ 390812.501153600402176, 1702836.561505352612585 ], [ 390382.428266618051566, 1702929.932592658093199 ], [ 389444.032233255624305, 1703729.340439904714003 ], [ 389092.209605670999736, 1704022.091371442656964 ], [ 388819.290135550429113, 1704376.394755385117605 ], [ 388788.211266581551172, 1705044.278092172695324 ], [ 388769.654940434091259, 1705295.333471061196178 ], [ 388769.654940434091259, 1705436.804815463488922 ], [ 389040.062960585870314, 1705405.643899299902841 ], [ 389170.798342471767683, 1705393.614992355927825 ], [ 389476.803303113498259, 1705317.691442781127989 ], [ 389625.363798811158631, 1705316.959627771750093 ], [ 389811.624839636613615, 1705339.195516060804948 ], [ 390105.471552680071909, 1705476.543232359690592 ], [ 390141.050535762682557, 1705618.588511845096946 ], [ 390084.361598177638371, 1705685.918227080954239 ], [ 390045.107784404943231, 1705749.696331102866679 ], [ 390030.186904218804557, 1705792.546885015442967 ], [ 390014.185214955650736, 1705852.745527614373714 ], [ 390030.687611609173473, 1705897.758747498271987 ], [ 390064.575088233686984, 1705928.814815054647624 ], [ 390094.867758158652578, 1705937.920275537995622 ], [ 390158.92675738572143, 1705952.646202504169196 ], [ 390231.003191471158061, 1705940.741730729816481 ], [ 390296.1650969532202, 1705942.744651381392032 ], [ 390384.441580868209712, 1705912.264624329051003 ], [ 390560.732355051906779, 1705795.809171297587454 ], [ 390667.230524211190641, 1705681.997107552597299 ], [ 390789.373059886565898, 1705431.677777920616791 ], [ 390885.562394776556175, 1705105.167778918985277 ], [ 391170.257886067498475, 1704782.390822208952159 ], [ 391251.5916614982998, 1704758.883172963513061 ], [ 391326.009992596344091, 1704749.283301247516647 ], [ 391470.301462752860971, 1704753.23060585767962 ], [ 391514.523994331655558, 1704755.33558393875137 ], [ 391700.959975477948319, 1704814.586474380921572 ], [ 391864.363684112264309, 1704924.820944183971733 ], [ 391959.896696106006857, 1704952.124050184618682 ], [ 392055.364679371821694, 1704965.552970616379753 ], [ 392167.00221418828005, 1704953.469650065526366 ], [ 392345.818644750746898, 1704876.324617148842663 ], [ 392844.029659214545973, 1704701.153824572451413 ], [ 393467.649333259090781, 1704422.504504089942202 ], [ 393254.702303666155785, 1703660.342896382790059 ], [ 393207.734790995134972, 1703568.055679508717731 ], [ 393327.546913795405999, 1703308.490157337626442 ], [ 392967.125624648644589, 1702866.125005414243788 ], [ 392711.820036003773566, 1702511.152056894265115 ], [ 392073.362959279795177, 1702837.897022439632565 ], [ 391736.871441265917383, 1703040.670956913381815 ], [ 391488.09549406869337, 1702778.080357351806015 ] ] ] ] } },
{ "type": "Feature", "properties": { "fid": 632, "qgs_fid_0": 681, "qgs_fid": 15, "Dialgeo": 201081, "DIA": 14, "SEDE": "201" }, "geometry": { "type": "MultiPolygon", "coordinates": [ [ [ [ 396541.176837221137248, 1682556.324075310025364 ], [ 396311.859318977571093, 1682684.657591511262581 ], [ 396234.848680682713166, 1682729.708600937854499 ], [ 394316.965484117798042, 1683794.299468645360321 ], [ 393265.437426346354187, 1684336.884315411793068 ], [ 393140.942643272108398, 1684393.472853173036128 ], [ 393288.072841450630222, 1684625.485857993131503 ], [ 393378.614501868200023, 1684783.933763723820448 ], [ 393474.815016061824281, 1684948.040523230563849 ], [ 393593.650945359899197, 1685123.464990289648995 ], [ 393797.369681299373042, 1685446.019655527081341 ], [ 393978.453002134512644, 1685412.066532870521769 ], [ 395257.062220497289672, 1685083.298947906121612 ], [ 395616.846732122183312, 1685007.995212914887816 ], [ 395879.295465300849173, 1684959.754362898645923 ], [ 395990.982034078042489, 1684936.707928071729839 ], [ 396008.298323636932764, 1684934.144096177769825 ], [ 396165.413523803872522, 1684906.253823958570138 ], [ 396223.219185027468484, 1684892.387861096765846 ], [ 396503.026541196741164, 1684836.544576707761735 ], [ 396599.528255732147954, 1684808.193627110682428 ], [ 396659.6666552007664, 1684784.7919455782976 ], [ 396780.989339346124325, 1684758.644815374631435 ], [ 396825.43946069246158, 1684749.754791105398908 ], [ 396876.164893287757877, 1684740.864766835933551 ], [ 396939.440948380855843, 1684734.327984284609556 ], [ 397033.047674510220531, 1684723.346189599251375 ], [ 397098.415500019560568, 1684731.190328660421073 ], [ 397195.552088726428337, 1684742.825801600469276 ], [ 398821.017912207462359, 1684090.878522284561768 ], [ 398988.027695604134351, 1683804.576036461628973 ], [ 399203.62639044993557, 1683447.963198265293613 ], [ 399360.806505925545935, 1683169.541768312919885 ], [ 399628.913588409777731, 1682686.958553193835542 ], [ 399654.683181034750305, 1682177.629316423786804 ], [ 399643.742168538738042, 1681798.069479090161622 ], [ 399660.870563401840627, 1681446.160230932524428 ], [ 399650.246837599785067, 1681140.659681937424466 ], [ 399649.771661957493052, 1681029.553106969222426 ], [ 399630.187195416423492, 1680807.418086526216939 ], [ 399643.331417830660939, 1680612.918741449248046 ], [ 398931.553630233509466, 1680845.138331178575754 ], [ 398416.197844724636525, 1681250.134225859539583 ], [ 397603.530163414252456, 1681841.608700486365706 ], [ 396656.528999576519709, 1682480.96830332535319 ], [ 396541.176837221137248, 1682556.324075310025364 ] ] ] ] } },
{ "type": "Feature", "properties": { "fid": 633, "qgs_fid_0": 682, "qgs_fid": 16, "Dialgeo": 201082, "DIA": 13, "SEDE": "201" }, "geometry": { "type": "MultiPolygon", "coordinates": [ [ [ [ 397160.30248902074527, 1691756.826161789009348 ], [ 396867.460366032493766, 1692484.903635177295655 ], [ 396829.369397456233855, 1692680.800044997828081 ], [ 396618.258715338248294, 1692764.887491101631895 ], [ 396299.382936823414639, 1693002.54763658484444 ], [ 396231.34014341479633, 1693397.457933429628611 ], [ 396668.828444560873322, 1693625.944227209547535 ], [ 396742.193456552980933, 1693674.257771692238748 ], [ 396639.005268954264466, 1693741.658148563001305 ], [ 396599.042213641514536, 1693787.585838997270912 ], [ 396572.201355595549103, 1693816.216087579028681 ], [ 396562.061475889349822, 1693875.265975280432031 ], [ 396548.93927862244891, 1693929.544154884293675 ], [ 396532.238300282799173, 1693995.155141218798235 ], [ 396520.905493552272674, 1694027.364170874003321 ], [ 396392.517610231006984, 1694297.785860598087311 ], [ 396445.4456358528696, 1694583.597198956413195 ], [ 396481.538901751337107, 1694774.732951574958861 ], [ 396557.886231304146349, 1695371.196463706204668 ], [ 396548.34281511005247, 1695533.434539005858824 ], [ 396646.69503380759852, 1697523.754871180048212 ], [ 396947.909973772650119, 1697746.877048931783065 ], [ 397195.688213023124263, 1697886.479164722608402 ], [ 398219.940746494336054, 1698254.304660168010741 ], [ 399147.99276577209821, 1698565.541617852635682 ], [ 399238.53442618943518, 1698605.15359428524971 ], [ 399368.688063039386179, 1698497.635372539516538 ], [ 400664.537512328417506, 1698306.393406903604046 ], [ 400582.822011165670119, 1698014.722749472595751 ], [ 400479.942139793012757, 1697495.598299088422209 ], [ 400404.638404803816229, 1697144.180869139032438 ], [ 400366.986537309247069, 1696880.617796676931903 ], [ 400258.345860566245392, 1696363.711747893132269 ], [ 400197.553133583685849, 1696108.754513037856668 ], [ 400040.670352356275544, 1695650.65679185371846 ], [ 399927.714749872509856, 1694495.999522019876167 ], [ 399284.917408767913003, 1694569.549503402318805 ], [ 399241.972035894461442, 1694416.854844296816736 ], [ 399231.155201222747564, 1694266.950661428272724 ], [ 399084.505668691941537, 1693911.053786009084433 ], [ 398406.923118910868652, 1692670.409680776065215 ], [ 397903.138600094243884, 1691876.456668484257534 ], [ 397160.30248902074527, 1691756.826161789009348 ] ] ] ] } },
{ "type": "Feature", "properties": { "fid": 634, "qgs_fid_0": 684, "qgs_fid": 18, "Dialgeo": 201085, "DIA": 16, "SEDE": "201" }, "geometry": { "type": "MultiPolygon", "coordinates": [ [ [ [ 389594.526676401961595, 1700802.757561584934592 ], [ 389305.73763393011177, 1700762.502589840441942 ], [ 388588.336496302101295, 1700645.667834568303078 ], [ 388435.242620607605204, 1700752.798435610486194 ], [ 388192.451855273509864, 1700875.76867193938233 ], [ 387898.911152323940769, 1701057.452361326664686 ], [ 387734.358546231989749, 1701146.701232427265495 ], [ 387578.173021805647295, 1701202.481776865432039 ], [ 387215.599482958845329, 1701403.291736842133105 ], [ 386924.868609430734068, 1701498.24258730863221 ], [ 386602.013494141225237, 1701648.726132369134575 ], [ 386268.441571404982824, 1701713.279030799632892 ], [ 385622.473315771494526, 1701908.436556664528325 ], [ 384420.002875315258279, 1702328.346869204659015 ], [ 384128.461714760982431, 1702898.399190091760829 ], [ 383767.758722846920136, 1704188.72055100556463 ], [ 383799.878915480105206, 1705100.737940023653209 ], [ 383704.980810838926118, 1706070.596438385080546 ], [ 383682.345395734591875, 1706376.174542293651029 ], [ 385293.26735534198815, 1706397.637262976029888 ], [ 385773.838661778718233, 1705209.480398843763396 ], [ 385846.511531662021298, 1705056.335680626565591 ], [ 385983.592555656621698, 1704934.798212719149888 ], [ 386258.903056677896529, 1704924.320590029004961 ], [ 386549.201070951588918, 1705162.335018745623529 ], [ 386748.045118295936845, 1705469.208584974054247 ], [ 387093.333462057285942, 1705693.272080142283812 ], [ 387254.26318112690933, 1705756.335244109388441 ], [ 387410.214047029498033, 1705739.612714104820043 ], [ 387570.83180368389003, 1705738.830727769061923 ], [ 387685.292757050832734, 1705683.546599199064076 ], [ 387868.236643271171488, 1705554.960182920331135 ], [ 388130.279440780926961, 1705649.463820963166654 ], [ 388255.177182678773534, 1705854.087128742830828 ], [ 388430.595875840343069, 1706067.586243232479319 ], [ 388572.98686356539838, 1706094.262349587632343 ], [ 388710.61273984919535, 1706084.477932084351778 ], [ 388793.902392720105127, 1704319.081459954380989 ], [ 388897.382897763571236, 1704192.318958739750087 ], [ 389181.86367439723108, 1703896.682073218747973 ], [ 390358.368324158596806, 1702919.12803190946579 ], [ 390501.544845003692899, 1702879.479154414031655 ], [ 390620.837547429895494, 1702860.392322025727481 ], [ 390857.037098233820871, 1702815.061095103854313 ], [ 390972.751019587740302, 1702799.553043788764626 ], [ 391089.784988628525753, 1702782.80239447997883 ], [ 391236.91518680669833, 1702762.996406263671815 ], [ 391350.908886278339196, 1702757.800597938941792 ], [ 391412.941091539978515, 1702755.414743890520185 ], [ 391484.516712995711714, 1702760.186451987596229 ], [ 391619.812561904662289, 1702890.894961788086221 ], [ 391736.224315115250647, 1703023.823324350174516 ], [ 391921.128003875608556, 1702900.951840850990266 ], [ 392311.215140809305012, 1702695.768392677884549 ], [ 392705.387741700513288, 1702506.933272895403206 ], [ 392726.608443360833917, 1702504.103846007492393 ], [ 392738.332318777276669, 1702387.882033057743683 ], [ 392764.527410029782914, 1702167.599952684948221 ], [ 392616.260794727189932, 1702047.15140358870849 ], [ 392459.227602440863848, 1701911.338912962237373 ], [ 392307.85326393059222, 1701624.152083826018497 ], [ 392221.779297220171429, 1701225.210770150413737 ], [ 391748.898068684968166, 1701132.588153995573521 ], [ 390696.000348531699274, 1700933.997670328011736 ], [ 390369.956680974923074, 1700889.279871526407078 ], [ 390137.092447948176414, 1700862.627781173679978 ], [ 389885.652797173068393, 1700845.31777984672226 ], [ 389594.526676401961595, 1700802.757561584934592 ] ] ] ] } },
{ "type": "Feature", "properties": { "fid": 635, "qgs_fid_0": 686, "qgs_fid": 20, "Dialgeo": 201090, "DIA": 14, "SEDE": "201" }, "geometry": { "type": "MultiPolygon", "coordinates": [ [ [ [ 396764.385911666788161, 1684763.089827508898452 ], [ 396640.971457104955334, 1684792.636084639467299 ], [ 396609.594900860625785, 1684809.631719271885231 ], [ 396569.8512629509205, 1684821.397927863523364 ], [ 396530.892038947320543, 1684829.634273877833039 ], [ 396520.040979912795592, 1684833.948550361441448 ], [ 396231.245926812465768, 1684892.648857668740675 ], [ 396167.446929115278181, 1684911.213320113252848 ], [ 396084.821997671446297, 1684922.718057402875274 ], [ 395982.325247272732668, 1684943.112818961963058 ], [ 395896.562660204537679, 1684963.507580521050841 ], [ 395728.175141692336183, 1684994.361194161465392 ], [ 395616.265424420416821, 1685020.508324365131557 ], [ 395167.580670124094468, 1685119.867419139482081 ], [ 393791.506233463587705, 1685507.662042897660285 ], [ 393118.307228167715948, 1684410.449414501432329 ], [ 391601.734416173712816, 1685044.241037424420938 ], [ 391284.83860471227672, 1685242.300919587723911 ], [ 391352.74485002545407, 1686023.222740689059719 ], [ 391594.362219437491149, 1688103.308427107753232 ], [ 395936.416408663848415, 1687749.173142398241907 ], [ 396773.926767526194453, 1687205.9231798928231 ], [ 397147.411116748698987, 1687013.522151505341753 ], [ 397396.400682897074148, 1686583.449264521943405 ], [ 397645.390249045332894, 1686119.423254881985486 ], [ 397811.244492193043698, 1685673.538682540878654 ], [ 397917.319333576946519, 1685432.384421037277207 ], [ 398051.201537086395547, 1685158.705945955356583 ], [ 398189.966231393860653, 1684935.920842019608244 ], [ 398435.200146678253077, 1684559.920486360788345 ], [ 398689.677839804557152, 1684165.361535815289244 ], [ 397389.694530489272438, 1684690.923748146509752 ], [ 397223.398782393429428, 1684752.630975427338853 ], [ 397168.48980896564899, 1684744.263893762370571 ], [ 397064.424230754724704, 1684731.190328660421073 ], [ 396993.580294527753722, 1684728.569548122351989 ], [ 396946.762144837877713, 1684736.419754700968042 ], [ 396881.394319328537676, 1684744.786836366169155 ], [ 396863.614270790014416, 1684746.87860678252764 ], [ 396764.385911666788161, 1684763.089827508898452 ] ] ] ] } },
{ "type": "Feature", "properties": { "fid": 636, "qgs_fid_0": 687, "qgs_fid": 21, "Dialgeo": 201091, "DIA": 13, "SEDE": "201" }, "geometry": { "type": "MultiPolygon", "coordinates": [ [ [ [ 400683.027881203626748, 1694316.648974258685485 ], [ 399946.730542116158176, 1694449.550740035716444 ], [ 399956.479829667310696, 1694551.300592640880495 ], [ 399971.342357086425181, 1694759.445755458669737 ], [ 399995.496290278504603, 1694962.922320440877229 ], [ 400019.908450114948209, 1695226.543910516658798 ], [ 400054.228029035846703, 1695628.920639873482287 ], [ 400134.386494244681671, 1695864.535475596087053 ], [ 400190.948177684855182, 1696026.224006752483547 ], [ 400261.693927272106521, 1696238.742790126940235 ], [ 400342.483374425908551, 1696622.396980920806527 ], [ 400449.449620733503252, 1697140.098066595382988 ], [ 400534.829481681692414, 1697509.839255940401927 ], [ 400673.036257135099731, 1698258.696168314199895 ], [ 401670.000965506827924, 1698439.496883254498243 ], [ 401869.035081005829852, 1697069.289203588385135 ], [ 401932.618939118692651, 1696629.734474304132164 ], [ 401946.934063409862574, 1696524.756896168924868 ], [ 401837.184777177637443, 1695965.274121789494529 ], [ 402388.317062386951875, 1695614.553576656384394 ], [ 402465.260855451924726, 1695557.293079491239041 ], [ 403297.084898898785468, 1695115.526422086870298 ], [ 403360.7649189196527, 1694754.373759443638846 ], [ 403392.807498379494064, 1694622.376392134465277 ], [ 403267.227154615102336, 1694652.972530433908105 ], [ 403099.697227083088364, 1694672.17694279178977 ], [ 402694.608332733390853, 1694664.61390183493495 ], [ 402401.237553997896612, 1694651.962160255527124 ], [ 402275.512606645002961, 1694647.863040359690785 ], [ 401912.304556557617616, 1694635.510849958285689 ], [ 401637.16430549765937, 1694530.254590402822942 ], [ 401459.617197337152902, 1694382.945399313466623 ], [ 401391.362774327280931, 1694207.411556550068781 ], [ 401250.86114475276554, 1694218.828958268510178 ], [ 400921.366933328448795, 1694267.244363884208724 ], [ 400858.591756575042382, 1694286.019423241727054 ], [ 400683.027881203626748, 1694316.648974258685485 ] ] ] ] } },
{ "type": "Feature", "properties": { "fid": 637, "qgs_fid_0": 688, "qgs_fid": 22, "Dialgeo": 201092, "DIA": 13, "SEDE": "201" }, "geometry": { "type": "MultiPolygon", "coordinates": [ [ [ [ 401840.167094738280866, 1695968.852902862243354 ], [ 401968.406749846646562, 1696531.914458314422518 ], [ 401725.049636897165328, 1698502.62990239681676 ], [ 402255.656680891057476, 1699334.468758241040632 ], [ 402537.055926348548383, 1699800.550389890326187 ], [ 402541.783400159212761, 1699966.011973265558481 ], [ 402522.873504916380625, 1700325.299982879776508 ], [ 402532.328452537825797, 1700514.398935308214277 ], [ 402277.044866759388242, 1702235.199402407044545 ], [ 403097.298725304775871, 1702668.872143259039149 ], [ 404079.958588757901452, 1703941.311421981081367 ], [ 404645.690186314750463, 1704008.347273794934154 ], [ 404792.076280955574475, 1702259.442212166963145 ], [ 406718.299135082750581, 1702098.968180739320815 ], [ 407559.005913273780607, 1702032.577440743334591 ], [ 407817.470444621052593, 1701485.753435684135184 ], [ 408640.179595538415015, 1700020.817706160945818 ], [ 408397.335634711897001, 1699818.243714170064777 ], [ 407873.882563451072201, 1699283.723608392989263 ], [ 407388.235209800244775, 1698897.081352812005207 ], [ 406865.331967835198157, 1698510.591365958796814 ], [ 406169.894798195455223, 1698055.410661474335939 ], [ 405572.281539237359539, 1697622.973417743574828 ], [ 404977.938500806805678, 1696857.432457995135337 ], [ 404851.772084483760409, 1696742.289161550579593 ], [ 404683.137123467982747, 1696488.527045530965552 ], [ 404620.66203035012586, 1696012.254371935734525 ], [ 404679.362193898414262, 1695567.861475171521306 ], [ 404697.301824850088451, 1695401.228742471430451 ], [ 404612.609484867425635, 1695184.121849541086704 ], [ 404298.855059666093439, 1694741.242503974586725 ], [ 404013.252817652188241, 1694353.764745659427717 ], [ 403843.124904489028268, 1694308.198418912710622 ], [ 403374.155541662417818, 1694615.51304736896418 ], [ 403325.076524202188011, 1695129.290265305666253 ], [ 402548.765747150348034, 1695526.276976860361174 ], [ 401840.167094738280866, 1695968.852902862243354 ] ] ] ] } },
{ "type": "Feature", "properties": { "fid": 638, "qgs_fid_0": 689, "qgs_fid": 23, "Dialgeo": 201100, "DIA": 15, "SEDE": "201" }, "geometry": { "type": "MultiPolygon", "coordinates": [ [ [ [ 380203.287790301488712, 1702603.967955872416496 ], [ 379857.448414786078501, 1702414.314104783348739 ], [ 379538.182616347505245, 1702212.540587994037196 ], [ 379255.018534856091719, 1702023.850293717579916 ], [ 378752.993634914397262, 1701655.698700427077711 ], [ 378708.212926557054743, 1701607.17552249901928 ], [ 378399.805395760515239, 1702481.468430903973058 ], [ 378326.240296671399847, 1702690.846020619152114 ], [ 378280.969466462731361, 1702849.293926349375397 ], [ 378197.501373265578877, 1703050.183235401054844 ], [ 378147.986402724811342, 1703178.922158806817606 ], [ 378136.66869517264422, 1703280.78152677626349 ], [ 378280.969466462789569, 1703519.868098815903068 ], [ 378405.464249536627904, 1703783.004799403715879 ], [ 378098.970996243471745, 1703982.518042822368443 ], [ 377835.40367890993366, 1704084.941410700092092 ], [ 377679.218154483649414, 1704174.190281800925732 ], [ 377433.783758956589736, 1704269.01720734545961 ], [ 377356.757607967650983, 1704407.990685783326626 ], [ 377221.817690092313569, 1704938.38374060112983 ], [ 377658.495551093365066, 1705769.262474809074774 ], [ 378005.534339445759542, 1706257.593616559170187 ], [ 378394.146541984227952, 1706618.090541221899912 ], [ 379109.989119317440782, 1706982.740694252774119 ], [ 379768.199543685419485, 1707350.892287543276325 ], [ 380046.53184460074408, 1707546.142560499720275 ], [ 380435.474306524323765, 1707745.53963943826966 ], [ 380793.500543043832295, 1707981.874301257776096 ], [ 381116.055208280624356, 1708304.42896649450995 ], [ 381653.646317008591723, 1708842.020075222477317 ], [ 381988.265212316357065, 1709135.86970955808647 ], [ 382134.648887975723483, 1709311.704938637558371 ], [ 382626.969166494905949, 1709351.316915070172399 ], [ 383079.677468581649009, 1709385.270037726731971 ], [ 383441.844110250996891, 1709407.905452831182629 ], [ 383521.068063116166741, 1707880.014933288330212 ], [ 383600.292015981453005, 1706770.879593176068738 ], [ 383610.094240757403895, 1706151.997832563705742 ], [ 383741.481220441986807, 1705256.6650983071886 ], [ 383713.469091503066011, 1703941.452705134171993 ], [ 383133.422182219510432, 1703757.770455704303458 ], [ 382366.661892795120366, 1703522.697525703813881 ], [ 381642.328609456366394, 1703228.437129347585142 ], [ 380660.517479306086898, 1702782.802394480677322 ], [ 380203.287790301488712, 1702603.967955872416496 ] ] ] ] } },
{ "type": "Feature", "properties": { "fid": 639, "qgs_fid_0": 690, "qgs_fid": 24, "Dialgeo": 201112, "DIA": 18, "SEDE": "201" }, "geometry": { "type": "MultiPolygon", "coordinates": [ [ [ [ 398732.144848903815728, 1734598.514034288469702 ], [ 394346.141902086383197, 1735039.516274134395644 ], [ 393799.700388274446595, 1735122.488068973878399 ], [ 393982.876202902640216, 1737768.694515470182523 ], [ 394469.839961818419397, 1740546.515419985633343 ], [ 394592.50062327523483, 1740943.072202409617603 ], [ 397390.557243280985858, 1740999.470996003365144 ], [ 398351.139294784748927, 1740993.881780069787055 ], [ 398649.838202342041768, 1741016.881373248063028 ], [ 399207.467567674524616, 1741028.242418489651754 ], [ 399457.150590694451239, 1739706.444750583497807 ], [ 402687.146949095767923, 1739833.646455759648234 ], [ 402702.021760945906863, 1740004.70679203607142 ], [ 402843.908205991378054, 1741164.709662390872836 ], [ 403076.303389790351503, 1741182.182766470592469 ], [ 403466.672565218643285, 1741198.983336223522201 ], [ 404228.666393055813387, 1741195.743499253410846 ], [ 404273.995845235593151, 1740927.731826065341011 ], [ 404333.836700956977438, 1740519.971097006229684 ], [ 404603.136984530603513, 1740289.095935951452702 ], [ 405303.76463906787103, 1740071.465673620114103 ], [ 405201.905271098366939, 1739828.134961248608306 ], [ 404800.126652996405028, 1739364.108951609581709 ], [ 404341.759497133549303, 1738820.858989105792716 ], [ 404177.65273762709694, 1738611.48139939061366 ], [ 403987.955755408562254, 1738425.809132005553693 ], [ 401416.132094898086507, 1736404.528426718199626 ], [ 400940.788377707009204, 1735974.4555397357326 ], [ 400499.397783172491472, 1734457.882727745221928 ], [ 399848.351759527868126, 1734513.012454393785447 ], [ 398732.144848903815728, 1734598.514034288469702 ] ] ] ] } },
{ "type": "Feature", "properties": { "fid": 640, "qgs_fid_0": 691, "qgs_fid": 25, "Dialgeo": 201121, "DIA": 4, "SEDE": "201" }, "geometry": { "type": "MultiPolygon", "coordinates": [ [ [ [ 389823.982136966485996, 1712867.2947764294222 ], [ 389577.770039937458932, 1712855.178454661741853 ], [ 389448.855003902513999, 1712916.330458934884518 ], [ 389417.452623329882044, 1712934.510784529615194 ], [ 389367.869917162577622, 1712960.954894485417753 ], [ 389331.509265973232687, 1712992.357275058049709 ], [ 389326.550995356519707, 1712998.968302547000349 ], [ 389295.148614783887751, 1713022.106898758327588 ], [ 389263.746234211255796, 1713051.856522458838299 ], [ 389247.218665488820989, 1713055.162036203313619 ], [ 389229.038339894148521, 1713091.522687392542139 ], [ 389199.288716193754226, 1713142.758150432491675 ], [ 389176.150119982310571, 1713182.424315366428345 ], [ 389166.233578748884611, 1713232.007021533558145 ], [ 389156.317037515400443, 1713256.79837461723946 ], [ 389136.483955048490316, 1713291.506268934346735 ], [ 389123.249391938385088, 1713372.231863039545715 ], [ 389103.958715762069914, 1713491.880611802916974 ], [ 389111.92359999998007, 1713537.889 ], [ 389074.788939790334553, 1713551.844901646254584 ], [ 389038.971299586177338, 1713564.211152854375541 ], [ 389005.916162141307723, 1713575.780450959922746 ], [ 388957.98621284624096, 1713602.224560915958136 ], [ 388913.361777295649517, 1713618.752129638334736 ], [ 388886.91766733978875, 1713645.196239594137296 ], [ 388817.5018787055742, 1713699.737216378329322 ], [ 388759.727196910069324, 1713782.331206795759499 ], [ 388724.947493859915994, 1713820.388468052027747 ], [ 388710.072682009718847, 1713841.874307391233742 ], [ 388700.746201379224658, 1713881.419279287569225 ], [ 388681.975815181562211, 1713949.303504087030888 ], [ 388683.628572053858079, 1714003.844480871222913 ], [ 388683.628572053858079, 1714058.385457655182108 ], [ 388691.892356415046379, 1714117.884705055970699 ], [ 388698.503383903997019, 1714177.383952456759289 ], [ 388714.12994647573214, 1714226.247131766984239 ], [ 388720.512036120111588, 1714262.412306418409571 ], [ 388729.021488979342394, 1714400.690915380371734 ], [ 388735.403578623721842, 1714459.193403787445277 ], [ 388735.403578623721842, 1714511.313802549848333 ], [ 388748.167757912480738, 1714575.13469899399206 ], [ 388755.613529164285865, 1714645.337685082340613 ], [ 388763.059300416090991, 1714765.533706718590111 ], [ 388770.50507166783791, 1714812.335697444155812 ], [ 388781.141887741861865, 1714861.265051384689286 ], [ 388785.396614171448164, 1714907.003360502887517 ], [ 388796.565271049155854, 1715026.667541335104033 ], [ 388834.029447427950799, 1715225.231809458928183 ], [ 388865.431828000582755, 1715292.994841220788658 ], [ 388880.306639850779902, 1715324.397221793420613 ], [ 388897.615023751975968, 1715335.135207480750978 ], [ 388970.792076329118572, 1715440.104961307952181 ], [ 389126.567413815006148, 1715552.477670162916183 ], [ 389174.497363110072911, 1715569.005238885525614 ], [ 389214.163528043893166, 1715585.532807607902214 ], [ 389273.662775444681756, 1715600.407619458157569 ], [ 389364.195818969397806, 1715664.476259140297771 ], [ 389408.455173523863778, 1715690.048330660676584 ], [ 389432.060162619512994, 1715713.653319756500423 ], [ 389480.257384475087747, 1715800.391200999729335 ], [ 389536.45111813134281, 1715845.01563655026257 ], [ 389584.381067426409572, 1715886.334558356320485 ], [ 389619.088961743516847, 1715896.251099589746445 ], [ 389671.97718165529659, 1715909.473154567647725 ], [ 389744.82626813754905, 1715917.24635070678778 ], [ 389848.098095431225374, 1715925.114680405473337 ], [ 389965.1394996974268, 1715908.394479796057567 ], [ 390143.160459127509966, 1715891.674279186408967 ], [ 390344.294637047045399, 1715878.888243426335976 ], [ 390555.264227089879569, 1715863.151584029197693 ], [ 390621.161488315381575, 1715852.332630693679675 ], [ 390621.643901459057815, 1715841.320625713095069 ], [ 390506.109892678156029, 1715298.037740491097793 ], [ 390467.109719923348166, 1715090.849322731373832 ], [ 390436.363429056771565, 1714965.904729512054473 ], [ 390410.416551503818482, 1714869.407459671841934 ], [ 390386.902234312728979, 1714734.288059500977397 ], [ 390386.902234312728979, 1714703.707213288173079 ], [ 390379.366320102650207, 1714677.472564757801592 ], [ 390365.62860216468107, 1714607.975868622539565 ], [ 390352.864422875922173, 1714553.728106645168737 ], [ 390336.377357961202506, 1714473.420145286712795 ], [ 390301.06, 1714298.71 ], [ 390282.469824294850696, 1714190.836830256506801 ], [ 390275.182425485632848, 1714150.094176687300205 ], [ 390265.376610667444766, 1714120.942652634810656 ], [ 390264.697114963841159, 1714111.686866785399616 ], [ 390251.009100000024773, 1714053.8978 ], [ 390238.651610281318426, 1714003.372594967018813 ], [ 390228.114514358050656, 1713946.897749624215066 ], [ 390220.402822704461869, 1713913.391778991324827 ], [ 390242.465188505186234, 1713909.439798617968336 ], [ 390302.243349562049843, 1713900.900061324005947 ], [ 390333.011549562041182, 1713897.745761323953047 ], [ 390395.0, 1713889.0 ], [ 390416.45263896783581, 1713885.337176597677171 ], [ 390411.134230930823833, 1713854.490409983322024 ], [ 390409.538708519947249, 1713817.79339452763088 ], [ 390400.497414857090916, 1713777.905334250768647 ], [ 390466.977515319304075, 1713757.163542905589566 ], [ 390480.0, 1713753.0 ], [ 390495.298038116306998, 1713747.856328840833157 ], [ 390511.253262227226514, 1713741.8066396987997 ], [ 390509.0, 1713733.0 ], [ 390502.0, 1713681.0 ], [ 390473.0, 1713615.0 ], [ 390461.393186880624853, 1713610.109560683136806 ], [ 390378.6849, 1713608.1865 ], [ 390354.227264935383573, 1713606.652595458785072 ], [ 390323.6459, 1713611.2453 ], [ 390299.713582556287292, 1713611.971003495622426 ], [ 390275.869699999981094, 1713617.185099999886006 ], [ 390216.679937078850344, 1713622.47485936852172 ], [ 390172.80307077371981, 1713625.399983788840473 ], [ 390174.14729015447665, 1713627.628467921167612 ], [ 390176.924837002530694, 1713653.188665782567114 ], [ 390181.44548383395886, 1713678.185183556517586 ], [ 390183.298839005816262, 1713694.778945761499926 ], [ 390194.041758675361052, 1713777.416789373615757 ], [ 390116.66915369045455, 1713798.944336100714281 ], [ 390013.315571120532695, 1713831.158873424399644 ], [ 389937.881225024990272, 1713845.391768914181739 ], [ 389876.679774419113528, 1713849.661637560930103 ], [ 389705.453883981972467, 1713876.951577074127272 ], [ 389693.159618827980012, 1713802.694215543800965 ], [ 389691.684307009505574, 1713791.383491602260619 ], [ 389675.701762309239712, 1713695.857051354832947 ], [ 389668.509617194125894, 1713662.416650135535747 ], [ 389660.14951688941801, 1713616.681983762653545 ], [ 389657.690663858607877, 1713601.928865577792749 ], [ 389778.789175625541247, 1713573.283227769425139 ], [ 389767.740101452101953, 1713400.333956331713125 ], [ 389751.309511522995308, 1713184.903450675308704 ], [ 389745.111673252074979, 1713135.7339337260928 ], [ 389757.094160575885326, 1713133.254798417678103 ], [ 389767.693601324106567, 1713130.536003910237923 ], [ 389846.622783612867352, 1713120.270292506786063 ], [ 389955.027466608269606, 1713107.115428792545572 ], [ 390002.759951068728697, 1713100.015490665799007 ], [ 390016.037757435056847, 1713097.556637634988874 ], [ 390011.389233503723517, 1713090.955136632313952 ], [ 390006.071463437809143, 1712914.139281942276284 ], [ 389995.917528614983894, 1712861.789482151390985 ], [ 389983.28198129410157, 1712863.976029672659934 ], [ 389823.982136966485996, 1712867.2947764294222 ] ] ] ] } },
{ "type": "Feature", "properties": { "fid": 641, "qgs_fid_0": 692, "qgs_fid": 26, "Dialgeo": 201126, "DIA": 4, "SEDE": "201" }, "geometry": { "type": "MultiPolygon", "coordinates": [ [ [ [ 390564.520442723587621, 1712755.873509794706479 ], [ 390398.125325897242874, 1712774.369867238216102 ], [ 390248.781721840146929, 1712794.28234777925536 ], [ 390154.471183072135318, 1712815.971520612714812 ], [ 390085.863719395070802, 1712831.926744723459706 ], [ 390059.613156701088883, 1712840.744802374858409 ], [ 390013.578904404304922, 1712858.31023773830384 ], [ 390000.301098037976772, 1712862.736173193668947 ], [ 390004.604090841836296, 1712887.078818198526278 ], [ 390008.415313039615285, 1712909.454380778595805 ], [ 390018.036446086014621, 1713101.590676764026284 ], [ 389962.188876060536131, 1713106.408508545951918 ], [ 389877.296975172066595, 1713117.135254892520607 ], [ 389863.465926873788703, 1713118.794980688253418 ], [ 389797.353516008122824, 1713127.370230633299798 ], [ 389772.918664014548995, 1713130.781889213714749 ], [ 389748.417186996608507, 1713137.386690598214045 ], [ 389752.755673786217812, 1713175.40009865979664 ], [ 389754.821619876543991, 1713192.340856600319967 ], [ 389755.647998312662821, 1713197.918911044253036 ], [ 389755.441403703647666, 1713203.290370879229158 ], [ 389755.441403703647666, 1713209.488209150033072 ], [ 389757.920539012004156, 1713231.800426925299689 ], [ 389764.896656001685187, 1713283.999168695416301 ], [ 389783.952766990230884, 1713580.045073603978381 ], [ 389739.078699178120587, 1713590.618141636485234 ], [ 389663.591911132563837, 1713609.305424670223147 ], [ 389666.296649466443341, 1713630.205675431760028 ], [ 389670.968470224877819, 1713668.072012106422335 ], [ 389682.033308863581624, 1713723.396205299301073 ], [ 389708.158622315851972, 1713873.017412224784493 ], [ 389840.145193406264298, 1713850.964470189064741 ], [ 389878.34463802917162, 1713848.44239424308762 ], [ 389934.558929733058903, 1713844.560037309071049 ], [ 390033.152, 1713822.668800000101328 ], [ 390169.663594809826463, 1713779.069546245969832 ], [ 390191.149434148974251, 1713772.458518757019192 ], [ 390191.562623367004562, 1713764.194734395714477 ], [ 390190.65470000001369, 1713758.5179 ], [ 390185.364785096084233, 1713738.577002875972539 ], [ 390175.035054644569755, 1713697.258081069914624 ], [ 390168.454131958598737, 1713623.358599274419248 ], [ 390201.389513972506393, 1713623.00670017208904 ], [ 390271.4595398598467, 1713612.901724901981652 ], [ 390281.431554929178674, 1713614.231326911132783 ], [ 390290.472848592035007, 1713611.705083093605936 ], [ 390327.568744649994187, 1713609.245319377165288 ], [ 390373.40782701066928, 1713602.009256039746106 ], [ 390471.614805889781564, 1713609.125703784637153 ], [ 390507.197044614120387, 1713684.560049880063161 ], [ 390513.779506044869777, 1713743.601602412294596 ], [ 390454.213336030603386, 1713762.614911143202335 ], [ 390433.197706662467681, 1713770.952015089569613 ], [ 390417.529803028854076, 1713775.650581014342606 ], [ 390403.954380081093404, 1713780.564538268605247 ], [ 390411.400151332898531, 1713808.486180462874472 ], [ 390414.683223930886015, 1713859.624664403731003 ], [ 390419.444243488658685, 1713886.334378103492782 ], [ 390382.41482753114542, 1713891.852226441958919 ], [ 390369.384727840544656, 1713893.381268752506003 ], [ 390365.528882013692055, 1713894.843830962665379 ], [ 390244.734539473662153, 1713911.3973759773653 ], [ 390227.183792951633222, 1713913.125858589541167 ], [ 390232.944948659802321, 1713960.438495780341327 ], [ 390236.790167468308937, 1713985.22352754115127 ], [ 390238.984010783606209, 1714000.048589944373816 ], [ 390247.10999999998603, 1714012.83 ], [ 390255.274794445896987, 1714053.192043064162135 ], [ 390270.695018704107497, 1714127.324742279481143 ], [ 390272.689421718067024, 1714135.535034686559811 ], [ 390275.448345887300093, 1714145.839450258063152 ], [ 390277.010628248157445, 1714155.229764447780326 ], [ 390278.539670558762737, 1714158.071788743138313 ], [ 390293.906750555965118, 1714240.254534553503618 ], [ 390308.246418364928104, 1714308.367956646019593 ], [ 390316.433327822538558, 1714350.697879833169281 ], [ 390333.340837030613329, 1714421.292840641690418 ], [ 390357.119149305508472, 1714542.559449767693877 ], [ 390369.883328594325576, 1714586.702236474724486 ], [ 390378.392781453556381, 1714632.440545592224225 ], [ 390382.115667079400737, 1714661.957710197661072 ], [ 390398.039999999979045, 1714779.58 ], [ 390418.014921329217032, 1714864.589056407101452 ], [ 390428.784697604132816, 1714928.542913052020594 ], [ 390472.39564350747969, 1715092.881721395300701 ], [ 390500.051365299790632, 1715239.935703618451953 ], [ 390503.774250925693195, 1715259.879733757115901 ], [ 390528.047489852702711, 1715354.100488826166838 ], [ 390550.044400847516954, 1715492.028244572225958 ], [ 390628.484533863433171, 1715853.388921344885603 ], [ 390783.691673651512247, 1715844.464300994761288 ], [ 390846.146540633868426, 1715837.08774190233089 ], [ 390959.745550656924024, 1715823.318164929980412 ], [ 391025.701219586364459, 1715808.580371442018077 ], [ 391047.895431811222807, 1715800.327889091568068 ], [ 391190.471725482901093, 1715723.620579339098185 ], [ 391263.413899960927665, 1715647.633115879027173 ], [ 391303.247319059912115, 1715600.423137687612325 ], [ 391324.88522573094815, 1715568.94981889356859 ], [ 391337.671261491137557, 1715547.311912222299725 ], [ 391350.457297251326963, 1715526.165776157518849 ], [ 391366.193956648465246, 1715490.758292513899505 ], [ 391397.667275442800019, 1715421.910407651448622 ], [ 391412.420393627602607, 1715374.700429460033774 ], [ 391421.764035144646186, 1715330.441074905684218 ], [ 391429.140594236960169, 1715279.78870247118175 ], [ 391431.36665391724091, 1715218.127980542136356 ], [ 391429.274883500940632, 1715196.164391170954332 ], [ 391411.436852415150497, 1715102.259513647761196 ], [ 391411.190967112139333, 1715097.833578192163259 ], [ 391405.043834535172209, 1715071.769736065296456 ], [ 391396.683734230464324, 1715041.034073180286214 ], [ 391393.241339987318497, 1715020.133822418516502 ], [ 391386.35655150108505, 1714971.694417711813003 ], [ 391375.783483468636405, 1714937.516360583715141 ], [ 391364.226874223793857, 1714877.766231935005635 ], [ 391357.833856343815569, 1714835.351017154054716 ], [ 391347.014903008239344, 1714794.288171539548784 ], [ 391338.408917400462087, 1714728.145025010919198 ], [ 391287.852150193823036, 1714523.242866052081808 ], [ 391255.467279706790578, 1714336.097626477712765 ], [ 391249.152552382380236, 1714320.467192504322156 ], [ 391239.577392259321641, 1714267.938243129989132 ], [ 391203.458853030810133, 1714123.0 ], [ 391185.222373581549618, 1714036.223782143555582 ], [ 391179.286534016195219, 1714002.401745529845357 ], [ 391167.286534016195219, 1713958.401745529845357 ], [ 391150.183717892563436, 1713860.292847789824009 ], [ 391144.774241224804427, 1713835.704317481722683 ], [ 391138.381223344709724, 1713796.362668988993391 ], [ 391124.392710091196932, 1713738.653183153597638 ], [ 391102.973739701148588, 1713615.391085921786726 ], [ 391099.039574851922225, 1713570.639960761414841 ], [ 391088.950623637007084, 1713520.606982119847089 ], [ 391077.155782877700403, 1713464.663395133335143 ], [ 391061.910894086759072, 1713414.25690800184384 ], [ 391035.601166657113936, 1713303.362636312842369 ], [ 391027.732836958544794, 1713274.594055852619931 ], [ 391017.159768926154356, 1713218.040436144219711 ], [ 390996.01363286114065, 1713117.227461881237105 ], [ 390978.064005736261606, 1713063.378580506658182 ], [ 390966.261511188407894, 1713039.527706108056009 ], [ 390960.114378611382563, 1713026.987555650761351 ], [ 390951.016622397408355, 1712996.989548675017431 ], [ 390913.050379022024572, 1712952.310900164069608 ], [ 390894.217117385880556, 1712937.731190632795915 ], [ 390865.694422228552867, 1712904.782560020219535 ], [ 390844.056515557516832, 1712887.078818198293447 ], [ 390787.994666455197148, 1712844.294775462476537 ], [ 390756.52134766097879, 1712823.14863939746283 ], [ 390709.311369469563942, 1712795.117714846506715 ], [ 390564.520442723587621, 1712755.873509794706479 ] ] ] ] } },
{ "type": "Feature", "properties": { "fid": 642, "qgs_fid_0": 693, "qgs_fid": 27, "Dialgeo": 201127, "DIA": 5, "SEDE": "201" }, "geometry": { "type": "MultiPolygon", "coordinates": [ [ [ [ 394029.626519259181805, 1721447.686518811387941 ], [ 393538.324194998946041, 1721300.90919465967454 ], [ 393256.772306506463792, 1721230.312026153551415 ], [ 393253.942879618378356, 1721479.301592301344499 ], [ 393270.577581696736161, 1721708.107169056776911 ], [ 393334.725207800336648, 1722095.78195290081203 ], [ 393349.658115429687314, 1722390.098867979599163 ], [ 393314.272341490024701, 1723335.388343510217965 ], [ 393299.480464036227204, 1724382.435691527090967 ], [ 394102.863465161470231, 1724442.38964683492668 ], [ 394169.946946507843677, 1723844.446536279981956 ], [ 394201.182998053613119, 1723597.556902366690338 ], [ 394333.62471884326078, 1722562.958364716731012 ], [ 394629.179918588139117, 1722619.362503973767161 ], [ 394870.274093101965263, 1722673.747965253191069 ], [ 395152.057683048886247, 1722733.701920561026782 ], [ 395457.822855118953157, 1722814.639760226476938 ], [ 395517.77681042678887, 1722541.849263575859368 ], [ 395568.556876318529248, 1722113.62715132185258 ], [ 395747.890853166929446, 1720901.946489923400804 ], [ 395213.268363882205449, 1720945.982747682370245 ], [ 394784.181255978764966, 1720678.732846180442721 ], [ 394545.163022104185075, 1721653.721138230059296 ], [ 394029.626519259181805, 1721447.686518811387941 ] ] ] ] } },
{ "type": "Feature", "properties": { "fid": 643, "qgs_fid_0": 694, "qgs_fid": 28, "Dialgeo": 201129, "DIA": 1, "SEDE": "201" }, "geometry": { "type": "MultiPolygon", "coordinates": [ [ [ [ 390405.537425746675581, 1706772.358452422777191 ], [ 390311.419699243269861, 1706767.404550749342889 ], [ 390071.191308930283412, 1706744.000037733698264 ], [ 389029.962214130850043, 1706681.752646196866408 ], [ 387479.436279483838007, 1706704.388061301084235 ], [ 387377.576911514275707, 1706710.046915077371523 ], [ 387320.988373753440101, 1707219.343754924833775 ], [ 387258.740982216608245, 1707700.346325891558081 ], [ 387236.105567112274002, 1707983.289014695910737 ], [ 387145.563906694937032, 1708311.502533708699048 ], [ 387043.70453872543294, 1708707.622298034606501 ], [ 386941.845170755928848, 1709160.330600121291354 ], [ 386858.345712906622794, 1709705.407587240915745 ], [ 386842.815229674335569, 1709853.540187691804022 ], [ 386828.668095234257635, 1709992.182105205953121 ], [ 386825.838668346055783, 1710113.84746139170602 ], [ 386814.520960794063285, 1710241.171671353746206 ], [ 386803.203253241721541, 1710340.201612435048446 ], [ 386791.885545689554419, 1710413.766711524222046 ], [ 386797.544399465667084, 1710504.308371941559017 ], [ 386780.567838137561921, 1710611.826593687059358 ], [ 386769.2501305853948, 1710705.197680992539972 ], [ 386755.10299614520045, 1710767.445072529371828 ], [ 386746.614715481060557, 1710855.157306058797985 ], [ 386743.785288592975121, 1710891.93985560326837 ], [ 386675.879043279972393, 1711106.976299094501883 ], [ 386656.073055063723586, 1711197.517959511838853 ], [ 386641.925920623471029, 1711251.277070384705439 ], [ 386622.119932407164015, 1711327.671596362022683 ], [ 386602.313944190915208, 1711463.484086987795308 ], [ 386605.143371078826021, 1711562.514028069330379 ], [ 386497.448310134292115, 1712048.291256960714236 ], [ 386429.542064821114764, 1712557.588096809340641 ], [ 386386.328722291742451, 1712821.452973749022931 ], [ 386341.704286741383839, 1712940.45146855013445 ], [ 386215.268386015319265, 1713156.136240377090871 ], [ 386111.144703064463101, 1713334.63398257852532 ], [ 386044.208049738896079, 1713542.881348480237648 ], [ 385954.959178638178855, 1713825.50277363252826 ], [ 385865.710307537461631, 1714175.060852110385895 ], [ 385716.962189036188647, 1714524.61893058847636 ], [ 385664.919793548877351, 1714698.208961822092533 ], [ 385623.994614972965792, 1714796.084246853599325 ], [ 385687.212565335968975, 1714948.55106831737794 ], [ 385932.646960863028653, 1715216.297681619646028 ], [ 386096.269891214382369, 1715391.07672085869126 ], [ 386200.393574165238533, 1715513.793918622191995 ], [ 386262.329548408801202, 1715688.234845673898235 ], [ 386290.59039028006373, 1715806.924036141950637 ], [ 386334.302279719093349, 1715894.347815019777045 ], [ 386378.014169158122968, 1715930.774389552418143 ], [ 386385.299484064627904, 1715974.486278991447762 ], [ 386392.194791512505617, 1716015.751226849853992 ], [ 386385.505928317084908, 1716054.532682048855349 ], [ 386367.326957604906056, 1716088.812312347348779 ], [ 386360.559207075508311, 1716111.638896479969844 ], [ 386356.073702422785573, 1716132.174859848571941 ], [ 386353.91555866075214, 1716159.537199188955128 ], [ 386356.389557261951268, 1716195.993782113306224 ], [ 386374.850387864920776, 1716218.695407718187198 ], [ 386384.295077692717314, 1716273.351747481618077 ], [ 386407.155428784142714, 1716309.610764690674841 ], [ 386268.734445560607128, 1716710.303084548097104 ], [ 386367.307126543892082, 1717043.399945236276835 ], [ 386534.693338398530614, 1717219.501621409319341 ], [ 387209.09175275178859, 1717303.884557211305946 ], [ 387257.434891264711041, 1717311.321963136317208 ], [ 387708.818903673032764, 1717412.938023945549503 ], [ 387777.929188912152313, 1717139.952397250803187 ], [ 387845.887636064027902, 1717122.674825940979645 ], [ 387973.741663756489288, 1717105.397254631156102 ], [ 387990.123581530060619, 1717102.843763998011127 ], [ 388021.924856464320328, 1717129.626519867917523 ], [ 388105.339165233017411, 1717037.150847957469523 ], [ 388165.234745773661416, 1716992.805081595666707 ], [ 388183.508088533882983, 1716991.672117563197389 ], [ 388349.803725825273432, 1716989.004485496552661 ], [ 388527.313848259509541, 1716987.504281816072762 ], [ 388524.176192634855397, 1716851.190576346125454 ], [ 388519.99265180202201, 1716814.933222461491823 ], [ 388513.020083747280296, 1716792.621004686225206 ], [ 388497.745072578953113, 1716770.146295791724697 ], [ 388485.719936460955068, 1716752.311379849910736 ], [ 388207.665612278273329, 1716748.771788157522678 ], [ 388196.147231405077036, 1716516.100494519574568 ], [ 388203.058259929006454, 1716451.597561629954726 ], [ 388039.497251530119684, 1716460.812266328604892 ], [ 387905.884033401438501, 1716490.760056598810479 ], [ 387682.427444462140556, 1716467.723294852534309 ], [ 387668.605387414398137, 1716195.889506245730445 ], [ 387928.920795147772878, 1716126.779221006901935 ], [ 388018.764165958447848, 1716101.438783085905015 ], [ 388092.481803546659648, 1716071.490992815699428 ], [ 388156.984736436337698, 1716057.668935767840594 ], [ 388309.027363962086383, 1716036.935850196285173 ], [ 388487.918838749930728, 1716011.693382553290576 ], [ 388517.203624579880852, 1715975.436028668656945 ], [ 388565.094915122666862, 1715920.629263458540663 ], [ 388603.521512402454391, 1715866.191583979176357 ], [ 388606.827026146871503, 1715862.059691798174754 ], [ 388619.016108079638798, 1715848.631042211083695 ], [ 388622.734811042202637, 1715845.325528466841206 ], [ 388626.660108613781631, 1715839.127690195804462 ], [ 388643.187677336216439, 1715819.088013119762763 ], [ 388678.473822541593108, 1715775.976606416516006 ], [ 388726.1755713391467, 1715721.39006913267076 ], [ 388766.992531650525052, 1715674.180090941255912 ], [ 388799.631445024569985, 1715634.599027255550027 ], [ 388807.688634776743129, 1715624.682486022124067 ], [ 388860.576854688522872, 1715591.420753968181089 ], [ 389004.271849122771528, 1715516.813496969873086 ], [ 388964.044970392482355, 1715436.313578294124454 ], [ 388882.062694027728867, 1715311.485058731632307 ], [ 388837.517012933967635, 1715195.261076107854024 ], [ 388791.778703815885819, 1715038.368039016379043 ], [ 388790.715022208460141, 1715005.925749990856275 ], [ 388750.295121127273887, 1714696.394402237376198 ], [ 388726.894125764491037, 1714530.4600714831613 ], [ 388714.12994647573214, 1714381.544646447291598 ], [ 388696.047359149903059, 1714292.195391425630078 ], [ 388686.474224683362991, 1714199.655091581866145 ], [ 388663.073229320521932, 1714061.376482620136812 ], [ 388693.668481915548909, 1713876.700799645157531 ], [ 388733.588598060479853, 1713809.939627626910806 ], [ 388886.480506482883357, 1713651.775584431365132 ], [ 389055.188819224887993, 1713551.605023740790784 ], [ 389110.451584249094594, 1713524.406634280923754 ], [ 389134.270840822719038, 1713446.162328277016059 ], [ 389176.826519385562278, 1713205.806945625692606 ], [ 389283.288476445595734, 1713053.762675192207098 ], [ 389401.438213883549906, 1712958.77955293818377 ], [ 389546.990802170708776, 1712903.636986534111202 ], [ 389675.489290008554235, 1712881.519267312018201 ], [ 389813.081299622834194, 1712874.081861387006938 ], [ 389917.20498257415602, 1712870.363158424384892 ], [ 389954.392012199619785, 1712866.644455461995676 ], [ 389991.579041825141758, 1712859.207049536751583 ], [ 389972.055851271667052, 1712767.169151213485748 ], [ 389967.407472568505909, 1712739.278878994518891 ], [ 389964.869936553703155, 1712717.44801172777079 ], [ 389916.20650301524438, 1712466.020271779503673 ], [ 389828.479385047510732, 1712027.209275653352961 ], [ 389766.237248285848182, 1711582.724220091942698 ], [ 389704.553192294959445, 1711220.705481549957767 ], [ 390051.385320713976398, 1711157.905983079224825 ], [ 389904.255122535803821, 1710790.080487633822486 ], [ 389941.037672080332413, 1710773.103926305426285 ], [ 390018.846911501488648, 1710747.639084313064814 ], [ 390529.2047864337801, 1710642.596611098852009 ], [ 390513.624172853131313, 1710586.861121744615957 ], [ 390485.036643828439992, 1710448.804274259367958 ], [ 390508.743375215970445, 1710226.379353321855888 ], [ 390564.523919653962366, 1709986.523012238787487 ], [ 390592.414191872929223, 1709858.227760031353682 ], [ 390637.038627423287835, 1709707.620290048886091 ], [ 390648.194736310862936, 1709573.746983397752047 ], [ 390651.7459494448849, 1709292.339806618401781 ], [ 390462.494281126826536, 1709254.064188306918368 ], [ 389933.014894484251272, 1709149.86944957007654 ], [ 390028.703940263018012, 1708971.249897449743003 ], [ 390186.059259988134727, 1708743.72261082008481 ], [ 390315.771077599318232, 1708173.841182626318187 ], [ 390420.231619241123553, 1707794.141732918797061 ], [ 390491.998403575329576, 1707561.298388190567493 ], [ 390792.887291968567297, 1707559.171964951092377 ], [ 390759.927731756062713, 1707126.44483570731245 ], [ 390629.152702525025234, 1707126.44483570731245 ], [ 390525.67775482905563, 1706948.431987853953615 ], [ 390505.844672362087294, 1706866.620522677665576 ], [ 390482.480035519693047, 1706782.279362599365413 ], [ 390405.537425746675581, 1706772.358452422777191 ] ] ] ] } },
{ "type": "Feature", "properties": { "fid": 644, "qgs_fid_0": 697, "qgs_fid": 31, "Dialgeo": 201136, "DIA": 3, "SEDE": "201" }, "geometry": { "type": "MultiPolygon", "coordinates": [ [ [ [ 391291.069272564724088, 1712295.777958983322605 ], [ 391264.754784975608345, 1712301.094017082126811 ], [ 391226.213363759103231, 1712309.06810423056595 ], [ 391187.140336732845753, 1712318.902811713283882 ], [ 391187.987453114474192, 1712324.060729193501174 ], [ 391223.737118907331023, 1712504.911130549153313 ], [ 391194.35291450296063, 1712511.825060996459797 ], [ 391166.098871806520037, 1712520.467474055942148 ], [ 391150.727792574150953, 1712524.478482205187902 ], [ 391120.360562688438222, 1712532.433892139233649 ], [ 391083.929467635112815, 1712541.475185801973566 ], [ 391047.232452179887332, 1712549.452797857578844 ], [ 390987.333881663391367, 1712566.072822972666472 ], [ 390953.827911030384712, 1712575.911877841223031 ], [ 390949.656361307250336, 1712578.929880854440853 ], [ 390934.016841092612594, 1712581.895086882868782 ], [ 390920.371575479104649, 1712580.694812142988667 ], [ 390885.857363610179164, 1712591.54587117745541 ], [ 390866.247015957371332, 1712599.390010238625109 ], [ 390805.324202582589351, 1712621.811174388742074 ], [ 390892.13267485902179, 1712898.970754548441619 ], [ 390954.459016640554182, 1712998.710745796561241 ], [ 390975.605152705451474, 1713049.117232928052545 ], [ 390992.325353314983658, 1713095.835440513212234 ], [ 391009.660267181578092, 1713171.445171207422391 ], [ 391041.377165878657252, 1713309.078079835744575 ], [ 391049.370743629639037, 1713340.245431774994358 ], [ 391062.402664692897815, 1713407.372119515668601 ], [ 391073.713388634612784, 1713428.764140883693472 ], [ 391076.909897574631032, 1713449.418506342452019 ], [ 391082.073488939320669, 1713468.105789376422763 ], [ 391094.917783827811945, 1713524.044963425723836 ], [ 391111.134414456551895, 1713656.094669973943383 ], [ 391170.235253379505593, 1713947.681072062114254 ], [ 391192.107162067841273, 1714042.125029417453334 ], [ 391254.805584570392966, 1714322.206458685221151 ], [ 391263.303628758993, 1714335.037535051815212 ], [ 391507.393591942091007, 1714266.802725102752447 ], [ 391580.17564165382646, 1714242.70596540090628 ], [ 391603.780630749592092, 1714238.771800551563501 ], [ 391788.565010379243176, 1714185.834851243998855 ], [ 391812.783138367696665, 1714178.284015993820503 ], [ 391783.768672604172025, 1714077.471041731070727 ], [ 391783.276901998033281, 1714075.749844609294087 ], [ 391770.982636843982618, 1714015.753830657806247 ], [ 391752.049468506826088, 1713950.348340038442984 ], [ 391725.247970471042208, 1713854.084243882214651 ], [ 391671.276146444841288, 1713650.306798954494298 ], [ 391649.638239773747046, 1713575.557666817912832 ], [ 391610.78836188709829, 1713427.534714363282546 ], [ 391521.286111565772444, 1713054.77259489451535 ], [ 391501.615287319349591, 1712977.564609727123752 ], [ 391447.520520641643088, 1712778.889284838456661 ], [ 391433.75094366929261, 1712731.679306646808982 ], [ 391410.145954573585186, 1712603.818949045147747 ], [ 391404.70574224286247, 1712581.56632911786437 ], [ 391442.664285905833822, 1712575.173311237711459 ], [ 391450.717029581719544, 1712573.206228813156486 ], [ 391579.806813698902261, 1712541.179668087046593 ], [ 391584.048335177008994, 1712534.110465623205528 ], [ 391567.328134567593224, 1712442.641132877441123 ], [ 391545.936113199510146, 1712362.974294679006562 ], [ 391523.560550619207788, 1712282.815685875015333 ], [ 391515.200450314616319, 1712253.063564202748239 ], [ 391508.807432434463408, 1712224.786754348315299 ], [ 391499.080457904725336, 1712196.478457120247185 ], [ 391497.046532122709323, 1712188.095652134157717 ], [ 391462.270848951709922, 1712196.201262497343123 ], [ 391407.225142023933586, 1712211.518438117112964 ], [ 391363.696168083581142, 1712225.224577022949234 ], [ 391364.872788942768238, 1712229.01591090252623 ], [ 391346.70053345116321, 1712238.559613426914439 ], [ 391359.114816229615826, 1712283.551025356166065 ], [ 391291.069272564724088, 1712295.777958983322605 ] ] ] ] } },
{ "type": "Feature", "properties": { "fid": 645, "qgs_fid_0": 698, "qgs_fid": 32, "Dialgeo": 201138, "DIA": 2, "SEDE": "201" }, "geometry": { "type": "MultiPolygon", "coordinates": [ [ [ [ 388786.224147195462137, 1715684.358085300540552 ], [ 388495.625134107365739, 1716021.386036017443985 ], [ 388299.81265926361084, 1716058.244854811578989 ], [ 388193.84355523053091, 1716072.066911859204993 ], [ 387995.727404212229885, 1716120.444111526478082 ], [ 387816.040662590938155, 1716168.821311193751171 ], [ 387682.427444462256972, 1716210.287482337327674 ], [ 387697.401339597359765, 1716460.236347285099328 ], [ 387909.339547663403209, 1716484.424947118852288 ], [ 388018.764165958506055, 1716454.477156848181039 ], [ 388135.099812777421903, 1716445.262452149530873 ], [ 388206.513774190971162, 1716442.958775975275785 ], [ 388207.665612278273329, 1716523.011523043503985 ], [ 388216.88031697680708, 1716734.949731109663844 ], [ 388514.763225760892965, 1716748.693825940135866 ], [ 388523.827564232051373, 1716764.382104064337909 ], [ 388530.800132286793087, 1716788.786092255963013 ], [ 388532.194645897718146, 1716820.162648502271622 ], [ 388534.983673119626474, 1716866.878854468930513 ], [ 388537.772700341534801, 1716888.493815438821912 ], [ 388538.12132874422241, 1716926.494311336195096 ], [ 388537.075443535752129, 1716954.384583554929122 ], [ 388537.133767443650868, 1716990.570960015291348 ], [ 388164.629196211579256, 1716998.575766773661599 ], [ 388110.234477104153484, 1717038.59064556658268 ], [ 388020.288177718990482, 1717132.576006853953004 ], [ 387989.867396979010664, 1717112.308283154852688 ], [ 387780.232865086873062, 1717144.559749600011855 ], [ 387721.489122633531224, 1717410.634347770828754 ], [ 387811.010265686665662, 1717461.65314410161227 ], [ 388140.322911016177386, 1717708.679459058213979 ], [ 388260.850347680505365, 1717801.60080298804678 ], [ 388290.343244955758564, 1717816.9387352084741 ], [ 388308.483604359207675, 1717843.478713891934603 ], [ 388355.392755139386281, 1717859.970452604116872 ], [ 388372.287091546517331, 1717877.227594666182995 ], [ 388387.347193343215622, 1717887.681779867503792 ], [ 388404.205331828445196, 1717897.507963222218677 ], [ 388420.284928619104903, 1717911.020920666400343 ], [ 388430.743780701188371, 1717922.87428635940887 ], [ 388441.55126118613407, 1717927.057827190961689 ], [ 388480.597642292676028, 1717952.856328992173076 ], [ 388529.405618675868027, 1717984.930142043856904 ], [ 388584.828195828653406, 1718028.28597048856318 ], [ 388676.998510723351501, 1718086.13050018181093 ], [ 388771.418467106181197, 1718156.945467468816787 ], [ 388873.706753187521826, 1718243.497094153193757 ], [ 388937.1949483997887, 1718245.06822979520075 ], [ 389107.771453551889863, 1718313.526582937687635 ], [ 389351.102165923512075, 1718305.038302273489535 ], [ 389506.720644765824545, 1718302.208875385578722 ], [ 389659.509696720051579, 1718302.208875385578722 ], [ 389798.151614234142471, 1718251.27919140085578 ], [ 389991.673100380634423, 1718231.255949384300038 ], [ 390112.21799880679464, 1718211.667214968241751 ], [ 390183.30734936974477, 1718195.221171180484816 ], [ 390250.497217735799495, 1718163.922641006298363 ], [ 390303.177335346175823, 1718149.996125371893868 ], [ 390342.043308494496159, 1718124.740367426536977 ], [ 390449.273476845060941, 1718049.505686446791515 ], [ 390471.908891949336976, 1718024.040844454430044 ], [ 390493.129593609599397, 1717999.283359184162691 ], [ 390519.301792323938571, 1717973.81851719180122 ], [ 390529.912143154069781, 1717961.0860961957369 ], [ 390541.229850706178695, 1717949.768388643627986 ], [ 390565.987335976446047, 1717920.766763041261584 ], [ 390582.801638924924191, 1717897.516313611529768 ], [ 390607.897602516401093, 1717870.047355211339891 ], [ 390623.28323045920115, 1717844.37223706417717 ], [ 390644.50393211946357, 1717822.444178682053462 ], [ 390659.358423281635623, 1717806.174974075751379 ], [ 390683.762230191379786, 1717784.423754873918369 ], [ 390663.956241975014564, 1717741.274994831299409 ], [ 390646.979680646792985, 1717708.736585618695244 ], [ 390631.417832762526814, 1717676.19817640632391 ], [ 390610.904487824242096, 1717640.830340305808932 ], [ 390589.683786163979676, 1717604.047790760872886 ], [ 390559.974803839577362, 1717556.654890386154875 ], [ 390514.350295269687194, 1717474.424671452725306 ], [ 390486.40970475046197, 1717431.452750590629876 ], [ 390464.127968007000163, 1717388.480829728767276 ], [ 390450.334511927852873, 1717365.845414624549448 ], [ 390433.004272238642443, 1717338.258502466138452 ], [ 390423.101278130488936, 1717320.928262776928023 ], [ 390409.661500412330497, 1717295.463420784566551 ], [ 390400.112184665224049, 1717279.017376997275278 ], [ 390412.844605661404785, 1717274.419558304129168 ], [ 390441.669392083247658, 1717264.162885835161433 ], [ 390462.359576202055905, 1717256.73564025410451 ], [ 390478.275102447310928, 1717250.369429756188765 ], [ 390508.691441493749153, 1717239.40540056489408 ], [ 390533.802605124772526, 1717231.978154983604327 ], [ 390385.5, 1716958.57 ], [ 390230.712224033602979, 1716636.086851857136935 ], [ 390172.142652373819146, 1716529.406560619361699 ], [ 390152.619461820460856, 1716486.52526708226651 ], [ 389974.325364807446022, 1715928.22069592657499 ], [ 389706.072298261628021, 1715947.741870949976146 ], [ 389533.839837550243828, 1715902.983639688696712 ], [ 389443.844171867356636, 1715789.451121002668515 ], [ 389370.001202051527798, 1715696.354481394868344 ], [ 389050.351846313278656, 1715522.38733996427618 ], [ 388954.209831022075377, 1715561.600775192026049 ], [ 388831.741951348551083, 1715611.198995033279061 ], [ 388786.224147195462137, 1715684.358085300540552 ] ] ] ] } },
{ "type": "Feature", "properties": { "fid": 646, "qgs_fid_0": 699, "qgs_fid": 33, "Dialgeo": 201141, "DIA": 3, "SEDE": "201" }, "geometry": { "type": "MultiPolygon", "coordinates": [ [ [ [ 393132.372322091192473, 1712002.975692408625036 ], [ 393010.04079830396222, 1712015.783791396999732 ], [ 392962.770192465337459, 1712012.830766673665494 ], [ 392956.058956728607882, 1712019.506677023135126 ], [ 392762.202983780531213, 1712046.630558011587709 ], [ 392673.112506218603812, 1712063.404615549603477 ], [ 392489.927648830518592, 1712086.646509068785235 ], [ 392194.329499792773277, 1712136.84899905952625 ], [ 392121.440001387964003, 1712152.797026359010488 ], [ 392083.698086657503154, 1712159.161216834792867 ], [ 392067.576913168246392, 1712162.732935836305842 ], [ 392045.581381291616708, 1712166.59862275980413 ], [ 392028.847217960224953, 1712168.457974241115153 ], [ 392004.675648703763727, 1712172.176677203504369 ], [ 391971.207322040980216, 1712178.68440738809295 ], [ 391947.965428525174502, 1712183.332786091137677 ], [ 391873.591369274596218, 1712195.418570719426498 ], [ 391785.710849571973085, 1712213.458368431776762 ], [ 391747.039259082230274, 1712221.914329327875748 ], [ 391687.540011681499891, 1712050.389155179960653 ], [ 391680.799862561747432, 1712034.81708652433008 ], [ 391649.190887380042113, 1712044.113843930652365 ], [ 391619.906101549975574, 1712050.621574115008116 ], [ 391605.115404752548784, 1712053.76441403455101 ], [ 391577.60585535102291, 1712062.24252087296918 ], [ 391543.123846117407084, 1712073.296421486185864 ], [ 391495.794390174967702, 1712087.808603740530089 ], [ 391482.778929806081578, 1712092.921820314135402 ], [ 391476.799052392248996, 1712094.698061395669356 ], [ 391482.77892980602337, 1712123.136281884741038 ], [ 391494.399876564391889, 1712170.317325722426176 ], [ 391550.054692026227713, 1712372.932649452704936 ], [ 391593.023148739361204, 1712540.564954829169437 ], [ 391455.726942631998099, 1712572.161216274602339 ], [ 391408.732114080688916, 1712583.656354194274172 ], [ 391437.777315507119056, 1712740.03940695268102 ], [ 391497.281558852351736, 1712958.908062356757 ], [ 391530.752695734263398, 1713091.317298065172508 ], [ 391575.380878243362531, 1713276.68408092437312 ], [ 391598.248211429920048, 1713372.886705754790455 ], [ 391638.880757764098234, 1713516.729608056368306 ], [ 391661.748090950306505, 1713615.08372928830795 ], [ 391688.303703683021013, 1713710.425755557371303 ], [ 391753.770665628428105, 1713952.930135720409453 ], [ 391765.819045479351189, 1713991.288243001094088 ], [ 391796.062937758513726, 1714123.451593407429755 ], [ 391817.212957620620728, 1714179.999158287420869 ], [ 391818.273992703587282, 1714184.243298619519919 ], [ 391853.818667984567583, 1714181.590710911899805 ], [ 391875.039369644830003, 1714179.46864074585028 ], [ 391977.522325154219288, 1714176.36323404032737 ], [ 392163.69, 1714159.79 ], [ 392428.241465741128195, 1714095.247035901527852 ], [ 393000.795016101037618, 1714091.612899164203554 ], [ 393042.261187244439498, 1713842.815872303908691 ], [ 393233.466309738985728, 1713808.260729684727266 ], [ 393415.456727534823585, 1713709.202654175227508 ], [ 393561.740164624003228, 1713652.762587897013873 ], [ 393608.965526203857735, 1713612.448254840681329 ], [ 393657.342725871189032, 1713522.604884030064568 ], [ 393675.772135268198326, 1713453.494598791236058 ], [ 393682.683163792011328, 1713398.206370600033551 ], [ 393691.397965880925767, 1713344.904519281815737 ], [ 393687.069812975707464, 1713100.960551508003846 ], [ 393698.092922440322582, 1713050.203765586717054 ], [ 393702.32165583333699, 1713031.603794688358903 ], [ 393706.505196666170377, 1713000.924495247425511 ], [ 393726.493225089798216, 1712978.147439602063969 ], [ 393747.178510318917688, 1712960.948438400402665 ], [ 393770.187984899559524, 1712942.819761457853019 ], [ 393801.564541145926341, 1712926.550435997080058 ], [ 393835.497705679037608, 1712907.956921184668317 ], [ 393897.321142431115732, 1712849.387349524768069 ], [ 393918.471265530446544, 1712767.575884348480031 ], [ 393919.793551705952268, 1712742.592642190400511 ], [ 393910.490450033277739, 1712700.595783209661022 ], [ 393901.187348360312171, 1712593.211409613257274 ], [ 393815.598812969285063, 1712594.274621233576909 ], [ 393776.791588847758248, 1712591.882395088672638 ], [ 393749.679692543926649, 1712589.755971849663183 ], [ 393665.685974582564086, 1712591.616592184174806 ], [ 393664.62276296276832, 1712302.4230316078756 ], [ 393658.426757506502327, 1711942.856661183526739 ], [ 393624.170788885909133, 1711942.546769267413765 ], [ 393415.471497286809608, 1711965.99525739508681 ], [ 393348.986769658629782, 1711977.874447411391884 ], [ 393277.401737629901618, 1711987.17120481771417 ], [ 393228.709970723313745, 1711994.092124223243445 ], [ 393132.372322091192473, 1712002.975692408625036 ] ] ] ] } },
{ "type": "Feature", "properties": { "fid": 647, "qgs_fid_0": 700, "qgs_fid": 34, "Dialgeo": 201144, "DIA": 2, "SEDE": "201" }, "geometry": { "type": "MultiPolygon", "coordinates": [ [ [ [ 392161.824949250905775, 1714907.978143547894433 ], [ 391995.384345633210614, 1714914.889172071358189 ], [ 391990.201074240263551, 1714875.726677102502435 ], [ 391872.713589335675351, 1714894.588025783188641 ], [ 391809.07453500945121, 1714905.386507850605994 ], [ 391739.964249770273454, 1714918.056726811220869 ], [ 391673.15764070575824, 1714926.119593422394246 ], [ 391781.430420913675334, 1715028.633183194091544 ], [ 391786.469712547957897, 1715097.743468433618546 ], [ 391776.391129283932969, 1715100.335104129975662 ], [ 391771.351837649533991, 1715144.680870491545647 ], [ 391773.511534065764863, 1715174.340701240114868 ], [ 391774.087453109386843, 1715190.466434462694451 ], [ 391773.655513824138325, 1715212.639317643363029 ], [ 391774.375412631197833, 1715245.178743610158563 ], [ 391775.383270955120679, 1715305.362283672671765 ], [ 391720.095042766362894, 1715312.129332434851676 ], [ 391656.743947961193044, 1715315.728826458565891 ], [ 391655.304150354873855, 1715287.940732601331547 ], [ 391436.166954239422921, 1715286.932874275371432 ], [ 391421.528510751726571, 1715352.334723092149943 ], [ 391389.433913233398926, 1715452.897795316297561 ], [ 391346.031361795903649, 1715541.410664948634803 ], [ 391289.969512693642173, 1715624.519897389691323 ], [ 391191.879671146103647, 1715722.53546376270242 ], [ 391147.254173522174824, 1715752.981894314521924 ], [ 391091.785958411055617, 1715783.730631134007126 ], [ 391019.814485367794987, 1715812.196294871158898 ], [ 390946.467744290537667, 1715828.235870991600677 ], [ 390855.981952757050749, 1715837.087741902563721 ], [ 390631.85457198927179, 1715860.693124320358038 ], [ 390305.444759160454851, 1715892.166049792664126 ], [ 390004.130063286225777, 1715925.798621010035276 ], [ 390076.549024601932615, 1716201.245463715400547 ], [ 390090.637218626332469, 1716269.556091220816597 ], [ 390145.609954695566557, 1716415.216923101805151 ], [ 390536.11070483160438, 1717232.938677343074232 ], [ 390402.237398180528544, 1717278.957626504590735 ], [ 390613.283801154349931, 1717629.890320318751037 ], [ 390690.482119050109759, 1717772.929208141285926 ], [ 390775.192393877892755, 1717717.589172804029658 ], [ 390796.678233217040543, 1717704.367117826128379 ], [ 390864.491872664308175, 1717676.728693948127329 ], [ 390935.509810485469643, 1717658.089925403241068 ], [ 390991.703544141782913, 1717634.951329191913828 ], [ 391028.064195331127848, 1717611.812732980353758 ], [ 391110.702038943301886, 1717539.091430601663888 ], [ 391160.284745110606309, 1717482.897696945583448 ], [ 391266.355166135414038, 1717374.169605115195736 ], [ 391354.690081016335171, 1717265.754438460804522 ], [ 391477.770150645868853, 1717141.25965538714081 ], [ 391549.615035283728503, 1717094.843900815816596 ], [ 391664.375591144780628, 1716972.19582342193462 ], [ 391757.53031379787717, 1716897.383839622605592 ], [ 392144.275421901140362, 1717053.569364048773423 ], [ 392398.748602701351047, 1716515.95631313114427 ], [ 392472.313701790291816, 1716371.655541841406375 ], [ 392508.708312229136936, 1716228.017306366935372 ], [ 392529.546122474246658, 1716159.163196573033929 ], [ 392531.020530004287139, 1716030.926049352856353 ], [ 392515.949614768265747, 1715917.563713490497321 ], [ 392508.628418311127461, 1715831.801126422360539 ], [ 392497.552203341503628, 1715748.30462420033291 ], [ 392493.986025397258345, 1715677.010115616256371 ], [ 392475.160091650555842, 1715582.880446882685646 ], [ 392377.506631101306994, 1715574.604436582885683 ], [ 392396.799919063982088, 1715517.012532216962427 ], [ 392318.762888648081571, 1715515.57273460784927 ], [ 392258.291389063815586, 1715470.651049202308059 ], [ 392269.809769936953671, 1715388.870545002631843 ], [ 392284.78366507217288, 1715316.304745501838624 ], [ 392227.191760707064532, 1715320.624138329876587 ], [ 392204.442958482541144, 1715323.791693069972098 ], [ 392200.123565654212143, 1715299.027174192713574 ], [ 392196.092132348683663, 1715255.833245917456225 ], [ 392194.364375217701308, 1715221.278103297809139 ], [ 392187.741306215641089, 1715130.282894399948418 ], [ 392181.982115779828746, 1715083.633451864589006 ], [ 392181.55017649702495, 1715053.253722311928868 ], [ 392176.798844386124983, 1714996.669676270801574 ], [ 392168.735977774835192, 1714956.355343214701861 ], [ 392161.824949250905775, 1714907.978143547894433 ] ] ] ] } },
{ "type": "Feature", "properties": { "fid": 648, "qgs_fid_0": 701, "qgs_fid": 35, "Dialgeo": 201145, "DIA": 6, "SEDE": "201" }, "geometry": { "type": "MultiPolygon", "coordinates": [ [ [ [ 390837.15533472027164, 1711442.891525666695088 ], [ 390823.327473824261688, 1711443.157446067780256 ], [ 390772.004836267384235, 1711457.517147767823189 ], [ 390739.562547241745051, 1711465.095879220403731 ], [ 390715.363790673553012, 1711469.616526052821428 ], [ 390661.248988897132222, 1711481.782384436810389 ], [ 390521.507817725476343, 1711514.7565142668318 ], [ 390503.29227019881364, 1711517.4821983857546 ], [ 390461.077406405238435, 1711527.587173655861989 ], [ 390375.94963776320219, 1711544.107478621648625 ], [ 390372.492672539083287, 1711544.905239826301113 ], [ 390373.02451334282523, 1711548.362205050420016 ], [ 390377.94404077710351, 1711564.051508760312572 ], [ 390383.794289617799222, 1711593.834593767533079 ], [ 390481.85243779985467, 1711952.561215861467645 ], [ 390493.552935481071472, 1711991.252634331583977 ], [ 390509.774079993891064, 1712063.848904036451131 ], [ 390517.419291546859313, 1712093.432548741111532 ], [ 390525.263943401514553, 1712118.030185912270099 ], [ 390527.391306616307702, 1712123.348593949340284 ], [ 390529.518669831100851, 1712130.794365201145411 ], [ 390543.64569117850624, 1712191.191536468453705 ], [ 390548.299298210884444, 1712212.598128817277029 ], [ 390549.861580572498497, 1712214.559291784418747 ], [ 390565.584124331071507, 1712211.168806657660753 ], [ 390571.966213975450955, 1712209.307363844709471 ], [ 390582.43682979902951, 1712206.448719527805224 ], [ 390590.746842356049456, 1712205.451518017798662 ], [ 390606.103745563596021, 1712200.731430888175964 ], [ 390627.676538162864745, 1712194.116660888772458 ], [ 390655.99706095980946, 1712187.335690641775727 ], [ 390669.693487801065203, 1712184.508881985209882 ], [ 390686.427651132456958, 1712180.790179022587836 ], [ 390695.453000584151596, 1712178.593557430431247 ], [ 390702.8322917354526, 1712177.795796224847436 ], [ 390725.103125390363857, 1712172.477388187777251 ], [ 390757.083007420587819, 1712164.520853561582044 ], [ 390763.861023959994782, 1712162.239452717360109 ], [ 390788.658101432432886, 1712157.585845685331151 ], [ 390803.084283232747111, 1712153.862960059195757 ], [ 390814.186460009950679, 1712151.802076945081353 ], [ 390819.837268549250439, 1712151.004315739497542 ], [ 390835.524398036592174, 1712146.624595554545522 ], [ 390857.863886013627052, 1712141.231740971561521 ], [ 390892.350827682763338, 1712132.679459444480017 ], [ 390917.452072679821867, 1712126.868986065499485 ], [ 390917.430056027835235, 1712123.149153645848855 ], [ 390916.157027673267294, 1712089.350417770212516 ], [ 390898.858557867060881, 1711994.855030895909294 ], [ 390984.221070602128748, 1711962.945766616612673 ], [ 390858.960807671886869, 1711478.25893911276944 ], [ 390855.237922046042513, 1711438.636799237225205 ], [ 390837.15533472027164, 1711442.891525666695088 ] ] ] ] } },
{ "type": "Feature", "properties": { "fid": 649, "qgs_fid_0": 702, "qgs_fid": 36, "Dialgeo": 201149, "DIA": 5, "SEDE": "201" }, "geometry": { "type": "MultiPolygon", "coordinates": [ [ [ [ 391425.425753221381456, 1719883.50482744560577 ], [ 391261.548306171200238, 1720101.976117584854364 ], [ 391215.064519139588811, 1720163.334716466721147 ], [ 391172.299435070483014, 1720204.240449054399505 ], [ 391080.235672880255152, 1720331.968989200191572 ], [ 390996.767579682986252, 1720416.851795841474086 ], [ 390935.934901590109803, 1720375.825105964904651 ], [ 390889.129320758453105, 1720327.292274072766304 ], [ 390542.104363827384077, 1719952.352493898244575 ], [ 390487.8479, 1719988.631210167659447 ], [ 390242.679680737492163, 1720116.976423246320337 ], [ 389928.051199548935983, 1720260.768809963949025 ], [ 389811.573944289586507, 1720348.175439668586478 ], [ 389685.095939328894019, 1720430.48628128413111 ], [ 389799.549352731730323, 1720532.337423535995185 ], [ 389872.064060501521453, 1720595.038887376664206 ], [ 390026.770430219417904, 1720756.729541311739013 ], [ 390252.223096931586042, 1721058.195845389273018 ], [ 390498.788447387865745, 1720992.640167558798566 ], [ 390724.346615550981369, 1720931.134018127107993 ], [ 391044.867836779914796, 1720878.048378593055531 ], [ 391125.506503089156467, 1720865.315957596991211 ], [ 391167.947906409797724, 1720861.071817264892161 ], [ 391272.636701267154422, 1720549.834859579335898 ], [ 391495.691092871711589, 1719982.692466210341081 ], [ 391566.189740901405457, 1719826.916289684828371 ], [ 391531.52926152292639, 1719803.573517858516425 ], [ 391517.209134845121298, 1719790.534744472708553 ], [ 391490.502571646298748, 1719774.571892255917192 ], [ 391471.403940152027644, 1719795.085237194318324 ], [ 391465.037729653937276, 1719810.647085078526288 ], [ 391425.425753221381456, 1719883.50482744560577 ] ] ] ] } },
{ "type": "Feature", "properties": { "fid": 650, "qgs_fid_0": 703, "qgs_fid": 37, "Dialgeo": 201152, "DIA": 3, "SEDE": "201" }, "geometry": { "type": "MultiPolygon", "coordinates": [ [ [ [ 391781.309819573478308, 1714190.578281147871166 ], [ 391261.336092302866746, 1714338.532728016376495 ], [ 391292.263921233301517, 1714516.339005873072892 ], [ 391297.658424243039917, 1714528.879433061229065 ], [ 391304.569452766969334, 1714558.827223331434652 ], [ 391308.024967028934043, 1714583.015823164954782 ], [ 391320.695185989374295, 1714616.419127697125077 ], [ 391325.30253833864117, 1714652.126108404016122 ], [ 391337.972757299023215, 1714684.377574848709628 ], [ 391342.580109648406506, 1714716.629041294101626 ], [ 391349.491138172335923, 1714747.152750607812777 ], [ 391352.370733390620444, 1714790.346678882138804 ], [ 391358.705842870869674, 1714817.414873933419585 ], [ 391366.76870948204305, 1714834.692445243243128 ], [ 391381.742604617145844, 1714908.986001875018701 ], [ 391385.198118879110552, 1714940.661549276206642 ], [ 391399.020175926911179, 1714984.431396594271064 ], [ 391403.627528276178055, 1715025.321648693876341 ], [ 391415.145909149374347, 1715067.363738881191239 ], [ 391428.967966197174974, 1715143.385052643949166 ], [ 391432.423480459081475, 1715172.756923870416358 ], [ 391431.271642371779308, 1715244.746804327704012 ], [ 391432.423480459081475, 1715285.63705642730929 ], [ 391450.852889856148977, 1715286.212975471047685 ], [ 391524.570527444360778, 1715284.48521834006533 ], [ 391582.450391332095023, 1715282.181542164646089 ], [ 391658.471705094969366, 1715287.076854035723954 ], [ 391660.48742174776271, 1715312.705251478590071 ], [ 391716.063609460776206, 1715309.825656260363758 ], [ 391772.935615022084676, 1715302.770647976081818 ], [ 391773.799493587575853, 1715265.335910137975588 ], [ 391766.888465063646436, 1715178.660094067454338 ], [ 391774.087453109328635, 1715098.319387476891279 ], [ 391785.60583398246672, 1715095.439792258432135 ], [ 391778.550825697660912, 1715030.792879607994109 ], [ 391665.670693140651565, 1714923.383977966150269 ], [ 391993.080669460177887, 1714873.85494021140039 ], [ 391996.824143243720755, 1714912.441516137681901 ], [ 392166.144342079234775, 1714904.954568569781259 ], [ 392183.42191338900011, 1715042.02330096042715 ], [ 392183.133953867130913, 1715075.570585253415629 ], [ 392208.474391788127832, 1715319.760259764501825 ], [ 392287.951219812850468, 1715314.576988371554762 ], [ 392262.034862848231569, 1715467.195534941041842 ], [ 392320.490645779413171, 1715514.852835803525522 ], [ 392399.247574999579228, 1715515.572734608547762 ], [ 392378.514489427732769, 1715573.740558017743751 ], [ 392516.169818555586971, 1715580.830726636108011 ], [ 392498.132222144340631, 1715493.560591058572754 ], [ 392505.294208954670466, 1715486.9291217897553 ], [ 392513.782489618810359, 1715478.706099896458909 ], [ 392527.941056892159395, 1715462.815609844401479 ], [ 392566.30372622795403, 1715425.654345744522288 ], [ 392644.289804829459172, 1715354.034477641107515 ], [ 392715.909672932815738, 1715282.414609537925571 ], [ 392763.125734126893803, 1715239.442688675830141 ], [ 392802.298697684542276, 1715196.721753413090482 ], [ 392843.26059362932574, 1715157.084088118746877 ], [ 392874.2766962601454, 1715129.646766560850665 ], [ 392913.262198373267893, 1715095.672434927662835 ], [ 392956.005086803226732, 1715055.411040836246684 ], [ 393029.139578399946913, 1714981.450170803349465 ], [ 393306.414718255284242, 1714674.464940471109003 ], [ 393206.175576307461597, 1714629.51851946930401 ], [ 392805.514704664703459, 1714422.754809674341232 ], [ 393000.736025656282436, 1714096.4595334995538 ], [ 392429.431086202966981, 1714098.070858010323718 ], [ 392367.120741494873073, 1714113.127491542138159 ], [ 392309.692163711471949, 1714130.775394133524969 ], [ 392291.262754314404447, 1714131.927232221001759 ], [ 392153.59667279542191, 1714169.744157390668988 ], [ 391781.309819573478308, 1714190.578281147871166 ] ] ] ] } },
{ "type": "Feature", "properties": { "fid": 651, "qgs_fid_0": 704, "qgs_fid": 38, "Dialgeo": 201153, "DIA": 6, "SEDE": "201" }, "geometry": { "type": "MultiPolygon", "coordinates": [ [ [ [ 389990.451684328611009, 1711207.0295402163174 ], [ 389915.99397181085078, 1711219.261878701392561 ], [ 389891.56488763919333, 1711223.020357125904411 ], [ 389725.110732665285468, 1711261.791708187898621 ], [ 389782.402000181667972, 1711644.120856524212286 ], [ 389825.167084251064807, 1711949.05449945339933 ], [ 389888.018940419249702, 1712296.363055399619043 ], [ 389908.837900908314623, 1712387.861449033953249 ], [ 389938.203655217366759, 1712541.572168361861259 ], [ 389973.379389412875753, 1712739.25348467938602 ], [ 389999.946123490808532, 1712852.699319352163002 ], [ 390015.352215388324112, 1712841.581399454502389 ], [ 390283.17665756714996, 1712784.061072390759364 ], [ 390494.849297439097427, 1712754.809828187339008 ], [ 390616.640841486048885, 1712754.809828187339008 ], [ 390654.716732609027531, 1712754.638595823664218 ], [ 390881.6738227775204, 1712888.51190246688202 ], [ 390792.773580084787682, 1712623.90294480510056 ], [ 390897.885043503891211, 1712584.682249499252066 ], [ 391043.044205850746948, 1712549.452797857113183 ], [ 391112.050550130545162, 1712534.02941455016844 ], [ 391163.900150768226013, 1712519.875404204474762 ], [ 391168.664738939551171, 1712518.480890589533374 ], [ 391175.567566267680377, 1712516.372871842002496 ], [ 391191.909522645059042, 1712511.927859707502648 ], [ 391223.024607587489299, 1712503.430042391177267 ], [ 391222.673437299905345, 1712499.79216281324625 ], [ 391184.38521970063448, 1712322.44951997580938 ], [ 391182.090081538946833, 1712317.839600093429908 ], [ 391356.456787180213723, 1712280.627193401567638 ], [ 391343.166641933203209, 1712240.756757660303265 ], [ 391363.434696781565435, 1712228.231496996479109 ], [ 391361.6825, 1712225.3006 ], [ 391313.385534381202888, 1712128.201641282066703 ], [ 391205.421851231076289, 1711920.717247739667073 ], [ 391174.043243812862784, 1711919.653566132299602 ], [ 391097.458168079552706, 1711932.085344918537885 ], [ 391016.618365918169729, 1711950.500332746654749 ], [ 390938.369776843930595, 1711984.628597748931497 ], [ 390902.804433926125057, 1711996.70400256710127 ], [ 390913.700000000011642, 1712061.5075 ], [ 390916.588800000026822, 1712074.1425 ], [ 390919.892471499100793, 1712096.65452449512668 ], [ 390922.083663060213439, 1712127.004999472526833 ], [ 390896.821224884537514, 1712133.653009518748149 ], [ 390852.611958077119198, 1712143.625024587847292 ], [ 390755.152130799309816, 1712167.225460251094773 ], [ 390715.795911325607449, 1712175.867873311508447 ], [ 390695.320040383259766, 1712180.189079841366038 ], [ 390685.348025313869584, 1712183.313644563080743 ], [ 390621.992489573254716, 1712197.340945760952309 ], [ 390597.694012854364701, 1712204.454316510818899 ], [ 390557.706232427037321, 1712213.495610176818445 ], [ 390548.332538262009621, 1712217.683856506366283 ], [ 390493.41997528023785, 1712005.479375829454511 ], [ 390479.060273580427747, 1711947.109847623389214 ], [ 390466.45739514217712, 1711910.609232846647501 ], [ 390339.186142207530793, 1711937.536713156849146 ], [ 390294.577994797378778, 1711948.439449632540345 ], [ 390186.481351445720065, 1711977.092372934101149 ], [ 390152.975380812655203, 1711772.067743108142167 ], [ 390144.332967752648983, 1711736.03552865749225 ], [ 390144.465927953540813, 1711724.86687177978456 ], [ 390138.748639313795138, 1711712.102692490909249 ], [ 390130.372146655572578, 1711670.087268999777734 ], [ 390101.918663657736033, 1711558.932541026500985 ], [ 390098.727618835575413, 1711540.849953700555488 ], [ 390091.813688387454022, 1711522.501445973059162 ], [ 390070.540056239522528, 1711440.06612139986828 ], [ 390068.944533828413114, 1711421.185772868571803 ], [ 390062.296523782191798, 1711400.709901926107705 ], [ 390021.60103489382891, 1711220.723584201652557 ], [ 390012.735608886170667, 1711206.355328218778595 ], [ 389990.451684328611009, 1711207.0295402163174 ] ] ] ] } },
{ "type": "Feature", "properties": { "fid": 652, "qgs_fid_0": 705, "qgs_fid": 39, "Dialgeo": 201158, "DIA": 2, "SEDE": "201" }, "geometry": { "type": "MultiPolygon", "coordinates": [ [ [ [ 391616.412068159610499, 1717056.376848746091127 ], [ 391504.64970608218573, 1717166.724497379502282 ], [ 391467.867156537715346, 1717182.286345263710245 ], [ 391367.422502012457699, 1717282.730999788967893 ], [ 391266.35516613535583, 1717417.445418457267806 ], [ 391195.540198848291766, 1717472.523726347368211 ], [ 391126.921216529444791, 1717545.867700376082212 ], [ 391014.568615781259723, 1717645.62697971588932 ], [ 390918.958340258919634, 1717681.680191002320498 ], [ 390859.540375610173214, 1717707.145032994681969 ], [ 390828.416679841815494, 1717728.36573465494439 ], [ 390810.025405069580302, 1717738.268728762865067 ], [ 390785.975276521290652, 1717758.074716979172081 ], [ 390754.851580752874725, 1717786.368985859444365 ], [ 390720.898458096489776, 1717816.077968183904886 ], [ 390675.627627887879498, 1717858.519371504429728 ], [ 390641.67450523149455, 1717896.716634492855519 ], [ 390616.209663239191286, 1717941.987464701291174 ], [ 390609.38077411626, 1717969.764806442894042 ], [ 390599.154340969282202, 1717982.780266811605543 ], [ 390584.330806716810912, 1718007.07837524311617 ], [ 390572.19374449091265, 1718018.107944955583662 ], [ 390559.178284122084733, 1718032.982756805839017 ], [ 390554.824570347147528, 1718040.51877646218054 ], [ 390522.367710340593476, 1718081.827507379231974 ], [ 390456.439775871811435, 1718263.087199725443497 ], [ 390455.486907902813982, 1718357.219046829501167 ], [ 390450.600487141113263, 1718490.846264444524422 ], [ 390051.896129729459062, 1718594.243594466242939 ], [ 390060.933428497519344, 1718799.177634176332504 ], [ 390487.812893832859118, 1718794.127378982258961 ], [ 390488.876105452654883, 1718840.111281536985189 ], [ 390480.588481400627643, 1719010.045046897372231 ], [ 390509.511726664903108, 1719067.065158989746124 ], [ 390578.927515299059451, 1719189.782356753945351 ], [ 390594.628705585375428, 1719215.400088273920119 ], [ 390683.051198250439484, 1719293.49285048735328 ], [ 390760.677977759041823, 1719321.098139540292323 ], [ 390800.813822621828876, 1719294.035859779454768 ], [ 390907.363378202077001, 1719307.109424881404266 ], [ 390981.373813690326642, 1719324.068852623691782 ], [ 391016.494897225522436, 1719331.506258548703045 ], [ 391043.352196399471723, 1719336.464529165299609 ], [ 391058.22700824966887, 1719338.117286037653685 ], [ 391082.605172115261666, 1719333.572204638971016 ], [ 391116.899877214280423, 1719321.589717315277085 ], [ 391161.937501982902177, 1719307.954473119229078 ], [ 391191.687125683296472, 1719300.930256412131712 ], [ 391225.564817533071619, 1719289.739587323740125 ], [ 391250.471617533068638, 1719281.670787323731929 ], [ 391272.259023205144331, 1719272.420200366294011 ], [ 391369.771678667457309, 1719246.802468846319243 ], [ 391395.389410187257454, 1719248.868414936354384 ], [ 391580.651980948576238, 1719345.022763676941395 ], [ 391607.12595027993666, 1719359.861260067671537 ], [ 391662.296395009791013, 1719386.008390271104872 ], [ 391696.343377746874467, 1719319.211002452531829 ], [ 391770.481508775788825, 1719161.755758507642895 ], [ 391795.373318828060292, 1719126.809974066214636 ], [ 391821.625651816488244, 1719067.335802124813199 ], [ 391857.62071036483394, 1719015.047611988848075 ], [ 391902.637634999118745, 1718932.996351667214185 ], [ 391959.321421541390009, 1718839.154240866424516 ], [ 392004.750908542715479, 1718732.104923185193911 ], [ 392048.607025307195727, 1718645.807403100654483 ], [ 392095.292568959819619, 1718552.436315795406699 ], [ 392170.796749411267228, 1718378.856953500304371 ], [ 392385.308824983367231, 1718019.089347400469705 ], [ 392434.823795524076559, 1717935.621254203375429 ], [ 392381.064684651384596, 1717883.27685677469708 ], [ 392315.335758177563548, 1717823.340877292910591 ], [ 392297.596591454348527, 1717792.73519635759294 ], [ 392274.430025589710567, 1717761.982278411043808 ], [ 392244.680401889490895, 1717722.935897304676473 ], [ 392200.055966339074075, 1717655.999243979109451 ], [ 392164.728288195037749, 1717605.796753984875977 ], [ 392138.697367457323708, 1717566.750372878275812 ], [ 392084.776174500584602, 1717371.518467345740646 ], [ 392084.776174500584602, 1717312.019219945184886 ], [ 392088.494877463090234, 1717243.223215138306841 ], [ 392099.650986350665335, 1717172.567858850117773 ], [ 392129.400610050943214, 1717085.178339230827987 ], [ 392142.685469334130175, 1717064.865129410056397 ], [ 391987.066990492225159, 1717001.203024429269135 ], [ 391882.378195634926669, 1716957.346907664788887 ], [ 391762.127552893420216, 1716907.831937124254182 ], [ 391657.438758036121726, 1716999.788310985313728 ], [ 391616.412068159610499, 1717056.376848746091127 ] ] ] ] } },
{ "type": "Feature", "properties": { "fid": 653, "qgs_fid_0": 706, "qgs_fid": 40, "Dialgeo": 201160, "DIA": 5, "SEDE": "201" }, "geometry": { "type": "MultiPolygon", "coordinates": [ [ [ [ 390484.155733888677787, 1718147.516884221229702 ], [ 390487.816332117305137, 1718125.030352245317772 ], [ 390401.530802442226559, 1718179.416383070871234 ], [ 390341.392402971687261, 1718213.930594940902665 ], [ 390317.859985787596088, 1718225.435332230990753 ], [ 390283.290629776602145, 1718235.728452250361443 ], [ 390246.739791631174739, 1718248.444806810934097 ], [ 390189.08348805870628, 1718265.478075950639322 ], [ 390151.564237686514389, 1718271.454281391110271 ], [ 390098.181860085343942, 1718282.005644673248753 ], [ 390041.74629082728643, 1718297.601411595474929 ], [ 389992.405420261784457, 1718305.144240884575993 ], [ 389970.626096670865081, 1718305.968493260908872 ], [ 389899.851035416126251, 1718311.755268373526633 ], [ 389854.532838562561665, 1718318.519115759059787 ], [ 389784.158054359082598, 1718324.977323351427913 ], [ 389723.79718753969064, 1718341.528590339003131 ], [ 389655.243018324079458, 1718351.421433307230473 ], [ 389595.153306933178101, 1718356.170983253512532 ], [ 389514.758684183412697, 1718362.990731413010508 ], [ 389472.784737575799227, 1718363.492179710883647 ], [ 389428.815326826763339, 1718364.643488285131752 ], [ 389404.023973743082024, 1718367.949002029607072 ], [ 389368.19621675752569, 1718363.492179710883647 ], [ 389327.997157619916834, 1718362.990731413010508 ], [ 389270.150667091365904, 1718364.643488285131752 ], [ 389194.579272199131083, 1718366.629835335304961 ], [ 388847.078012358339038, 1718278.336841943440959 ], [ 388640.450298766663764, 1718123.340984938200563 ], [ 388385.92574044119101, 1717908.482591546606272 ], [ 387860.349055067752488, 1717528.348510930780321 ], [ 387889.349499890638981, 1718064.183338434435427 ], [ 387974.232306531921495, 1718550.844763177679852 ], [ 388002.526575412310194, 1718743.245791564462706 ], [ 388013.844282964477316, 1718935.646819951245561 ], [ 388042.492230206436943, 1719146.792801472358406 ], [ 388067.957072198798414, 1719226.016754337586462 ], [ 388090.592487303132657, 1719316.558414754923433 ], [ 388094.836627635289915, 1719339.19382985914126 ], [ 388097.666054523317143, 1719364.658671851502731 ], [ 388101.910194855299778, 1719401.441221395973116 ], [ 388110.398475519497879, 1719439.638484384631738 ], [ 388124.545609959634021, 1719500.471162477508187 ], [ 388138.692744399944786, 1719576.865688455058262 ], [ 388164.157586392306257, 1719624.965945551870391 ], [ 388189.622428384667728, 1719664.577921984484419 ], [ 388229.234404817281757, 1719749.460728625534102 ], [ 388240.552112369448878, 1719825.855254602851346 ], [ 388268.846381249837577, 1719907.908634355990216 ], [ 388322.605492122645956, 1719981.473733445163816 ], [ 388370.705749219283462, 1720077.674247638555244 ], [ 388399.000018099672161, 1720154.068773615639657 ], [ 388415.976579428068362, 1720188.021896272199228 ], [ 388447.100275196426082, 1720250.269287809031084 ], [ 388469.735690300760325, 1720306.857825569808483 ], [ 388500.859386069234461, 1720374.764070882927626 ], [ 388531.983081837650388, 1720453.988023748155683 ], [ 388551.789070053957403, 1720536.041403501061723 ], [ 388594.23047337459866, 1720637.900771470740438 ], [ 388605.548180926765781, 1720731.271858775988221 ], [ 388973.405326922074892, 1720678.845051674405113 ], [ 389154.730234609975014, 1720653.793584164697677 ], [ 389346.791485516238026, 1720597.726014024578035 ], [ 389470.855896039574873, 1720567.902838417794555 ], [ 389550.292956936580595, 1720660.322783830109984 ], [ 389562.711276907706633, 1720676.459197625285015 ], [ 389585.376890368701424, 1720701.510665135458112 ], [ 389626.319773059745785, 1720752.877168675651774 ], [ 389638.691892180591822, 1720766.810325594386086 ], [ 389691.340749212831724, 1720825.350302803562954 ], [ 389708.31731054111151, 1720817.569378861458972 ], [ 389794.614830626349431, 1720767.347051598597318 ], [ 389868.10492395440815, 1720725.833789928816259 ], [ 389945.640851695963647, 1720678.248588162241504 ], [ 389911.682368119130842, 1720641.083876720163971 ], [ 389897.785089325741865, 1720626.028078731149435 ], [ 389881.360817907901946, 1720608.674131572712213 ], [ 389865.24643840349745, 1720591.733373632188886 ], [ 389839.938598797249142, 1720568.594777420861647 ], [ 389821.758273202576675, 1720552.480397916398942 ], [ 389758.540322839282453, 1720497.939421132439747 ], [ 389681.687128279940225, 1720430.589578588493168 ], [ 389920.840945022064261, 1720259.042486255522817 ], [ 389932.94, 1720252.72 ], [ 390253.416023955855053, 1720094.310809785267338 ], [ 390548.248215858184267, 1719936.415273786988109 ], [ 390610.50810781941982, 1720001.661027488997206 ], [ 390706.276407819415908, 1720099.054727488895878 ], [ 390723.440444315958302, 1720119.871286605950445 ], [ 390902.764564954384696, 1720313.24384065833874 ], [ 390968.575775001256261, 1720370.473415902350098 ], [ 390995.352866238972638, 1720394.216380737256259 ], [ 391049.111977111781016, 1720331.968989200191572 ], [ 391095.797520764463115, 1720281.03930521546863 ], [ 391124.091789644910023, 1720242.842042227042839 ], [ 391160.874339189438615, 1720208.888919570483267 ], [ 391188.796179552911781, 1720167.167534026084468 ], [ 391234.439438278554007, 1720108.44426504499279 ], [ 391250.001286162761971, 1720091.467703716596588 ], [ 391274.051414711109828, 1720070.247002056334168 ], [ 391295.272116371430457, 1720046.196873507928103 ], [ 391320.736958363791928, 1720007.999610519502312 ], [ 391358.934221352392342, 1719964.143493754789233 ], [ 391419.766899445268791, 1719869.357693005353212 ], [ 391468.412198167177849, 1719781.167465916601941 ], [ 391623.337171006249264, 1719454.775342707522213 ], [ 391660.20462459360715, 1719388.492367640836164 ], [ 391575.5532905588625, 1719343.388568038586527 ], [ 391392.915586085699033, 1719252.854129708837718 ], [ 391275.098195611150004, 1719275.657131028594449 ], [ 391199.25, 1719298.99 ], [ 391155.75501631887164, 1719313.344450805103406 ], [ 391058.396106896165293, 1719344.750550618860871 ], [ 390909.831013618852012, 1719310.018293116707355 ], [ 390799.375730460626073, 1719296.127630195813254 ], [ 390760.038158665411174, 1719322.76628074911423 ], [ 390681.522909130959306, 1719297.641400898108259 ], [ 390593.585829652438406, 1719222.266761345090345 ], [ 390480.523870322853327, 1719021.267722537042573 ], [ 390480.636215399485081, 1718803.164677750552073 ], [ 390074.755179554515053, 1718801.30405741580762 ], [ 390059.072808162949514, 1718800.50664870091714 ], [ 390059.338611067913007, 1718798.11442255647853 ], [ 390050.832918109896127, 1718593.180382846388966 ], [ 390448.474063901463524, 1718484.466994725633413 ], [ 390445.260803256474901, 1718295.227699651150033 ], [ 390449.392695437069051, 1718267.130832822993398 ], [ 390453.524587617663201, 1718246.471371920080855 ], [ 390484.155733888677787, 1718147.516884221229702 ] ] ] ] } },
{ "type": "Feature", "properties": { "fid": 654, "qgs_fid_0": 707, "qgs_fid": 41, "Dialgeo": 201161, "DIA": 5, "SEDE": "201" }, "geometry": { "type": "MultiPolygon", "coordinates": [ [ [ [ 389084.347540178510826, 1720684.809686795575544 ], [ 389026.607825690996833, 1720687.671834185020998 ], [ 388573.616942745575216, 1720754.1167363289278 ], [ 388464.556881279742811, 1721124.742738447617739 ], [ 388327.140328881971072, 1722636.324814822757617 ], [ 388332.604885329084937, 1722703.092630477622151 ], [ 388410.69764754222706, 1722926.214808229357004 ], [ 388466.47819198021898, 1723009.885624886257574 ], [ 388544.399653971311636, 1723138.078045799862593 ], [ 388667.288151956861839, 1723277.632238188525662 ], [ 388921.089629149530083, 1723514.699552049860358 ], [ 389127.477643570106011, 1723380.826245398726314 ], [ 389473.317019085458014, 1723372.45916373305954 ], [ 389526.3085363014834, 1723436.606789836660028 ], [ 389565.354917408025358, 1723570.480096487794071 ], [ 389679.705033505859319, 1723592.792314263060689 ], [ 389838.679585154051892, 1723550.956905934493989 ], [ 389966.974837361369282, 1723400.349435952026397 ], [ 390054.829194831603672, 1723203.374388339929283 ], [ 390188.964284491783474, 1723016.775373158743605 ], [ 390319.951410606387071, 1722968.529645593604073 ], [ 390539.820407274877653, 1722917.346731365192682 ], [ 390731.61040674126707, 1722747.811833110405132 ], [ 390854.117925551894587, 1722473.790299432817847 ], [ 391035.37968836032087, 1721955.873431148240343 ], [ 390887.977939140284434, 1721881.171920679975301 ], [ 390814.496155029861256, 1721858.735330653842539 ], [ 391170.777333297824953, 1720876.633665149100125 ], [ 391051.941404000099283, 1720885.121945813298225 ], [ 390851.291641525924206, 1720919.711546673905104 ], [ 390253.689343211241066, 1721070.803085341351107 ], [ 390068.361882044468075, 1720828.887086413567886 ], [ 389946.696525858715177, 1720691.659882343607023 ], [ 389689.161541479523294, 1720834.522028340725228 ], [ 389469.662969015189447, 1720575.656864075688645 ], [ 389084.347540178510826, 1720684.809686795575544 ] ] ] ] } },
{ "type": "Feature", "properties": { "fid": 655, "qgs_fid_0": 708, "qgs_fid": 42, "Dialgeo": 201162, "DIA": 5, "SEDE": "201" }, "geometry": { "type": "MultiPolygon", "coordinates": [ [ [ [ 390179.405744074669201, 1723088.094596497248858 ], [ 390143.73597137699835, 1723134.086632359074429 ], [ 390099.111535826290492, 1723200.19690724904649 ], [ 390071.014668998192064, 1723239.863072182750329 ], [ 390021.431962830829434, 1723312.5843745614402 ], [ 389993.335096002672799, 1723362.16708072880283 ], [ 389955.321687941090204, 1723459.679736191174015 ], [ 389897.475197412539274, 1723524.13725420855917 ], [ 389864.420059967727866, 1723560.497905398020521 ], [ 389833.017679395095911, 1723580.330987864872441 ], [ 389766.907404505356681, 1723601.816827204078436 ], [ 389699.14437274337979, 1723606.775097820907831 ], [ 389639.6451253425912, 1723605.122340948553756 ], [ 389604.937231025483925, 1723605.122340948553756 ], [ 389565.27106609166367, 1723591.900285970652476 ], [ 389542.132469880220015, 1723547.275850420119241 ], [ 389535.521442391327582, 1723497.693144252756611 ], [ 389495.855277457507327, 1723410.097030023811385 ], [ 389406.606406356382649, 1723377.041892578825355 ], [ 389300.829966532764956, 1723386.958433812484145 ], [ 389219.515541892673355, 1723400.349435952026397 ], [ 389186.789742348017171, 1723413.402543768286705 ], [ 389163.734997454681434, 1723411.505544839659706 ], [ 389102.376398572931066, 1723425.450680949259549 ], [ 389001.971418584696949, 1723489.598307052860036 ], [ 388918.765439777111169, 1723545.495060889516026 ], [ 388922.348642789002042, 1723626.608180287759751 ], [ 388914.084858427755535, 1723788.578353767516091 ], [ 389049.610921951709315, 1724115.824214471736923 ], [ 389212.460248411924113, 1724418.015093894675374 ], [ 389520.362367546244059, 1724975.171729556517676 ], [ 390026.163425833627116, 1725738.645025084493682 ], [ 390570.585154672095086, 1725538.468141559278592 ], [ 389971.158378173538949, 1724162.799752670107409 ], [ 390039.954382980416995, 1724160.940401188796386 ], [ 390093.875575937097892, 1724160.940401188796386 ], [ 390136.640660006203689, 1724159.081049707718194 ], [ 390212.874070738092996, 1724155.362346745096147 ], [ 390302.12294183881022, 1724162.799752670107409 ], [ 390331.8725655390881, 1724157.22169822640717 ], [ 390385.79375849571079, 1724160.940401188796386 ], [ 390428.558842564816587, 1724157.22169822640717 ], [ 390473.183278115233406, 1724153.502995263785124 ], [ 390491.776792927877977, 1724151.643643782474101 ], [ 390514.08901070302818, 1724149.784292301395908 ], [ 390543.83863440330606, 1724140.487534895073622 ], [ 390586.147002556419466, 1724142.145972310565412 ], [ 390683.7622301937663, 1724146.390112642431632 ], [ 390813.915867043717299, 1724146.390112642431632 ], [ 390898.798673684941605, 1724129.413551314268261 ], [ 391006.316895430558361, 1724112.43698998587206 ], [ 391119.493970952229574, 1724095.46042865770869 ], [ 391249.647607802180573, 1723399.421414199285209 ], [ 391318.298442597151734, 1723141.934990122448653 ], [ 391357.165829547739122, 1723006.131076761521399 ], [ 391396.777805980353151, 1722759.970937501871958 ], [ 391456.195770629215986, 1722482.68710247380659 ], [ 391517.028448722034227, 1722100.714472588617355 ], [ 391443.463349632977042, 1722080.90848437231034 ], [ 391231.256333029828966, 1722015.831665947334841 ], [ 391061.490719747322146, 1721964.901981962611899 ], [ 390845.053574368590489, 1722554.460721375886351 ], [ 390759.523406230378896, 1722755.270681352587417 ], [ 390692.586752904811874, 1722829.644740603165701 ], [ 390625.650099579244852, 1722889.143988003721461 ], [ 390564.291500697087031, 1722909.596854296280071 ], [ 390480.6206840397208, 1722944.924532439792529 ], [ 390428.558842564292718, 1722970.955453177448362 ], [ 390357.903486276161857, 1722993.26767095271498 ], [ 390326.294511094689369, 1723004.423779840115458 ], [ 390292.826184431905858, 1723023.017294652992859 ], [ 390246.342397400236223, 1723049.048215390648693 ], [ 390227.748882587591652, 1723056.485621315659955 ], [ 390199.858610368624795, 1723069.501081684604287 ], [ 390179.405744074669201, 1723088.094596497248858 ] ] ] ] } },
{ "type": "Feature", "properties": { "fid": 656, "qgs_fid_0": 709, "qgs_fid": 43, "Dialgeo": 201166, "DIA": 5, "SEDE": "201" }, "geometry": { "type": "MultiPolygon", "coordinates": [ [ [ [ 391893.342224831634667, 1722185.597279229899868 ], [ 391528.346156274201348, 1722103.543899476760998 ], [ 391433.817314463434741, 1722689.5235510696657 ], [ 391281.122655357816257, 1723433.910014209570363 ], [ 391147.788239832618274, 1724123.754697538213804 ], [ 393277.724463957361877, 1724265.12218895368278 ], [ 393269.732004803838208, 1723528.151249125367031 ], [ 393288.880572844936978, 1722915.233013554941863 ], [ 393288.880572844936978, 1722602.861964702373371 ], [ 393321.027866847347468, 1722375.783743688138202 ], [ 392784.258016203413717, 1722313.982524273218587 ], [ 391893.342224831634667, 1722185.597279229899868 ] ] ] ] } },
{ "type": "Feature", "properties": { "fid": 657, "qgs_fid_0": 710, "qgs_fid": 44, "Dialgeo": 201172, "DIA": 6, "SEDE": "201" }, "geometry": { "type": "MultiPolygon", "coordinates": [ [ [ [ 391658.379210088052787, 1710844.750775642227381 ], [ 390728.873130591760855, 1711046.004579605534673 ], [ 390877.465973523561843, 1711230.863019515993074 ], [ 390871.658506859093904, 1711258.741647382965311 ], [ 390867.728300000017043, 1711281.0321 ], [ 390868.5391, 1711299.1425 ], [ 390862.085372392553836, 1711392.632569714216515 ], [ 390861.752971890207846, 1711403.66826639091596 ], [ 390861.088170886680018, 1711430.659187181619927 ], [ 390859.226728073786944, 1711435.977595218690112 ], [ 390858.428966868203133, 1711456.719386562937871 ], [ 390868.79986254038522, 1711508.307944521540776 ], [ 390895.890503478702158, 1711609.856297977268696 ], [ 390918.759658037684858, 1711701.598836615914479 ], [ 390918.892618238634896, 1711708.379806862911209 ], [ 390927.302350947109517, 1711739.924614532617852 ], [ 390955.988514296535868, 1711835.622719147941098 ], [ 390984.382058073068038, 1711947.066581706982106 ], [ 390987.215259755670559, 1711955.566186754964292 ], [ 391129.919155033188872, 1711923.058925343910232 ], [ 391163.699934471922461, 1711917.808153866557404 ], [ 391208.081055249553174, 1711918.589884524932131 ], [ 391217.978251044289209, 1711922.365583206526935 ], [ 391226.546243998454884, 1711937.374049634905532 ], [ 391238.860297269362491, 1711972.419888164149597 ], [ 391369.077984925941564, 1712223.138087291736156 ], [ 391492.182720762095414, 1712182.093562316382304 ], [ 391483.323785970977042, 1712135.698167418595403 ], [ 391473.369585748354439, 1712084.156853234628215 ], [ 391589.615050295018591, 1712047.704347148537636 ], [ 391670.396751309279352, 1712030.796453489456326 ], [ 391688.155995076405816, 1712030.239293454447761 ], [ 391751.803070346533787, 1712208.523979612858966 ], [ 392016.068616099830251, 1712155.63263947959058 ], [ 391977.871353111171629, 1711899.569506111787632 ], [ 391961.602148504869547, 1711788.514500756282359 ], [ 391948.162370786711108, 1711712.827331501059234 ], [ 391939.674090122571215, 1711649.165226520271972 ], [ 391932.600522902444936, 1711607.431179921608418 ], [ 391928.356382570404094, 1711575.600127431098372 ], [ 391926.654632206715178, 1711547.108176591107622 ], [ 391880.256125473766588, 1711210.604058874072507 ], [ 391869.235678319935687, 1711150.340445378096774 ], [ 391862.078116174379829, 1711109.78092655306682 ], [ 391854.920554028823972, 1711051.327502364292741 ], [ 391853.727627004554961, 1711029.85481592756696 ], [ 391853.727627004554961, 1711019.118472709087655 ], [ 391856.709944565256592, 1710998.838713296689093 ], [ 391852.3059230222716, 1710956.192787739215419 ], [ 391845.300850286497734, 1710930.008273405954242 ], [ 391840.493426808272488, 1710883.295400012284517 ], [ 391825.229153980733827, 1710808.13420609314926 ], [ 391658.379210088052787, 1710844.750775642227381 ] ] ] ] } },
{ "type": "Feature", "properties": { "fid": 658, "qgs_fid_0": 711, "qgs_fid": 45, "Dialgeo": 201180, "DIA": 15, "SEDE": "201" }, "geometry": { "type": "MultiPolygon", "coordinates": [ [ [ [ 371348.126360774796922, 1701438.15457712020725 ], [ 371303.50192522443831, 1701468.833876561140642 ], [ 371177.995700239029247, 1701446.521658785874024 ], [ 371060.27204817958409, 1701566.148832622449845 ], [ 371072.01266580686206, 1701675.221890981541947 ], [ 371086.424836541700643, 1702683.888211141107604 ], [ 371138.949319132429082, 1703722.367871853988618 ], [ 371211.464026901754551, 1703722.367871853988618 ], [ 371288.240094201057218, 1703718.615287777269259 ], [ 371397.012155852105934, 1703718.615287777269259 ], [ 371547.619625830440782, 1703710.248206111835316 ], [ 371714.961259139701724, 1703710.248206111835316 ], [ 371815.366239125258289, 1703693.514042780734599 ], [ 372016.176199096313212, 1703693.514042780734599 ], [ 372148.577173459576443, 1703677.743436303688213 ], [ 372377.27740565512795, 1703663.79830019408837 ], [ 373064.82937853661133, 1703149.39516219869256 ], [ 373792.011463962902781, 1702663.93204113910906 ], [ 374061.708361928060185, 1702176.623047144385055 ], [ 374167.135625308263116, 1702061.502161208773032 ], [ 374289.852823071763851, 1701693.350567918037996 ], [ 374404.202939169539604, 1701344.722165180835873 ], [ 374874.339493260195013, 1700988.945747462334111 ], [ 374704.573879977629986, 1700595.655410024570301 ], [ 374495.196290262567345, 1700708.832485546125099 ], [ 374370.701507188670803, 1700759.762169531080872 ], [ 374178.30047880182974, 1700858.792110612383112 ], [ 373929.310912654153071, 1700983.286893686279655 ], [ 373318.154704837070312, 1701359.600669795880094 ], [ 373182.609015953727067, 1701385.9765260880813 ], [ 373087.782090433640406, 1701383.768546287436038 ], [ 372636.262824818957597, 1701390.724365564063191 ], [ 372175.066242068132851, 1701351.112389131216332 ], [ 371943.05323724867776, 1701322.818120250944048 ], [ 371702.332817955873907, 1701287.547107137739658 ], [ 371582.404647414281499, 1701340.538624353706837 ], [ 371348.126360774796922, 1701438.15457712020725 ] ] ] ] } },
{ "type": "Feature", "properties": { "fid": 659, "qgs_fid_0": 712, "qgs_fid": 46, "Dialgeo": 201183, "DIA": 18, "SEDE": "201" }, "geometry": { "type": "MultiPolygon", "coordinates": [ [ [ [ 397922.524419627909083, 1729784.516100629465654 ], [ 397938.363265942491125, 1729496.117057787952945 ], [ 397007.885003328789026, 1729379.061463710153475 ], [ 396942.808184903813526, 1729364.914329270133749 ], [ 396673.206280015758239, 1729750.324293237412348 ], [ 396806.145190898387227, 1731212.652312946273014 ], [ 396806.145190898387227, 1732000.790141750359908 ], [ 397033.944639265770093, 1734736.918416972272098 ], [ 399714.66054596088361, 1734461.86536272149533 ], [ 400462.563288647157606, 1734407.530812823912129 ], [ 400443.646846535906661, 1734333.719080677023157 ], [ 400439.355046354990918, 1733354.492298153229058 ], [ 400408.471634906367399, 1732670.978604015428573 ], [ 400073.991760099539533, 1732714.020351376384497 ], [ 399407.710564933135174, 1732354.339400109834969 ], [ 398953.734003087971359, 1732180.814570800866932 ], [ 398951.348315243725665, 1732166.966859147651121 ], [ 398964.338578982977197, 1731952.104218864813447 ], [ 398986.702742311172187, 1731754.521176881622523 ], [ 398746.539251154987141, 1731581.201364534907043 ], [ 398708.933211396448314, 1731485.351516792550683 ], [ 398798.046900796471164, 1731404.27334624202922 ], [ 398777.947059184778482, 1731326.984435209538788 ], [ 398787.615955532062799, 1731283.369833862641826 ], [ 398863.963285084872041, 1730694.063883876893669 ], [ 398614.541108302713837, 1730124.271739124087617 ], [ 398544.089370635105297, 1729957.17059852858074 ], [ 398468.3345, 1729960.2338 ], [ 398122.407921685546171, 1729975.461722513660789 ], [ 398108.225500253494829, 1729976.865191301098093 ], [ 397922.819886741053779, 1729986.024671809514984 ], [ 397922.524419627909083, 1729964.012371878605336 ], [ 397922.524419627909083, 1729784.516100629465654 ] ] ] ] } },
{ "type": "Feature", "properties": { "fid": 660, "qgs_fid_0": 714, "qgs_fid": 48, "Dialgeo": 201185, "DIA": 18, "SEDE": "201" }, "geometry": { "type": "MultiPolygon", "coordinates": [ [ [ [ 393947.699976227013394, 1729235.391730642179027 ], [ 393759.428548265655991, 1729240.482304813107476 ], [ 393607.330352672142908, 1729285.813531735213473 ], [ 393566.174370335007552, 1729313.250853293575346 ], [ 393519.650216388807166, 1729370.511350458255038 ], [ 393452.846303030091804, 1729396.755744992056862 ], [ 393375.306046452955343, 1729433.73648274410516 ], [ 393232.154803541605361, 1729487.71643059165217 ], [ 393197.559919837978669, 1729454.910937424516305 ], [ 392950.027562303468585, 1729520.521923759253696 ], [ 392946.448781230661552, 1729564.063760144636035 ], [ 392912.450361039140262, 1729609.693218822591007 ], [ 392630.919583313225303, 1729724.214213151950389 ], [ 392449.594675625266973, 1729803.54386026551947 ], [ 392282.048049616103526, 1729833.208119466435164 ], [ 392156.106722967990208, 1729605.324640127830207 ], [ 387614.800119811843615, 1734007.469347899546847 ], [ 392867.181797972589266, 1734210.19285126705654 ], [ 394710.122737678175326, 1734320.769307649228722 ], [ 394714.730090027383994, 1731777.510810855776072 ], [ 394718.642786645737942, 1729065.491894808365032 ], [ 393947.699976227013394, 1729235.391730642179027 ] ] ] ] } },
{ "type": "Feature", "properties": { "fid": 661, "qgs_fid_0": 715, "qgs_fid": 49, "Dialgeo": 201190, "DIA": 11, "SEDE": "201" }, "geometry": { "type": "MultiPolygon", "coordinates": [ [ [ [ 405619.368850931467023, 1724678.881318758474663 ], [ 404813.212752352352254, 1724701.665139412973076 ], [ 404080.401968962920364, 1725205.01953338785097 ], [ 400560.971873470465653, 1726598.235685907537118 ], [ 400126.0442828850355, 1726806.244533578632399 ], [ 399871.159130719490349, 1726955.778096515918151 ], [ 399707.536200368136633, 1727201.212492042919621 ], [ 399625.724735192488879, 1727379.7102342445869 ], [ 399767.432841718895361, 1728677.489160205936059 ], [ 400086.301457518537063, 1729438.479428359307349 ], [ 400176.843117935874034, 1729913.823145550210029 ], [ 400510.715490724658594, 1732352.789123042486608 ], [ 400578.621736037661321, 1733846.726519928546622 ], [ 402413.858751292806119, 1733303.122879061149433 ], [ 404197.770611752639525, 1732453.393173139775172 ], [ 406816.882798456063028, 1731303.755325997713953 ], [ 406738.790036242920905, 1730388.954397215275094 ], [ 406616.072838479361963, 1729541.090121758170426 ], [ 406516.527738953824155, 1729008.052863013697788 ], [ 406510.868885177711491, 1728776.039858194300905 ], [ 406504.511749603494536, 1728520.306158543331549 ], [ 406505.210031401657034, 1728181.860211705556139 ], [ 406669.316790907934774, 1727814.034716259455308 ], [ 407235.20216851629084, 1726625.675423281732947 ], [ 407569.074541305250023, 1725839.094748406205326 ], [ 407203.072577519866172, 1725071.261645047459751 ], [ 407184.27248453150969, 1725004.413816433399916 ], [ 406441.949293995392509, 1724735.611004486912861 ], [ 406191.39318202767754, 1724702.518687811912969 ], [ 405967.618922673515044, 1724673.370870532467961 ], [ 405619.368850931467023, 1724678.881318758474663 ] ] ] ] } },
{ "type": "Feature", "properties": { "fid": 662, "qgs_fid_0": 716, "qgs_fid": 50, "Dialgeo": 201191, "DIA": 11, "SEDE": "201" }, "geometry": { "type": "MultiPolygon", "coordinates": [ [ [ [ 403781.849003751704004, 1719569.646544423187152 ], [ 404312.404193169029895, 1720542.407613991526887 ], [ 403718.224546680168714, 1720972.480500973528251 ], [ 402756.219404745846987, 1721657.201807880075648 ], [ 402428.005885732942261, 1721951.462204236304387 ], [ 402348.781932867772412, 1722822.925685753347352 ], [ 402461.959008389443625, 1723762.295412583276629 ], [ 402688.313159432844259, 1724181.050592013401911 ], [ 403525.823518293269444, 1724961.972413113107905 ], [ 403887.990159962617327, 1725256.232809469336644 ], [ 404784.611629422171973, 1724656.922408836660907 ], [ 405212.806103210255969, 1724641.061528272926807 ], [ 405610.163687104068231, 1724634.610191061394289 ], [ 405929.972141881706193, 1724634.610191061394289 ], [ 406383.544675215613097, 1724684.688578084576875 ], [ 407201.768555067304987, 1724976.730863614240661 ], [ 407595.951069095637649, 1725832.03254499589093 ], [ 407025.824578801286407, 1727112.336848024977371 ], [ 406527.845446506049484, 1728187.519065482076257 ], [ 406541.992580946185626, 1728985.417447909479961 ], [ 406592.922264931083191, 1729180.647903184406459 ], [ 406873.03552684711758, 1731288.570934775518253 ], [ 408508.444268135353923, 1731316.865203656023368 ], [ 409651.532730904058553, 1731529.072220257483423 ], [ 410705.993235441041179, 1730476.490686490433291 ], [ 411677.402382742380723, 1729551.302825517952442 ], [ 412820.490845511085354, 1728597.785964246140793 ], [ 413827.766817654017359, 1727748.957897833315656 ], [ 414574.735516097105574, 1727137.80169001640752 ], [ 413734.395730348769575, 1726212.579097627429292 ], [ 413173.570288749062456, 1725408.800702881766483 ], [ 412888.59506052872166, 1725085.619134776294231 ], [ 412353.1018339243019, 1724516.65758150909096 ], [ 411784.140280657040421, 1723925.383810466621071 ], [ 411081.305420738703106, 1723222.548950548283756 ], [ 409954.538423091813456, 1721917.284210699843243 ], [ 409213.649031705514062, 1720855.100019513163716 ], [ 409347.256858422944788, 1717562.621432548156008 ], [ 406073.8651038465905, 1716713.257391273742542 ], [ 404795.047333837021142, 1717977.760036991676316 ], [ 404410.32836851652246, 1718263.167827547993511 ], [ 403923.181156860140618, 1718610.793245352106169 ], [ 403395.709685044479556, 1718988.905141345923766 ], [ 403487.014175446587615, 1719134.113464762922376 ], [ 403781.849003751704004, 1719569.646544423187152 ] ] ] ] } },
{ "type": "Feature", "properties": { "fid": 663, "qgs_fid_0": 717, "qgs_fid": 51, "Dialgeo": 201192, "DIA": 10, "SEDE": "201" }, "geometry": { "type": "MultiPolygon", "coordinates": [ [ [ [ 403887.229868376278318, 1710580.12132778367959 ], [ 404291.09881211631, 1712242.612418608739972 ], [ 404658.457189560751431, 1713407.358375283656642 ], [ 404913.480567672697362, 1713868.673781004501507 ], [ 405140.357601133873686, 1714518.458631542744115 ], [ 405847.376001843076665, 1714447.338437388651073 ], [ 406119.306155962054618, 1714434.787814890732989 ], [ 406349.4009017549688, 1714397.135947397444397 ], [ 406495.824830895930063, 1714384.585324899526313 ], [ 407713.235213182284497, 1714313.465130745433271 ], [ 407574.080782570876181, 1713820.858865880407393 ], [ 407319.982374918006826, 1712937.08019682019949 ], [ 406935.991599160595797, 1711866.455539778107777 ], [ 406263.540500707284082, 1709959.799275167286396 ], [ 403887.229868376278318, 1710580.12132778367959 ] ] ] ] } },
{ "type": "Feature", "properties": { "fid": 664, "qgs_fid_0": 718, "qgs_fid": 52, "Dialgeo": 201195, "DIA": 7, "SEDE": "201" }, "geometry": { "type": "MultiPolygon", "coordinates": [ [ [ [ 398183.479787534219213, 1714122.734771632356569 ], [ 398023.187847547233105, 1714182.710090948035941 ], [ 397931.624608200450893, 1714224.145883552962914 ], [ 397881.265972041175701, 1714247.163638758240268 ], [ 397798.816916835377924, 1714274.882950734812766 ], [ 397697.99875898915343, 1714298.125467575155199 ], [ 397533.060921783559024, 1714344.448182093212381 ], [ 397450.61256435746327, 1714372.168675031978637 ], [ 397331.46651678904891, 1714400.053325632121414 ], [ 397212.341107090353034, 1714432.497280293144286 ], [ 397120.637321367918048, 1714442.025129078421742 ], [ 396973.886855162098072, 1714451.800010005012155 ], [ 396845.423990242299624, 1714447.817373390775174 ], [ 396887.424853281409014, 1714607.186162034282461 ], [ 396934.032809385156725, 1714771.0919653554447 ], [ 396961.923711803392507, 1714853.023885452421382 ], [ 396989.793996165506542, 1714930.396932455478236 ], [ 397012.974832292879, 1714984.997337148757651 ], [ 397063.821180254220963, 1715071.38438198226504 ], [ 397165.818839132320136, 1715312.535818420350552 ], [ 397402.288991990673821, 1715784.561978102661669 ], [ 397704.521542053262237, 1716210.449754339409992 ], [ 397987.609269884589594, 1716604.40280030714348 ], [ 398520.389524950645864, 1717685.70917773200199 ], [ 399337.044999116391409, 1718794.476277262670919 ], [ 399936.649062291893642, 1719274.133249321486801 ], [ 400778.839152661792468, 1720435.18419771711342 ], [ 400839.993086244969163, 1721668.896208628779277 ], [ 402430.816292397270445, 1721759.109458282589912 ], [ 402737.087264746311121, 1721605.296577891102061 ], [ 404253.245342119014822, 1720524.383300778688863 ], [ 403368.359963572118431, 1719120.747457886813208 ], [ 401683.899206372676417, 1716756.699931632727385 ], [ 401515.142929391469806, 1716452.337584980065003 ], [ 401373.012591321603395, 1716078.432120524579659 ], [ 400607.092844082624651, 1715758.730942212278023 ], [ 400488.256914785131812, 1715704.971831339411438 ], [ 400485.427487897046376, 1715407.882008095737547 ], [ 400773.093871538003441, 1714404.645367567427456 ], [ 400148.2646, 1713258.116699999896809 ], [ 399313.741810481005814, 1713479.512518574483693 ], [ 398934.009620876808185, 1713713.683649243088439 ], [ 398833.328524054784793, 1713768.833235773257911 ], [ 398750.997222567617428, 1713823.902358840685338 ], [ 398645.729690843494609, 1713879.072762827388942 ], [ 398595.42997583624674, 1713915.76556775928475 ], [ 398508.431940410810057, 1713952.620396947721019 ], [ 398435.196077512518968, 1713989.414718243759125 ], [ 398329.909836479113437, 1714040.027504805941135 ], [ 398265.869259429280646, 1714081.340450736228377 ], [ 398183.479787534219213, 1714122.734771632356569 ] ] ] ] } },
{ "type": "Feature", "properties": { "fid": 665, "qgs_fid_0": 719, "qgs_fid": 53, "Dialgeo": 201197, "DIA": 7, "SEDE": "201" }, "geometry": { "type": "MultiPolygon", "coordinates": [ [ [ [ 396344.948757475183811, 1715289.797219570260495 ], [ 396174.441945614002179, 1714878.071823310805485 ], [ 395635.436123443185352, 1714878.071823311038315 ], [ 395622.424786563846283, 1714897.999949988909066 ], [ 395501.298376964114141, 1715069.053854756755754 ], [ 395093.747166752873454, 1715546.318688030121848 ], [ 394703.086805332219228, 1716125.595776653382927 ], [ 394482.261232345830649, 1716876.216901587555185 ], [ 394685.102367424638942, 1716935.772527635563165 ], [ 394911.456518467515707, 1717179.103240006603301 ], [ 395143.813160493969917, 1717437.20772317936644 ], [ 395703.59592297434574, 1718020.811028744094074 ], [ 395799.896561310568359, 1718124.131820610491559 ], [ 396020.591858577332459, 1718022.272452641278505 ], [ 396595.795287006360013, 1717790.221179097425193 ], [ 396506.546415905642789, 1717712.128416884224862 ], [ 396394.985327029658947, 1717586.622191898757592 ], [ 396294.580347041366622, 1717497.373320797923952 ], [ 396200.043945135897957, 1717342.291786213638261 ], [ 396162.856915510550607, 1717238.168103262782097 ], [ 396093.770387064665556, 1717081.808264735387638 ], [ 396049.145951514248736, 1716833.584841986419633 ], [ 396040.752366288215853, 1716636.611829962581396 ], [ 396157.659214665996842, 1716581.737186846323311 ], [ 396575.183673157880548, 1716460.05863037169911 ], [ 396676.582470220106188, 1716310.942752339178696 ], [ 396894.531088618969079, 1716275.808706000214443 ], [ 396859.163252518570516, 1716073.504683505743742 ], [ 396803.032734791981056, 1715914.890980283729732 ], [ 396344.948757475183811, 1715289.797219570260495 ] ] ] ] } },
{ "type": "Feature", "properties": { "fid": 666, "qgs_fid_0": 720, "qgs_fid": 54, "Dialgeo": 201198, "DIA": 7, "SEDE": "201" }, "geometry": { "type": "MultiPolygon", "coordinates": [ [ [ [ 395664.492613818903919, 1713307.092338799731806 ], [ 395640.553463490912691, 1713289.079871306894347 ], [ 395363.811142191814724, 1713098.362310736207291 ], [ 395110.923695860663429, 1712928.268981436965987 ], [ 394630.989578190608881, 1713372.816718875663355 ], [ 394577.230467317975126, 1713692.541957223555073 ], [ 394567.849770363478456, 1713797.424186036922038 ], [ 394551.1156070320867, 1713901.547868987778202 ], [ 394536.240795182005968, 1714009.390254901256412 ], [ 394530.828430743538775, 1714034.578054443700239 ], [ 394503.828430743538775, 1714139.578054443700239 ], [ 394500.835941341065336, 1714187.691662630531937 ], [ 394491.616359631647356, 1714247.38724450324662 ], [ 394474.8821963002556, 1714327.339358197525144 ], [ 394461.866735931369476, 1714403.572768929414451 ], [ 394452.56997852504719, 1714463.072016329970211 ], [ 394361.077099943591747, 1714645.647925570840016 ], [ 394344.058194225246552, 1714668.339799862122163 ], [ 394261.091028848313726, 1714811.582256324822083 ], [ 394235.955530957609881, 1714851.676475914428011 ], [ 394173.160015970061067, 1714944.897017785347998 ], [ 394189.0, 1714954.0 ], [ 394260.0, 1714945.0 ], [ 394395.824032451899257, 1714951.279107429319993 ], [ 394424.897996387444437, 1714968.652573683531955 ], [ 394445.772747932525817, 1714980.796272035222501 ], [ 394457.473245613917243, 1714990.369406501762569 ], [ 394569.514374926569872, 1715067.66360330558382 ], [ 394572.528139480855316, 1715071.563769199419767 ], [ 394624.38261784153292, 1715107.285743181360886 ], [ 394635.533115160069428, 1715115.987762958277017 ], [ 394643.410732318414375, 1715122.019195213681087 ], [ 394646.7199315969483, 1715084.948429425945505 ], [ 394656.120165289146826, 1715040.482181370956823 ], [ 394676.62183201755397, 1714906.527344611473382 ], [ 394797.47967829980189, 1714845.168745729839429 ], [ 396181.624744554923382, 1714853.375514439539984 ], [ 396131.422254560748115, 1714384.81894116057083 ], [ 395763.270661270187702, 1714423.865322267170995 ], [ 395512.632741781708319, 1714472.136354802874848 ], [ 395456.852197343774606, 1714449.824137027841061 ], [ 395423.606385598948691, 1714442.839299093466252 ], [ 395315.819982716056984, 1714399.58291372586973 ], [ 395287.455139852128923, 1714382.564008007524535 ], [ 395237.462104304344393, 1714354.553725679405034 ], [ 395176.123131611326244, 1714341.434985854895785 ], [ 395109.465750881121494, 1714317.679429956246167 ], [ 395081.263198127911892, 1714307.118910839548334 ], [ 395039.892627669789363, 1714289.919909637887031 ], [ 395018.045247764908709, 1714282.017665842548013 ], [ 394930.0, 1714248.0 ], [ 394895.540992222027853, 1714237.206633170833811 ], [ 394866.53936661966145, 1714231.547779394546524 ], [ 394841.78188134933589, 1714220.937428564531729 ], [ 394830.464173797168769, 1714195.472586572170258 ], [ 394829.049460353155155, 1714159.397393749793991 ], [ 394826.171882777707651, 1714123.202976070577279 ], [ 394824.044519562914502, 1714111.147917853435501 ], [ 394885.0, 1713995.0 ], [ 394876.0, 1713985.0 ], [ 394895.540992222086061, 1713907.932079075369984 ], [ 394934.222441712918226, 1713886.897200708044693 ], [ 395008.814878780918662, 1713846.645758146652952 ], [ 395126.861199999984819, 1713795.9468 ], [ 395170.494483105198015, 1713780.697498488007113 ], [ 395242.824832408223301, 1713745.596005443949252 ], [ 395300.263639207638334, 1713721.131328473798931 ], [ 395352.384037970041391, 1713694.539288288913667 ], [ 395406.606223873677664, 1713675.565395895857364 ], [ 395466.729810765187722, 1713652.78978519863449 ], [ 395488.003442913119216, 1713649.864660778082907 ], [ 395505.636164954921696, 1713647.271127015352249 ], [ 395540.123841675580479, 1713650.928342385683209 ], [ 395584.772919068695046, 1713642.937700135633349 ], [ 395662.865681281837169, 1713637.35964569193311 ], [ 395740.958443494979292, 1713628.992564026033506 ], [ 395782.793851823487785, 1713623.414509582333267 ], [ 395807.895096820546314, 1713626.203536804299802 ], [ 395852.519532370904926, 1713626.203536804299802 ], [ 395990.529197891708463, 1713616.147431246936321 ], [ 395943.843654239084572, 1713565.217747262213379 ], [ 395909.229752533894498, 1713533.584591093240306 ], [ 395826.256192688946612, 1713459.559160263510421 ], [ 395757.460187882126775, 1713396.341209900332615 ], [ 395722.132509738090448, 1713366.591586200287566 ], [ 395710.046725109918043, 1713352.646450090687722 ], [ 395688.664183075365145, 1713334.982611018698663 ], [ 395664.492613818903919, 1713307.092338799731806 ] ] ] ] } },
{ "type": "Feature", "properties": { "fid": 667, "qgs_fid_0": 721, "qgs_fid": 55, "Dialgeo": 201199, "DIA": 7, "SEDE": "201" }, "geometry": { "type": "MultiPolygon", "coordinates": [ [ [ [ 395478.025525728880893, 1715082.655299244681373 ], [ 395617.429760795086622, 1714875.737495684763417 ], [ 395235.332064775459003, 1714861.873886336339638 ], [ 394799.164466172456741, 1714849.997658296022564 ], [ 394744.113630592240952, 1714881.963043430587277 ], [ 394679.499865980644245, 1714908.188155200332403 ], [ 394680.895680229237769, 1714941.462290831143036 ], [ 394645.182952353265136, 1715128.078623245004565 ], [ 394426.464070587942842, 1714983.460747636854649 ], [ 394271.123812435893342, 1714965.10538512840867 ], [ 394171.764169193629641, 1714981.165182875469327 ], [ 394032.80286358599551, 1715110.091711429180577 ], [ 393862.331914767390117, 1715214.893851843429729 ], [ 393566.298654870362952, 1715327.21257864497602 ], [ 393214.286725433252286, 1715405.123483414994553 ], [ 393033.080674809869379, 1715451.039421340916306 ], [ 393118.311320852837525, 1715773.084627834614366 ], [ 393178.635382821725216, 1715991.229801410576329 ], [ 393231.916650078666862, 1716195.537642758106813 ], [ 393285.052046602068003, 1716368.641419817460701 ], [ 393313.718230606405996, 1716531.456747242016718 ], [ 393391.240159235952888, 1716697.510936751263216 ], [ 393450.980342088383622, 1716790.841076269280165 ], [ 393567.814742048445623, 1716783.365142225986347 ], [ 393702.124062119692098, 1716782.742745182942599 ], [ 394028.431707784999162, 1716808.969343824312091 ], [ 394147.098222351109143, 1716820.556014302186668 ], [ 394208.243603848968633, 1716841.075648277532309 ], [ 394283.350994752603583, 1716863.264565062243491 ], [ 394365.379442458564881, 1716873.287636783672497 ], [ 394456.089271355012897, 1716874.603782234014943 ], [ 394692.458240715088323, 1716105.90549226035364 ], [ 394698.448507421126124, 1716092.258166702464223 ], [ 394823.822919228929095, 1715943.162206328473985 ], [ 394835.346136642503552, 1715928.270663825329393 ], [ 394845.805672448477708, 1715906.997031677048653 ], [ 394857.860730665677693, 1715892.814610244939104 ], [ 394879.134362813667394, 1715858.06767773674801 ], [ 394888.352936744457111, 1715845.303498447872698 ], [ 394893.316784245602321, 1715828.993713801028207 ], [ 394903.244479248009156, 1715816.93865558388643 ], [ 394911.0, 1715802.0 ], [ 394927.354595682292711, 1715783.609965219162405 ], [ 394939.586934167309664, 1715766.591059500351548 ], [ 394958.733203100506216, 1715731.844126991927624 ], [ 394973.979306139866821, 1715708.443131629144773 ], [ 394994.898377752047963, 1715675.469001799821854 ], [ 395015.108328292611986, 1715649.94064322207123 ], [ 395058.364713660150301, 1715571.937325346283615 ], [ 395175.903001229744405, 1715438.899385701166466 ], [ 395478.025525728880893, 1715082.655299244681373 ] ] ] ] } },
{ "type": "Feature", "properties": { "fid": 668, "qgs_fid_0": 724, "qgs_fid": 58, "Dialgeo": 201202, "DIA": 3, "SEDE": "201" }, "geometry": { "type": "MultiPolygon", "coordinates": [ [ [ [ 393712.752133423695341, 1714275.492315758252516 ], [ 393652.661579591454938, 1714329.490965037839487 ], [ 393568.584111091273371, 1714408.243284205440432 ], [ 393238.073662088252604, 1714752.767961283680052 ], [ 393032.858281362510752, 1714980.210603149142116 ], [ 392913.643288060789928, 1715103.402372027048841 ], [ 392720.209543223143555, 1715293.6931870309636 ], [ 392546.674577192228753, 1715451.119187737815082 ], [ 392500.806068433856126, 1715494.503147007431835 ], [ 392523.583124079159461, 1715579.1036394063849 ], [ 392761.810108725854661, 1715479.319011477287859 ], [ 393045.207351145276334, 1715401.720592801924795 ], [ 393334.447755962843075, 1715329.87700931308791 ], [ 393420.391661874542478, 1715305.208023955812678 ], [ 393482.772779180668294, 1715289.046078806975856 ], [ 393523.092112335201818, 1715284.801938475109637 ], [ 393684.369444953219499, 1715223.261903660139069 ], [ 394046.923961109656375, 1715072.386269396403804 ], [ 394120.885436613869388, 1715003.19650198915042 ], [ 394205.583255336445291, 1714857.659405029146001 ], [ 394306.98205239867093, 1714701.385964850895107 ], [ 394434.625243994873017, 1714447.292508683167398 ], [ 394458.483784480078612, 1714289.826141480589285 ], [ 394470.413054722710513, 1714172.919293103041127 ], [ 394488.27483009500429, 1714102.925635114777833 ], [ 394405.249416024948005, 1714031.259208975359797 ], [ 394366.479287736408878, 1714000.243106344249099 ], [ 394349.778309396700934, 1713942.386145667405799 ], [ 394330.69147700862959, 1713906.001871427986771 ], [ 394300.868301401962526, 1713882.739794454304501 ], [ 394196.108643554325681, 1713795.673875972628593 ], [ 394133.858518005290534, 1713741.974405591841787 ], [ 394058.360699677490629, 1713684.773837387328967 ], [ 394032.942313041188754, 1713721.298567170277238 ], [ 393941.749595950182993, 1713888.030119540868327 ], [ 393797.634940064745024, 1714131.191544468514621 ], [ 393712.752133423695341, 1714275.492315758252516 ] ] ] ] } },
{ "type": "Feature", "properties": { "fid": 669, "qgs_fid_0": 725, "qgs_fid": 59, "Dialgeo": 201212, "DIA": 11, "SEDE": "201" }, "geometry": { "type": "MultiPolygon", "coordinates": [ [ [ [ 400992.567253464425448, 1704844.618930102325976 ], [ 401016.103190443827771, 1704906.953531078994274 ], [ 401014.172343886690214, 1704999.458339401287958 ], [ 401021.489492252178025, 1705078.048783607548103 ], [ 400761.051969028543681, 1705118.476115018129349 ], [ 400801.127656605967786, 1705199.125753090949729 ], [ 400816.455705525702797, 1705233.057069226168096 ], [ 400826.575268396642059, 1705245.699677509255707 ], [ 400844.645840620156378, 1705256.913891180884093 ], [ 400896.70768209558446, 1705295.960272287484258 ], [ 400950.164037195674609, 1705340.003660545218736 ], [ 401039.412908296391834, 1705392.995177761185914 ], [ 401063.119639682525303, 1705420.88544997991994 ], [ 401130.056293008092325, 1705465.509885530220345 ], [ 401152.368510783300735, 1705483.63856247253716 ], [ 401184.442323835100979, 1705507.345293858787045 ], [ 401198.387459944584407, 1705508.739807469770312 ], [ 401231.855786607367918, 1705535.235566077753901 ], [ 401305.765007987676654, 1705613.328328290954232 ], [ 401316.92111687536817, 1705623.089923568069935 ], [ 401325.288198541093152, 1705624.484437179053202 ], [ 401347.600416316243354, 1705638.429573288420215 ], [ 401365.729093258618377, 1705653.769223008770496 ], [ 401386.64679742284352, 1705667.714359118370339 ], [ 401408.959015197993722, 1705680.264981616986915 ], [ 401442.427341860777233, 1705703.97171300300397 ], [ 401459.161505192168988, 1705713.733308279654011 ], [ 401473.106641301652417, 1705717.916849112603813 ], [ 401494.024345465877559, 1705717.219592306762934 ], [ 401512.153022408252582, 1705712.338794668437913 ], [ 401524.70364490681095, 1705705.366226613754407 ], [ 401542.832321849127766, 1705694.907374531729147 ], [ 401570.722594068094622, 1705678.870468005770817 ], [ 401594.429325454228092, 1705666.319845507154241 ], [ 401624.237053859396838, 1705661.729571442352608 ], [ 401685.595652741147205, 1705647.784435332985595 ], [ 401708.082184746512212, 1705660.044534258078784 ], [ 401752.706620296870824, 1705671.200643145712093 ], [ 401808.487164734862745, 1705692.118347309762612 ], [ 401853.111600285221357, 1705707.457997030345723 ], [ 401911.681171945063397, 1705725.586673972662538 ], [ 401966.067202772072051, 1705739.531810082029551 ], [ 402003.719070267688949, 1705752.082432580646127 ], [ 402065.077669149497524, 1705770.211109522962943 ], [ 402145.959458584606182, 1705748.596148553304374 ], [ 402214.290625521040056, 1705717.219592306995764 ], [ 402284.016306068573613, 1705688.632063282653689 ], [ 402360.714554670674261, 1705650.282938981428742 ], [ 402449.668551158159971, 1705608.447149196406826 ], [ 402549.495806332153734, 1705554.842131499899551 ], [ 402644.718628984468523, 1705512.818588403752074 ], [ 402719.049315684125759, 1705482.445065048988909 ], [ 402835.194418600003701, 1705435.709455695934594 ], [ 402921.208120285766199, 1705416.84918350726366 ], [ 403214.461809161002748, 1705434.11815304774791 ], [ 403669.188541747804265, 1705672.701528843259439 ], [ 403899.980675940401852, 1705778.107298629358411 ], [ 404177.995882090413943, 1706049.803993104491383 ], [ 404406.378477715421468, 1706136.724538499722257 ], [ 405220.633313324302435, 1706110.246994548244402 ], [ 405831.806432047626004, 1706364.149478014325723 ], [ 405905.371531136741396, 1706446.202857767697424 ], [ 405920.933379021356814, 1706518.353243413148448 ], [ 405965.308744638226926, 1706761.860154874622822 ], [ 406220.595127830456477, 1707160.297780979191884 ], [ 406991.593631236813962, 1708496.118616192601621 ], [ 407061.834632908052299, 1708606.812480466905981 ], [ 407218.731609014037531, 1708282.49677319242619 ], [ 407569.074541305482853, 1707928.822547102347016 ], [ 408035.626172987103928, 1707770.57173308939673 ], [ 409323.398317937622778, 1707413.198310122126713 ], [ 410246.541865691950079, 1706749.15545909316279 ], [ 410464.796150194597431, 1706632.699089324800298 ], [ 410282.077989721437916, 1706538.608177313348278 ], [ 408364.664089343277737, 1705748.409719494404271 ], [ 407665.756702224782202, 1705529.210632800124586 ], [ 406382.145640728471335, 1705291.579473103163764 ], [ 405359.262506174796727, 1704380.035612410167232 ], [ 404034.556355869397521, 1703971.007381615927443 ], [ 403080.214736459369306, 1702730.363276382908225 ], [ 402184.082686241192278, 1702228.683037649141625 ], [ 400992.779096774174832, 1701967.927450719522312 ], [ 400742.335889297130052, 1702484.585987427504733 ], [ 400447.271006825380027, 1703138.013954159570858 ], [ 400253.354516849096399, 1703499.611271323869005 ], [ 400018.198512237111572, 1704009.384531069314107 ], [ 399967.505510165239684, 1704125.229072950780392 ], [ 400149.406315583619289, 1704216.943016092991456 ], [ 400303.88861527730478, 1704324.963472035480663 ], [ 400406.631601655040868, 1704407.769944485975429 ], [ 400686.496498459833674, 1704554.564054924296215 ], [ 400821.813454332528636, 1704637.23152835550718 ], [ 400919.958822403801605, 1704733.933303939644247 ], [ 400992.567253464425448, 1704844.618930102325976 ] ] ] ] } },
{ "type": "Feature", "properties": { "fid": 670, "qgs_fid_0": 726, "qgs_fid": 60, "Dialgeo": 201213, "DIA": 11, "SEDE": "201" }, "geometry": { "type": "MultiPolygon", "coordinates": [ [ [ [ 402817.027315474580973, 1705542.153890504734591 ], [ 402248.148137036012486, 1705755.029746397165582 ], [ 402061.206140587164555, 1705804.294395931297913 ], [ 401900.472031023004092, 1705764.11086854012683 ], [ 401794.103870282007847, 1705709.744919717079028 ], [ 401754.39165754802525, 1705734.2442792118527 ], [ 401748.813603104266804, 1705756.556496987119317 ], [ 401749.03249999997206, 1705839.481699999887496 ], [ 401750.533300000010058, 1705888.1383 ], [ 401754.659010674513411, 1706032.247273746645078 ], [ 401750.81793820328312, 1706125.319414394441992 ], [ 401750.440535650530364, 1706197.687635918380693 ], [ 401750.208116715250071, 1706234.642246607225388 ], [ 401749.743278844922315, 1706252.53850461426191 ], [ 401748.116346298891585, 1706328.771915347781032 ], [ 401999.12879626970971, 1706328.771915347781032 ], [ 402002.615080297167879, 1706228.366935359314084 ], [ 402636.653935408627149, 1706233.015314062591642 ], [ 402635.724259668029845, 1706262.764937761239707 ], [ 402641.278551789349876, 1706332.887108595343307 ], [ 402670.262180313118733, 1706539.052952182013541 ], [ 402499.428335274918936, 1706665.5357028353028 ], [ 402388.895350529870484, 1706747.590836500283331 ], [ 402382.852458215842489, 1706755.957918166182935 ], [ 402361.00507831084542, 1706796.631231818813831 ], [ 402405.164675990876276, 1706822.894571491982788 ], [ 402428.514202350866981, 1706839.112197274807841 ], [ 402665.731854131619912, 1706828.087943061022088 ], [ 403174.41324664617423, 1706820.163649055408314 ], [ 403167.232104581198655, 1706968.800389741780236 ], [ 403228.605669935583137, 1706970.566275098593906 ], [ 403387.443427770747803, 1706980.595071655698121 ], [ 403526.818457064393442, 1706981.636704204371199 ], [ 403636.374671814381145, 1706975.534510366152972 ], [ 404207.715398311556783, 1706944.181990063749254 ], [ 404218.192986438865773, 1706823.728477566502988 ], [ 404248.188727076980285, 1706305.123288745293394 ], [ 404231.855287487327587, 1706222.823561740806326 ], [ 404203.564291526621673, 1706145.219061356503516 ], [ 404113.668442219553981, 1706062.089452176820487 ], [ 404008.257260469603352, 1705967.836671691853553 ], [ 403709.502573513367679, 1705774.049847720423713 ], [ 403417.723766990238801, 1705632.129196899710223 ], [ 403161.333108815480955, 1705526.834597236709669 ], [ 402817.027315474580973, 1705542.153890504734591 ] ] ] ] } },
{ "type": "Feature", "properties": { "fid": 671, "qgs_fid_0": 727, "qgs_fid": 61, "Dialgeo": 201214, "DIA": 11, "SEDE": "201" }, "geometry": { "type": "MultiPolygon", "coordinates": [ [ [ [ 401600.007379884249531, 1705720.822085755877197 ], [ 401565.609377480810508, 1705745.923330752877519 ], [ 401487.516615267668385, 1705773.813602972077206 ], [ 401444.751531198562589, 1705784.969711859477684 ], [ 401491.43829999997979, 1705843.9783 ], [ 401376.88520213245647, 1705903.968206660589203 ], [ 401321.104657694464549, 1705929.999127398245037 ], [ 401218.840326224802993, 1705974.623562948545441 ], [ 401189.090702524583321, 1705989.498374799033627 ], [ 401098.447317812882829, 1706049.462460069684312 ], [ 401027.791961524810176, 1706097.340760712977499 ], [ 401039.877746153098997, 1706116.863951266044751 ], [ 401109.603426700516138, 1706224.706337179290131 ], [ 401154.227862250758335, 1706294.432017727289349 ], [ 401196.5859374437714, 1706331.963957162341103 ], [ 401622.76, 1706751.95 ], [ 401680.64449882437475, 1706812.723653177265078 ], [ 401697.781591388222296, 1706823.655936364550143 ], [ 401724.604878153535537, 1706839.112197274807841 ], [ 401736.332476167648565, 1706848.081148015800864 ], [ 402060.398356788500678, 1706855.273380738683045 ], [ 402409.686412285722326, 1706840.233200042508543 ], [ 402411.14172380923992, 1706835.010696437209845 ], [ 402360.075402570189908, 1706797.560907559236512 ], [ 402376.809565901581664, 1706753.866147749591619 ], [ 402391.451958816556726, 1706739.688592704711482 ], [ 402647.265316558012273, 1706545.623484683455899 ], [ 402663.691647811676376, 1706532.482419680571184 ], [ 402637.0271, 1706338.9688 ], [ 402630.423534108325839, 1706270.246033403091133 ], [ 402629.565157886536326, 1706239.174415843794122 ], [ 402591.216033585311379, 1706236.152969686780125 ], [ 402248.630523162195459, 1706236.617807557573542 ], [ 402005.868945389287546, 1706233.363942465512082 ], [ 402004.590641246060841, 1706334.233760324073955 ], [ 401746.0245758825331, 1706329.701591088203713 ], [ 401748.158734184631612, 1706250.597470378037542 ], [ 401750.227003976935521, 1706216.91421947767958 ], [ 401749.340602637443226, 1706195.936054442543536 ], [ 401749.993736371514387, 1706079.119947935687378 ], [ 401752.53561362734763, 1706021.927709679119289 ], [ 401747.542543249845039, 1705933.475687892176211 ], [ 401747.360984774481039, 1705741.739789920393378 ], [ 401751.544525607372634, 1705729.654005292104557 ], [ 401724.583929129003081, 1705718.962734274799004 ], [ 401668.803384691069368, 1705705.017598165199161 ], [ 401636.264733768883161, 1705700.369219461921602 ], [ 401600.007379884249531, 1705720.822085755877197 ] ] ] ] } },
{ "type": "Feature", "properties": { "fid": 672, "qgs_fid_0": 728, "qgs_fid": 62, "Dialgeo": 201215, "DIA": 10, "SEDE": "201" }, "geometry": { "type": "MultiPolygon", "coordinates": [ [ [ [ 401180.2917, 1706325.1906 ], [ 401146.144491100683808, 1706302.451948733767495 ], [ 401023.475840585131664, 1706365.507213451899588 ], [ 401013.864193655899726, 1706653.856621328741312 ], [ 401032.555499316251371, 1706827.172909454442561 ], [ 401058.390758489607833, 1706827.644742392003536 ], [ 401213.510992903553415, 1706845.372769182082266 ], [ 401262.263066576677375, 1706842.861298720352352 ], [ 401208.118138196470682, 1707734.885557221015915 ], [ 401091.784986580256373, 1707831.035926351789385 ], [ 401234.644813829450868, 1708268.482243537670001 ], [ 401245.649000685429201, 1708443.756161285797134 ], [ 401731.753857619944029, 1708423.56193131627515 ], [ 402308.13834493298782, 1708451.678247770527378 ], [ 403470.254752841079608, 1708492.088015113491565 ], [ 403467.778553620679304, 1707900.206586393062025 ], [ 403466.637441148690414, 1707627.381191198946908 ], [ 403461.346091778541449, 1707474.802006607176736 ], [ 403458.303982832760084, 1707303.715099691180512 ], [ 403452.314114284177776, 1706984.081063646823168 ], [ 403164.658968663308769, 1706970.924036896321923 ], [ 403170.404509600542951, 1706823.696051865350455 ], [ 403041.861760455882177, 1706825.39149837824516 ], [ 402951.131975373369642, 1706828.084828766761348 ], [ 402787.10284560645232, 1706828.774746116250753 ], [ 402662.064627400017343, 1706833.925882491050288 ], [ 402529.163594259764068, 1706836.654152981936932 ], [ 402513.604086015315261, 1706836.719831892987713 ], [ 402506.334507771069184, 1706837.039548646425828 ], [ 402499.939255813020281, 1706837.78911704942584 ], [ 402491.799622795952018, 1706838.690566292498261 ], [ 402483.950822160870302, 1706839.590790288290009 ], [ 402474.358251093130093, 1706840.787408370291814 ], [ 402448.482756689365488, 1706842.919890488032252 ], [ 402389.749368420685641, 1706846.636400241404772 ], [ 402331.872594811778981, 1706846.592083022231236 ], [ 402311.23086257831892, 1706848.413557381136343 ], [ 402296.690488678577822, 1706848.764098955085501 ], [ 402245.517523232032545, 1706852.159963474841788 ], [ 402218.770775410986971, 1706854.585419405018911 ], [ 402176.88608009275049, 1706853.60670029046014 ], [ 402123.390146448276937, 1706857.879758767317981 ], [ 402050.691962158191018, 1706860.500217922031879 ], [ 401780.260430646303575, 1706851.327716453699395 ], [ 401722.259534090931993, 1706849.394353235140443 ], [ 401666.462077392265201, 1706803.859639782225713 ], [ 401602.590000000025611, 1706734.93 ], [ 401180.2917, 1706325.1906 ] ] ] ] } },
{ "type": "Feature", "properties": { "fid": 673, "qgs_fid_0": 729, "qgs_fid": 63, "Dialgeo": 201216, "DIA": 10, "SEDE": "201" }, "geometry": { "type": "MultiPolygon", "coordinates": [ [ [ [ 400000.673623325303197, 1706235.779337175423279 ], [ 399786.500717233924661, 1706119.305519415996969 ], [ 399639.216734973830171, 1706376.544726038351655 ], [ 399538.351750717207324, 1706574.747338408837095 ], [ 399496.79817236069357, 1706650.076554781291634 ], [ 399434.440643905487377, 1706756.711541576543823 ], [ 399413.157063879945781, 1706799.13912438438274 ], [ 399388.105596370412968, 1706843.277424282161519 ], [ 399366.036446421174332, 1706882.047552570234984 ], [ 399342.774369448423386, 1706910.081337640760466 ], [ 399315.933511402166914, 1706946.465611880412325 ], [ 399299.23253306245897, 1706963.166590220062062 ], [ 399273.584602041228209, 1707000.743791484739631 ], [ 399241.375572386139538, 1707054.425507576670498 ], [ 399196.640808975906111, 1707115.861249325564131 ], [ 399144.152019908360671, 1707187.436870781239122 ], [ 399104.18896459590178, 1707281.081642186967656 ], [ 399005.77248509391211, 1707478.511064701480791 ], [ 398795.81732882373035, 1707893.649669144768268 ], [ 398525.022894316236489, 1708381.556822068057954 ], [ 398854.980945621267892, 1708644.540554762119427 ], [ 399603.637716609926429, 1708814.545315113384277 ], [ 400741.089195084408857, 1710181.589679959230125 ], [ 401872.54068411688786, 1711494.926679530879483 ], [ 402139.120868787227664, 1711831.443094692192972 ], [ 403927.852314080228098, 1711213.030476447194815 ], [ 403287.960211297671776, 1710652.205573616316542 ], [ 402512.50954031519359, 1709915.673274266067892 ], [ 401242.257839791825972, 1708547.759433737024665 ], [ 401200.739847034972627, 1708495.915868261596188 ], [ 401204.011764695635065, 1708445.036431896034628 ], [ 401191.592073693173006, 1708261.279546881327406 ], [ 401169.123719584196806, 1708175.828452662564814 ], [ 401029.354127957252786, 1707863.714605808490887 ], [ 401080.986308230669238, 1707832.279525734949857 ], [ 401092.594352464249823, 1707826.449452929198742 ], [ 401199.840078259760048, 1707721.542384279659018 ], [ 401204.942446621775161, 1707350.473799145314842 ], [ 401220.306736506579909, 1707212.195190181955695 ], [ 401231.534486807009671, 1706990.594855305273086 ], [ 401248.671579370857216, 1706848.179706757189706 ], [ 401183.077880247146823, 1706845.815969851799309 ], [ 401012.275739903794602, 1706833.137544575612992 ], [ 400999.15354263689369, 1706669.706542251631618 ], [ 400878.667913186422084, 1706660.163126057712361 ], [ 400877.474986162153073, 1706614.831899135606363 ], [ 400629.346165115537588, 1706599.323847820283845 ], [ 400603.101770581735764, 1706599.323847820283845 ], [ 400523.175659956177697, 1706600.516774844378233 ], [ 400520.789805907639675, 1706526.555299340281636 ], [ 400511.842853225651197, 1706452.593823835952207 ], [ 400505.878218100697268, 1706437.384004274616018 ], [ 400411.636983187636361, 1706293.934529609512538 ], [ 400353.183558994962368, 1706239.954581759404391 ], [ 400337.079044167418033, 1706211.920796690043062 ], [ 400301.887696951685939, 1706148.099200891330838 ], [ 400280.415010514960159, 1706088.452849678229541 ], [ 400261.3281781267724, 1706025.227717392146587 ], [ 400197.50658232870046, 1705950.669778376584873 ], [ 400165.29755267361179, 1705988.84344315296039 ], [ 400135.474377067002933, 1706044.911013293312863 ], [ 400050.776558344368823, 1706165.396642743842676 ], [ 400000.673623325303197, 1706235.779337175423279 ] ] ] ] } },
{ "type": "Feature", "properties": { "fid": 674, "qgs_fid_0": 730, "qgs_fid": 64, "Dialgeo": 201218, "DIA": 8, "SEDE": "201" }, "geometry": { "type": "MultiPolygon", "coordinates": [ [ [ [ 398707.834179862285964, 1710984.838031818391755 ], [ 398684.177721322514117, 1710985.103834723355249 ], [ 398669.425660098320805, 1710986.565750700421631 ], [ 398653.344584349426441, 1710988.293469582684338 ], [ 398632.080351954151411, 1710989.888287012232468 ], [ 398622.644348828704096, 1710990.552794274641201 ], [ 398606.696174532233272, 1710991.350202989531681 ], [ 398579.584278228227049, 1710995.603049468481913 ], [ 398540.24544829694787, 1710999.324290137505159 ], [ 397286.187342784774955, 1711134.883771656546742 ], [ 397304.261940320779104, 1711235.88887553429231 ], [ 397076.734653691353742, 1711301.276390149956569 ], [ 397053.343998056545388, 1711325.730257404502481 ], [ 396985.798211348650511, 1711441.421647840877995 ], [ 396954.022618312796112, 1711525.869771071476862 ], [ 396649.456483998976182, 1711514.317418460734189 ], [ 396799.236420932866167, 1711786.100888762390241 ], [ 397004.436263547395356, 1711713.802498618606478 ], [ 397240.469243135012221, 1711619.176664459519088 ], [ 397414.835948776337318, 1711546.878274315502495 ], [ 397623.166989500576165, 1711442.725325426785275 ], [ 397614.719733292004094, 1711443.74674719828181 ], [ 397631.321881823940203, 1711441.129803015850484 ], [ 397811.084073474281467, 1711403.457746087340638 ], [ 397912.311106445209589, 1711378.90442898334004 ], [ 397947.767160025134217, 1711369.685855052433908 ], [ 397981.095850390323903, 1711368.976733980933204 ], [ 398002.014922002446838, 1711364.367447015363723 ], [ 398021.870312007260509, 1711360.467281121760607 ], [ 398207.832616070052609, 1711366.786338065518066 ], [ 398219.47396800678689, 1711595.210671874927357 ], [ 398224.40528420166811, 1711627.511255086632445 ], [ 398316.260665069858078, 1711632.282963183708489 ], [ 398576.318756359105464, 1711658.527357717277482 ], [ 398804.224195954855531, 1711668.532077888026834 ], [ 398800.319685538765043, 1711489.970902267377824 ], [ 398800.662528891058173, 1711454.071262574521825 ], [ 398794.989560318121221, 1711377.308906573802233 ], [ 398789.671152281225659, 1711343.802935940679163 ], [ 398785.770986387389712, 1711337.06628576060757 ], [ 398774.24776897393167, 1711216.338423321023583 ], [ 398765.029195043083746, 1711158.899616522016004 ], [ 398762.547271292482037, 1711141.880710803437978 ], [ 398761.483589685114566, 1711135.144060623366386 ], [ 398761.483589685172774, 1711114.402269278420135 ], [ 398760.774468613497447, 1711105.715536152012646 ], [ 398758.647105398762506, 1711098.801605703309178 ], [ 398754.037818433425855, 1711062.45915078301914 ], [ 398751.378614414890762, 1711032.853346043732017 ], [ 398737.338302310730796, 1710982.844510031398386 ], [ 398707.834179862285964, 1710984.838031818391755 ] ] ] ] } },
{ "type": "Feature", "properties": { "fid": 675, "qgs_fid_0": 731, "qgs_fid": 65, "Dialgeo": 201219, "DIA": 8, "SEDE": "201" }, "geometry": { "type": "MultiPolygon", "coordinates": [ [ [ [ 396496.145668527460657, 1711494.631377636222169 ], [ 396459.888314643059857, 1711467.670781158143654 ], [ 396292.54668132920051, 1711458.374023751821369 ], [ 396197.719755784666631, 1711510.435865227133036 ], [ 395839.794595640734769, 1711712.175500944256783 ], [ 395757.692606811353471, 1711755.114899263484403 ], [ 395730.092858246061951, 1711767.956045382190496 ], [ 395235.822261828463525, 1711938.755515010328963 ], [ 395125.475528518960346, 1711971.099710600683466 ], [ 395088.32507893582806, 1711980.593658234691247 ], [ 395065.374703693785705, 1712005.023359243525192 ], [ 394909.179556467977818, 1712197.891257651150227 ], [ 394835.246909103414509, 1712282.021511548664421 ], [ 394835.246909103414509, 1712294.768519714940339 ], [ 394436.265518655767664, 1712834.753403638722375 ], [ 394360.514652615180239, 1713041.129778837552294 ], [ 394133.912482012645341, 1713548.619252452393994 ], [ 394058.920905222941656, 1713680.148063471773639 ], [ 394197.680113803304266, 1713791.480877098860219 ], [ 394248.621738957357593, 1713834.151313325157389 ], [ 394277.606224428862333, 1713855.89893640880473 ], [ 394302.657691938395146, 1713877.37162284553051 ], [ 394334.866721593483817, 1713904.808944403659552 ], [ 394353.953553981671575, 1713938.210901082959026 ], [ 394374.233313394070137, 1714002.628960392670706 ], [ 394464.299303725943901, 1714077.783362921327353 ], [ 394489.427206255728379, 1714100.608794519212097 ], [ 394492.701339038088918, 1714086.539651383180171 ], [ 394600.219560783414636, 1713367.865221821935847 ], [ 395129.515413141285535, 1712885.016969730844721 ], [ 395263.01130240544444, 1712984.709336581639946 ], [ 395287.416616214846727, 1713016.308930983301252 ], [ 395332.114796339417808, 1713048.222173870541155 ], [ 395373.547680529998615, 1713079.947299119317904 ], [ 395424.176200748886913, 1713116.189718385925516 ], [ 395477.046524066652637, 1713141.024326684651896 ], [ 395541.488992082420737, 1713188.601774249225855 ], [ 395592.106649646535516, 1713222.564883328741416 ], [ 395638.105645716830622, 1713249.710431607905775 ], [ 395679.57907983759651, 1713290.553670868976042 ], [ 395716.382223352906294, 1713313.181957159889862 ], [ 395751.796304213872645, 1713356.547514269826934 ], [ 395812.628982306690887, 1713415.965478918049484 ], [ 395894.682362059713341, 1713488.115864563034847 ], [ 395947.02675948839169, 1713536.216121659614146 ], [ 395974.435164045076817, 1713567.317651880672202 ], [ 396002.124586551915854, 1713603.664219408994541 ], [ 396034.401324246427976, 1713639.990018645999953 ], [ 396084.986333907814696, 1713667.115148848388344 ], [ 396117.242256494704634, 1713698.882094054715708 ], [ 396167.868200777098536, 1713735.125025445129722 ], [ 396202.448466193745844, 1713773.719891493907198 ], [ 396260.027139373705722, 1713825.887745055137202 ], [ 396467.177009482576977, 1713984.515977329108864 ], [ 396536.253401639813092, 1714043.470359424129128 ], [ 396854.434798945731018, 1714411.306553083006293 ], [ 397259.52715717558749, 1714391.410398568725213 ], [ 398082.519203224102966, 1714114.064433548599482 ], [ 398730.829138954053633, 1713791.571898305090144 ], [ 399273.530517718696501, 1713459.654879717156291 ], [ 400141.248203559895046, 1713224.591735632158816 ], [ 400136.314992430387065, 1712882.61412241961807 ], [ 400130.358572586264927, 1712582.125523471273482 ], [ 400143.753396107582375, 1712452.613825510488823 ], [ 400166.563175055256579, 1712348.48916083201766 ], [ 400191.829626525461208, 1712274.405463868752122 ], [ 400163.80588857724797, 1712249.098347698105499 ], [ 399723.173669972631615, 1712031.923057452077046 ], [ 398829.786915179691277, 1711939.749000513227656 ], [ 398796.510154008399695, 1711675.457184652099386 ], [ 398206.511378837749362, 1711633.475890207802877 ], [ 398195.302398750325665, 1711498.524394849082455 ], [ 398197.18276642926503, 1711388.086037347093225 ], [ 397991.285673373844475, 1711380.986137586412951 ], [ 397859.937527803936973, 1711395.185937107540667 ], [ 397403.140620958991349, 1711567.079295091098174 ], [ 397309.577998419757932, 1711605.354913402581587 ], [ 397201.13041320379125, 1711650.009801432723179 ], [ 397104.378155805228744, 1711681.906150025548413 ], [ 396977.85597305331612, 1711730.813884534873068 ], [ 396794.983574453857727, 1711803.112274678889662 ], [ 396750.461587876547128, 1711702.505875158822164 ], [ 396647.330060759326443, 1711523.35471722879447 ], [ 396526.068051602691412, 1711504.064298120094463 ], [ 396496.145668527460657, 1711494.631377636222169 ] ] ] ] } },
{ "type": "Feature", "properties": { "fid": 676, "qgs_fid_0": 732, "qgs_fid": 66, "Dialgeo": 201221, "DIA": 8, "SEDE": "201" }, "geometry": { "type": "MultiPolygon", "coordinates": [ [ [ [ 397813.961030874343123, 1709317.795630943030119 ], [ 397745.228959619649686, 1709220.837053179042414 ], [ 397622.95962334680371, 1709289.945808463729918 ], [ 397572.245338309963699, 1709402.3961233405862 ], [ 397551.792472016066313, 1709436.794125743908808 ], [ 397536.917660165927373, 1709461.89537074114196 ], [ 397460.423703568871133, 1709576.673225517384708 ], [ 397449.786887494963594, 1709617.093126598745584 ], [ 397432.236140972818248, 1709666.199760806979612 ], [ 397423.1948473098455, 1709689.068915366660804 ], [ 397333.085412008687854, 1709864.831800310639665 ], [ 397185.10999999998603, 1710117.99 ], [ 397171.669999999983702, 1710142.48 ], [ 397127.341599999985192, 1710229.1338 ], [ 397198.218868438212667, 1711041.565960859879851 ], [ 397216.015375880349893, 1711147.110705284168944 ], [ 397373.379092029994354, 1711125.570926155196503 ], [ 397393.057201766874641, 1711125.748206422897056 ], [ 397423.341641734470613, 1711118.935597360599786 ], [ 397531.789226950437296, 1711106.177057923516259 ], [ 397689.144546675670426, 1711081.723190669203177 ], [ 398053.959033707273193, 1711045.972699954174459 ], [ 398307.003399211156648, 1711021.518832700094208 ], [ 398589.286084258637857, 1710989.090878297341987 ], [ 398737.728033786639571, 1710981.087507817195728 ], [ 398758.115264595020562, 1711048.099449083441868 ], [ 398755.633340844418854, 1711054.126978192012757 ], [ 398758.824385666637681, 1711090.646713380469009 ], [ 398765.383755578892305, 1711129.825652586296201 ], [ 398768.929360936977901, 1711165.990827238187194 ], [ 398787.721069334365893, 1711318.451857631094754 ], [ 398806.213899999973364, 1711438.9646 ], [ 398804.030853981152177, 1711446.802771590417251 ], [ 398804.385414516960736, 1711462.403435165761039 ], [ 398808.1083001428633, 1711512.751031249063089 ], [ 398811.324095715361182, 1711657.88222824735567 ], [ 398832.798066575604025, 1711856.553243744885549 ], [ 398839.955628721159883, 1711906.65617876406759 ], [ 398851.884898963791784, 1711930.514719249214977 ], [ 399318.966928593465127, 1711973.827767590992153 ], [ 399529.467448744864669, 1711997.318632607581094 ], [ 399746.580167160660494, 1712018.791319044306874 ], [ 399798.210162429488264, 1712041.276815315941349 ], [ 399949.368102395732421, 1712105.95128190307878 ], [ 400067.436921455897391, 1712159.87247485970147 ], [ 400245.381043785484508, 1712263.450027497252449 ], [ 400417.673238010844216, 1712321.972719655372202 ], [ 400580.820719457929954, 1712395.241277542430907 ], [ 400725.258610450022388, 1712445.474664787296206 ], [ 401073.457995607051998, 1712277.534277336439118 ], [ 401347.384584221290424, 1712146.903700759401545 ], [ 401704.857667757256422, 1711969.684698998695239 ], [ 402085.735222526884172, 1711824.73490367946215 ], [ 401594.970255763968453, 1711295.123436387861148 ], [ 401460.015911004273221, 1711129.640329573536292 ], [ 401437.027311004290823, 1711099.200729573378339 ], [ 400903.149326102400664, 1710539.811560281319544 ], [ 400598.576810666010715, 1710518.385499679949135 ], [ 400509.876187679823488, 1710511.452120444737375 ], [ 400374.93099653115496, 1710507.411467912374064 ], [ 399931.723655664012767, 1710482.204738575266674 ], [ 399859.425265520112589, 1710482.204738575033844 ], [ 399793.937939488037955, 1710474.312252293573692 ], [ 399404.908664967631921, 1710189.444450082490221 ], [ 399381.394329581118654, 1710191.225989266764373 ], [ 399282.09171863674419, 1710209.856786821037531 ], [ 399222.419777934090234, 1710230.737208247650415 ], [ 399156.412800349178724, 1710256.768128985306248 ], [ 399115.645244885759894, 1710272.101858660811558 ], [ 399086.222281931433827, 1710286.982590555911884 ], [ 398941.423061603272799, 1710341.548941372428089 ], [ 398864.524106313532684, 1710380.802702353801578 ], [ 398791.694110359647311, 1710423.86277295416221 ], [ 398688.296780337695964, 1710496.692768908105791 ], [ 398613.790178015071433, 1710387.56289962050505 ], [ 398521.444269497238565, 1710271.29431243147701 ], [ 398473.793836050317623, 1710178.260888788616285 ], [ 398469.143171225616243, 1710180.252638561651111 ], [ 398412.92497081856709, 1710215.739098385442048 ], [ 398307.535005021491088, 1710286.573800538200885 ], [ 398248.128055767214391, 1710321.128178180428222 ], [ 398207.061506953847129, 1710343.189819290768355 ], [ 398200.549335782881826, 1710347.176862864522263 ], [ 398195.100376231479459, 1710339.202775716548786 ], [ 398123.543052505003288, 1710207.96015259809792 ], [ 398084.96150927018607, 1710152.760655500926077 ], [ 398032.899667794757988, 1710151.366141890175641 ], [ 397975.492190810618922, 1710150.901304020080715 ], [ 397878.80591378477402, 1710144.393573835492134 ], [ 397868.818709367013071, 1710133.761763754999265 ], [ 397808.755853899579961, 1709994.456408007303253 ], [ 397756.658484531100839, 1709572.893000771291554 ], [ 398010.433643396012485, 1709534.433064692188054 ], [ 397993.328188875399064, 1709513.561450144508854 ], [ 397974.046199999982491, 1709495.0991 ], [ 397813.961030874343123, 1709317.795630943030119 ] ] ] ] } },
{ "type": "Feature", "properties": { "fid": 677, "qgs_fid_0": 733, "qgs_fid": 67, "Dialgeo": 201222, "DIA": 10, "SEDE": "201" }, "geometry": { "type": "MultiPolygon", "coordinates": [ [ [ [ 398946.658089952950832, 1709376.597555474145338 ], [ 398832.362840828311164, 1709420.189231884432957 ], [ 398679.400413175055292, 1709480.05572526762262 ], [ 398556.72522840439342, 1709522.257547381799668 ], [ 398461.833591340575367, 1709562.659588932991028 ], [ 398382.092719858221244, 1709591.897908476414159 ], [ 398315.64199362299405, 1709616.883381540887058 ], [ 398304.823341379349586, 1709596.308317204471678 ], [ 398289.550011337501928, 1709561.985078530618921 ], [ 398268.393032178515568, 1709512.370888578472659 ], [ 398256.486683417111635, 1709486.183149468852207 ], [ 398240.485024675319437, 1709448.625482750823721 ], [ 398103.177937098662369, 1709493.841482577845454 ], [ 398052.75154978496721, 1709509.205772462533787 ], [ 398003.507030923909042, 1709536.388746873941272 ], [ 397917.7181546089123, 1709550.568706062855199 ], [ 397758.253301960765384, 1709575.949734178138897 ], [ 397770.480235587980133, 1709677.885148222791031 ], [ 397790.149650553590618, 1709821.950322700897232 ], [ 397812.101679394429084, 1709960.317777190357447 ], [ 397813.806109093362466, 1709991.000970243709162 ], [ 397830.695194207131863, 1710030.043457737891003 ], [ 397845.570006057212595, 1710068.160163103835657 ], [ 397877.598806279129349, 1710132.939721482340246 ], [ 397882.383258568064775, 1710138.787385391071439 ], [ 397906.463767068518791, 1710144.393573835724965 ], [ 397966.137170918344054, 1710149.581495734164491 ], [ 398093.328590935852844, 1710148.11227679788135 ], [ 398161.659757872344926, 1710274.548177524004132 ], [ 398201.346744497481268, 1710344.784636720549315 ], [ 398271.784514306869823, 1710305.44580678967759 ], [ 398331.457266466110013, 1710269.163710265187547 ], [ 398474.326327872055117, 1710174.40497465361841 ], [ 398463.428408769483212, 1710152.077530638547614 ], [ 398499.89178104448365, 1710130.080666264984757 ], [ 398561.939874809642788, 1710092.851810005959123 ], [ 398668.701991700916551, 1710025.091352052986622 ], [ 398723.06794052378973, 1710000.272114546736702 ], [ 398740.598989238380454, 1709987.468539642868564 ], [ 398812.49598677578615, 1709954.179244892671704 ], [ 398896.802603066316806, 1709905.722638332983479 ], [ 398899.954252273426391, 1709902.17703297524713 ], [ 398904.927033876942005, 1709898.634460777509958 ], [ 399065.612813722633291, 1709817.870416684541851 ], [ 399089.644138926931191, 1709802.900082950713113 ], [ 399154.646903823886532, 1709817.870416684774682 ], [ 399344.29923574446002, 1709816.368461698060855 ], [ 399373.537555287999567, 1709886.540428602602333 ], [ 399435.469632139254827, 1709861.422054086113349 ], [ 399511.755065857316367, 1709836.303679568925872 ], [ 400089.864039846579544, 1709547.465954616200179 ], [ 399979.886539744562469, 1709401.132508510258049 ], [ 399937.448491043061949, 1709335.898441478144377 ], [ 399892.109094238257967, 1709277.822133609326556 ], [ 399825.313350762473419, 1709190.361344517907128 ], [ 399771.609879607101902, 1709119.97345619276166 ], [ 399667.846983559837099, 1708980.406188247725368 ], [ 399443.576702998485416, 1709102.0847447225824 ], [ 399393.47376797941979, 1709133.100847353227437 ], [ 399288.49618984432891, 1709183.203782372409478 ], [ 399138.036181510542519, 1709270.807999307755381 ], [ 398946.658089952950832, 1709376.597555474145338 ] ] ] ] } },
{ "type": "Feature", "properties": { "fid": 678, "qgs_fid_0": 734, "qgs_fid": 68, "Dialgeo": 201226, "DIA": 5, "SEDE": "201" }, "geometry": { "type": "MultiPolygon", "coordinates": [ [ [ [ 393386.444954717939254, 1719999.426629540743306 ], [ 393317.029166083724704, 1719970.916573494439945 ], [ 393309.591760158713441, 1720003.145332504063845 ], [ 393310.83132781292079, 1720027.936685586348176 ], [ 393309.591760158713441, 1720159.330856929533184 ], [ 393306.834935563325416, 1720196.80304312845692 ], [ 393275.225960381852929, 1720334.39505274198018 ], [ 393249.195039644138888, 1720367.863379404880106 ], [ 393192.452616838505492, 1720440.092930601676926 ], [ 393195.534999999974389, 1720507.5399 ], [ 393207.35963131574681, 1720726.718215289525688 ], [ 393218.515740203321911, 1720860.591521940659732 ], [ 393225.02347038773587, 1720949.840393041726202 ], [ 393236.966318290156778, 1721122.793804408051074 ], [ 393253.942879618378356, 1721202.0177572730463 ], [ 393304.872563603159506, 1721224.653172377496958 ], [ 393372.778808916162234, 1721241.629733705660328 ], [ 393446.343908005219419, 1721255.776868145912886 ], [ 393502.93244576617144, 1721271.33871603035368 ], [ 393568.00926419114694, 1721279.826996694551781 ], [ 393630.256655728095211, 1721301.047698354814202 ], [ 393710.895322037278675, 1721322.268400015076622 ], [ 393747.677871581807267, 1721333.586107567185536 ], [ 393819.530181560257915, 1721355.219173913821578 ], [ 394012.2292856136919, 1721424.127767984755337 ], [ 394094.28266536683077, 1721455.251463752705604 ], [ 394272.53655931353569, 1721527.401849398156628 ], [ 394548.405680897529237, 1721641.993638363434002 ], [ 394552.649821229686495, 1721600.966948487097397 ], [ 394684.614383199019358, 1720988.538145807571709 ], [ 394773.712094831338618, 1720677.625505446223542 ], [ 394671.87661210517399, 1720636.564403790980577 ], [ 394483.610467277700081, 1720548.39435914484784 ], [ 394397.932160530879628, 1720510.128503063460812 ], [ 394360.075585137121379, 1720485.413736985763535 ], [ 394312.401992392260581, 1720466.743635167134926 ], [ 394257.861015608243179, 1720440.712714429479092 ], [ 394240.507068449689541, 1720432.035740850027651 ], [ 394225.632256599492393, 1720428.317037887638435 ], [ 394138.862520806724206, 1720379.973899374483153 ], [ 393845.084986765461508, 1720236.184051489224657 ], [ 393749.638277393416502, 1720185.36177766835317 ], [ 393698.816003571962938, 1720160.570424584671855 ], [ 393674.024650488281623, 1720149.414315697038546 ], [ 393647.993729750451166, 1720138.258206809405237 ], [ 393620.723241358471569, 1720122.143827304942533 ], [ 393576.098805807880126, 1720097.352474221261218 ], [ 393548.828317415842321, 1720086.196365333627909 ], [ 393517.839126061298884, 1720072.561121137812734 ], [ 393478.172961127478629, 1720052.728038670727983 ], [ 393386.444954717939254, 1719999.426629540743306 ] ] ] ] } },
{ "type": "Feature", "properties": { "fid": 679, "qgs_fid_0": 735, "qgs_fid": 69, "Dialgeo": 201228, "DIA": 5, "SEDE": "201" }, "geometry": { "type": "MultiPolygon", "coordinates": [ [ [ [ 393594.569577288173605, 1717155.833695518784225 ], [ 393483.008488412247971, 1716917.836705916794017 ], [ 393408.634429161611479, 1716754.213775565382093 ], [ 393320.728114276949782, 1716596.288231162587181 ], [ 393066.513756608706899, 1715653.477698656264693 ], [ 392986.56164291431196, 1715424.77746646059677 ], [ 392767.158168124966323, 1715482.417362379841506 ], [ 392540.317287410609424, 1715591.189424033742398 ], [ 392527.301827041781507, 1715599.556505699409172 ], [ 392605.394589254923631, 1716030.926049353089184 ], [ 392579.363668517209589, 1716172.23676192923449 ], [ 392568.207559629634488, 1716298.672662655357271 ], [ 392443.737321122433059, 1716479.949173216475174 ], [ 392241.013817754166666, 1716899.218237000983208 ], [ 392209.817561616713647, 1717056.358391270739958 ], [ 392157.755720141227357, 1717216.262618659762666 ], [ 392150.318314216216095, 1717342.698519385652617 ], [ 392166.587639676232357, 1717451.470581040252 ], [ 392226.086887076729909, 1717566.750372878741473 ], [ 392379.984537708980497, 1717820.028907114639878 ], [ 392543.142630180285778, 1718029.205948744202033 ], [ 392743.952590145054273, 1718261.3924649534747 ], [ 392806.70570263400441, 1718376.439837849931791 ], [ 393197.4511447919067, 1718357.068455643951893 ], [ 393291.859347405959852, 1718353.571855547139421 ], [ 393306.834935563034378, 1718359.763779637636617 ], [ 393379.274349826388061, 1718472.456258838996291 ], [ 393448.145648139237892, 1718538.261521839071065 ], [ 393485.79751563409809, 1718587.534336092881858 ], [ 393564.594154957740102, 1718654.279463873477653 ], [ 394090.038525034848135, 1719128.047848338494077 ], [ 394232.111494186043274, 1718977.737676640506834 ], [ 394372.918827720277477, 1718788.835540385218337 ], [ 394459.911503048264422, 1718684.678817849839106 ], [ 394509.707810805703048, 1718640.538761865813285 ], [ 394442.47016818029806, 1718573.066256982274354 ], [ 394316.927627760218456, 1718496.426113510737196 ], [ 394173.757563702703919, 1718343.959292046958581 ], [ 394013.853336313855834, 1718143.149332070257515 ], [ 393971.088252244808245, 1718098.52489651995711 ], [ 393906.010950400494039, 1718001.838619494112208 ], [ 393863.245866331330035, 1717947.917426537256688 ], [ 393822.21930646506371, 1717844.618298893095925 ], [ 393793.023145289858803, 1717772.543338802875951 ], [ 393715.906744171050377, 1717460.165174492169172 ], [ 393656.857851910637692, 1717282.269596244441345 ], [ 393594.569577288173605, 1717155.833695518784225 ] ] ] ] } },
{ "type": "Feature", "properties": { "fid": 680, "qgs_fid_0": 736, "qgs_fid": 70, "Dialgeo": 201229, "DIA": 9, "SEDE": "201" }, "geometry": { "type": "MultiPolygon", "coordinates": [ [ [ [ 393133.915247816359624, 1709778.043227356858552 ], [ 393123.656612030521501, 1709623.935472119599581 ], [ 393087.288349137059413, 1709158.522109627723694 ], [ 392837.316483914502896, 1709292.970908453222364 ], [ 392599.54052072763443, 1709448.978681601816788 ], [ 392161.115506426955108, 1709909.32494661770761 ], [ 391777.493618913926184, 1710451.875901814550161 ], [ 391605.34150443301769, 1710683.401753252837807 ], [ 391486.081592139264103, 1710775.402835658518597 ], [ 391432.32248126657214, 1710820.673665867187083 ], [ 391436.566621598612983, 1710867.359209519578144 ], [ 391840.427944171009585, 1710799.786486367229372 ], [ 391996.102926078310702, 1710770.777709988877177 ], [ 392026.840000000025611, 1710766.43 ], [ 392063.646708148007747, 1710756.949849092867225 ], [ 392422.216265720082447, 1710719.55833245976828 ], [ 392451.03621367982123, 1710715.839629497146234 ], [ 392587.698547553445678, 1710701.894493387779221 ], [ 392765.570699999982025, 1710692.0323 ], [ 392995.361359822680242, 1710685.62516792700626 ], [ 393164.562344618607312, 1710659.594247189117596 ], [ 393211.685283714148682, 1710645.126168483635411 ], [ 393199.890022762701847, 1710584.290512197418138 ], [ 393183.155859431251884, 1710491.322938133729622 ], [ 393167.383574479084928, 1710231.72498878557235 ], [ 393133.915247816359624, 1709778.043227356858552 ] ] ] ] } },
{ "type": "Feature", "properties": { "fid": 681, "qgs_fid_0": 737, "qgs_fid": 71, "Dialgeo": 201230, "DIA": 6, "SEDE": "201" }, "geometry": { "type": "MultiPolygon", "coordinates": [ [ [ [ 393003.728441488405224, 1710696.781276814639568 ], [ 392634.988200447172858, 1710708.660162805113941 ], [ 392023.015804899041541, 1710771.248248713323846 ], [ 391843.934755691792816, 1710818.821616431232542 ], [ 391919.189497460611165, 1711440.818175786640495 ], [ 391925.154132581898011, 1711523.130140460561961 ], [ 392028.963743520784192, 1712156.94141778582707 ], [ 392741.99389846844133, 1712040.909398457501084 ], [ 393085.482678600121289, 1711995.098934288136661 ], [ 393652.892070832138415, 1711928.571131715318188 ], [ 393636.67119913874194, 1711400.436755178263411 ], [ 393276.520802099432331, 1711421.674568086862564 ], [ 393216.221267030457966, 1711016.054683286463842 ], [ 393160.689847912581172, 1710682.866168579086661 ], [ 393003.728441488405224, 1710696.781276814639568 ] ] ] ] } },
{ "type": "Feature", "properties": { "fid": 682, "qgs_fid_0": 738, "qgs_fid": 72, "Dialgeo": 201231, "DIA": 6, "SEDE": "201" }, "geometry": { "type": "MultiPolygon", "coordinates": [ [ [ [ 394017.924947911407799, 1711381.516441160347313 ], [ 393773.082771387416869, 1711384.222837020875886 ], [ 393644.909137696085963, 1711390.073085861513391 ], [ 393657.099999999976717, 1711591.35 ], [ 393655.721497720165644, 1711673.922711791470647 ], [ 393662.813326898554806, 1711878.121423568809405 ], [ 393666.48338329733815, 1711999.407719975570217 ], [ 393666.48338329733815, 1712233.314276323653758 ], [ 393671.799441396200564, 1712493.801123165758327 ], [ 393667.81239782209741, 1712588.958563134772703 ], [ 393772.007136558997445, 1712589.224366039736196 ], [ 393811.87757229997078, 1712591.882395088672638 ], [ 393834.470819220121484, 1712591.882395089138299 ], [ 393893.877768474689219, 1712591.882395088672638 ], [ 393958.999480185273569, 1712584.705716655356809 ], [ 393999.534423188772053, 1712581.781884700758383 ], [ 393988.370701181120239, 1712450.209446755237877 ], [ 393986.642982299032155, 1712423.629156260984018 ], [ 393986.550373971520457, 1712414.398473783163354 ], [ 393986.908785203995649, 1712400.23850062629208 ], [ 393987.174588108551688, 1712357.04552857321687 ], [ 394007.89903473155573, 1712183.58949554990977 ], [ 394017.924947911407799, 1711406.581224110210314 ], [ 394017.924947911407799, 1711381.516441160347313 ] ] ] ] } },
{ "type": "Feature", "properties": { "fid": 683, "qgs_fid_0": 739, "qgs_fid": 73, "Dialgeo": 201232, "DIA": 9, "SEDE": "201" }, "geometry": { "type": "MultiPolygon", "coordinates": [ [ [ [ 394316.514756838208996, 1708384.231199606554583 ], [ 393787.466747679340187, 1708691.858945805812255 ], [ 393469.528190183569677, 1708932.386931783752516 ], [ 393112.532705780642573, 1709162.946515460731462 ], [ 393155.904739276331384, 1709724.747185257496312 ], [ 393211.685283714148682, 1710619.560085616307333 ], [ 393224.700744083034806, 1710634.434897466329858 ], [ 393995.474999999976717, 1710405.1683 ], [ 394228.0, 1710359.0 ], [ 394530.319474351592362, 1710297.328684653853998 ], [ 395287.973938861337956, 1710114.934473868692294 ], [ 395459.034275137761142, 1709813.71953390375711 ], [ 395503.587374867172912, 1709753.35698125557974 ], [ 396184.18135283124866, 1708523.329605905339122 ], [ 396354.399121480586473, 1708337.992477398831397 ], [ 396234.093319169362076, 1708178.013173044659197 ], [ 395321.442265524005052, 1707831.650854874402285 ], [ 394316.514756838208996, 1708384.231199606554583 ] ] ] ] } },
{ "type": "Feature", "properties": { "fid": 684, "qgs_fid_0": 741, "qgs_fid": 75, "Dialgeo": 201234, "DIA": 10, "SEDE": "201" }, "geometry": { "type": "MultiPolygon", "coordinates": [ [ [ [ 397962.924622923426796, 1708502.84232277632691 ], [ 397924.632085057150107, 1708515.606502064969391 ], [ 397877.563179049175233, 1708530.618083896115422 ], [ 397841.664919680159073, 1708547.516950286924839 ], [ 397816.136808133742306, 1708557.771711829118431 ], [ 397765.079843947605696, 1708570.91794564970769 ], [ 397714.02312679257011, 1708577.300035293912515 ], [ 397637.438051060016733, 1708587.936851368052885 ], [ 397555.61845537845511, 1708594.471670158905908 ], [ 397437.465908869402483, 1708615.592573160305619 ], [ 397300.88267602364067, 1708654.651042250683531 ], [ 397072.396215627668425, 1708783.68291680328548 ], [ 396965.014436171622947, 1708931.195289814611897 ], [ 396652.040669300011359, 1708984.6811921778135 ], [ 396456.651012807677034, 1709043.488032362423837 ], [ 396414.249855767178815, 1709131.885290029691532 ], [ 396413.063093879667576, 1709273.211294652195647 ], [ 396456.651012807677034, 1709407.803770845755935 ], [ 396785.936391821363941, 1709614.482891716063023 ], [ 396961.620066815637983, 1709749.615877632284537 ], [ 397443.970240681781434, 1709450.463591111125425 ], [ 397478.24024068180006, 1709425.479891111142933 ], [ 397487.208940681768581, 1709418.876091111218557 ], [ 397521.573940681759268, 1709390.288591111078858 ], [ 397620.833200107270386, 1709289.945808463729918 ], [ 397743.102536380058154, 1709207.5469079320319 ], [ 397812.619400000025053, 1709310.08 ], [ 397866.869300000020303, 1709366.045 ], [ 397916.283500000019558, 1709422.0525 ], [ 398009.194772845017724, 1709528.231392307439819 ], [ 398057.060445177892689, 1709503.766715337289497 ], [ 398183.985263528127689, 1709466.01380167924799 ], [ 398242.141044864896685, 1709441.009500500978902 ], [ 398274.792029077536426, 1709427.423015838954598 ], [ 398299.389093528850935, 1709419.176725233905017 ], [ 398288.793996659049299, 1709390.612566980300471 ], [ 398244.938939674873836, 1709271.738113845000044 ], [ 398230.819624063035008, 1709235.386316926684231 ], [ 398214.485323072643951, 1709172.961735435994342 ], [ 398208.391879890870769, 1709161.500911317998543 ], [ 398200.774797100631986, 1709148.818443258060142 ], [ 398177.635649616422597, 1709120.765007684705779 ], [ 398136.748743450734764, 1709072.226453694747761 ], [ 398027.457924479502253, 1708953.06179591268301 ], [ 398136.490457704756409, 1708882.062727142358199 ], [ 398037.913604531320743, 1708489.44736983301118 ], [ 397962.924622923426796, 1708502.84232277632691 ] ] ] ] } },
{ "type": "Feature", "properties": { "fid": 685, "qgs_fid_0": 742, "qgs_fid": 76, "Dialgeo": 201235, "DIA": 8, "SEDE": "201" }, "geometry": { "type": "MultiPolygon", "coordinates": [ [ [ [ 396209.910679105261806, 1708510.893654084764421 ], [ 396174.068087633990217, 1708559.608867885079235 ], [ 396134.839981235039886, 1708631.460126981837675 ], [ 396077.182382349390537, 1708743.855565016623586 ], [ 395661.316799999971408, 1709499.4034 ], [ 395303.247541934018955, 1710120.418718231609091 ], [ 395355.186277588363737, 1710203.255664907163009 ], [ 395407.462117808696348, 1710219.979063218226656 ], [ 395535.081489160947967, 1710491.088003423297778 ], [ 395543.980563149554655, 1710508.912675616564229 ], [ 395554.178169682621956, 1710517.835581332910806 ], [ 395643.407226846669801, 1710438.804130701813847 ], [ 395742.833890543784946, 1710340.65216782130301 ], [ 395784.899017492600251, 1710298.587040872545913 ], [ 395823.140041991486214, 1710312.608749855542555 ], [ 395894.52328772272449, 1710336.828065371373668 ], [ 396104.848922466626391, 1710408.211311102844775 ], [ 396282.351011182181537, 1710474.495753567200154 ], [ 395136.713652236270718, 1711919.050454013049603 ], [ 395127.472071315685753, 1711931.797462179558352 ], [ 395123.966644069936592, 1711936.577590241562575 ], [ 395118.867840803461149, 1711945.819171162089333 ], [ 395088.396023279579822, 1711979.871206464013085 ], [ 395238.266790019464679, 1711934.500075259478763 ], [ 395681.459196079405956, 1711771.849062594585121 ], [ 395812.833999162598047, 1711715.894203906645998 ], [ 396109.110036770463921, 1711546.867533361539245 ], [ 396293.185833415831439, 1711448.32190485438332 ], [ 396458.668115248437971, 1711461.337365223327652 ], [ 396522.801399793941528, 1711502.356287735747173 ], [ 396952.471795631747227, 1711522.823111418634653 ], [ 396983.466435230860952, 1711436.758095605298877 ], [ 397055.645764978195075, 1711311.859906223136932 ], [ 397084.841642292391043, 1711291.042978310259059 ], [ 397299.610389484791085, 1711229.908310173777863 ], [ 397284.991229712904897, 1711140.59853411372751 ], [ 397211.895430854172446, 1711151.496453216066584 ], [ 397206.57937275536824, 1711127.042585961753502 ], [ 397189.567986839159857, 1711041.985656380653381 ], [ 397105.603689600189682, 1710224.309090042486787 ], [ 397313.426497726468369, 1709864.831800310639665 ], [ 397417.919165364874061, 1709685.017548492643982 ], [ 397456.655730354075786, 1709578.373335055308416 ], [ 397535.554500699101482, 1709449.708494409453124 ], [ 397563.497425616020337, 1709398.431000295327976 ], [ 397612.178798670531251, 1709302.84605114790611 ], [ 397509.80203039717162, 1709409.668084952048957 ], [ 396963.996372548455838, 1709758.748046485474333 ], [ 396718.59871602471685, 1709585.06834346242249 ], [ 396479.532400000025518, 1709441.0419 ], [ 396450.991653870092705, 1709418.604107948951423 ], [ 396408.848809436254669, 1709279.532721317373216 ], [ 396402.527382771193516, 1709129.925623577320948 ], [ 396442.563084983325098, 1709035.104223601287231 ], [ 396599.445, 1708981.2519 ], [ 396962.000230362988077, 1708924.592080108588561 ], [ 397058.795256636163685, 1708781.526903914520517 ], [ 397284.268942208320368, 1708656.370289364829659 ], [ 397182.97333883063402, 1708636.012901329901069 ], [ 396997.825178796774708, 1708594.065437679411843 ], [ 396796.509598011034541, 1708578.780634657712653 ], [ 396559.148197062604595, 1708567.127291657961905 ], [ 396209.910679105261806, 1708510.893654084764421 ] ] ] ] } },
{ "type": "Feature", "properties": { "fid": 686, "qgs_fid_0": 743, "qgs_fid": 77, "Dialgeo": 201236, "DIA": 6, "SEDE": "201" }, "geometry": { "type": "MultiPolygon", "coordinates": [ [ [ [ 395294.392700000025798, 1710120.2416 ], [ 394549.27411361108534, 1710307.859039797913283 ], [ 394526.107332293933723, 1710491.087219306733459 ], [ 394551.236126020725351, 1711377.591730242827907 ], [ 394842.495142675703391, 1711353.719654180575162 ], [ 395015.123911840026267, 1711332.125637615798041 ], [ 395070.092767301946878, 1711142.882854761788622 ], [ 395378.588132191740442, 1710702.667199743911624 ], [ 395506.058213854732458, 1710561.175409097922966 ], [ 395546.848639986885246, 1710526.758487049024552 ], [ 395408.551093375775963, 1710227.828340702224523 ], [ 395353.793246626097243, 1710206.767630413873121 ], [ 395294.392700000025798, 1710120.2416 ] ] ] ] } },
{ "type": "Feature", "properties": { "fid": 687, "qgs_fid_0": 745, "qgs_fid": 79, "Dialgeo": 201239, "DIA": 17, "SEDE": "201" }, "geometry": { "type": "MultiPolygon", "coordinates": [ [ [ [ 400770.669086063397117, 1720579.897520259954035 ], [ 400759.351378511288203, 1720438.426175858126953 ], [ 400532.056095320614986, 1720143.567647057119757 ], [ 400382.945625935564749, 1719943.931241719285026 ], [ 400241.566257999627851, 1719731.069453847361729 ], [ 399916.248404137906618, 1719897.447454687440768 ], [ 399603.877355285221711, 1720072.226493926718831 ], [ 399421.660910121281631, 1720165.194067989708856 ], [ 399265.475385694997385, 1720250.724236127920449 ], [ 399127.88337608135771, 1720455.252899067010731 ], [ 399005.166178317856975, 1720570.532690905500203 ], [ 398893.605089441931341, 1720652.344156081322581 ], [ 398835.965193522511981, 1720769.483299401355907 ], [ 398817.37167870986741, 1720795.514220139011741 ], [ 398789.481406490900554, 1720843.857358651934192 ], [ 398746.716322421794757, 1720933.106229752767831 ], [ 398640.73328798962757, 1721139.494244173169136 ], [ 398407.527816446323413, 1721210.397331630345434 ], [ 398354.017205020179972, 1721344.682679961668327 ], [ 398337.766513795941137, 1721398.605428114766255 ], [ 398326.981964165286627, 1721438.493488392559811 ], [ 398320.669999999983702, 1721466.3 ], [ 398298.46938774472801, 1721555.498465206241235 ], [ 398296.992052178888116, 1721563.476077261846513 ], [ 398237.640095820592251, 1721718.559378278674558 ], [ 398228.185148199205287, 1721733.628201050218195 ], [ 398209.752802678965963, 1721784.429723510053009 ], [ 398214.261260492028669, 1721809.00924830394797 ], [ 398242.773836912645493, 1721823.043936179252341 ], [ 398300.42685736855492, 1721909.283399827312678 ], [ 398303.0001, 1721911.0001 ], [ 398340.0734, 1721936.9676 ], [ 398501.496800000022631, 1722036.0259 ], [ 398531.790199999988545, 1721966.0392 ], [ 398555.051800000015646, 1721909.916 ], [ 398567.381394114927389, 1721874.122813360299915 ], [ 398600.207, 1721768.1044 ], [ 398630.179300000017975, 1721677.618899999884889 ], [ 398637.607399999978952, 1721647.9105 ], [ 398662.521804554737173, 1721633.612583242356777 ], [ 398743.479793562553823, 1721591.65625317255035 ], [ 398767.70809684228152, 1721576.88289751438424 ], [ 398833.892730191699229, 1721541.426843934226781 ], [ 399093.75, 1721583.5 ], [ 399088.144141567347106, 1721657.978940761648118 ], [ 399216.81977499689674, 1722010.645491642644629 ], [ 399321.666587420972064, 1722139.321125072194263 ], [ 399446.87420000002021, 1722157.2071 ], [ 399490.19905531569384, 1722151.41869907733053 ], [ 399542.201267233118415, 1722139.009080324321985 ], [ 399613.113374393200502, 1722124.235724665923044 ], [ 399683.364631109405309, 1722106.589433367364109 ], [ 399734.496796844177879, 1722092.644297257997096 ], [ 399769.35963711788645, 1722083.812377722002566 ], [ 399785.164124708680902, 1722080.558512629708275 ], [ 399806.5466667432338, 1722076.839809667319059 ], [ 399814.913748408900574, 1722076.839809667319059 ], [ 399875.155475998239126, 1722055.443642373895273 ], [ 399926.085159983020276, 1722044.125934821553528 ], [ 400091.606632933428045, 1722010.172812165226787 ], [ 400153.854024470376316, 1721996.02567772497423 ], [ 400196.295427791017573, 1721984.707970172865316 ], [ 400327.863778084982187, 1721959.243128180503845 ], [ 400558.462069460365456, 1721918.21643830370158 ], [ 400690.030419754330069, 1721896.995736643439159 ], [ 400733.88653651898494, 1721896.995736643439159 ], [ 400743.789530627080239, 1721894.166309755528346 ], [ 400748.03367095917929, 1721803.624649338191375 ], [ 400753.692524735233746, 1721767.549456515582278 ], [ 400756.521951623319183, 1721745.621398133225739 ], [ 400782.694150337658357, 1721718.741842696908861 ], [ 400804.622208720014896, 1721689.740217094309628 ], [ 400810.988419218105264, 1721657.201807881938294 ], [ 400821.598770048236474, 1721594.247059623012319 ], [ 400825.842910380335525, 1721544.732089082244784 ], [ 400821.598770048236474, 1721483.899410989368334 ], [ 400815.93991627212381, 1721435.799153892556205 ], [ 400817.354629716137424, 1721394.77246401598677 ], [ 400814.525202828110196, 1721343.842780031263828 ], [ 400810.281062496011145, 1721295.74252293468453 ], [ 400813.110489384096581, 1721243.398125505773351 ], [ 400804.622208719956689, 1721188.224301189184189 ], [ 400793.304501167789567, 1721055.241237451089546 ], [ 400784.816220503649674, 1720964.699577033752576 ], [ 400784.816220503591467, 1720744.004279766464606 ], [ 400770.669086063397117, 1720579.897520259954035 ] ] ] ] } },
{ "type": "Feature", "properties": { "fid": 688, "qgs_fid_0": 746, "qgs_fid": 80, "Dialgeo": 201241, "DIA": 18, "SEDE": "201" }, "geometry": { "type": "MultiPolygon", "coordinates": [ [ [ [ 395499.312613152083941, 1725062.255402334267274 ], [ 395227.325251620204654, 1725257.895434313220903 ], [ 395127.119381582189817, 1725343.786180060124025 ], [ 395031.685219641192816, 1725415.361801515799016 ], [ 394907.62080911785597, 1725477.39400677755475 ], [ 394843.666752895980608, 1725525.060407091630623 ], [ 394458.780996284680441, 1725759.338693724712357 ], [ 393839.616953040414955, 1726186.059858663240448 ], [ 392827.20007151941536, 1727215.21090351534076 ], [ 393069.845439817814622, 1727508.058761806692928 ], [ 393763.723468770855106, 1728137.321608873782679 ], [ 394258.157955550472252, 1728287.801670067477971 ], [ 394709.598139131849166, 1728330.795973265776411 ], [ 394936.402347927563824, 1728329.325156594160944 ], [ 395180.426754834712483, 1727979.20318146655336 ], [ 395818.431766922411043, 1727376.538696875795722 ], [ 396000.415793146239594, 1727290.776109804864973 ], [ 396188.675130619143602, 1727209.197063566418365 ], [ 396362.292075177480001, 1727150.627491908380762 ], [ 396462.697055163036566, 1727117.159165246412158 ], [ 396546.367871817667037, 1727079.507297751959413 ], [ 396653.048163052357268, 1727031.396578175481409 ], [ 396839.21573010890279, 1726968.643465684494004 ], [ 396818.298025945317931, 1726921.578631316311657 ], [ 396300.274610949098133, 1726196.233016419224441 ], [ 396244.494066511164419, 1726118.14025420602411 ], [ 395904.907801401335746, 1725544.197920136153698 ], [ 395499.312613152083941, 1725062.255402334267274 ] ] ] ] } },
{ "type": "Feature", "properties": { "fid": 689, "qgs_fid_0": 747, "qgs_fid": 81, "Dialgeo": 201242, "DIA": 18, "SEDE": "201" }, "geometry": { "type": "MultiPolygon", "coordinates": [ [ [ [ 397499.341646794287954, 1725612.372729154536501 ], [ 397666.897949678183068, 1725103.864021169953048 ], [ 397824.439596217067447, 1725019.374908935045823 ], [ 397887.192708708054852, 1724994.273663938511163 ], [ 397927.207157055381685, 1724836.11740786768496 ], [ 397964.588214113551658, 1724630.305611490970477 ], [ 397715.323676598258317, 1724657.256677597761154 ], [ 396781.846644595847465, 1724776.618160467362031 ], [ 396441.7793509993935, 1724828.762329742079601 ], [ 395897.919042744266335, 1724924.983768894802779 ], [ 395508.288752666499931, 1725052.867751894053072 ], [ 395870.455394335906021, 1725454.646369996014982 ], [ 396299.255088072619401, 1726181.609972990350798 ], [ 396399.98233413224807, 1726310.1182946478948 ], [ 396545.011749671015423, 1726509.068903143052012 ], [ 396682.60375928459689, 1726706.160160157596692 ], [ 396724.206748677650467, 1726778.210030055837706 ], [ 396824.611728665942792, 1726914.872363929171115 ], [ 396854.904008231707849, 1726972.827006517210975 ], [ 396870.5922863544547, 1726947.725761520909145 ], [ 396880.392273103818297, 1726926.493310686666518 ], [ 396918.044140599435195, 1726865.599549675360322 ], [ 396966.85211698274361, 1726790.295814684126526 ], [ 397007.293011700268835, 1726727.077864321181551 ], [ 397007.979837597638834, 1726697.18023514864035 ], [ 397010.565174837538507, 1726655.519372188253328 ], [ 397014.49799869034905, 1726572.751691376557574 ], [ 397014.775581200432498, 1726544.128270528279245 ], [ 397417.201789334067143, 1726481.489242537179962 ], [ 397457.256070166768041, 1726476.065414350479841 ], [ 397451.771441574383061, 1726341.881031563738361 ], [ 397455.90798115869984, 1726200.352284356718883 ], [ 397479.545350212021731, 1725894.248355115996674 ], [ 397499.341646794287954, 1725612.372729154536501 ] ] ] ] } },
{ "type": "Feature", "properties": { "fid": 690, "qgs_fid_0": 748, "qgs_fid": 82, "Dialgeo": 201243, "DIA": 19, "SEDE": "201" }, "geometry": { "type": "MultiPolygon", "coordinates": [ [ [ [ 400220.973176641273312, 1725512.474265136057511 ], [ 399653.43135402695043, 1725554.475928571075201 ], [ 399570.772546960331965, 1725816.483513423707336 ], [ 399515.897903844248503, 1725964.406464432133362 ], [ 399524.397508892288897, 1726080.120385784655809 ], [ 399517.239946746674832, 1726102.189535733312368 ], [ 399312.734247461368795, 1726126.575137447332963 ], [ 399250.620756824035197, 1726118.294050561031327 ], [ 399223.183435265964363, 1726099.803681684890762 ], [ 399155.783058395143598, 1726128.433930267114192 ], [ 399116.378638794354629, 1726144.054965483723208 ], [ 399070.011061230266932, 1726166.018554856302217 ], [ 399062.341236370091792, 1726179.96369096566923 ], [ 399061.541823478357401, 1726208.956504405243322 ], [ 399062.13828699052101, 1726307.372983906883746 ], [ 399064.524141038942616, 1726370.598116192733869 ], [ 399066.873405605612788, 1726405.87489594030194 ], [ 399126.837490876379889, 1726562.060420366469771 ], [ 399163.537084052863065, 1726634.234988554613665 ], [ 399199.352198645763565, 1726709.878863127203658 ], [ 399281.636859454854857, 1726872.820393407251686 ], [ 399566.746418253518641, 1727440.653656956506893 ], [ 399711.487322266679257, 1727129.278831619303674 ], [ 399831.415492808271665, 1726959.148171083535999 ], [ 399853.727710583480075, 1726928.468871642602608 ], [ 399881.617982802446932, 1726908.945681089302525 ], [ 400021.069343897339422, 1726825.274864432401955 ], [ 399996.796610500372481, 1726534.625582029344514 ], [ 399995.901915232185274, 1726506.591796959051862 ], [ 399774.912183987500612, 1726498.837771301157773 ], [ 399771.03517115872819, 1726265.620538058690727 ], [ 399779.385660328611266, 1726196.430770651437342 ], [ 399757.316510379721876, 1726115.311733001610264 ], [ 399738.229677991417702, 1726000.790738672716543 ], [ 399725.107480724574998, 1725910.128284828737378 ], [ 400167.68340672593331, 1725893.427306489087641 ], [ 400168.876333750202321, 1726050.893673691898584 ], [ 400398.514785920851864, 1726036.578549400437623 ], [ 400636.205495505186263, 1725990.949090722249821 ], [ 401302.742061036988162, 1726087.04064645152539 ], [ 401507.89258247113321, 1726082.1610017134808 ], [ 401565.276479627296794, 1726181.256611205870286 ], [ 403848.922938673757017, 1725256.628828820772469 ], [ 403443.0821087785298, 1724944.127331677358598 ], [ 402784.769646482891403, 1724309.236177670070902 ], [ 402677.401757903862745, 1724210.342371669132262 ], [ 402617.1514242363628, 1724256.808867508545518 ], [ 402021.233931214374024, 1725169.671904599061236 ], [ 401440.811048399773426, 1725352.380413230275735 ], [ 401127.24495334806852, 1725418.426833726698533 ], [ 400829.853505296341609, 1725461.303453639382496 ], [ 400356.97756720619509, 1725503.184549328172579 ], [ 400220.973176641273312, 1725512.474265136057511 ] ] ] ] } },
{ "type": "Feature", "properties": { "fid": 691, "qgs_fid_0": 749, "qgs_fid": 83, "Dialgeo": 201244, "DIA": 18, "SEDE": "201" }, "geometry": { "type": "MultiPolygon", "coordinates": [ [ [ [ 397447.959312760387547, 1726482.108306664275005 ], [ 397269.461570558662061, 1726509.06890314235352 ], [ 397135.091770416416693, 1726527.675810648361221 ], [ 397064.235650814080145, 1726538.81852684286423 ], [ 397017.751863782526925, 1726546.488351702690125 ], [ 397015.366515426896513, 1726613.415308566065505 ], [ 397011.229975842405111, 1726726.726946465671062 ], [ 396856.946752587973606, 1726981.226771855494007 ], [ 396334.053174556640442, 1727177.820507321273908 ], [ 395869.680142123484984, 1727361.896303961519152 ], [ 396371.656016006483696, 1727692.428713397588581 ], [ 396903.387720709433779, 1728195.179999802960083 ], [ 396924.860407146159559, 1728230.967810530913994 ], [ 397828.385643520974554, 1727934.345422526123002 ], [ 397878.808062805561349, 1727715.848272292874753 ], [ 397858.0, 1727460.0 ], [ 397866.313396043842658, 1727440.603995249606669 ], [ 397907.219128631695639, 1727342.058366742683575 ], [ 397920.086815944465343, 1727314.115567442029715 ], [ 397937.898428073967807, 1727294.180066106608137 ], [ 397932.32037363020936, 1727283.023957218974829 ], [ 397883.047559376631398, 1727229.102764262119308 ], [ 397826.276007512584329, 1727170.296950101852417 ], [ 397764.671114418539219, 1727101.970180188305676 ], [ 397604.049999999988358, 1726792.53 ], [ 397447.959312760387547, 1726482.108306664275005 ] ] ] ] } },
{ "type": "Feature", "properties": { "fid": 692, "qgs_fid_0": 750, "qgs_fid": 84, "Dialgeo": 201245, "DIA": 19, "SEDE": "201" }, "geometry": { "type": "MultiPolygon", "coordinates": [ [ [ [ 398602.024913132830989, 1725613.9977982705459 ], [ 398500.21217635407811, 1725659.848863295279443 ], [ 398394.606999689538497, 1725690.819247693987563 ], [ 398239.782232389959972, 1725737.207584461430088 ], [ 398179.211474190698937, 1725756.412946817232296 ], [ 398035.023522965144366, 1725806.642356055555865 ], [ 397860.697926196618937, 1725867.213114255107939 ], [ 397803.260420751350466, 1725884.4527117528487 ], [ 397740.245836958347354, 1725907.462186333257705 ], [ 397694.357623449293897, 1725923.673407059628516 ], [ 397680.107437487808056, 1725944.591111223213375 ], [ 397656.575020303716883, 1725967.862057105405256 ], [ 397630.689361401367933, 1725991.786681242287159 ], [ 397537.75237150490284, 1726047.004852617392316 ], [ 397467.431198571110144, 1726097.825196082238108 ], [ 397454.12410000001546, 1726289.492799999890849 ], [ 397460.277516323956661, 1726442.132249818183482 ], [ 397459.81267845351249, 1726466.303819074295461 ], [ 397462.834124610584695, 1726476.530252220807597 ], [ 397476.295211966033094, 1726521.525036363396794 ], [ 397520.009182659559883, 1726615.051937574986368 ], [ 397561.38974055822473, 1726702.646376734832302 ], [ 397605.07451292744372, 1726780.069381537148729 ], [ 397636.683488108974416, 1726836.779601715737954 ], [ 397679.448572177963797, 1726922.309769853716716 ], [ 397699.901438471861184, 1726965.074853922938928 ], [ 397723.143331987666897, 1727007.839937991928309 ], [ 397763.119388834922574, 1727090.581078908173367 ], [ 397806.775178043579217, 1727143.113975690444931 ], [ 397968.691156059037894, 1727305.990221822401509 ], [ 398118.788449548068456, 1727478.764616248197854 ], [ 398379.95924274425488, 1727216.087303892709315 ], [ 398655.840518777957186, 1727103.131701406789944 ], [ 398587.990225257410202, 1726898.467205987777561 ], [ 398563.802620455215219, 1726851.189575695665553 ], [ 398547.998132864478976, 1726798.198058479465544 ], [ 398522.896887867478654, 1726726.613026451086625 ], [ 398502.895696665334981, 1726659.729778548935428 ], [ 398437.89293176861247, 1726403.264324320014566 ], [ 398408.662981237459462, 1726301.286375118652359 ], [ 398405.879307767900173, 1726287.391456250566989 ], [ 398558.573966873518657, 1726256.375353619921952 ], [ 398553.205795264337212, 1726222.376933428458869 ], [ 398552.012868240068201, 1726216.412298307055607 ], [ 398677.86666929977946, 1726190.466135529335588 ], [ 398684.427767933229916, 1726223.868092208635062 ], [ 398716.636797588318586, 1726389.386716825189069 ], [ 398765.099457949050702, 1726418.315197163261473 ], [ 398986.983884461922571, 1726389.684948581038043 ], [ 399051.401943772099912, 1726378.948605362558737 ], [ 399057.366578893444967, 1726192.851989577524364 ], [ 399068.699385623913258, 1726157.064178849570453 ], [ 399128.942200349178165, 1726134.995028900681064 ], [ 399225.569289314502385, 1726092.646119539393112 ], [ 399261.357100042398088, 1726115.90819651237689 ], [ 399316.828206670586951, 1726121.872831633780152 ], [ 399514.854092698195018, 1726098.014291148399934 ], [ 399519.625800795212854, 1726078.330995248164982 ], [ 399511.275311625387985, 1725963.81000091903843 ], [ 399099.715488254791126, 1726053.875991250853986 ], [ 399092.671907408162951, 1726046.787641120376065 ], [ 398950.596494128112681, 1725739.205403466010466 ], [ 398907.0, 1725647.0 ], [ 398894.389621611800976, 1725632.021292174002156 ], [ 398824.04438393790042, 1725633.570997439557686 ], [ 398602.024913132830989, 1725613.9977982705459 ] ] ] ] } },
{ "type": "Feature", "properties": { "fid": 693, "qgs_fid_0": 751, "qgs_fid": 85, "Dialgeo": 201246, "DIA": 18, "SEDE": "201" }, "geometry": { "type": "MultiPolygon", "coordinates": [ [ [ [ 398126.734384090465028, 1727550.104711433406919 ], [ 398116.594504384265747, 1727488.668969683814794 ], [ 397984.614634040452074, 1727330.437419991707429 ], [ 397944.870996128418483, 1727292.785552496090531 ], [ 397927.671994925651234, 1727307.660364339826629 ], [ 397913.726858816109598, 1727338.339663780061528 ], [ 397865.383720303245354, 1727460.127185802906752 ], [ 397873.285964098584373, 1727586.098248658701777 ], [ 397889.555289559822995, 1727718.577041699085385 ], [ 397849.19, 1727907.67 ], [ 397835.634096602967475, 1727941.234381580492482 ], [ 396955.876509776979219, 1728242.897080773487687 ], [ 397149.356347730965354, 1728567.015946842264384 ], [ 397208.335390612890478, 1728687.299163446528837 ], [ 397186.023172837682068, 1728921.577450086129829 ], [ 397145.117440249829087, 1729099.145516546443105 ], [ 396968.479049529589247, 1729363.173426886554807 ], [ 397939.06052275019465, 1729472.87516428087838 ], [ 397952.075983119080774, 1729195.831793572288007 ], [ 398010.877973711933009, 1728943.88966785185039 ], [ 398042.484067573968787, 1728848.033085444942117 ], [ 398043.0881, 1728834.1389 ], [ 398078.235588267096318, 1728714.777417406439781 ], [ 398131.735819994297344, 1728560.863262711791322 ], [ 398139.856581357307732, 1728533.673042938578874 ], [ 398174.451465060934424, 1728406.02985134231858 ], [ 398177.433782621577848, 1728379.785456808516756 ], [ 398181.012563694443088, 1728332.664839350152761 ], [ 398186.380735303624533, 1728294.491174573777243 ], [ 398186.121850821422413, 1728244.308673026738688 ], [ 398198.207635449653026, 1728102.068284709937871 ], [ 398185.046949676820077, 1727963.404548622202128 ], [ 398152.653524158464279, 1727719.971555309835821 ], [ 398126.734384090465028, 1727550.104711433406919 ] ] ] ] } },
{ "type": "Feature", "properties": { "fid": 694, "qgs_fid_0": 752, "qgs_fid": 86, "Dialgeo": 201247, "DIA": 18, "SEDE": "201" }, "geometry": { "type": "MultiPolygon", "coordinates": [ [ [ [ 398118.980358432745561, 1728618.370861661154777 ], [ 398089.074477153655607, 1728719.227935855975375 ], [ 398028.892580368206836, 1728897.080626230454072 ], [ 397953.670609827735461, 1729238.276093938620761 ], [ 397953.238077792630065, 1729455.211325200274587 ], [ 397931.694232833047863, 1729791.981766258366406 ], [ 397924.171795759350061, 1729983.803911636816338 ], [ 398130.976467967382632, 1729973.984386947704479 ], [ 398533.48919872607803, 1729942.430507731623948 ], [ 398801.334616310952697, 1729938.941077519906685 ], [ 399035.148313066398259, 1729953.256201811134815 ], [ 399195.031987785187084, 1729967.582256423309445 ], [ 399345.309339374653064, 1729967.571326102130115 ], [ 399445.515209412726108, 1729967.571326102130115 ], [ 399585.492898334981874, 1729961.923402647254989 ], [ 399715.646535184932873, 1729959.093975759111345 ], [ 399823.164756930549629, 1729947.776268207002431 ], [ 399953.31839378044242, 1729947.776268207002431 ], [ 400063.666042414202821, 1729936.458560654660687 ], [ 400142.88999527937267, 1729930.79970687860623 ], [ 400069.324896190257277, 1729540.338796328753233 ], [ 399752.42908472957788, 1728736.781560124829412 ], [ 399602.981576615246013, 1727474.353845393052325 ], [ 398891.997070154815447, 1727278.713813413633034 ], [ 398662.95508149638772, 1727123.633300259476528 ], [ 398395.739428061584476, 1727219.067462200531736 ], [ 398122.559139505436178, 1727483.89726158673875 ], [ 398154.171705648535863, 1727673.572658444521949 ], [ 398178.626709645788651, 1727832.23195267166011 ], [ 398202.485250131052453, 1728000.434663092717528 ], [ 398203.678177155379672, 1728199.653476144885644 ], [ 398189.363052864267956, 1728377.399602759862319 ], [ 398118.980358432745561, 1728618.370861661154777 ] ] ] ] } },
{ "type": "Feature", "properties": { "fid": 695, "qgs_fid_0": 753, "qgs_fid": 87, "Dialgeo": 201248, "DIA": 19, "SEDE": "201" }, "geometry": { "type": "MultiPolygon", "coordinates": [ [ [ [ 397968.522437498089857, 1724622.810909771593288 ], [ 397895.559790373488795, 1725006.824286436429247 ], [ 397680.107437487866264, 1725107.229266422335058 ], [ 397600.620161665952764, 1725351.966405136976391 ], [ 397506.490492929588072, 1725623.89655926451087 ], [ 397484.695599999977276, 1725877.7697 ], [ 397474.329522777989041, 1726045.126826859544963 ], [ 397467.008326320734341, 1726091.668718623695895 ], [ 397540.743233497603796, 1726043.557999047217891 ], [ 397589.899838282202836, 1726012.181442801840603 ], [ 397609.255412891332526, 1726000.911982963327318 ], [ 397630.689361401367933, 1725988.126083013601601 ], [ 397641.932627389149275, 1725976.490610072854906 ], [ 397654.613985538599081, 1725962.501895413268358 ], [ 397673.309183634642977, 1725944.852582525461912 ], [ 397692.135117381927557, 1725921.581636643270031 ], [ 397803.521892053424381, 1725883.406826544553041 ], [ 398038.27366120996885, 1725801.619415131863207 ], [ 398137.290009114600252, 1725768.620924946386367 ], [ 398515.748516088060569, 1725648.56745051080361 ], [ 398522.698708330048248, 1725643.637642568442971 ], [ 398500.473647656152025, 1725611.215201114770025 ], [ 398454.291356549249031, 1725603.36098219640553 ], [ 398379.242709804850165, 1725589.178560764528811 ], [ 398320.319920546782669, 1725572.517448412487283 ], [ 398253.644738525093999, 1725488.062217851635069 ], [ 398226.974665716406889, 1725452.240649471292272 ], [ 398210.763444989570417, 1725427.139404474990442 ], [ 398196.922069530643057, 1725418.307356510311365 ], [ 398160.041435304272454, 1725394.590088057564571 ], [ 398131.276169167715125, 1725378.244270992232487 ], [ 398109.051108493818901, 1725363.863349379738793 ], [ 398071.660712301323656, 1725338.762104383436963 ], [ 398069.74090876232367, 1725321.633089791284874 ], [ 398045.217138369451277, 1725254.266587989404798 ], [ 398031.921118276950438, 1725198.718770714011043 ], [ 398031.330184050544631, 1725176.854204339673743 ], [ 398027.193644466169644, 1725138.443479628069326 ], [ 397994.468600275809877, 1725041.975642922101542 ], [ 398043.229492392565589, 1724995.898836609674618 ], [ 398045.018882928881794, 1724910.455438496777788 ], [ 398056.649921415490098, 1724855.879027136834338 ], [ 398034.729887344641611, 1724728.384951418964192 ], [ 397994.468600275809877, 1724622.363562137586996 ], [ 397968.522437498089857, 1724622.810909771593288 ] ] ] ] } },
{ "type": "Feature", "properties": { "fid": 696, "qgs_fid_0": 754, "qgs_fid": 88, "Dialgeo": 201249, "DIA": 19, "SEDE": "201" }, "geometry": { "type": "MultiPolygon", "coordinates": [ [ [ [ 398058.88665958592901, 1724850.510855528060347 ], [ 398046.360925831191707, 1724965.031849857419729 ], [ 398045.01888292899821, 1724998.135574780171737 ], [ 397996.257990812242497, 1725043.765033458126709 ], [ 398026.230282296834048, 1725123.840259961783886 ], [ 398032.807519616442733, 1725175.67233588709496 ], [ 398033.747373504680581, 1725200.182314299279824 ], [ 398047.082409908995032, 1725255.614230332896113 ], [ 398070.331842988671269, 1725321.042155564995483 ], [ 398073.286514120351057, 1725338.17924812878482 ], [ 398211.809330197749659, 1725425.047634058631957 ], [ 398323.581919660093263, 1725569.944311148952693 ], [ 398501.68, 1725607.9 ], [ 398524.398271793557797, 1725644.029849521350116 ], [ 398599.179064178606495, 1725607.423867234960198 ], [ 398684.418708645505831, 1725612.653293275972828 ], [ 398815.499902396230027, 1725624.339147231541574 ], [ 398844.751146599766798, 1725631.430357947479934 ], [ 398985.848500000021886, 1725579.3194 ], [ 399004.0, 1725568.0 ], [ 399116.433157157036476, 1725464.786906121298671 ], [ 399197.834346834453754, 1725392.101996282115579 ], [ 399420.025615936145186, 1725231.367886719061062 ], [ 399484.914168305636849, 1725191.092089429032058 ], [ 398956.909759012749419, 1724606.568889007437974 ], [ 398030.256411003647372, 1724591.049227750860155 ], [ 398019.520067785109859, 1724109.404941702960059 ], [ 397688.482818552292883, 1724102.24737955792807 ], [ 397640.169274069718085, 1724628.626429015304893 ], [ 397992.679209739377256, 1724608.94313311483711 ], [ 398037.41397314920323, 1724727.042908516945317 ], [ 398058.88665958592901, 1724850.510855528060347 ] ] ] ] } },
{ "type": "Feature", "properties": { "fid": 697, "qgs_fid_0": 755, "qgs_fid": 89, "Dialgeo": 201250, "DIA": 19, "SEDE": "201" }, "geometry": { "type": "MultiPolygon", "coordinates": [ [ [ [ 399651.444236976269167, 1725068.816500967834145 ], [ 399473.277626917464659, 1725216.524270677240565 ], [ 399365.551450474653393, 1725282.415038792882115 ], [ 399300.706567567307502, 1725326.342217536643147 ], [ 399243.182881117274519, 1725368.177625863812864 ], [ 399222.653584340470843, 1725381.465180207975209 ], [ 399190.299935448856559, 1725405.693483487935737 ], [ 399058.521602976310533, 1725533.335276375990361 ], [ 398949.346504660905339, 1725610.747660025954247 ], [ 398894.118692886142526, 1725627.818628794746473 ], [ 398906.799240364867728, 1725643.396776031004265 ], [ 398952.165321940381546, 1725736.067747841356322 ], [ 399100.341732268338092, 1726046.090384315233678 ], [ 399499.196925504598767, 1725954.863048238214105 ], [ 399568.386692911793943, 1725780.695702695753425 ], [ 399645.325743663590401, 1725567.418758022598922 ], [ 399653.830091024807189, 1725531.672186381416395 ], [ 399830.383290615689475, 1725531.672186381416395 ], [ 400822.129287573392503, 1725446.688606845913455 ], [ 401354.061542524024844, 1725344.829238876700401 ], [ 402010.488580548262689, 1725141.110502938041463 ], [ 402649.350432549312245, 1724174.649228031747043 ], [ 402443.240269884292502, 1723819.70916142850183 ], [ 402337.231638952798676, 1722951.385481769684702 ], [ 402353.345816957938951, 1722369.033389433287084 ], [ 402421.048423191532493, 1721888.118776361923665 ], [ 402462.565923053130973, 1721809.377002195920795 ], [ 402290.406812096014619, 1721787.004150726366788 ], [ 400853.045070543070324, 1721696.135451478185132 ], [ 400758.480515491974074, 1721757.251081615220755 ], [ 400682.133185939164832, 1722558.898041919572279 ], [ 400768.023931686067954, 1723212.622051215497777 ], [ 400591.470732095185667, 1723608.67382327048108 ], [ 400037.952592837333214, 1724429.407615963136777 ], [ 399651.444236976269167, 1725068.816500967834145 ] ] ] ] } },
{ "type": "Feature", "properties": { "fid": 698, "qgs_fid_0": 756, "qgs_fid": 90, "Dialgeo": 201252, "DIA": 17, "SEDE": "201" }, "geometry": { "type": "MultiPolygon", "coordinates": [ [ [ [ 398859.391223191050813, 1718838.385270670289174 ], [ 398450.539037869079039, 1719074.642415822017938 ], [ 398050.175133211072534, 1719257.140450100414455 ], [ 397946.901051797671244, 1719315.143701305845752 ], [ 397669.61721676948946, 1719408.514788611093536 ], [ 397304.621148212114349, 1719513.203583468915895 ], [ 397630.524386330565903, 1719904.303813296603039 ], [ 397875.958781857625581, 1720252.932216033805162 ], [ 398101.172730024438351, 1720609.230443628970534 ], [ 398109.539811691618524, 1720668.497272097039968 ], [ 398083.741309889068361, 1720685.231435428373516 ], [ 398045.39218558795983, 1720709.635423619998619 ], [ 397942.19817837770097, 1720767.507738474290818 ], [ 397818.783723808708601, 1720841.416959854774177 ], [ 397702.341837294457946, 1720906.959099569125101 ], [ 397602.755136404419318, 1720958.913430334767327 ], [ 397453.304948266188148, 1721053.964076034491882 ], [ 397428.614206580561586, 1721114.513798804255202 ], [ 397381.930402700090781, 1721212.017946149455383 ], [ 397345.58794778061565, 1721280.270849290769547 ], [ 397328.007654547109269, 1721303.021817004540935 ], [ 397319.549908432643861, 1721319.420241785468534 ], [ 397303.058499999984633, 1721352.1018 ], [ 397321.027243998425547, 1721389.741414718329906 ], [ 397331.959527185594197, 1721397.128092547412962 ], [ 397465.982106364157517, 1721593.504231107886881 ], [ 397713.703037397586741, 1721953.788133754394948 ], [ 397724.635320584988222, 1721970.740559375379235 ], [ 397748.863623864657711, 1721964.831217112019658 ], [ 397771.46685802214779, 1721963.501615102635697 ], [ 397835.509354801091831, 1721951.091996349627152 ], [ 397857.30005439708475, 1721945.773588312556967 ], [ 397888.767301949381363, 1721933.807170229265466 ], [ 397958.054339986993, 1721915.783676326274872 ], [ 398001.709605957497843, 1721905.590060921851546 ], [ 398097.588684180343989, 1721879.071887514786795 ], [ 398125.842726876959205, 1721872.423877467866987 ], [ 398163.77331752970349, 1721849.525176197756082 ], [ 398166.83878882881254, 1721850.485444315476343 ], [ 398185.71175068244338, 1721833.496085308026522 ], [ 398197.419635041500442, 1721822.748469066107646 ], [ 398198.749237050767988, 1721805.611376502551138 ], [ 398222.238872547459323, 1721746.81342098210007 ], [ 398222.86674016219331, 1721738.94660908728838 ], [ 398226.412345520220697, 1721733.037266823928803 ], [ 398229.957950878248084, 1721722.991384976310655 ], [ 398235.299899999983609, 1721719.73 ], [ 398287.241637444356456, 1721580.61316982563585 ], [ 398294.037381047208328, 1721551.65739273512736 ], [ 398309.992605158186052, 1721493.450371441198513 ], [ 398337.830000000016298, 1721387.08 ], [ 398346.187326521263458, 1721345.716814857674763 ], [ 398359.926547283423133, 1721317.499705550028011 ], [ 398400.110074674186762, 1721199.608327396214008 ], [ 398638.87393650849117, 1721126.478783804224804 ], [ 398782.444519112294074, 1720836.774712427519262 ], [ 398854.8076, 1720724.2008 ], [ 398866.118200000026263, 1720658.9411 ], [ 399012.260300000023562, 1720547.331 ], [ 399156.1484, 1720400.0719 ], [ 399250.789999999979045, 1720229.97 ], [ 399910.937099944800138, 1719873.399141774279997 ], [ 400193.466000902990345, 1719736.728307624114677 ], [ 399928.914586870931089, 1719291.093572756974027 ], [ 399663.027974287455436, 1719117.10087991389446 ], [ 399157.895759879611433, 1718712.475774152670056 ], [ 398859.391223191050813, 1718838.385270670289174 ] ] ] ] } },
{ "type": "Feature", "properties": { "fid": 699, "qgs_fid_0": 757, "qgs_fid": 91, "Dialgeo": 201253, "DIA": 17, "SEDE": "201" }, "geometry": { "type": "MultiPolygon", "coordinates": [ [ [ [ 397644.469522440049332, 1719953.809046485461295 ], [ 397633.313413552474231, 1719937.772139959270135 ], [ 397619.368277442990802, 1719918.248949405970052 ], [ 397192.724930474767461, 1719411.076951354043558 ], [ 396356.016763928520959, 1719779.228544634301215 ], [ 395825.130413354316261, 1720091.69157921592705 ], [ 395776.376950307691004, 1720145.226814588997513 ], [ 395661.972320882952772, 1720246.482590022264048 ], [ 395552.776924044126645, 1720318.905312056420371 ], [ 395313.743127962748986, 1720483.664916225010529 ], [ 394823.679516996489838, 1720671.618700614664704 ], [ 395209.154607147793286, 1720939.670866978354752 ], [ 395754.206322796875611, 1720892.316706652054563 ], [ 395706.515621187281795, 1721262.627440377371386 ], [ 395641.10681201913394, 1721706.601034639868885 ], [ 396062.502744361700024, 1721864.457327432464808 ], [ 396619.972264026815537, 1722208.213601557537913 ], [ 396786.836027700453997, 1722413.366143712541088 ], [ 396872.21269909851253, 1722588.968560290755704 ], [ 396886.395120530505665, 1722806.432355581782758 ], [ 396941.561385485052597, 1723081.996542058186606 ], [ 397379.36560338945128, 1722827.903085890226066 ], [ 397572.61978131957585, 1722818.359669695142657 ], [ 397854.150559045549016, 1722820.745523743797094 ], [ 397843.768759331665933, 1722522.851746233645827 ], [ 397793.566269337490667, 1722157.024342294316739 ], [ 397770.580456683237571, 1722087.597802634583786 ], [ 397739.851876913860906, 1722023.776906190440059 ], [ 397717.996966554666869, 1721971.626767691457644 ], [ 397685.248521953355521, 1721927.868947065668181 ], [ 397629.062263177416753, 1721842.622277720365673 ], [ 397597.501908253645524, 1721804.635912387399003 ], [ 397579.892488625831902, 1721766.587075232062489 ], [ 397550.641610404942185, 1721725.124142033280805 ], [ 397519.086142764019314, 1721688.29303923738189 ], [ 397488.631062027881853, 1721637.592297790572047 ], [ 397446.549890314345248, 1721586.943572277668864 ], [ 397414.157468602061272, 1721546.946829054737464 ], [ 397293.725219235173427, 1721356.942411797586828 ], [ 397306.586288842489012, 1721341.58027527295053 ], [ 397318.848174038925208, 1721316.908771323272958 ], [ 397375.873326880158857, 1721211.870212592883036 ], [ 397443.978496465249918, 1721048.329165454488248 ], [ 397587.390846519672778, 1720966.004641050938517 ], [ 398096.989189193060156, 1720672.680812929756939 ], [ 398090.713877943810076, 1720609.927700436906889 ], [ 397952.657030459842645, 1720389.594549907138571 ], [ 397825.756291863450315, 1720197.151671595871449 ], [ 397683.515903546649497, 1719999.130738841602579 ], [ 397672.359794659074396, 1719985.882859537377954 ], [ 397661.203685771441087, 1719972.634980233386159 ], [ 397656.322888133116066, 1719964.267898567719385 ], [ 397651.442090494791046, 1719960.084357734769583 ], [ 397644.469522440049332, 1719953.809046485461295 ] ] ] ] } },
{ "type": "Feature", "properties": { "fid": 700, "qgs_fid_0": 758, "qgs_fid": 92, "Dialgeo": 201254, "DIA": 19, "SEDE": "201" }, "geometry": { "type": "MultiPolygon", "coordinates": [ [ [ [ 399482.645063043106347, 1722411.869786177529022 ], [ 399471.908719824743457, 1722410.676859153201804 ], [ 399427.173956414859276, 1722450.639914466068149 ], [ 399417.034076708659995, 1722458.990403635893017 ], [ 399408.087124026671518, 1722464.35857524513267 ], [ 399395.561390271934215, 1722462.569184708641842 ], [ 399388.15582904702751, 1722456.760279634967446 ], [ 399357.854297883750405, 1722438.154076288919896 ], [ 399303.630505275796168, 1722498.491335710976273 ], [ 399276.518608971789945, 1722523.47680877498351 ], [ 399252.064741717244033, 1722565.207864850759506 ], [ 399215.118137930403464, 1722626.342532987007871 ], [ 399167.805220850859769, 1722678.705705260392278 ], [ 399103.746720760012977, 1722724.423804910387844 ], [ 399019.487199893745128, 1722785.824275951599702 ], [ 399065.471102448413149, 1722858.920074810972437 ], [ 399079.824459315219428, 1722895.335072787944227 ], [ 399090.988181322754826, 1722934.939705624012277 ], [ 399102.949312045355327, 1722967.500561478780583 ], [ 399132.719237398821861, 1723029.166835425421596 ], [ 399161.957556941895746, 1723096.016266018617898 ], [ 399097.633253946434706, 1723173.763615713454783 ], [ 398975.36391767358873, 1723402.354113962734118 ], [ 398971.11107119458029, 1723418.302288259379566 ], [ 398934.683949170052074, 1723429.609430625569075 ], [ 398735.875500321621075, 1723474.253799750003964 ], [ 398684.575539667974226, 1723482.759492708137259 ], [ 398535.725912900990807, 1723520.503505209693685 ], [ 398435.784020643273834, 1723299.887094107922167 ], [ 398358.036670948029496, 1723314.506253879517317 ], [ 398262.347625169204548, 1723127.381008801283315 ], [ 398219.553357473749202, 1723146.120113599579781 ], [ 398214.104397922463249, 1723151.037467340938747 ], [ 398195.49819457664853, 1723165.52372566005215 ], [ 398174.366863633855246, 1723183.199618838727474 ], [ 398133.300314820429776, 1723181.073195599485189 ], [ 398096.776149617158808, 1723181.86025623511523 ], [ 398088.113820980419405, 1723179.07967381272465 ], [ 398064.865701395145152, 1723174.76904551894404 ], [ 397975.634633218636736, 1723165.905032123904675 ], [ 397964.40688291832339, 1723167.382367689860985 ], [ 397996.0, 1723408.0 ], [ 398022.194700554886367, 1723678.656233650632203 ], [ 398017.730677248677239, 1723739.597564182011411 ], [ 398034.431655588385183, 1724581.804043311392888 ], [ 398256.316082101198845, 1724579.418189262738451 ], [ 398481.255506956018507, 1724587.424317955272272 ], [ 398866.141263567318674, 1724591.607858787989244 ], [ 398961.528853700205218, 1724599.617029015906155 ], [ 399502.039470142452046, 1725189.854197868611664 ], [ 399651.701728440704755, 1725054.04376906924881 ], [ 399831.558783513726667, 1724715.929580602096394 ], [ 400016.273396377102472, 1724424.00074593606405 ], [ 400288.795291323680431, 1724006.918571432121098 ], [ 400445.924230946402531, 1723784.421932416502386 ], [ 400533.648953532450832, 1723640.785580760799348 ], [ 400616.704762777895667, 1723492.5478929807432 ], [ 400655.918140110559762, 1723420.749474096111953 ], [ 400683.496764459763654, 1723346.690868701552972 ], [ 400729.665561370435171, 1723270.240744466194883 ], [ 400752.66482243151404, 1723212.375880644191056 ], [ 400735.838036761269905, 1723085.365400284761563 ], [ 400714.280778270098381, 1722939.889725200366229 ], [ 400690.348079514573328, 1722782.87022515386343 ], [ 400671.971897941373754, 1722566.903569602640346 ], [ 400513.726157652621623, 1722535.241977086756378 ], [ 400478.779594703519251, 1722519.21928082103841 ], [ 400409.988522080413532, 1722473.305166966514662 ], [ 400331.947143765573855, 1722438.984878934221342 ], [ 400283.069915324973408, 1722427.644481928320602 ], [ 400186.694615782762412, 1722454.637693657772616 ], [ 400085.750096860574558, 1722500.136690128361806 ], [ 400029.032971615495626, 1722556.996082946658134 ], [ 399877.948359590023756, 1722568.054991396842524 ], [ 399782.711262109107338, 1722589.26814956846647 ], [ 399656.215945073287003, 1722633.157749178120866 ], [ 399638.918503221473657, 1722628.386041081044823 ], [ 399626.392769466736354, 1722618.246161374961957 ], [ 399611.48118166346103, 1722596.177011426072568 ], [ 399541.098487231938634, 1722580.07249659858644 ], [ 399489.653509309748188, 1722542.793527090223506 ], [ 399483.241526555211749, 1722534.144806164316833 ], [ 399488.013234652287792, 1722507.303948118584231 ], [ 399500.538968407025095, 1722482.252480609109625 ], [ 399501.731895431294106, 1722454.815159050980583 ], [ 399488.609698164393194, 1722433.342472614254802 ], [ 399482.645063043106347, 1722411.869786177529022 ] ] ] ] } },
{ "type": "Feature", "properties": { "fid": 701, "qgs_fid_0": 759, "qgs_fid": 93, "Dialgeo": 201255, "DIA": 17, "SEDE": "201" }, "geometry": { "type": "MultiPolygon", "coordinates": [ [ [ [ 398196.580702901701443, 1722095.665743412217125 ], [ 398183.797661467979196, 1722103.33556827227585 ], [ 398165.176786317082588, 1722114.337576374178752 ], [ 398130.311666963389143, 1722134.429340069647878 ], [ 397987.305584190471563, 1722216.569197529926896 ], [ 397909.078480110852979, 1722262.542538855690509 ], [ 397831.218136832758319, 1722294.848770841956139 ], [ 397836.098934471199755, 1722348.537544863997027 ], [ 397864.886902264261153, 1722826.1136953542009 ], [ 397867.272756312799174, 1722855.936870960751548 ], [ 397872.640927921980619, 1722909.022123540285975 ], [ 397930.228603209950961, 1722891.46817739168182 ], [ 397941.500921565108001, 1722884.146980934077874 ], [ 397954.865010336681735, 1722875.7798992684111 ], [ 397959.164760637155268, 1722873.223290981957689 ], [ 397963.638825138914399, 1722870.666682695271447 ], [ 397966.0, 1722869.0 ], [ 398024.977641119330656, 1722834.834131832467392 ], [ 398082.298261073767208, 1722801.741815157467499 ], [ 398296.955118789686821, 1722669.963482684688643 ], [ 398323.016603627707809, 1722655.330539273563772 ], [ 398331.329602009267546, 1722648.886401339434087 ], [ 398405.329602009267546, 1722591.886401339434087 ], [ 398426.0, 1722570.0 ], [ 398450.893484749831259, 1722542.173956240061671 ], [ 398468.169999999983702, 1722516.54 ], [ 398473.939919576863758, 1722506.422435546992347 ], [ 398486.497271886502858, 1722485.444270512321964 ], [ 398497.0, 1722470.0 ], [ 398528.305868399620522, 1722434.032992821419612 ], [ 398558.148046829388477, 1722392.963064091280103 ], [ 398573.807803827279713, 1722376.416905753780156 ], [ 398568.784862903412431, 1722372.132632612949237 ], [ 398464.78043906862149, 1722288.072238916531205 ], [ 398309.660204655781854, 1722172.249130555195734 ], [ 398247.907578003883827, 1722122.906122656073421 ], [ 398205.655780820990913, 1722093.063944226130843 ], [ 398201.519241236674134, 1722093.95034556556493 ], [ 398196.580702901701443, 1722095.665743412217125 ] ] ] ] } },
{ "type": "Feature", "properties": { "fid": 702, "qgs_fid_0": 760, "qgs_fid": 94, "Dialgeo": 201256, "DIA": 17, "SEDE": "201" }, "geometry": { "type": "MultiPolygon", "coordinates": [ [ [ [ 398833.892730191699229, 1721543.790580839617178 ], [ 398733.700862052384764, 1721602.240344072692096 ], [ 398709.529292795923539, 1721612.931615089997649 ], [ 398695.351737751218025, 1721620.369021015241742 ], [ 398669.022081044386141, 1721631.839780563255772 ], [ 398643.057477340626065, 1721649.653806845191866 ], [ 398600.473710789694451, 1721777.209600241621956 ], [ 398585.10942090494791, 1721830.393680611625314 ], [ 398516.856517763517331, 1722015.356093454174697 ], [ 398501.492227878828999, 1722038.40252828085795 ], [ 398462.490568940760568, 1722017.424363246187568 ], [ 398441.807871019060258, 1722005.605678719468415 ], [ 398400.737942288804334, 1721977.536302969092503 ], [ 398357.008809540071525, 1721949.319193661678582 ], [ 398299.688189585634973, 1721910.760735393036157 ], [ 398241.0611, 1721823.0842 ], [ 398220.318336312077008, 1721816.876060192473233 ], [ 398211.306589360523503, 1721813.182721277931705 ], [ 398185.74868407152826, 1721834.087019534315914 ], [ 398176.293736450199503, 1721843.098766485927626 ], [ 398160.670912841509562, 1721857.207321139518172 ], [ 398127.874063279945403, 1721872.276143911061808 ], [ 397964.037549028696958, 1721917.99967967486009 ], [ 397933.161235702747945, 1721923.613554825074971 ], [ 397922.74601996364072, 1721928.488762192428112 ], [ 397913.291072342253756, 1721931.147966210730374 ], [ 397891.352639189630281, 1721935.506106130080298 ], [ 397875.840615748369601, 1721940.011979605769739 ], [ 397857.226187618798576, 1721949.762394340476021 ], [ 397830.289999999979045, 1721956.16 ], [ 397755.73323424597038, 1721968.007488578790799 ], [ 397727.094453882251401, 1721976.667248611571267 ], [ 397761.492456285632215, 1722043.139064066810533 ], [ 397823.315893037826754, 1722249.527078487444669 ], [ 397830.056042157113552, 1722290.432811074424535 ], [ 397909.775736916344613, 1722260.218349502887577 ], [ 397923.18, 1722253.16 ], [ 398204.871343134611379, 1722088.486681735375896 ], [ 398235.0, 1722109.0 ], [ 398264.0, 1722134.0 ], [ 398301.401642657991033, 1722161.440302061848342 ], [ 398323.249022562871687, 1722180.266235809773207 ], [ 398341.145280570082832, 1722191.887182567734271 ], [ 398355.954662730509881, 1722201.849500600947067 ], [ 398376.681562730518635, 1722220.568600601051003 ], [ 398392.742284175183158, 1722231.165982609149069 ], [ 398401.845943963970058, 1722239.320165244163945 ], [ 398436.669462920108344, 1722263.472214596578851 ], [ 398452.009112640516832, 1722274.860742419259623 ], [ 398468.975694907072466, 1722288.573459593579173 ], [ 398485.942277173628099, 1722300.659244221867993 ], [ 398524.0001, 1722330.0001 ], [ 398555.6201, 1722352.3801 ], [ 398581.785415882768575, 1722374.644103074911982 ], [ 398558.295780385960825, 1722396.65640300582163 ], [ 398553.568306575296447, 1722406.111350627150387 ], [ 398543.079224057961255, 1722424.28257808694616 ], [ 398504.520765789668076, 1722466.829842383041978 ], [ 398497.134087960526813, 1722476.432523560710251 ], [ 398476.451390038826503, 1722505.240567094413564 ], [ 398460.0, 1722531.0 ], [ 398444.0, 1722553.0 ], [ 398427.108382139820606, 1722574.67533868830651 ], [ 398424.005977451568469, 1722578.811878272797912 ], [ 398390.418094823719002, 1722611.635779463686049 ], [ 398374.148769362655003, 1722620.932536870008335 ], [ 398363.287485695676878, 1722629.484488180838525 ], [ 398314.830879136454314, 1722664.645074647385627 ], [ 398207.280849943810608, 1722734.670780469430611 ], [ 397992.180791557824705, 1722854.77816197113134 ], [ 397914.191696684109047, 1722902.159448408987373 ], [ 397908.428738649818115, 1722901.864561394788325 ], [ 397868.465683337126393, 1722912.600904612801969 ], [ 397861.904584703617729, 1722828.499549402622506 ], [ 397412.767560068867169, 1722842.218210181454197 ], [ 396934.403823339496739, 1723113.012644689297304 ], [ 396543.123759381356649, 1723719.019573014462367 ], [ 396314.081770722928923, 1724062.582556002074853 ], [ 396090.797013242088724, 1724843.843840540619567 ], [ 397630.005240336991847, 1724637.295677714049816 ], [ 397678.10549743368756, 1724082.728007657686248 ], [ 398006.319016446592286, 1724091.216288321884349 ], [ 398000.8805830302299, 1723661.759075849549845 ], [ 397966.475152712606359, 1723163.689028788590804 ], [ 398052.762034623359796, 1723171.371389569249004 ], [ 398076.418493163015228, 1723175.09263023850508 ], [ 398097.815627010830212, 1723181.073195599485189 ], [ 398131.439694485859945, 1723180.142885432345793 ], [ 398160.412211124435998, 1723182.269308671820909 ], [ 398174.499765086336993, 1723180.142885432345793 ], [ 398185.131881283887196, 1723169.909473592415452 ], [ 398219.420456021325663, 1723144.791099074762315 ], [ 398263.942442598869093, 1723124.191373942187056 ], [ 398298.231017336423974, 1723190.110494366846979 ], [ 398311.255359678529203, 1723220.412025530124083 ], [ 398362.821123236964922, 1723313.443042260129005 ], [ 398434.986611928383354, 1723294.30523310485296 ], [ 398496.652885874733329, 1723430.662123339017853 ], [ 398536.257518710976001, 1723514.124235490569845 ], [ 398566.824852779216599, 1723509.20688174944371 ], [ 398663.577110177779105, 1723484.487211589934304 ], [ 398726.306595743866637, 1723471.99447505758144 ], [ 398782.391008686390705, 1723459.235935620265082 ], [ 398861.14957138261525, 1723444.678253410384059 ], [ 398963.136984046141151, 1723412.055919993668795 ], [ 398977.490340912889224, 1723391.323293408378959 ], [ 399084.343108699249569, 1723179.744181074900553 ], [ 399159.83113370242063, 1723094.687251493800431 ], [ 399099.493874281062745, 1722969.095378909027204 ], [ 399069.723948927654419, 1722872.343121510464698 ], [ 399020.2846086085774, 1722791.671939860330895 ], [ 399016.563367939495947, 1722785.824275951832533 ], [ 399062.813073399243876, 1722752.33310992945917 ], [ 399095.772633611923084, 1722726.816031055059284 ], [ 399125.542558965331409, 1722707.146616089390591 ], [ 399141.756536166823935, 1722694.653879557037726 ], [ 399156.907301748462487, 1722683.490157549502328 ], [ 399184.550803862162866, 1722658.238881579833105 ], [ 399201.562189778371248, 1722640.164284044178203 ], [ 399235.319158705940936, 1722591.256549535319209 ], [ 399275.189594447088894, 1722522.147794250631705 ], [ 399331.539810294576455, 1722465.265972593566403 ], [ 399350.677619450318161, 1722436.559258859837428 ], [ 399364.99263527430594, 1722432.447777346009389 ], [ 399400.183982490038034, 1722450.938146221917123 ], [ 399413.902643269102555, 1722445.5699746129103 ], [ 399422.253132438927423, 1722429.465459785191342 ], [ 399464.602041800215375, 1722399.642284178640693 ], [ 399499.196925503842067, 1722396.063503105891868 ], [ 399503.968633600859903, 1722418.729116566944867 ], [ 399519.476684916298836, 1722462.867416464723647 ], [ 399500.38985252805287, 1722508.198643386829644 ], [ 399500.38985252805287, 1722540.40767304203473 ], [ 399581.508890177938156, 1722566.652067575603724 ], [ 399625.647190075658727, 1722580.967191866831854 ], [ 399681.339734167442657, 1722602.9377452111803 ], [ 399866.618448976660147, 1722547.56523518753238 ], [ 399998.235545628122054, 1722543.519780562492087 ], [ 400077.459498493350111, 1722489.760669689625502 ], [ 400300.984222648665309, 1722404.877863048342988 ], [ 400414.161298170336522, 1722444.489839480957016 ], [ 400503.137648847710807, 1722506.404597704065964 ], [ 400605.571732196607627, 1722535.997984452405944 ], [ 400675.344114978332072, 1722540.316226334078237 ], [ 400706.460893822833896, 1722209.752871620701626 ], [ 400738.836658888787497, 1721901.131425188155845 ], [ 399874.968938146485016, 1722065.622717385413125 ], [ 399601.788649590336718, 1722130.040776695357636 ], [ 399441.936428339220583, 1722166.425050935475156 ], [ 399362.010317713604309, 1722169.407368496060371 ], [ 399314.748199948342517, 1722143.544044056674466 ], [ 399212.483868478622753, 1722028.264252217952162 ], [ 399156.70332404068904, 1721856.274240201106295 ], [ 399137.180133487388957, 1721803.282722984906286 ], [ 399120.445970156055409, 1721759.587963175494224 ], [ 399100.457941732369363, 1721709.617892116308212 ], [ 399085.11829201184446, 1721660.112658927682787 ], [ 399088.836994974408299, 1721617.812412729021162 ], [ 399089.76667071483098, 1721585.971018611220643 ], [ 399057.692857662972528, 1721580.392964167520404 ], [ 399013.068422112613916, 1721575.27974759391509 ], [ 398987.502339245285839, 1721571.561044631758705 ], [ 398961.47141850751359, 1721566.44782805792056 ], [ 398929.397605455655139, 1721560.869773614220321 ], [ 398905.226036199252121, 1721556.221394910942763 ], [ 398869.433520184888039, 1721550.643340467242524 ], [ 398848.515816020604689, 1721546.924637504620478 ], [ 398833.892730191699229, 1721543.790580839617178 ] ] ] ] } },
{ "type": "Feature", "properties": { "fid": 703, "qgs_fid_0": 761, "qgs_fid": 95, "Dialgeo": 201260, "DIA": 9, "SEDE": "201" }, "geometry": { "type": "MultiPolygon", "coordinates": [ [ [ [ 389921.188307119649835, 1705433.552281899610534 ], [ 389727.815753084374592, 1705367.893932775361463 ], [ 389415.444704231747892, 1705356.737823887728155 ], [ 389248.103070917888544, 1705412.518368325661868 ], [ 389147.698090929538012, 1705473.876967207528651 ], [ 389134.651008991349954, 1705760.774194142781198 ], [ 389078.062471230514348, 1705896.586684768786654 ], [ 389016.761043236358091, 1705991.055693380534649 ], [ 388993.179664589231834, 1706083.328859379515052 ], [ 389021.262190186942462, 1706201.464443662436679 ], [ 389158.854199800640345, 1706346.493859200971201 ], [ 389352.226753852213733, 1706405.993106601526961 ], [ 389584.793468309217133, 1706337.977154780412093 ], [ 389690.628723442554474, 1706162.418062555836514 ], [ 389718.782777233864181, 1706089.439220738364384 ], [ 389737.112510474165902, 1706054.575676642358303 ], [ 389841.960220598033629, 1706058.790656437166035 ], [ 389968.980554364272393, 1706102.120581864146516 ], [ 390069.936425620689988, 1705988.103861187119037 ], [ 390004.859123776550405, 1705879.796637403313071 ], [ 390032.403327149571851, 1705738.772832009941339 ], [ 390084.811237471003551, 1705665.971217057667673 ], [ 390116.420212652476039, 1705574.862994475755841 ], [ 390030.890044514264446, 1705491.192177818855271 ], [ 389921.188307119649835, 1705433.552281899610534 ] ] ] ] } },
{ "type": "Feature", "properties": { "fid": 704, "qgs_fid_0": 762, "qgs_fid": 96, "Dialgeo": 201261, "DIA": 5, "SEDE": "201" }, "geometry": { "type": "MultiPolygon", "coordinates": [ [ [ [ 391796.079654401866719, 1719202.384627901716158 ], [ 391795.459870574704837, 1719204.863763210130855 ], [ 391780.387749686895404, 1719241.246820388594642 ], [ 391725.424298113386612, 1719435.423346888041124 ], [ 391636.175427012261935, 1719673.420336490962654 ], [ 391437.05790630140109, 1720140.116615132195875 ], [ 390955.196672549820505, 1721544.700339644216001 ], [ 390856.4406347204349, 1721854.474634085781872 ], [ 391126.042142204300035, 1721955.873431148240343 ], [ 391599.950275779643562, 1722070.680707903811708 ], [ 391903.830562023445964, 1722146.74175503035076 ], [ 392428.291360683389939, 1722251.967477327212691 ], [ 392905.889262404001784, 1722299.436414135387167 ], [ 393278.082493973895907, 1722323.294954620534554 ], [ 393340.114699235593434, 1722328.06666271830909 ], [ 393309.623962803278118, 1722154.351524560712278 ], [ 393230.601524831668939, 1721498.349080014741048 ], [ 393234.320227794116363, 1721169.243867830140516 ], [ 393213.867361500160769, 1721089.291754135861993 ], [ 393215.726712981471792, 1721007.480288960039616 ], [ 393204.570604093838483, 1720851.294764534337446 ], [ 393187.836440762446728, 1720728.57756677060388 ], [ 393182.258386318688281, 1720654.203507520025596 ], [ 393185.977089281193912, 1720576.110745307058096 ], [ 393182.258386318688281, 1720492.439928650157526 ], [ 393184.395427086215932, 1720458.686445414321497 ], [ 393185.0474135405384, 1720432.940681249601766 ], [ 393259.482467364752665, 1720316.018119428306818 ], [ 393283.522955674561672, 1720083.626732433680445 ], [ 393284.800407075032126, 1719999.426629541441798 ], [ 393295.956515962607227, 1719965.95830287784338 ], [ 393165.801912273396738, 1719896.54251424362883 ], [ 392966.231519950029906, 1719788.700128329684958 ], [ 392608.529450461035594, 1719611.058316220995039 ], [ 392535.747400749300141, 1719573.683750152820721 ], [ 392390.183301325829234, 1719504.835865290369838 ], [ 392255.438155237876344, 1719437.955062853172421 ], [ 392156.793841768987477, 1719379.642802449641749 ], [ 391959.702584753977135, 1719280.477390115149319 ], [ 391828.308413410617504, 1719217.259439751738682 ], [ 391796.079654401866719, 1719202.384627901716158 ] ] ] ] } },
{ "type": "Feature", "properties": { "fid": 705, "qgs_fid_0": 763, "qgs_fid": 97, "Dialgeo": 201262, "DIA": 5, "SEDE": "201" }, "geometry": { "type": "MultiPolygon", "coordinates": [ [ [ [ 394191.61009707977064, 1719047.280951694119722 ], [ 394098.475943077413831, 1719159.176676744362339 ], [ 393903.296350424119737, 1718978.088223272236064 ], [ 393800.296650376403704, 1719179.679677709238604 ], [ 393650.06264394428581, 1719433.625952247064561 ], [ 393523.222777919378132, 1719666.136624111095443 ], [ 393376.528413484571502, 1719958.520896953297779 ], [ 394311.162424738053232, 1720437.613795292796567 ], [ 394796.175472075003199, 1720648.276824735337868 ], [ 395292.622317574045155, 1720464.898284897673875 ], [ 395423.510493424721062, 1720397.090059995418414 ], [ 395457.560167301562615, 1720361.526463221060112 ], [ 395513.240249719761778, 1720327.724848867626861 ], [ 395585.390635364863556, 1720271.136311106849462 ], [ 395707.055991550674662, 1720179.179937245324254 ], [ 395902.286446825542953, 1720020.732031515100971 ], [ 395857.53144538885681, 1719975.94865662464872 ], [ 394834.931428926065564, 1718997.257128182565793 ], [ 394518.736268170410767, 1718644.497571086045355 ], [ 394191.61009707977064, 1719047.280951694119722 ] ] ] ] } },
{ "type": "Feature", "properties": { "fid": 706, "qgs_fid_0": 765, "qgs_fid": 99, "Dialgeo": 201284, "DIA": 5, "SEDE": "201" }, "geometry": { "type": "MultiPolygon", "coordinates": [ [ [ [ 392397.612061225518119, 1718056.689488194650039 ], [ 392233.989130874164402, 1718294.686477796640247 ], [ 392091.096756097453181, 1718675.568374874768779 ], [ 391991.931343762844335, 1718896.211417319020256 ], [ 391918.796852166124154, 1719048.678238783497363 ], [ 391832.027116373297758, 1719185.030680743744597 ], [ 392621.631712087313645, 1719573.015356502728537 ], [ 393305.873057196091395, 1719928.771273252321407 ], [ 393343.06008682155516, 1719942.406517448369414 ], [ 393519.288613070093561, 1719618.926645919913426 ], [ 393894.808069759979844, 1718971.01465605199337 ], [ 393865.495119807019364, 1718942.250291842967272 ], [ 393739.601844630029518, 1718824.225346364546567 ], [ 393636.116784218291286, 1718745.372883188072592 ], [ 393445.70975166594144, 1718594.837262227432802 ], [ 393388.64640073874034, 1718541.980224801693112 ], [ 393267.495963468041737, 1718368.738566334359348 ], [ 392866.821158304635901, 1718392.77905464428477 ], [ 392791.794575253792573, 1718383.935348897473887 ], [ 392613.296833052299917, 1718138.500953370239586 ], [ 392460.28863751643803, 1717976.647944080410525 ], [ 392397.612061225518119, 1718056.689488194650039 ] ] ] ] } },
{ "type": "Feature", "properties": { "fid": 707, "qgs_fid_0": 766, "qgs_fid": 100, "Dialgeo": 201300, "DIA": 18, "SEDE": "201" }, "geometry": { "type": "MultiPolygon", "coordinates": [ [ [ [ 393633.577567028347403, 1728032.047251105308533 ], [ 393555.136176414729562, 1727957.789401324931532 ], [ 393384.367499973275699, 1727820.761476500891149 ], [ 393220.943485075142235, 1727671.363187744282186 ], [ 393022.398830718302634, 1727468.994446363300085 ], [ 392800.354489064193331, 1727213.599991546943784 ], [ 392774.946282698831055, 1727248.373273093486205 ], [ 392742.542503620323259, 1727278.55893178936094 ], [ 392719.513434383028653, 1727324.872238569427282 ], [ 392691.900421818019822, 1727385.0685038655065 ], [ 392678.278800610569306, 1727454.439745143288746 ], [ 392669.393498538236599, 1727542.270312718814239 ], [ 392651.014094714133535, 1727588.561303408816457 ], [ 392641.976701546111144, 1727644.049099240219221 ], [ 392637.675582870666403, 1727717.996141569688916 ], [ 392628.768846192164347, 1727801.205441995756701 ], [ 392593.012125258566812, 1728106.318314771866426 ], [ 392565.46584652288584, 1728180.373452718602493 ], [ 392537.91976029187208, 1728254.428398085525259 ], [ 392515.066514822421595, 1728337.701611686497927 ], [ 392483.002534124418162, 1728439.499117060797289 ], [ 392460.236923684831709, 1728541.252358546946198 ], [ 392446.704142427886836, 1728629.100901270983741 ], [ 392400.715801062528044, 1728735.58323317207396 ], [ 392359.376884308003355, 1728842.04323145467788 ], [ 392313.454945373232476, 1728962.38502428564243 ], [ 392290.909188461489975, 1729110.336660457309335 ], [ 392263.627498220652342, 1729239.829325879923999 ], [ 392231.631725937884767, 1729355.483341405401006 ], [ 392172.475931196997408, 1729576.819703591521829 ], [ 392206.834026187891141, 1729662.48023964650929 ], [ 392249.779399061342701, 1729755.528547538910061 ], [ 392295.110625983274076, 1729812.789044703589752 ], [ 392427.671921993547585, 1729794.363826893502846 ], [ 392490.750657962402329, 1729769.8436718294397 ], [ 392815.823272073990665, 1729641.007553209317848 ], [ 392897.538773235981353, 1729609.394987066509202 ], [ 392943.466463670076337, 1729564.660223656566814 ], [ 392947.641708254988771, 1729517.539606198202819 ], [ 393040.69001614744775, 1729495.470456249313429 ], [ 393202.331627935054712, 1729452.525083375861868 ], [ 393236.330048126517795, 1729481.155331958085299 ], [ 393376.498973477398977, 1729429.26300640264526 ], [ 393517.860825852490962, 1729367.230801140889525 ], [ 393555.659119018877391, 1729315.871344149345532 ], [ 393603.155108087230474, 1729285.217068223049864 ], [ 393665.783776861033402, 1729262.551454761996865 ], [ 393760.652619822765701, 1729235.599654421210289 ], [ 393844.246490021585487, 1729232.408534631831571 ], [ 393954.598002787970472, 1729219.189279346959665 ], [ 394200.773563062772155, 1729171.843597268918529 ], [ 394413.208090081578121, 1729116.571713509038091 ], [ 394543.216511047561653, 1729081.31865771766752 ], [ 394689.549825125897769, 1729057.541152306599542 ], [ 394726.63424673199188, 1729034.269146898528561 ], [ 394923.426478616835084, 1728358.81300722528249 ], [ 394612.083756500273012, 1728333.159710171166807 ], [ 394284.64110912225442, 1728312.344486898742616 ], [ 393755.946136385726277, 1728138.204599736025557 ], [ 393728.753120973007753, 1728114.149239947786555 ], [ 393703.475643936777487, 1728092.966877749422565 ], [ 393633.577567028347403, 1728032.047251105308533 ] ] ] ] } },
{ "type": "Feature", "properties": { "fid": 708, "qgs_fid_0": 768, "qgs_fid": 102, "Dialgeo": 201303, "DIA": 19, "SEDE": "201" }, "geometry": { "type": "MultiPolygon", "coordinates": [ [ [ [ 399235.112705508596264, 1726807.209407072747126 ], [ 399044.244381626485847, 1726389.684948581038043 ], [ 398757.941895803494845, 1726425.472759308991954 ], [ 398714.847407051885966, 1726394.754888434428722 ], [ 398674.287888226972427, 1726194.044916602317244 ], [ 398555.293417556793429, 1726219.394615867873654 ], [ 398562.15274794632569, 1726259.357671180739999 ], [ 398410.054552352812607, 1726293.057859616354108 ], [ 398414.58966408384731, 1726303.029517129529268 ], [ 398427.140286582347471, 1726359.50731837307103 ], [ 398434.495059967332054, 1726387.826167656807229 ], [ 398440.404402230575215, 1726409.395266918232664 ], [ 398481.0, 1726571.0 ], [ 398586.883099999977276, 1726884.7344 ], [ 398643.0, 1727026.0 ], [ 398687.449493959429674, 1727127.303270663367584 ], [ 398906.852968748775311, 1727264.895280276890844 ], [ 399561.577109089761507, 1727451.760104151908308 ], [ 399291.0, 1726910.0 ], [ 399235.112705508596264, 1726807.209407072747126 ] ] ] ] } },
{ "type": "Feature", "properties": { "fid": 709, "qgs_fid_0": 769, "qgs_fid": 103, "Dialgeo": 201305, "DIA": 19, "SEDE": "201" }, "geometry": { "type": "MultiPolygon", "coordinates": [ [ [ [ 400781.109133302874397, 1726023.24074038118124 ], [ 400738.334139061393216, 1726016.383516563102603 ], [ 400676.830030233832076, 1726009.435994130559266 ], [ 400630.123163479845971, 1725998.32829314051196 ], [ 400606.416432093712501, 1726002.511833973461762 ], [ 400568.764564598095603, 1726010.878915639128536 ], [ 400493.460829606861807, 1726023.429538137745112 ], [ 400461.24, 1726027.65 ], [ 400393.669999999983702, 1726039.59 ], [ 400369.884537338570226, 1726041.946721009677276 ], [ 400340.061361732019577, 1726043.139648034004495 ], [ 400339.3001, 1726045.0814 ], [ 400301.291233443480451, 1726044.630806814180687 ], [ 400221.961586330027785, 1726050.297210179502144 ], [ 400157.543527019734029, 1726052.086600715527311 ], [ 400161.122308092541061, 1725897.602551073534414 ], [ 399733.457969894399866, 1725913.707065901253372 ], [ 399744.194313112820964, 1726006.158910281490535 ], [ 399762.08821847679792, 1726124.258685683598742 ], [ 399780.578587352822069, 1726185.694427432958037 ], [ 399782.367977889254689, 1726198.22016118792817 ], [ 399780.578587352822069, 1726214.324676015414298 ], [ 399776.999806280073244, 1726239.972607037052512 ], [ 399773.421025207266212, 1726297.233104201732203 ], [ 399774.017488719371613, 1726359.861772975418717 ], [ 399781.175050864985678, 1726495.855453741271049 ], [ 399878.696835098380689, 1726498.837771301390603 ], [ 399999.182464548852295, 1726504.802406422793865 ], [ 400035.71173681266373, 1726825.623492836486548 ], [ 400041.638419659342617, 1726839.220000543398783 ], [ 400085.565598404209595, 1726821.091323601081967 ], [ 400132.281804371043108, 1726798.081849020440131 ], [ 400158.777562979026698, 1726786.228483327198774 ], [ 400190.851376030885149, 1726770.888833606848493 ], [ 400250.118204496218823, 1726741.604047776898369 ], [ 400278.008476715243887, 1726727.658911667298526 ], [ 400301.715208101377357, 1726716.502802779665217 ], [ 400329.605480320344213, 1726703.95218028081581 ], [ 400349.128670873644296, 1726691.401557782664895 ], [ 400367.257347816019319, 1726680.942705700406805 ], [ 400399.331160867819563, 1726668.392083202023059 ], [ 400431.404973919678014, 1726655.144203898031265 ], [ 400465.570557387953158, 1726639.107297372072935 ], [ 400494.158086412411649, 1726625.162161262240261 ], [ 400508.800479327270295, 1726617.492336402181536 ], [ 400547.149603628378827, 1726597.271889043273404 ], [ 400579.223416680179071, 1726584.02400973928161 ], [ 400637.095731534587685, 1726561.014535158639774 ], [ 400657.316178893321194, 1726554.739223909331486 ], [ 400676.14211264118785, 1726542.885858215857297 ], [ 400689.389991945179645, 1726536.610546966549009 ], [ 400701.940614443738014, 1726533.124262939207256 ], [ 400720.766548191546462, 1726527.546208495507017 ], [ 400737.500711522938218, 1726521.968154051573947 ], [ 400768.877267769246828, 1726508.720274747814983 ], [ 400798.162053599196952, 1726496.169652249431238 ], [ 400830.235866651055403, 1726478.040975307114422 ], [ 400886.016411088989116, 1726458.51778475381434 ], [ 400955.742091636464465, 1726427.838485312880948 ], [ 401047.779989959031809, 1726392.975645038997754 ], [ 401178.864269388257526, 1726337.195100601064041 ], [ 401277.874735765682999, 1726293.965178661979735 ], [ 401556.77745795546798, 1726182.404089785879478 ], [ 401543.180950248672161, 1726161.835014024050906 ], [ 401515.290678029647097, 1726114.421551251783967 ], [ 401509.71262358588865, 1726103.265442364150658 ], [ 401505.529082753055263, 1726097.687387920450419 ], [ 401500.996913517592475, 1726088.971677852096036 ], [ 401299.8383251382038, 1726090.366191462846473 ], [ 400868.749965935363434, 1726038.720779959578067 ], [ 400781.109133302874397, 1726023.24074038118124 ] ] ] ] } },
{ "type": "Feature", "properties": { "fid": 710, "qgs_fid_0": 770, "qgs_fid": 104, "Dialgeo": 201307, "DIA": 18, "SEDE": "201" }, "geometry": { "type": "MultiPolygon", "coordinates": [ [ [ [ 399392.614583007525653, 1729991.464141538366675 ], [ 398566.899218639940955, 1729959.093975759111345 ], [ 398883.0501174730598, 1730710.764862216543406 ], [ 398863.963285084872041, 1730820.514148448593915 ], [ 398788.80888255633181, 1731333.472768881358206 ], [ 398804.913397383934353, 1731406.837780873291194 ], [ 398712.461553003638983, 1731487.360355011420324 ], [ 398751.828144804283511, 1731581.601589928148314 ], [ 398814.12500789918704, 1731622.476607104064897 ], [ 398965.682817738153972, 1731731.516921347705647 ], [ 398992.0, 1731761.0 ], [ 398963.085725424112752, 1732174.401845483109355 ], [ 399397.924865787674207, 1732336.681980185676366 ], [ 400087.844651391147636, 1732693.172533918172121 ], [ 400422.355201200523879, 1732657.059821723494679 ], [ 400138.600622953497805, 1729960.460917101008818 ], [ 399392.614583007525653, 1729991.464141538366675 ] ] ] ] } },
{ "type": "Feature", "properties": { "fid": 711, "qgs_fid_0": 771, "qgs_fid": 105, "Dialgeo": 201320, "DIA": 11, "SEDE": "201" }, "geometry": { "type": "MultiPolygon", "coordinates": [ [ [ [ 401221.962674705602694, 1705603.741001853486523 ], [ 401086.237215404340532, 1705483.042384865460917 ], [ 400962.172804881003685, 1705382.836514827562496 ], [ 400795.163021484273486, 1705222.984293576329947 ], [ 400737.902524319652002, 1705113.235007344279438 ], [ 400567.607404684356879, 1705147.056131660938263 ], [ 400465.306229648937006, 1705165.995558599242941 ], [ 400133.917365822242573, 1705479.596478266408667 ], [ 400039.524665932753123, 1705611.809132906608284 ], [ 399785.74352054746123, 1706112.371883510379121 ], [ 399999.480696301092394, 1706219.078358835773543 ], [ 400197.059234694694169, 1705939.933435157174245 ], [ 400219.72484815568896, 1705960.809658081736416 ], [ 400278.029156466422137, 1706029.999425489222631 ], [ 400297.115988854609895, 1706105.750291530042887 ], [ 400309.641722609405406, 1706141.538102257763967 ], [ 400316.799284754961263, 1706161.817861670395359 ], [ 400335.886117143149022, 1706188.062256203964353 ], [ 400357.358803579991218, 1706219.674822347005829 ], [ 400383.006734601629432, 1706252.480315513908863 ], [ 400496.93126541870879, 1706402.192657059291378 ], [ 400516.651806493871845, 1706457.867650263942778 ], [ 400523.447550096781924, 1706544.734981535701081 ], [ 400524.924885662621818, 1706577.236363984411582 ], [ 400525.811287002114113, 1706592.896120982477441 ], [ 400594.15633323835209, 1706589.545960594667122 ], [ 400661.092986563919112, 1706592.334987816633657 ], [ 400698.280016189208254, 1706596.053690778557211 ], [ 400753.595722756872419, 1706596.053690778557211 ], [ 400882.355812834459357, 1706606.280123925535008 ], [ 400890.258056629856583, 1706653.693586698034778 ], [ 400916.75381523789838, 1706654.158424568362534 ], [ 401006.002686338615604, 1706663.45518197468482 ], [ 401006.467524209001567, 1706550.034741617273539 ], [ 401008.326875690254383, 1706467.293600701028481 ], [ 401008.326875690254383, 1706439.403328482061625 ], [ 401013.846825415384956, 1706363.228022533934563 ], [ 401144.931104844436049, 1706296.291369208600372 ], [ 401020.509479252097663, 1706097.424611187307164 ], [ 401185.7428, 1705984.1494 ], [ 401368.631227317964658, 1705896.480135240126401 ], [ 401486.586939527129289, 1705842.609607778955251 ], [ 401422.997176141187083, 1705773.565816161688417 ], [ 401221.962674705602694, 1705603.741001853486523 ] ] ] ] } },
{ "type": "Feature", "properties": { "fid": 712, "qgs_fid_0": 772, "qgs_fid": 106, "Dialgeo": 201321, "DIA": 11, "SEDE": "201" }, "geometry": { "type": "MultiPolygon", "coordinates": [ [ [ [ 397661.203685772547033, 1702522.388909623026848 ], [ 397008.571315848326776, 1702798.50260459096171 ], [ 396810.550383093534037, 1702778.979414037661627 ], [ 396534.436688125657383, 1703456.713028958998621 ], [ 393329.224971446674317, 1703378.702595117501915 ], [ 393244.508269583864603, 1703579.512555088615045 ], [ 393486.099143828148954, 1704407.022208981448784 ], [ 394124.23603645619005, 1705520.219571654684842 ], [ 394264.036666693282314, 1705561.202787497080863 ], [ 394371.049797685060184, 1705556.088646617950872 ], [ 394501.457927632553037, 1705578.61696259630844 ], [ 394650.79659160861047, 1705670.431341444374993 ], [ 394846.080987025925424, 1705632.543758979532868 ], [ 394961.148328190320171, 1705636.986767787020653 ], [ 395037.542854167462792, 1705682.257597995689139 ], [ 395108.278526368492749, 1705809.581807957496494 ], [ 395099.790245704352856, 1706140.624753858428448 ], [ 395125.255087696714327, 1706202.872145395260304 ], [ 395173.355344793468248, 1706219.848706723656505 ], [ 395261.06757832277799, 1706222.678133611567318 ], [ 395300.679554755333811, 1706200.042718507349491 ], [ 395453.468606709619053, 1706151.942461410537362 ], [ 395716.605307297490072, 1706072.718508545542136 ], [ 395978.496886255277786, 1705978.898137551499531 ], [ 396146.066571603994817, 1705987.393715943442658 ], [ 396387.926979022682644, 1705958.559737933101133 ], [ 396522.991970389499329, 1705948.223725471179932 ], [ 396613.5336308068363, 1705931.247164143016562 ], [ 396749.346121432841755, 1705812.411234845174477 ], [ 396874.404069375246763, 1705475.411282828310505 ], [ 397246.366971531533636, 1705399.758109553717077 ], [ 397427.551874283759389, 1705329.58144160034135 ], [ 397609.065573649422731, 1705333.401471971534193 ], [ 397674.544528663042001, 1705407.108134831301868 ], [ 397964.60237305809278, 1705752.681625786237419 ], [ 398128.619468007935211, 1706010.940179219236597 ], [ 398231.241503568773624, 1706065.983731743413955 ], [ 398668.042512878018897, 1706162.069434200413525 ], [ 399050.461494182760362, 1706108.636048268061131 ], [ 399137.949288389529102, 1705895.520285092294216 ], [ 399230.677209614193998, 1705816.496275158133358 ], [ 399356.162012819782831, 1705778.951934330863878 ], [ 399472.843019923777319, 1705857.063544120872393 ], [ 399739.228707564121578, 1706117.198309879982844 ], [ 399877.711090632481501, 1705857.61803968786262 ], [ 400062.432631075149402, 1705528.465140367858112 ], [ 400461.02909995027585, 1705152.139594168635085 ], [ 401005.142193674168084, 1705064.244367786450312 ], [ 400999.775576462270692, 1704897.773764533456415 ], [ 400882.599943621782586, 1704704.031726725166664 ], [ 400261.994064724189229, 1704322.831615370698273 ], [ 400199.131124139414169, 1704275.483633755939081 ], [ 399897.916184182744473, 1704120.169680340914056 ], [ 399681.417946088884491, 1704026.040011604549363 ], [ 398791.484977877582423, 1703376.982040964299813 ], [ 397661.203685772547033, 1702522.388909623026848 ] ] ] ] } },
{ "type": "Feature", "properties": { "fid": 713, "qgs_fid_0": 773, "qgs_fid": 107, "Dialgeo": 201322, "DIA": 10, "SEDE": "201" }, "geometry": { "type": "MultiPolygon", "coordinates": [ [ [ [ 402594.942389939853456, 1708777.835997254820541 ], [ 402599.73199205234414, 1708810.184103182516992 ], [ 402613.780269976705313, 1708917.777519475901499 ], [ 402616.166124025243334, 1709189.764881007838994 ], [ 402673.426621189864818, 1709299.514167239889503 ], [ 402706.828577869222499, 1709397.334183229366317 ], [ 402706.828577869222499, 1709485.610783024923876 ], [ 402673.426621189864818, 1709554.800550432177261 ], [ 402632.867102364951279, 1709616.832755693700165 ], [ 402616.166124025301542, 1709678.864960955455899 ], [ 402577.992459248867817, 1709802.929371478734538 ], [ 402640.024664510565344, 1709922.222073904937133 ], [ 402787.947615519049577, 1710043.900630379794165 ], [ 402964.462631418020464, 1710066.351759416749701 ], [ 402963.586654995800927, 1709858.283930713310838 ], [ 403396.209708541049622, 1709837.97141838283278 ], [ 403542.769601529522333, 1709837.357654154999182 ], [ 403694.572153958608396, 1709843.488890303764492 ], [ 403875.897061646508519, 1709843.488890303764492 ], [ 404209.916628440027125, 1709838.717182206688449 ], [ 404223.08748209301848, 1709391.065700350562111 ], [ 404367.059911142801866, 1709394.263612658251077 ], [ 404411.346819571277592, 1709398.038268405478448 ], [ 404518.724367614311632, 1709403.616322849411517 ], [ 404665.148296764004044, 1709407.799863682128489 ], [ 404759.655385367397685, 1709402.511135877575725 ], [ 404826.911875634104945, 1709400.827295627444983 ], [ 404825.517362023121677, 1709264.164961754810065 ], [ 404819.939307579421438, 1709181.888658708659932 ], [ 404833.884443688788451, 1708940.637804014375433 ], [ 404834.959120354149491, 1708919.312169712968171 ], [ 404833.913235145795625, 1708877.999703990994021 ], [ 404834.020422813715413, 1708807.196258503012359 ], [ 404835.269482582691126, 1708756.92386327800341 ], [ 404652.681426673429087, 1708766.925967401824892 ], [ 404603.825994798564352, 1708767.127975964453071 ], [ 404564.285921683069319, 1708769.60355670354329 ], [ 404527.062732520280406, 1708769.757601499790326 ], [ 404478.207292154023889, 1708769.959876484936103 ], [ 404415.383565927506424, 1708767.908121490618214 ], [ 404349.089317514328286, 1708770.494958663824946 ], [ 404292.100874403957278, 1708773.043371469480917 ], [ 404260.703389703005087, 1708775.485688969260082 ], [ 404230.45953473483678, 1708775.611244304571301 ], [ 404190.909875214914791, 1708775.775491904933006 ], [ 404142.054408723779488, 1708775.978479654993862 ], [ 404100.187903020414524, 1708778.464527386007831 ], [ 404011.782760628499091, 1708778.832262680167332 ], [ 403944.306038513488602, 1708776.801154175773263 ], [ 403924.521566577721387, 1708774.571537939598784 ], [ 403876.829292886308394, 1708774.770242161583155 ], [ 403841.942142567073461, 1708777.227675373200327 ], [ 403809.362165468104649, 1708775.051504413364455 ], [ 403760.506653158692643, 1708775.2553003099747 ], [ 403709.315030489000492, 1708773.156933512771502 ], [ 403637.204622539575212, 1708775.77010263199918 ], [ 403583.696183741965797, 1708775.993712563533336 ], [ 403495.290923198277596, 1708776.363427107222378 ], [ 403406.875963329570368, 1708774.42150076944381 ], [ 403332.448771875468083, 1708779.357347460230812 ], [ 402594.942389939853456, 1708777.835997254820541 ] ] ] ] } },
{ "type": "Feature", "properties": { "fid": 714, "qgs_fid_0": 774, "qgs_fid": 108, "Dialgeo": 201330, "DIA": 7, "SEDE": "201" }, "geometry": { "type": "MultiPolygon", "coordinates": [ [ [ [ 395570.479154556582216, 1713651.653410203987733 ], [ 395562.460701293603051, 1713651.304781801300123 ], [ 395552.350477614207193, 1713653.396552217658609 ], [ 395537.269148908148054, 1713653.556865174556151 ], [ 395526.810296826064587, 1713652.394770498620346 ], [ 395510.773390300164465, 1713653.556865174556151 ], [ 395500.684667900844943, 1713655.052050957456231 ], [ 395483.347955951467156, 1713660.761852164054289 ], [ 395463.127508592733648, 1713663.318460450740531 ], [ 395445.510843584139366, 1713668.49182867561467 ], [ 395422.919032810314093, 1713677.263596560806036 ], [ 395399.677139294508379, 1713684.701002486050129 ], [ 395386.661678925680462, 1713690.279056929750368 ], [ 395373.181380686466582, 1713697.251624984433874 ], [ 395355.517541614477523, 1713701.435165816918015 ], [ 395341.572405504994094, 1713709.337409612489864 ], [ 395323.908566433005035, 1713718.63416701881215 ], [ 395308.568916712538339, 1713725.606735073495656 ], [ 395292.764429121802095, 1713733.97381673916243 ], [ 395273.706076438829768, 1713740.481546923518181 ], [ 395246.745479960518423, 1713749.778304330306128 ], [ 395222.109072833729442, 1713765.582791920984164 ], [ 395204.910071632009931, 1713772.55535997566767 ], [ 395186.31655681936536, 1713780.922441641334444 ], [ 395165.398852655140217, 1713788.824685436673462 ], [ 395153.77790589723736, 1713795.332415621262044 ], [ 395138.438256176828872, 1713801.840145805617794 ], [ 395115.196362660964951, 1713811.13690321194008 ], [ 395098.927037199842744, 1713817.644633396295831 ], [ 395078.746383222402073, 1713827.64709112746641 ], [ 395050.119060816592537, 1713839.956851171562448 ], [ 395031.353482847800478, 1713846.745722621679306 ], [ 395011.547494631551672, 1713854.526646563783288 ], [ 394974.815325825358741, 1713871.565826353151351 ], [ 394957.434705397870857, 1713881.052523639053106 ], [ 394937.275038820633199, 1713891.309196108253673 ], [ 394919.034781387483235, 1713901.3154500531964 ], [ 394906.484158888924867, 1713907.823180237552151 ], [ 394898.016740749124438, 1713911.468862685607746 ], [ 394894.833635500108358, 1713920.310821710620075 ], [ 394892.12014243635349, 1713929.967484060442075 ], [ 394880.0, 1713978.0 ], [ 394878.380921674077399, 1713987.229010591981933 ], [ 394884.753802211314905, 1713993.875920799560845 ], [ 394886.345354835793842, 1713995.82115178508684 ], [ 394883.86960630887188, 1714001.656844741664827 ], [ 394877.503395810723305, 1714012.620873932726681 ], [ 394871.844542034727056, 1714024.292259845882654 ], [ 394868.235820711241104, 1714031.762520350748673 ], [ 394855.221659067610744, 1714056.830669058486819 ], [ 394847.440735125390347, 1714074.160908747464418 ], [ 394828.342103631177451, 1714112.00449337484315 ], [ 394830.464173797226977, 1714145.957616031635553 ], [ 394834.000957407231908, 1714174.959241633536294 ], [ 394834.000957407231908, 1714194.05787312798202 ], [ 394845.31866495939903, 1714218.815358398249373 ], [ 394871.490863673679996, 1714227.303639062680304 ], [ 394920.298477492295206, 1714240.036060058977455 ], [ 394945.763319484598469, 1714248.524340722942725 ], [ 394963.447237534855958, 1714254.890551220625639 ], [ 394981.83851230709115, 1714259.842048274585977 ], [ 394994.570933303271886, 1714264.793545328779146 ], [ 395011.53751758049475, 1714270.861556954914704 ], [ 395032.920059615047649, 1714277.369287139270455 ], [ 395048.259709335456137, 1714283.41217945353128 ], [ 395066.721318948140834, 1714290.965744043001905 ], [ 395088.546679269114975, 1714298.355880755232647 ], [ 395106.983827130461577, 1714305.801652007037774 ], [ 395135.348669994389638, 1714324.061519600683823 ], [ 395165.663595805235673, 1714335.939297550125048 ], [ 395183.391622595197987, 1714341.966826658695936 ], [ 395220.0, 1714348.0 ], [ 395238.0, 1714349.0 ], [ 395251.999086272029672, 1714354.199165143305436 ], [ 395283.554973958234768, 1714368.381586575647816 ], [ 395292.773547889024485, 1714374.054555148351938 ], [ 395300.928440212388523, 1714380.791205328656361 ], [ 395311.565256286296062, 1714385.40049229352735 ], [ 395338.511857006989885, 1714392.49170300969854 ], [ 395369.332669773953967, 1714407.921808603219688 ], [ 395411.278333097347058, 1714425.067272530868649 ], [ 395517.85512316407403, 1714460.988881538622081 ], [ 395571.862020012282301, 1714445.140762555412948 ], [ 395662.518099170469213, 1714432.593644476961344 ], [ 395714.796425127889961, 1714420.220967641565949 ], [ 395740.947401262936182, 1714416.635070401942357 ], [ 395781.038240786874667, 1714409.518726916983724 ], [ 395808.925824289326556, 1714404.191398637136444 ], [ 395857.77035648538731, 1714403.970050095347688 ], [ 395894.388048848777544, 1714400.336909263394773 ], [ 395950.178978784708306, 1714393.149760338943452 ], [ 395992.022193561191671, 1714387.759487492963672 ], [ 396093.160989203723148, 1714378.633908705320209 ], [ 396133.267632389208302, 1714374.985378672834486 ], [ 396166.294688902620692, 1714348.831628251355141 ], [ 396219.981317779107485, 1714261.907191354082897 ], [ 396258.015137017937377, 1714185.455106281209737 ], [ 396285.67626296589151, 1714129.853481801459566 ], [ 396292.497724227665458, 1714095.149632349144667 ], [ 396315.003816538141109, 1714056.907679291209206 ], [ 396337.447455376852304, 1714004.796683171764016 ], [ 396342.602723074844107, 1713987.436817788518965 ], [ 396351.223510304349475, 1713964.860325392102823 ], [ 396351.114099231897853, 1713940.589502413989976 ], [ 396354.532727492216509, 1713924.971089660655707 ], [ 396340.498717302805744, 1713907.697673064656556 ], [ 396294.97795800154563, 1713871.495858969632536 ], [ 396261.715403174632229, 1713845.640808443538845 ], [ 396247.693008549045771, 1713830.967841907171533 ], [ 396238.927536043454893, 1713821.472179303411394 ], [ 396218.768095609673765, 1713799.89219788601622 ], [ 396211.743179455050267, 1713789.521836747881025 ], [ 396193.324267066491302, 1713767.067148603731766 ], [ 396179.313522164069582, 1713754.994637144496664 ], [ 396166.198494849202689, 1713748.119127861689776 ], [ 396153.928306093905121, 1713735.171919793821871 ], [ 396141.673763282073196, 1713725.692006552126259 ], [ 396125.910635797539726, 1713711.893732642987743 ], [ 396105.778407011122908, 1713696.381513076135889 ], [ 396085.642233670980204, 1713680.002473238157108 ], [ 396055.011588439519983, 1713657.602959778159857 ], [ 396027.889487571432255, 1713639.5218251561746 ], [ 395997.290090925002005, 1713624.056968734133989 ], [ 395941.47766099369619, 1713626.90998064703308 ], [ 395845.53766821755562, 1713629.0779859283939 ], [ 395787.092773956072051, 1713628.475911808433011 ], [ 395734.79687211336568, 1713637.381414997158572 ], [ 395700.159263507346623, 1713638.075489629292861 ], [ 395652.836538072559051, 1713644.687926013953984 ], [ 395610.976261147996411, 1713646.611594559624791 ], [ 395570.479154556582216, 1713651.653410203987733 ] ] ] ] } },
{ "type": "Feature", "properties": { "fid": 715, "qgs_fid_0": 775, "qgs_fid": 109, "Dialgeo": 201332, "DIA": 6, "SEDE": "201" }, "geometry": { "type": "MultiPolygon", "coordinates": [ [ [ [ 390367.62124297185801, 1710690.584137540543452 ], [ 390196.096068835293408, 1710724.052464201347902 ], [ 390144.632128203345928, 1710734.612535338848829 ], [ 390109.034893559582997, 1710741.62655218038708 ], [ 390057.044174490089063, 1710753.29793808911927 ], [ 390005.289837634423748, 1710764.395620345836505 ], [ 389915.21915172872832, 1710791.848879443015903 ], [ 389945.635490775166545, 1710868.950762141728774 ], [ 389981.003326875681523, 1710935.44229401089251 ], [ 390062.349349906784482, 1711153.308164390036836 ], [ 390067.300846960861236, 1711173.11415260634385 ], [ 390084.53411738545401, 1711171.785675978288054 ], [ 390160.587352314323653, 1711155.29861106374301 ], [ 390579.677905628632288, 1711082.968261760659516 ], [ 390772.421247810241766, 1711032.188693351345137 ], [ 390740.945421273587272, 1710976.731284691719338 ], [ 390619.538661775179207, 1710642.487983850296587 ], [ 390520.716505769698415, 1710656.036388817010447 ], [ 390493.129593611287419, 1710661.695242593064904 ], [ 390441.492552904528566, 1710674.427663589362055 ], [ 390367.62124297185801, 1710690.584137540543452 ] ] ] ] } },
{ "type": "Feature", "properties": { "fid": 716, "qgs_fid_0": 776, "qgs_fid": 110, "Dialgeo": 201333, "DIA": 6, "SEDE": "201" }, "geometry": { "type": "MultiPolygon", "coordinates": [ [ [ [ 390728.946559002797585, 1711056.099210460903123 ], [ 390696.682882442313712, 1711062.226470417110249 ], [ 390630.530079501098953, 1711077.571896897628903 ], [ 390598.824174561770633, 1711087.754828994628042 ], [ 390524.956037853902671, 1711100.833973871078342 ], [ 390427.554433791025076, 1711117.006947357673198 ], [ 390268.384835215343628, 1711152.074326196918264 ], [ 390240.197272619348951, 1711155.265371019020677 ], [ 390214.137073238147423, 1711162.179301467025653 ], [ 390190.736077875422779, 1711166.434027896728367 ], [ 390160.587352314323653, 1711174.976720801088959 ], [ 390137.020156701852102, 1711179.198207185370848 ], [ 390102.982345265161712, 1711188.239500848343596 ], [ 390083.304235528339632, 1711190.898704866878688 ], [ 390059.450000000011642, 1711196.870000000111759 ], [ 390021.078861495596357, 1711204.72656576288864 ], [ 390025.333587925182655, 1711223.340993892401457 ], [ 390029.588314354768954, 1711235.573332377476618 ], [ 390040.225130428734701, 1711280.77980069257319 ], [ 390043.948016054637264, 1711303.64895525155589 ], [ 390048.202742484223563, 1711321.731542577035725 ], [ 390050.330105699016713, 1711331.304677043575794 ], [ 390055.648513735970482, 1711347.259901154553518 ], [ 390058.307717754447367, 1711375.979304554173723 ], [ 390066.285329809936229, 1711399.380299916956574 ], [ 390068.146772622887511, 1711412.942240411182866 ], [ 390076.922145883901976, 1711447.511892651440576 ], [ 390082.240553920913953, 1711474.901694042142481 ], [ 390094.472892405989114, 1711516.651197132421657 ], [ 390106.705230891006067, 1711570.633038707775995 ], [ 390113.0873205352691, 1711593.369233065517619 ], [ 390115.746524553745985, 1711607.728934765327722 ], [ 390118.937569375964813, 1711614.111024409765378 ], [ 390123.192295805551112, 1711640.703064594650641 ], [ 390132.233589468407445, 1711667.295104779535905 ], [ 390135.956475094310008, 1711694.950826571788639 ], [ 390145.529609560850076, 1711722.606548364274204 ], [ 390149.252495186810847, 1711741.752817297587171 ], [ 390150.316176794178318, 1711749.198588549159467 ], [ 390155.102744027448352, 1711772.599583911709487 ], [ 390162.016674475511536, 1711810.892121778102592 ], [ 390166.271400905156042, 1711837.484161963220686 ], [ 390171.589808942109812, 1711868.862769381375983 ], [ 390175.312694568012375, 1711886.945356706855819 ], [ 390181.162943408766296, 1711911.410033677471802 ], [ 390188.608714660513215, 1711974.167248513782397 ], [ 390215.799075749586336, 1711965.591315551660955 ], [ 390229.493976444820873, 1711961.336589121958241 ], [ 390263.598267981957179, 1711953.624897468602285 ], [ 390280.949574202648364, 1711949.769051641458645 ], [ 390306.677373081503902, 1711944.982484408421442 ], [ 390338.85374170524301, 1711936.273591248085722 ], [ 390379.871963690617122, 1711926.235096077667549 ], [ 390415.372337337525096, 1711918.789324825862423 ], [ 390429.067238032759633, 1711917.592683017486706 ], [ 390458.466669408255257, 1711908.665134704206139 ], [ 390379.406602987379301, 1711603.673648635856807 ], [ 390370.365309324522968, 1711578.145290058339015 ], [ 390359.994413652166259, 1711546.500762237468734 ], [ 390362.520657469751313, 1711546.766682639252394 ], [ 390368.370906310447026, 1711545.304120429093018 ], [ 390389.943698910588864, 1711540.949673848925158 ], [ 390509.076038939063437, 1711515.620755572803319 ], [ 390524.831822748587001, 1711512.230270449304953 ], [ 390608.796189632499591, 1711493.084001516224816 ], [ 390687.64158878067974, 1711474.934934089193121 ], [ 390759.240656978625339, 1711457.517147767823189 ], [ 390787.428219574620016, 1711451.002097922377288 ], [ 390857.232325060060248, 1711433.717271802248433 ], [ 390858.894327570393216, 1711430.792147379601374 ], [ 390861.287611186911818, 1711361.918763300403953 ], [ 390867.099999999976717, 1711264.34 ], [ 390871.591285279369913, 1711233.688163807149976 ], [ 390777.2229, 1711123.0917 ], [ 390768.313150803442113, 1711109.184463040437549 ], [ 390752.805099488003179, 1711088.904703628038988 ], [ 390728.946559002797585, 1711056.099210460903123 ] ] ] ] } },
{ "type": "Feature", "properties": { "fid": 717, "qgs_fid_0": 777, "qgs_fid": 111, "Dialgeo": 201334, "DIA": 6, "SEDE": "201" }, "geometry": { "type": "MultiPolygon", "coordinates": [ [ [ [ 394395.383924011257477, 1711382.461997238220647 ], [ 394379.038226563134231, 1711381.104210571618751 ], [ 394345.879407275177073, 1711381.256315706530586 ], [ 394318.008966147666797, 1711381.861782396910712 ], [ 394286.296215273905545, 1711382.962503945222124 ], [ 394268.993766615865752, 1711382.564353660447523 ], [ 394267.06713048677193, 1711381.618032628670335 ], [ 394250.247435325174592, 1711381.695263248868287 ], [ 394242.084448480978608, 1711383.165499688126147 ], [ 394235.356570511241443, 1711383.19639778835699 ], [ 394226.225878804805689, 1711383.238334069494158 ], [ 394213.248491177975666, 1711382.820360607933253 ], [ 394196.915939735074062, 1711384.328142795478925 ], [ 394182.503446153481491, 1711385.349530449369922 ], [ 394170.002230670885183, 1711383.97422648104839 ], [ 394156.790046421345323, 1711384.751322532305494 ], [ 394122.185133247170597, 1711383.955229426268488 ], [ 394099.118116158759221, 1711384.061294112587348 ], [ 394077.007830308575649, 1711383.207814107416198 ], [ 394051.057432081433944, 1711383.327189367963001 ], [ 394024.91860061022453, 1711385.535911013139412 ], [ 394020.134148321289103, 1711414.774230556562543 ], [ 394020.344600000011269, 1711448.8625 ], [ 394011.096849553287029, 1712191.18451588996686 ], [ 393997.275098496349528, 1712276.773051280993968 ], [ 393988.237799728347454, 1712377.778155158506706 ], [ 394007.672886769170873, 1712368.460330021334812 ], [ 394257.89484679105226, 1712209.657817783299834 ], [ 394259.356762768409681, 1712202.74694225541316 ], [ 394347.344570957473479, 1712145.609102750197053 ], [ 394367.937249436799902, 1712135.100102947559208 ], [ 394416.579181040986441, 1712107.323699381202459 ], [ 394666.433911685540807, 1711972.827429480850697 ], [ 394703.912121282191947, 1711954.48702903999947 ], [ 394705.446955449238885, 1711950.572622776264325 ], [ 394754.964236307481769, 1711880.123230012599379 ], [ 394719.427479771489743, 1711833.005986826727167 ], [ 394719.159905036154669, 1711827.037541003432125 ], [ 394725.787193950789515, 1711805.0388395676855 ], [ 394727.920204457943328, 1711798.581835685763508 ], [ 394730.297860232065432, 1711793.078860299894586 ], [ 394735.788198584050406, 1711785.17378011206165 ], [ 394738.949990972934756, 1711778.560632936656475 ], [ 394742.141035795095377, 1711776.255989454686642 ], [ 394748.454100693692453, 1711770.072274456033483 ], [ 394793.898093594936654, 1711776.789403846021742 ], [ 394820.103546874714084, 1711780.012692991178483 ], [ 394888.616238147136755, 1711787.102201468544081 ], [ 394917.704979767091572, 1711790.312435111962259 ], [ 394931.409468074096367, 1711792.160185234853998 ], [ 394929.740999999979977, 1711777.5022 ], [ 394978.544273039558902, 1711489.682436395436525 ], [ 395013.601446013781242, 1711353.509030603338033 ], [ 394996.09501956141321, 1711352.8220695767086 ], [ 394790.981749601371121, 1711367.181771276751533 ], [ 394691.882079845468979, 1711375.159383331658319 ], [ 394629.833986080542672, 1711379.502749895211309 ], [ 394546.899876674695406, 1711387.208006275352091 ], [ 394532.846656678069849, 1711386.607868128689006 ], [ 394510.736416331259534, 1711385.753973072161898 ], [ 394491.505171062191948, 1711383.931742563145235 ], [ 394477.075169439427555, 1711381.132360849995166 ], [ 394435.742417832021601, 1711380.366626302478835 ], [ 394395.383924011257477, 1711382.461997238220647 ] ] ] ] } },
{ "type": "Feature", "properties": { "fid": 718, "qgs_fid_0": 778, "qgs_fid": 112, "Dialgeo": 201335, "DIA": 10, "SEDE": "201" }, "geometry": { "type": "MultiPolygon", "coordinates": [ [ [ [ 399297.252121569938026, 1709818.229082032805309 ], [ 399157.57269502338022, 1709819.425195105141029 ], [ 399090.59036297822604, 1709804.008626618422568 ], [ 399082.158972060016822, 1709809.203381365165114 ], [ 399065.206185556366108, 1709821.817421249113977 ], [ 399001.945094180409797, 1709855.042784366756678 ], [ 398881.044357030652463, 1709924.238577425014228 ], [ 398753.402564142306801, 1709982.150131605798379 ], [ 398741.97783576650545, 1709991.605079227127135 ], [ 398665.156386342830956, 1710037.303992730332538 ], [ 398545.590694547689054, 1710105.064450683537871 ], [ 398467.19342052063439, 1710152.930123016703874 ], [ 398527.951999681768939, 1710270.364636690821499 ], [ 398617.062487825693097, 1710384.25636810483411 ], [ 398694.676050056295935, 1710485.529046900570393 ], [ 398784.783234831294976, 1710423.331167144002393 ], [ 398915.394364590174519, 1710347.876351567683741 ], [ 399076.644631609611679, 1710284.992353249108419 ], [ 399090.173403829103336, 1710284.658401204273105 ], [ 399115.507067761325743, 1710269.086332548642531 ], [ 399224.743967285729013, 1710223.532221257919446 ], [ 399362.107144363166299, 1710181.982129457872361 ], [ 399390.813858096778858, 1710177.197677168995142 ], [ 399744.598410585545935, 1710422.664887868333608 ], [ 399796.695779954025056, 1710464.13014103914611 ], [ 399893.448037352529354, 1710468.382987518096343 ], [ 399969.999273975554388, 1710465.193352658767253 ], [ 400298.531664482841734, 1710483.267950194887817 ], [ 400791.861856053408701, 1710515.164298787945881 ], [ 400913.067980706517119, 1710521.54356850637123 ], [ 400804.620395490608644, 1710383.326057937229052 ], [ 400512.438048695621546, 1710006.50432866322808 ], [ 400349.299133314285427, 1709826.869448456680402 ], [ 400224.106851099408232, 1709683.732812132453546 ], [ 400111.406419404374901, 1709571.032380437245592 ], [ 400098.036480066890363, 1709554.366434898460284 ], [ 399995.915794705739245, 1709610.296301605179906 ], [ 399810.785512640781235, 1709703.000364935956895 ], [ 399727.194147500791587, 1709739.777038795175031 ], [ 399653.490129137062468, 1709776.510931913508102 ], [ 399611.119359244417865, 1709796.346949792932719 ], [ 399575.707629604556132, 1709811.528829425107688 ], [ 399552.688713218260091, 1709823.943844489287585 ], [ 399528.500648868619464, 1709832.44953744742088 ], [ 399439.988281523284968, 1709862.751068610697985 ], [ 399373.537555287999567, 1709888.533950390061364 ], [ 399344.033432839496527, 1709818.096180580323562 ], [ 399297.252121569938026, 1709818.229082032805309 ] ] ] ] } },
{ "type": "Feature", "properties": { "fid": 719, "qgs_fid_0": 779, "qgs_fid": 113, "Dialgeo": 201336, "DIA": 10, "SEDE": "201" }, "geometry": { "type": "MultiPolygon", "coordinates": [ [ [ [ 398597.924678670533467, 1708514.86453765607439 ], [ 398561.775483598583378, 1708486.157823922578245 ], [ 398522.436653667304199, 1708428.744396455120295 ], [ 398470.26862003444694, 1708401.993366529699415 ], [ 398436.316512466408312, 1708398.974471101770177 ], [ 398409.758711989212316, 1708397.635555875720456 ], [ 398388.471989577054046, 1708401.100894341478124 ], [ 398343.817101546912454, 1708407.480164059903473 ], [ 398297.035790277295746, 1708415.985857018036768 ], [ 398250.254479007679038, 1708432.997242934303358 ], [ 398046.058959868503734, 1708489.989391795825213 ], [ 398140.273531222599559, 1708882.624030418228358 ], [ 398032.695032595540397, 1708953.616650335490704 ], [ 398092.905500580091029, 1709022.133539161877707 ], [ 398120.95835466729477, 1709052.643980469554663 ], [ 398155.151260358979926, 1709090.641371712321416 ], [ 398168.020769203489181, 1709107.34670358709991 ], [ 398177.667146642634179, 1709118.575212407158688 ], [ 398192.859245014144108, 1709134.403273815056309 ], [ 398203.686683153209742, 1709149.672595514450222 ], [ 398213.091703196580056, 1709163.312271981034428 ], [ 398215.455440101912245, 1709168.039745791582391 ], [ 398221.758738516131416, 1709182.616123374551535 ], [ 398223.054614534135908, 1709189.180368130793795 ], [ 398227.206244378990959, 1709207.369142237585038 ], [ 398240.714638217468746, 1709237.076654730830342 ], [ 398251.015224621398374, 1709264.775284789036959 ], [ 398257.481779069872573, 1709280.352783841779456 ], [ 398263.958525997586548, 1709298.242231113137677 ], [ 398269.555202294955961, 1709314.40154825639911 ], [ 398277.222521994670387, 1709336.539991128956899 ], [ 398282.335738568159286, 1709349.323032562620938 ], [ 398288.680536608735565, 1709364.892132030799985 ], [ 398293.830850074707996, 1709385.357639605179429 ], [ 398298.725906017934904, 1709400.683722947025672 ], [ 398306.086471302201971, 1709421.170175686711445 ], [ 398290.884685820550658, 1709426.683902068762109 ], [ 398242.791033960296772, 1709443.991329702315852 ], [ 398253.972873616439756, 1709473.708806888433173 ], [ 398262.487739523057826, 1709492.167103672865778 ], [ 398269.532008980342653, 1709506.874907311750576 ], [ 398276.037360786693171, 1709522.257547382032499 ], [ 398282.176717838738114, 1709538.608840019907802 ], [ 398296.864646921749227, 1709572.06770181749016 ], [ 398302.738022574339993, 1709585.046647486509755 ], [ 398309.794329714262858, 1709601.201010149437934 ], [ 398314.197779213776812, 1709611.872775313677266 ], [ 398338.876269884232897, 1709602.805048207519576 ], [ 398351.35518808622146, 1709596.970093621406704 ], [ 398380.232099523593206, 1709585.252835853025317 ], [ 398388.4719895767048, 1709581.797398088732734 ], [ 398418.241914930171333, 1709569.836267366306856 ], [ 398456.78333614661824, 1709557.875136644113809 ], [ 398481.237203401105944, 1709548.30623206589371 ], [ 398506.222676465637051, 1709539.268933298066258 ], [ 398522.170850762107875, 1709533.952875199262053 ], [ 398559.38325745385373, 1709518.536306712776423 ], [ 398596.064058335730806, 1709504.182949845911935 ], [ 398622.112743019883055, 1709495.67725688777864 ], [ 398642.313763795478735, 1709486.639958119718358 ], [ 398663.577996190753765, 1709477.071053541731089 ], [ 398692.816315734293312, 1709463.780908294720575 ], [ 398755.545801300380845, 1709442.516675899270922 ], [ 398799.66908352059545, 1709426.568501602858305 ], [ 398835.818278592603747, 1709412.746750546153635 ], [ 398860.272145847033244, 1709400.519816918997094 ], [ 398881.004772432439495, 1709390.950912341009825 ], [ 398923.533237222989555, 1709376.065949664218351 ], [ 398964.201081679086201, 1709359.054563748184592 ], [ 399059.35852164804237, 1709308.552011809311807 ], [ 399140.162604750192259, 1709260.707488920073956 ], [ 399204.99129814596381, 1709221.377447148784995 ], [ 399293.267897941404954, 1709171.274512129602954 ], [ 399393.47376797941979, 1709106.856452819425613 ], [ 399455.50597324105911, 1709068.682788043050095 ], [ 399684.547961899486836, 1708944.618377519771457 ], [ 399556.145636844448745, 1708810.022144730202854 ], [ 399439.129848241922446, 1708787.901434730505571 ], [ 399308.231942873157095, 1708771.539196559460834 ], [ 399201.908806927094702, 1708758.188939885003492 ], [ 399034.567173613177147, 1708737.736073591047898 ], [ 398772.608067948545795, 1708641.120698949322104 ], [ 398751.027151916583534, 1708628.628180970903486 ], [ 398710.625110365566798, 1708598.858255617553368 ], [ 398693.613724449358415, 1708580.783658081432804 ], [ 398655.338106137816794, 1708557.393002446740866 ], [ 398627.694604023941793, 1708532.939135192194954 ], [ 398597.924678670533467, 1708514.86453765607439 ] ] ] ] } },
{ "type": "Feature", "properties": { "fid": 720, "qgs_fid_0": 781, "qgs_fid": 115, "Dialgeo": 201338, "DIA": 7, "SEDE": "201" }, "geometry": { "type": "MultiPolygon", "coordinates": [ [ [ [ 401093.75426882476313, 1714468.512281268136576 ], [ 400793.835018693003803, 1714462.853427491849288 ], [ 400635.387112963013351, 1714915.561729577602819 ], [ 400539.186598769738339, 1715308.852067014435306 ], [ 400513.721756777435075, 1715427.687996312044561 ], [ 400508.062903001380619, 1715679.506989347049966 ], [ 400830.764745024323929, 1715817.349824159173295 ], [ 401404.991226508631371, 1716041.673631015699357 ], [ 401697.199890051211696, 1716604.100630113622174 ], [ 403357.29577925306512, 1718961.642179468646646 ], [ 404804.590750031115022, 1717901.412707438692451 ], [ 405940.257277129217982, 1716703.713975079823285 ], [ 405558.589898144826293, 1715719.118965779896826 ], [ 405168.128987595904619, 1714683.548724758671597 ], [ 404971.004069917544257, 1714075.39750887081027 ], [ 404799.222578423738014, 1713717.519401591969654 ], [ 404624.879025093105156, 1713398.988917590584606 ], [ 404494.725388243445195, 1713104.728521234821528 ], [ 403416.62015730375424, 1713717.519401592202485 ], [ 402205.719035822781734, 1714179.910738688893616 ], [ 401557.780278462625574, 1714400.606035955250263 ], [ 401093.75426882476313, 1714468.512281268136576 ] ] ] ] } },
{ "type": "Feature", "properties": { "fid": 721, "qgs_fid_0": 782, "qgs_fid": 116, "Dialgeo": 201340, "DIA": 11, "SEDE": "201" }, "geometry": { "type": "MultiPolygon", "coordinates": [ [ [ [ 405690.115800799743738, 1706663.978124632500112 ], [ 405479.787445763708092, 1706687.898679371224716 ], [ 404947.237512103980407, 1706746.122416029684246 ], [ 405033.63273868948454, 1707422.741726317210123 ], [ 405057.491279174748342, 1707537.262720646336675 ], [ 405090.893235854106024, 1707737.674460722599179 ], [ 405224.501062571478542, 1707723.359336431371048 ], [ 405286.533267833117861, 1707713.815920237218961 ], [ 405367.652305483003147, 1707699.500795945990831 ], [ 405483.786924818472471, 1707682.662407841999084 ], [ 405587.150877947278786, 1707666.098839266691357 ], [ 405773.247493732254952, 1707627.92517449031584 ], [ 405992.746066196588799, 1707594.523217811016366 ], [ 405978.423304181022104, 1707485.833459469489753 ], [ 405979.690995440760162, 1707353.133003164781258 ], [ 405964.115817614248954, 1707243.802672677440569 ], [ 405959.344109517231118, 1707119.73826215416193 ], [ 405961.72996356576914, 1707031.461662358837202 ], [ 405954.572401420155074, 1706916.94066802947782 ], [ 405954.572401420155074, 1706795.262111554853618 ], [ 405943.568794125691056, 1706662.654014703119174 ], [ 405878.225071867345832, 1706664.040138885844499 ], [ 405844.823115188046359, 1706664.040138885844499 ], [ 405785.120888395351358, 1706662.654014703119174 ], [ 405690.115800799743738, 1706663.978124632500112 ] ] ] ] } },
{ "type": "Feature", "properties": { "fid": 722, "qgs_fid_0": 785, "qgs_fid": 119, "Dialgeo": 201344, "DIA": 13, "SEDE": "201" }, "geometry": { "type": "MultiPolygon", "coordinates": [ [ [ [ 395555.894866349000949, 1693117.498593622818589 ], [ 395340.205260670278221, 1693077.085818348685279 ], [ 395300.234037675021682, 1693073.338995943078771 ], [ 395243.988655366760213, 1693076.592861035373062 ], [ 395144.513351119065192, 1693084.495104830479249 ], [ 394982.284934378636535, 1693094.256700107362121 ], [ 394988.560245627653785, 1693136.789365240372717 ], [ 394990.419597109023016, 1693284.375389066059142 ], [ 395001.575705996598117, 1693475.888591636437923 ], [ 395017.380193587334361, 1693726.901041607372463 ], [ 395672.468486085359473, 1694175.521356137469411 ], [ 395807.488363659358583, 1694297.838155828882009 ], [ 395891.159180316491984, 1694686.442615413339809 ], [ 395956.651011075824499, 1695624.096992849837989 ], [ 396285.898869772267062, 1695571.608203782234341 ], [ 396510.169150333618745, 1695509.575998520711437 ], [ 396414.660951453843154, 1694602.037932678125799 ], [ 396368.858988195366692, 1694316.656469298526645 ], [ 396514.04192654020153, 1694011.498027713270858 ], [ 396521.501957064436283, 1693992.172823658213019 ], [ 396534.624154331337195, 1693942.069888638798147 ], [ 396554.903913743735757, 1693884.212927962187678 ], [ 396568.026111010636669, 1693815.023160554934293 ], [ 396632.44417032081401, 1693742.254612074932083 ], [ 396730.264186310349032, 1693673.06484466791153 ], [ 396646.759294611983933, 1693627.733617745805532 ], [ 396623.49721763888374, 1693611.629102918552235 ], [ 396604.66722813231172, 1693601.650355597026646 ], [ 396423.841354872623924, 1693513.010221646167338 ], [ 396377.37959266686812, 1693483.442207032814622 ], [ 396297.311269503552467, 1693437.7718862707261 ], [ 396273.604538117535412, 1693425.686101643135771 ], [ 396227.120751085865777, 1693401.049694515997544 ], [ 396145.774123780545779, 1693360.608799798414111 ], [ 396050.947198236244731, 1693309.476634063757956 ], [ 395990.983112965419423, 1693289.023767770500854 ], [ 395926.835486861760728, 1693279.727010364178568 ], [ 395869.195590942515992, 1693281.586361845489591 ], [ 395813.415046504582278, 1693292.742470732890069 ], [ 395803.188613357313443, 1693281.121523973764852 ], [ 395768.790610953932628, 1693203.028761761030182 ], [ 395720.447472441010177, 1693098.905078810174018 ], [ 395555.894866349000949, 1693117.498593622818589 ] ] ] ] } },
{ "type": "Feature", "properties": { "fid": 723, "qgs_fid_0": 786, "qgs_fid": 120, "Dialgeo": 201346, "DIA": 12, "SEDE": "201" }, "geometry": { "type": "MultiPolygon", "coordinates": [ [ [ [ 396160.056663902534638, 1692000.604177565081045 ], [ 395893.267648620996624, 1691388.523477146867663 ], [ 395853.655672188382596, 1691374.376342706615105 ], [ 395004.12187609996181, 1691709.257362531963736 ], [ 394825.866355104837567, 1691823.901539545273408 ], [ 394860.880512844363693, 1692189.604964825557545 ], [ 394867.50863792427117, 1692253.481685794889927 ], [ 394875.027647284616251, 1692359.370578108355403 ], [ 394882.80857122677844, 1692358.663221386494115 ], [ 394975.19657073111739, 1692185.880723671289161 ], [ 395347.661765189899597, 1692112.119833420263603 ], [ 395379.274331332882866, 1692407.369271924952045 ], [ 395119.773073100775946, 1692450.796434428077191 ], [ 395134.127827846910805, 1692526.661974351387471 ], [ 395149.305216244712938, 1692551.594767314614728 ], [ 395156.784657926531509, 1692711.517525120871142 ], [ 395159.208210352808237, 1692764.862819001311436 ], [ 395252.314251161646098, 1692751.960804899223149 ], [ 395255.276324259408284, 1692751.118927221978083 ], [ 395313.946754848584533, 1692746.557973107788712 ], [ 395385.274452086887322, 1692733.641843882389367 ], [ 395508.188771164393984, 1692717.095685545122251 ], [ 395780.179138775798492, 1692686.129049966577441 ], [ 395974.016530697699636, 1692656.379426266299561 ], [ 396068.843456242233515, 1692637.78591145365499 ], [ 396199.34668833395699, 1692623.840775346616283 ], [ 396160.056663902534638, 1692000.604177565081045 ] ] ] ] } },
{ "type": "Feature", "properties": { "fid": 724, "qgs_fid_0": 787, "qgs_fid": 121, "Dialgeo": 201093, "DIA": 15, "SEDE": "201" }, "geometry": { "type": "MultiPolygon", "coordinates": [ [ [ [ 372568.558189266361296, 1703573.968381668906659 ], [ 372449.792113424453419, 1703652.642191306455061 ], [ 372734.272890058055054, 1704054.262111259857193 ], [ 372873.724251153005753, 1704327.58677900582552 ], [ 373013.175612247898243, 1704511.662575651193038 ], [ 373059.426980320480652, 1704563.143369702156633 ], [ 373104.051415870839264, 1704652.392240802990273 ], [ 373155.67729615495773, 1704774.370878058485687 ], [ 373179.200550595822278, 1704915.107965938746929 ], [ 373240.393998017767444, 1705226.193287993548438 ], [ 373264.188062227505725, 1705337.214633326278999 ], [ 373197.251408901938703, 1705683.054008841747418 ], [ 373296.339693912304938, 1705785.284459146903828 ], [ 373388.37759223242756, 1705843.854030805174261 ], [ 373647.757123861752916, 1706170.170215758262202 ], [ 373940.604982152988669, 1706362.613094063941389 ], [ 374057.744125469471328, 1706463.018074049381539 ], [ 374223.613426551688462, 1706452.825522092403844 ], [ 374424.423386528389528, 1706631.323264293838292 ], [ 374502.516148741531651, 1706921.382095371372998 ], [ 374469.04782207874814, 1707501.499757526209578 ], [ 374499.029864713782445, 1707871.045864423504099 ], [ 374409.780993613007013, 1708607.34905100450851 ], [ 374409.780993613007013, 1709589.086633112747222 ], [ 374275.907686961872969, 1711441.000708453124389 ], [ 374263.183285442995839, 1713319.58812554855831 ], [ 375683.555583239998668, 1713721.366743650753051 ], [ 376339.982621265749913, 1713947.720894694095477 ], [ 376898.067797937605064, 1713857.64365190686658 ], [ 378626.159546803683043, 1713404.470932190073654 ], [ 379961.649037959461566, 1713144.163658490171656 ], [ 381110.396354504569899, 1712142.546540123177692 ], [ 381549.690681672596838, 1711731.059539530426264 ], [ 381683.563988323730882, 1710860.883046298287809 ], [ 381732.87026987381978, 1710569.385190372122452 ], [ 381772.482246306433808, 1710252.489378911443055 ], [ 381806.281186087231617, 1709856.833246414549649 ], [ 381863.023906723770779, 1709714.898270183475688 ], [ 382040.559472726657987, 1709299.027802034979686 ], [ 380749.973053509020247, 1707987.568269014824182 ], [ 378358.000825144757982, 1706634.215560861397535 ], [ 378228.65651719761081, 1706514.184120973804966 ], [ 378150.56375498441048, 1706441.669413204537705 ], [ 377958.818133478751406, 1706272.933266276028007 ], [ 377921.863522788800765, 1706218.547235452570021 ], [ 377732.2096716996748, 1705928.488404375268146 ], [ 377167.658655540726613, 1704942.195226388517767 ], [ 377328.392765103606507, 1704441.083002458093688 ], [ 377361.269051187264267, 1704246.704989570192993 ], [ 377952.419308112643193, 1704010.882885686121881 ], [ 378365.318851070594974, 1703789.304525179089978 ], [ 378394.146541984460782, 1703783.004799403715879 ], [ 378349.527108209207654, 1703675.232245128368959 ], [ 378125.46250998735195, 1703287.279625237220898 ], [ 378139.535236207128037, 1703188.832688019378111 ], [ 379238.981628330075182, 1700040.851938945241272 ], [ 378855.366805950878188, 1699935.800460885977373 ], [ 378320.58144289534539, 1699851.516138469567522 ], [ 377604.736440220731311, 1699724.191928507527336 ], [ 377055.827623940596823, 1699627.991414313903078 ], [ 376184.364142423670273, 1699475.202362359734252 ], [ 375884.444892291212454, 1699418.613824598956853 ], [ 375744.243186407664325, 1699907.867004383355379 ], [ 375188.174432432395406, 1700575.844460473628715 ], [ 374874.360009413736407, 1701014.683922102674842 ], [ 374410.704174178070389, 1701369.259717389242724 ], [ 374196.092737223603763, 1702085.37415316561237 ], [ 373798.470101587299723, 1702703.055375533411279 ], [ 372568.558189266361296, 1703573.968381668906659 ] ] ] ] } },
{ "type": "Feature", "properties": { "fid": 725, "qgs_fid_0": 788, "qgs_fid": 122, "Dialgeo": 201073, "DIA": 16, "SEDE": "201" }, "geometry": { "type": "MultiPolygon", "coordinates": [ [ [ [ 392587.96652584685944, 1701076.657980989897624 ], [ 392235.702878285606857, 1701222.373465724056587 ], [ 392315.986848907079548, 1701615.274740451015532 ], [ 392468.681508012698032, 1701901.577226273948327 ], [ 392775.263753248145804, 1702175.950441854773089 ], [ 392746.633504665747751, 1702498.040738405892625 ], [ 392904.099871868384071, 1702765.256391840754077 ], [ 393365.526532814372331, 1703318.322366634383798 ], [ 394897.91632984590251, 1703347.235381672624499 ], [ 395895.415348668291699, 1703390.604904230218381 ], [ 396523.838461538951378, 1703431.003050392726436 ], [ 396799.256975874421187, 1702760.418841575970873 ], [ 397020.241722795180976, 1702782.626096248393878 ], [ 397637.487236895540264, 1702520.92448128410615 ], [ 397657.609814783907495, 1702295.015412483131513 ], [ 397380.90644997311756, 1701474.411931004840881 ], [ 397001.598747794982046, 1700548.454893334768713 ], [ 396384.396495259483345, 1700459.072718301787972 ], [ 395807.644690357265063, 1700364.52324208850041 ], [ 395632.728159362333827, 1700345.613346845610067 ], [ 395495.631418852834031, 1700355.068294467171654 ], [ 394871.604875843855552, 1700326.703451602952555 ], [ 394398.18941893207375, 1700283.102899378864095 ], [ 394106.339583214023151, 1700080.896069511771202 ], [ 393650.076580701337662, 1700062.167557348962873 ], [ 393263.921485083003063, 1700105.574730424908921 ], [ 393155.781224529026076, 1700376.685693292180076 ], [ 392968.524442288442515, 1700766.835736749460921 ], [ 392886.47106253518723, 1700846.059689614456147 ], [ 392758.12864018639084, 1700952.118891008198261 ], [ 392587.96652584685944, 1701076.657980989897624 ] ] ] ] } },
{ "type": "Feature", "properties": { "fid": 726, "qgs_fid_0": 790, "qgs_fid": 124, "Dialgeo": 201326, "DIA": 7, "SEDE": "201" }, "geometry": { "type": "MultiPolygon", "coordinates": [ [ [ [ 396053.155178115877789, 1716643.175629257922992 ], [ 396105.217019591305871, 1717029.920737361069769 ], [ 396253.965138092520647, 1717424.103251389460638 ], [ 396581.210998795286287, 1717766.22392394230701 ], [ 397128.701812415674794, 1718250.642093789996579 ], [ 397997.152686078799888, 1719252.700794170377776 ], [ 399132.961435416305903, 1718678.699490665225312 ], [ 398204.909416140639223, 1717179.10324000637047 ], [ 397978.555265097762458, 1716681.124107711948454 ], [ 397726.745825486257672, 1716314.825778714148328 ], [ 397609.606682166573592, 1716125.171927625080571 ], [ 397571.117793220677413, 1716061.479619232239202 ], [ 397519.981876373756677, 1716087.865398802096024 ], [ 397465.014284919365309, 1716108.165162884863093 ], [ 397412.669887490745168, 1716126.556437657214701 ], [ 397354.666636286012363, 1716150.606566205387935 ], [ 397292.419244749238715, 1716176.071408197749406 ], [ 397233.001280100492295, 1716198.706823301967233 ], [ 397183.486309559841175, 1716217.098098074318841 ], [ 397129.727198687149212, 1716231.245232514338568 ], [ 397078.598877396609168, 1716247.717620052862912 ], [ 396948.643877852882724, 1716273.686635834863409 ], [ 396789.910537525080144, 1716304.978117217542604 ], [ 396675.389543195895385, 1716333.608365799766034 ], [ 396632.444170322443824, 1716403.991060231113806 ], [ 396589.498797448934056, 1716480.33838978339918 ], [ 396427.675652093195822, 1716514.895278039621189 ], [ 396274.566063043661416, 1716556.685719336383045 ], [ 396198.218733490852173, 1716585.315967918606475 ], [ 396053.155178115877789, 1716643.175629257922992 ] ] ] ] } },
{ "type": "Feature", "properties": { "fid": 727, "qgs_fid_0": 791, "qgs_fid": 125, "Dialgeo": 201263, "DIA": 6, "SEDE": "201" }, "geometry": { "type": "MultiPolygon", "coordinates": [ [ [ [ 393694.26490956323687, 1711382.364751597633585 ], [ 393701.422471708792727, 1711382.364751597633585 ], [ 393735.647870933520608, 1711383.477021941449493 ], [ 393814.437889952096157, 1711382.314927265513688 ], [ 393922.977532671007793, 1711380.920413654530421 ], [ 394032.679270065680612, 1711379.99073791410774 ], [ 394113.328640565450769, 1711379.293481108499691 ], [ 394173.060306901112199, 1711378.131386432563886 ], [ 394227.678756663342938, 1711379.525900043547153 ], [ 394250.710453851905186, 1711377.872469503898174 ], [ 394266.095041529915761, 1711379.234578771749511 ], [ 394322.312114485830534, 1711377.06620174087584 ], [ 394402.579222643107641, 1711379.563503362936899 ], [ 394438.132095616892911, 1711377.490173026686534 ], [ 394491.483290724165272, 1711379.156012194463983 ], [ 394534.742660087707918, 1711380.868189458269626 ], [ 394534.553438026923686, 1711129.659038663143292 ], [ 394534.239332137047313, 1710943.972815557383001 ], [ 394532.844818526122253, 1710870.993269917787984 ], [ 394524.012898990302347, 1710482.388810333330184 ], [ 394542.606413802946918, 1710300.172365169273689 ], [ 394279.50817920389818, 1710363.390315532451496 ], [ 393915.075288875843398, 1710444.27210496738553 ], [ 393486.949116453703027, 1710575.635362118948251 ], [ 393911.687234721088316, 1710785.804312702734023 ], [ 393828.469199792831205, 1711001.224567345576361 ], [ 393808.189440380374435, 1711054.906283437274396 ], [ 393787.909680967801251, 1711125.288977868855 ], [ 393782.541509358736221, 1711158.690934548387304 ], [ 393716.334059512068052, 1711175.39191288780421 ], [ 393641.179656983527821, 1711194.478745276341215 ], [ 393670.406369077973068, 1711357.909747600322589 ], [ 393676.967467711423524, 1711383.557678621960804 ], [ 393694.26490956323687, 1711382.364751597633585 ] ] ] ] } },
{ "type": "Feature", "properties": { "fid": 728, "qgs_fid_0": 793, "qgs_fid": 127, "Dialgeo": 201238, "DIA": 7, "SEDE": "201" }, "geometry": { "type": "MultiPolygon", "coordinates": [ [ [ [ 392814.433993047685362, 1714419.837898922618479 ], [ 393304.057493791042361, 1714670.671014192281291 ], [ 393710.980318239657208, 1714267.158709008479491 ], [ 394139.396973767783493, 1713532.230356549844146 ], [ 394425.118755109317135, 1712802.51479802839458 ], [ 394704.325261049205437, 1712432.816189519362524 ], [ 394810.092916448425967, 1712302.964014722732827 ], [ 394867.114429519162513, 1712233.582880516769364 ], [ 395959.851704574481118, 1710868.378305906197056 ], [ 396273.428105465543922, 1710475.770454384153709 ], [ 395783.94299187976867, 1710312.608749855542555 ], [ 395420.653259140555747, 1710658.052671161713079 ], [ 395075.209337833803147, 1711152.636588014196604 ], [ 395019.122501901874784, 1711364.236923574702814 ], [ 394930.694086699513718, 1711793.357385008828714 ], [ 394886.221102038864046, 1711788.784646114800125 ], [ 394781.889681867498439, 1711778.038252579048276 ], [ 394749.666401509020943, 1711772.454606020823121 ], [ 394730.306594609632157, 1711794.989117463119328 ], [ 394719.980942270718515, 1711830.899763039080426 ], [ 394736.458671004103962, 1711852.986187651520595 ], [ 394756.772854607086629, 1711881.547679315786809 ], [ 394708.94331950834021, 1711951.881651707226411 ], [ 394346.418549675203394, 1712153.254433968104422 ], [ 393991.380414241808467, 1712382.208046632353216 ], [ 393997.813406491943169, 1712526.879642736865208 ], [ 394004.256179950607475, 1712569.352795763872564 ], [ 394005.770381717185955, 1712585.105277471011505 ], [ 393911.611358947702684, 1712591.269881874555722 ], [ 393915.007555161020719, 1712702.525234997970983 ], [ 393923.15103926701704, 1712749.049436898669228 ], [ 393909.192995079152752, 1712848.445204122690484 ], [ 393829.74631919641979, 1712918.534444676246494 ], [ 393771.231758154579438, 1712942.682161749107763 ], [ 393709.046263819909655, 1713004.334741840371862 ], [ 393691.097577345150057, 1713110.873509836383164 ], [ 393699.970556678017601, 1713269.18039035005495 ], [ 393678.872084902366623, 1713485.415259117726237 ], [ 393601.650338227162138, 1713637.182940493570641 ], [ 393420.595601553854067, 1713718.927369826007634 ], [ 393237.285830796929076, 1713815.708830827847123 ], [ 393044.383239571703598, 1713850.123311748262495 ], [ 393014.079285142070148, 1714086.044994015945122 ], [ 392814.433993047685362, 1714419.837898922618479 ] ] ] ] } },
{ "type": "Feature", "properties": { "fid": 729, "qgs_fid_0": 794, "qgs_fid": 128, "Dialgeo": 201001, "DIA": 2, "SEDE": "201" }, "geometry": { "type": "MultiPolygon", "coordinates": [ [ [ [ 344651.816188742930535, 1698881.199555090395734 ], [ 344702.74587272759527, 1699050.9651683724951 ], [ 345653.433307107479777, 1698830.269871105672792 ], [ 346162.730146953836083, 1698745.387064464623109 ], [ 348226.443383414763957, 1698513.020381284411997 ], [ 349164.398396798467729, 1698487.555539292050526 ], [ 349219.572221115173306, 1698589.41490726149641 ], [ 349288.48819030408049, 1698769.268973580328748 ], [ 349329.619181566289626, 1698872.990603720070794 ], [ 349386.844908539904281, 1699103.681815582094714 ], [ 349422.610987898369785, 1699218.133269529324025 ], [ 349436.917419641744345, 1699278.935604438651353 ], [ 349449.435547417262569, 1699339.737939348444343 ], [ 349591.307662205770612, 1699981.142962511163205 ], [ 349617.536120401986409, 1700238.658733892254531 ], [ 349648.53338917932706, 1700605.857148639392108 ], [ 349753.447221964248456, 1700784.687545432476327 ], [ 349846.439028296328615, 1700942.058294609887525 ], [ 350022.142598838428967, 1701154.432207724545151 ], [ 350376.818162012554239, 1701038.182056323159486 ], [ 350453.270174745295662, 1701023.12807448906824 ], [ 350576.067047209420707, 1700998.687920260708779 ], [ 350692.456439559697174, 1700994.651219673687592 ], [ 350798.22500463493634, 1700996.447476788656786 ], [ 351011.817114061443135, 1700968.286752806510776 ], [ 351259.795264280692209, 1700911.061025832779706 ], [ 351371.862312937446404, 1700891.985783507814631 ], [ 351438.625661073427182, 1700870.526135892607272 ], [ 351455.316498107393272, 1700820.453624791000038 ], [ 351417.841032740077935, 1699082.578583593014628 ], [ 351137.923651203163899, 1698576.682486265199259 ], [ 350494.83415450330358, 1697554.904837014852092 ], [ 350347.45251435827231, 1696720.932126075495034 ], [ 349308.92174903198611, 1695999.867190461605787 ], [ 348781.15888363373233, 1696186.239897436229512 ], [ 348441.254135382012464, 1696412.653045689454302 ], [ 347907.917527066485491, 1697016.731085014762357 ], [ 347481.985368171706796, 1697223.889495935756713 ], [ 347317.136317272379529, 1697276.914509574417025 ], [ 347110.966519650712144, 1697324.240175673272461 ], [ 346226.911797217733692, 1697489.43943386990577 ], [ 345636.096216757665388, 1697558.583443517098203 ], [ 345482.248448983009439, 1697559.606360910460353 ], [ 345342.8624883411685, 1697589.105597368907183 ], [ 344416.752651966700796, 1697839.232056292938069 ], [ 344549.956820773659274, 1698405.855837900424376 ], [ 344651.816188742930535, 1698881.199555090395734 ] ] ] ] } },
{ "type": "Feature", "properties": { "fid": 730, "qgs_fid_0": 795, "qgs_fid": 129, "Dialgeo": 201009, "DIA": 4, "SEDE": "201" }, "geometry": { "type": "MultiPolygon", "coordinates": [ [ [ [ 344190.745772778172977, 1696758.7446927302517 ], [ 344427.896585481998045, 1697708.474861271679401 ], [ 345135.648186597041786, 1697565.516052153892815 ], [ 346419.040865609422326, 1697388.26110707432963 ], [ 347274.69491395179648, 1697209.008264261530712 ], [ 347767.015192469989415, 1697039.242650979431346 ], [ 347967.527659330575261, 1696862.340842451434582 ], [ 348632.699411892623175, 1696219.286730374675244 ], [ 349304.320296814141329, 1695984.53058976912871 ], [ 350352.391146465670317, 1696713.528762781294063 ], [ 350555.280474152474198, 1697609.017165115335956 ], [ 351477.922749856370501, 1699039.947504442650825 ], [ 352413.847424916399177, 1698850.934854780323803 ], [ 353567.899585552164353, 1698622.031946885632351 ], [ 355493.11061933694873, 1698092.52055135788396 ], [ 356769.897871838067658, 1697565.516052151797339 ], [ 359814.312226764508523, 1695829.844119121786207 ], [ 360275.82776923320489, 1695603.374849014915526 ], [ 360199.526799935032614, 1695384.009562282823026 ], [ 358182.319924113806337, 1688073.422941398341209 ], [ 357652.981949607376009, 1686924.139591344166547 ], [ 357047.343005803006236, 1685965.60866453545168 ], [ 356318.604283118213061, 1683109.443563563982025 ], [ 355988.667056790436618, 1683190.160906313220039 ], [ 355582.953292227291968, 1683307.503445726819336 ], [ 354581.867935354821384, 1684558.8095430994872 ], [ 353710.90813033550512, 1685618.666257843375206 ], [ 352322.038803846458904, 1687294.696448583388701 ], [ 351354.374808138352819, 1688652.821354840416461 ], [ 350980.890458917652722, 1689314.907246640650555 ], [ 350760.195161650830414, 1689960.01657711295411 ], [ 350472.522643816890195, 1690712.674100812990218 ], [ 350228.242307047126815, 1691615.98657572758384 ], [ 349885.895048024191055, 1692222.656263924436644 ], [ 349648.525611194549128, 1692699.833948427578434 ], [ 349342.821047829464078, 1693018.907629553228617 ], [ 348441.702163394773379, 1693470.675355579704046 ], [ 348057.859598213224672, 1693601.998840163461864 ], [ 347827.05076241097413, 1693603.506098741898313 ], [ 347085.297701806062832, 1693218.969558445969597 ], [ 346378.674655289389193, 1692731.07484473567456 ], [ 345047.371300593833439, 1691865.907211520941928 ], [ 344643.071956678584684, 1692263.898322634166107 ], [ 344176.32324731250992, 1692818.389469631947577 ], [ 343699.442189198744018, 1693257.120043096598238 ], [ 343379.335778939945158, 1693552.786299127154052 ], [ 344190.745772778172977, 1696758.7446927302517 ] ] ] ] } },
{ "type": "Feature", "properties": { "fid": 731, "qgs_fid_0": 796, "qgs_fid": 130, "Dialgeo": 201019, "DIA": 8, "SEDE": "201" }, "geometry": { "type": "MultiPolygon", "coordinates": [ [ [ [ 332566.499138193554245, 1696527.36091402056627 ], [ 333390.829564013984054, 1696579.296929109143093 ], [ 333471.790943517931737, 1696898.349076711572707 ], [ 333560.788086389598902, 1696883.310971016529948 ], [ 333780.198331184801646, 1696845.352187137817964 ], [ 333905.171418677608017, 1696818.135163077386096 ], [ 333890.551262052962556, 1696706.751999261090532 ], [ 334013.980480142985471, 1696652.60385229322128 ], [ 334015.504882547538728, 1696613.572310065152124 ], [ 334087.485774327069521, 1696593.238363085314631 ], [ 334054.572429373918567, 1696865.998519162414595 ], [ 334101.214121216791682, 1697169.159471917897463 ], [ 334356.842999503831379, 1697448.531832882435992 ], [ 334459.275586926087271, 1697539.511944967322052 ], [ 334549.882987967750523, 1697439.366922763409093 ], [ 334833.627217545523308, 1697174.697935510193929 ], [ 335580.498021403211169, 1696454.156652863603085 ], [ 336043.298989944509231, 1696048.280844359192997 ], [ 338076.418412714672741, 1694363.484097920823842 ], [ 338312.099431217997335, 1694181.256381842074916 ], [ 337084.10756428638706, 1691727.569743043510243 ], [ 336892.41244063974591, 1691622.453674389049411 ], [ 336683.925723022490274, 1691502.197749238228425 ], [ 336471.904223833465949, 1691392.931245944695547 ], [ 336233.092359403264709, 1691252.158801846206188 ], [ 336018.085467086872086, 1691144.896287271287292 ], [ 335993.576799827162176, 1691136.968521112576127 ], [ 335957.57099349150667, 1691149.950595761183649 ], [ 335862.361788730078842, 1691188.8070413924288 ], [ 335771.745121418498456, 1691218.374075823230669 ], [ 335541.821411987417378, 1691307.938823274569586 ], [ 335407.033396376762539, 1691348.233289123047143 ], [ 335281.675061451853253, 1691404.662113903323188 ], [ 335014.511749545810744, 1691496.809176610317081 ], [ 334951.784152113250457, 1691518.081905707484111 ], [ 334861.145015321555547, 1691544.181085783988237 ], [ 334742.692876614979468, 1691588.992167071672156 ], [ 334591.688668840331957, 1691640.977642187383026 ], [ 334408.214876906946301, 1691711.709025645395741 ], [ 334164.196290089224931, 1691782.872385633178055 ], [ 334050.650864154391456, 1691862.366184818325564 ], [ 333930.120171818183735, 1691941.910119745414704 ], [ 333772.463673652033322, 1692040.233401748118922 ], [ 333621.910038387170061, 1692154.706605969229713 ], [ 333436.477822004992049, 1692276.372397226979956 ], [ 332265.871469048084691, 1692705.960286415647715 ], [ 331504.228571076178923, 1693007.675455498043448 ], [ 330565.766911044949666, 1693329.212954554706812 ], [ 331262.40021304419497, 1694342.368811143795028 ], [ 331826.312873455928639, 1695041.752963035833091 ], [ 332328.32267164287623, 1695723.515339411096647 ], [ 332566.499138193554245, 1696527.36091402056627 ] ] ] ] } },
{ "type": "Feature", "properties": { "fid": 732, "qgs_fid_0": 797, "qgs_fid": 131, "Dialgeo": 201033, "DIA": 10, "SEDE": "201" }, "geometry": { "type": "MultiPolygon", "coordinates": [ [ [ [ 328827.310290598135907, 1688924.655630134278908 ], [ 329070.823198971396778, 1689552.104333616327494 ], [ 329754.843948629393708, 1690929.940479502780363 ], [ 330010.769917132798582, 1691532.116891716606915 ], [ 329399.613709314318839, 1691758.471042760415003 ], [ 330508.749049429316074, 1693275.043854754418135 ], [ 330708.606064856925514, 1693238.044800773495808 ], [ 333390.442654622485861, 1692262.050228541716933 ], [ 334156.437923390069045, 1691770.998461030423641 ], [ 335854.757889020838775, 1691174.29517168039456 ], [ 335824.360691534238867, 1689925.416208798531443 ], [ 335856.328489710926078, 1688662.131555662723258 ], [ 336343.93878321791999, 1688232.586839415831491 ], [ 336626.146820697758812, 1688112.223979975096881 ], [ 337325.531847482197918, 1687962.594583816826344 ], [ 337865.674837327562273, 1687931.064993859734386 ], [ 339058.902611803030595, 1688033.917567016091198 ], [ 339580.791543036699295, 1688058.103869019076228 ], [ 341361.528499867941719, 1688249.627926084212959 ], [ 345091.438391367613804, 1688853.180146289523691 ], [ 344193.479262352804653, 1688221.311750299530104 ], [ 343699.360362450941466, 1687823.268759042257443 ], [ 343068.868631603312679, 1687228.934861050685868 ], [ 342349.845942323445342, 1686618.646921533159912 ], [ 341862.195493061095476, 1686149.733154143206775 ], [ 341231.275671109207906, 1685853.085294577758759 ], [ 340764.582733561808709, 1685731.257315340917557 ], [ 340113.850861910614185, 1685628.634133695391938 ], [ 338622.237906311172992, 1685509.241603704169393 ], [ 337084.658923293696716, 1685482.856890702852979 ], [ 335054.102158957568463, 1685580.416374811436981 ], [ 334502.620293797575869, 1685334.300243972800672 ], [ 334203.417261597584002, 1685188.262450963957235 ], [ 333633.346411721897312, 1684951.552221001591533 ], [ 332913.718717800104059, 1684651.099046650109813 ], [ 332084.647614675341174, 1684684.809860994806513 ], [ 331154.617345446429681, 1684932.258332369849086 ], [ 330242.96956938225776, 1685142.570315456716344 ], [ 328890.188674312492367, 1686189.515618401346728 ], [ 327982.824566631345078, 1686973.965500538703054 ], [ 328494.19710513879545, 1688261.29940913268365 ], [ 328827.310290598135907, 1688924.655630134278908 ] ] ] ] } },
{ "type": "Feature", "properties": { "fid": 733, "qgs_fid_0": 798, "qgs_fid": 132, "Dialgeo": 201065, "DIA": 12, "SEDE": "201" }, "geometry": { "type": "MultiPolygon", "coordinates": [ [ [ [ 321470.497709052287973, 1690729.324526538606733 ], [ 320373.616974068630952, 1691739.199357787612826 ], [ 319757.032565273053478, 1692043.457750203553587 ], [ 317918.646445298101753, 1692218.918760159052908 ], [ 317544.304455624311231, 1692296.204711003927514 ], [ 317406.008948771283031, 1692324.817574490793049 ], [ 317282.01987366162939, 1692453.575460181571543 ], [ 317005.428859955572989, 1692706.322420982178301 ], [ 316581.004718234180473, 1693183.203479096060619 ], [ 315553.805691433721222, 1694323.430976616451517 ], [ 316810.231886309047695, 1695086.549793969839811 ], [ 318337.248714240849949, 1696026.005049684317783 ], [ 319728.117220794025343, 1696788.211243035737425 ], [ 320472.354152445448563, 1696056.411854232195765 ], [ 321159.062876129464712, 1695360.165509385988116 ], [ 321578.718207269732375, 1695016.811147543834522 ], [ 322141.437855844153091, 1694625.768679890083149 ], [ 322894.909927664091811, 1694158.425242938566953 ], [ 323419.479091589397285, 1693939.059956206241623 ], [ 323610.231514834973495, 1693824.608502259245142 ], [ 323955.923447207431309, 1693743.025571502745152 ], [ 324764.283675470622256, 1693567.092730877688155 ], [ 325374.691429856407922, 1693366.802686469862238 ], [ 326277.766165796725545, 1693047.004501804010943 ], [ 327334.672578703612089, 1692641.943478136090562 ], [ 327751.943504551483784, 1692475.035107791423798 ], [ 328095.297866393404547, 1692303.357926870463416 ], [ 328572.17892450717045, 1692112.605503625003621 ], [ 329042.612449477892369, 1691875.413173882290721 ], [ 329460.495891567261424, 1691696.462230689590797 ], [ 329682.556398119137157, 1691622.658552134409547 ], [ 329937.204818043508567, 1691509.481476612389088 ], [ 329676.8975443430827, 1690977.549221659312025 ], [ 328941.246553450415377, 1689347.799334143288434 ], [ 328454.585128706065007, 1688317.887946893228218 ], [ 327956.605996409489308, 1686971.080748182255775 ], [ 326847.470656294492073, 1686597.596398959867656 ], [ 326035.60197876492748, 1687208.222089246613905 ], [ 325928.083757019427139, 1687287.4460421113763 ], [ 325186.773912352335174, 1687836.354858391918242 ], [ 324666.159364952589385, 1688192.862646285211667 ], [ 324400.193237476749346, 1688396.581382223870605 ], [ 323902.214105181396008, 1688770.065731445560232 ], [ 323528.729755959881004, 1689041.690712697338313 ], [ 323064.70374632102903, 1689347.268816605908796 ], [ 322691.219397099455819, 1689630.211505410028622 ], [ 322195.821486591245048, 1689970.587651851354167 ], [ 321470.497709052287973, 1690729.324526538606733 ] ] ] ] } },
{ "type": "Feature", "properties": { "fid": 734, "qgs_fid_0": 799, "qgs_fid": 133, "Dialgeo": 201053, "DIA": 11, "SEDE": "201" }, "geometry": { "type": "MultiPolygon", "coordinates": [ [ [ [ 321869.615652717708144, 1678132.837285020155832 ], [ 321299.848724905226845, 1677665.272552603157237 ], [ 320856.243404226435814, 1678130.452879729215056 ], [ 320512.889042384515051, 1678531.032968544634059 ], [ 320398.437588437169325, 1678655.022043654229492 ], [ 320100.386927114974242, 1679067.524158922955394 ], [ 319771.958205362607259, 1679430.834930741460994 ], [ 319262.6613655150868, 1680143.850506528047845 ], [ 318538.18044705374632, 1681029.626354299951345 ], [ 318297.77652744424995, 1681327.940374383237213 ], [ 318049.798377225059085, 1681718.982842036755756 ], [ 317773.207363518944476, 1682119.56293085240759 ], [ 318318.442657009582035, 1682402.645817301003262 ], [ 319022.635735777497757, 1682806.271654536481947 ], [ 319995.47309432993643, 1683283.152712650597095 ], [ 320883.038776288100053, 1683700.263265597866848 ], [ 321635.943934241891839, 1684046.162405632901937 ], [ 322229.845974999247119, 1684356.690303625073284 ], [ 322761.383231390791479, 1684637.494917694013566 ], [ 323352.715743452077731, 1684980.84927953616716 ], [ 324516.305525250092614, 1685514.956064623780549 ], [ 325622.669580074434634, 1686029.987607386894524 ], [ 327977.296180684410501, 1686911.839622724801302 ], [ 328554.499265844933689, 1686425.178197981556877 ], [ 330387.967889296181966, 1684987.829338856041431 ], [ 330337.038205311459024, 1684846.357994453981519 ], [ 330076.730931611498818, 1684240.86064041312784 ], [ 329708.905436166038271, 1683363.738305120263249 ], [ 329250.538280303240754, 1683063.819054987747222 ], [ 328045.202425997355022, 1682265.920672559877858 ], [ 325957.085382622317411, 1681128.491063566878438 ], [ 324364.270100714289583, 1680235.835909888381138 ], [ 323975.133737598895095, 1679467.971497294958681 ], [ 323736.957271048100665, 1678940.580749931978062 ], [ 323474.75543294812087, 1678974.180014681071043 ], [ 323374.175391067285091, 1679234.432529263198376 ], [ 323344.505003634607419, 1679326.778749971883371 ], [ 321869.615652717708144, 1678132.837285020155832 ] ] ] ] } },
{ "type": "Feature", "properties": { "fid": 735, "qgs_fid_0": 800, "qgs_fid": 134, "Dialgeo": 201088, "DIA": 15, "SEDE": "201" }, "geometry": { "type": "MultiPolygon", "coordinates": [ [ [ [ 333370.469615155598149, 1676284.77399462624453 ], [ 333918.759671067993622, 1677697.204804427688941 ], [ 333819.765751713188365, 1678214.767668045358732 ], [ 333647.145082530332729, 1678642.113040007650852 ], [ 332674.490581190912053, 1679181.199849241180345 ], [ 332184.12317784584593, 1679633.59806263493374 ], [ 331272.122310447623022, 1680284.280950028216466 ], [ 330487.789615750953089, 1680616.96142481896095 ], [ 329044.160126057919115, 1680934.643459229497239 ], [ 328316.668570113251917, 1681138.156445159809664 ], [ 327866.607133010169491, 1681349.365818774327636 ], [ 327492.301672770525329, 1681580.249497093260288 ], [ 327277.543543277890421, 1681764.935274173971266 ], [ 327397.823805804713629, 1681818.788673295872286 ], [ 328205.736370056401938, 1682340.666665525175631 ], [ 329735.76870630501071, 1683328.456413169391453 ], [ 330486.113634325272869, 1685032.923329874640331 ], [ 332025.321861423668452, 1684614.168150443583727 ], [ 333005.719417482032441, 1684636.31073168409057 ], [ 334283.975772502832115, 1685158.048019447363913 ], [ 335057.761314854666125, 1685517.340469910763204 ], [ 335963.835325270832982, 1685431.501879450399429 ], [ 336889.580679333594162, 1685417.195447704289109 ], [ 337614.439887666550931, 1685398.120205379789695 ], [ 338310.686232512642164, 1685417.195447704289109 ], [ 338968.782092709676363, 1685417.195447704289109 ], [ 339521.96412012167275, 1685493.496417002286762 ], [ 340532.951963322877418, 1685665.173597923479974 ], [ 341221.780763884598855, 1685823.715390925994143 ], [ 341882.264931527664885, 1686083.151893295347691 ], [ 342729.385571130260359, 1686898.059446272673085 ], [ 343117.772923297190573, 1687206.038859561551362 ], [ 343669.506377198442351, 1687763.444094558712095 ], [ 344418.21163107623579, 1686877.709660882363096 ], [ 344875.242714104824699, 1685966.740815481403843 ], [ 345176.498037073237356, 1685236.642065814230591 ], [ 345018.050131342490204, 1683923.787989759584889 ], [ 344836.966810507408809, 1682758.064111883984879 ], [ 347072.390891359478701, 1680469.94195538177155 ], [ 346667.996610997186508, 1680302.039475868688896 ], [ 344582.49522988247918, 1679507.936813447391614 ], [ 342726.391191326954868, 1678851.509775421814993 ], [ 340259.130944954347797, 1677912.140048591885716 ], [ 338245.078338934865315, 1677246.953341523651034 ], [ 335947.084367578325327, 1676395.567236601142213 ], [ 335381.198989969969261, 1676203.166208214359358 ], [ 334498.417800900817383, 1676112.624547797022387 ], [ 333370.469615155598149, 1676284.77399462624453 ] ] ] ] } },
{ "type": "Feature", "properties": { "fid": 736, "qgs_fid_0": 801, "qgs_fid": 135, "Dialgeo": 201008, "DIA": 6, "SEDE": "201" }, "geometry": { "type": "MultiPolygon", "coordinates": [ [ [ [ 345397.016495276184287, 1691128.039364275289699 ], [ 345238.568589545844588, 1691377.028930423082784 ], [ 344989.579023398167919, 1691761.830987196648493 ], [ 345725.111631804553326, 1692261.959171892842278 ], [ 347152.06104994204361, 1693142.668589147739112 ], [ 347600.329244568943977, 1693409.721981691429392 ], [ 348005.748086050909478, 1693550.028780439170077 ], [ 348464.115241913706996, 1693397.239728485001251 ], [ 348840.219995664781891, 1693209.431937283603474 ], [ 349239.37820923718391, 1692972.825695278588682 ], [ 349518.704575200274121, 1692697.151827632449567 ], [ 349946.734931247716304, 1691993.843992016278207 ], [ 350223.049913681810722, 1691158.02682872954756 ], [ 350432.779476941912435, 1690514.743368527619168 ], [ 350658.923908210417721, 1689780.009105577599257 ], [ 351019.115782235632651, 1688945.330762058962137 ], [ 352904.302280319388956, 1686302.266745386412367 ], [ 354881.255423992872238, 1683997.88360640918836 ], [ 355549.000169570790604, 1683307.503445726819336 ], [ 355015.829698238230776, 1682827.73130214610137 ], [ 354386.459396937105339, 1682235.504333512391895 ], [ 353138.328460958902724, 1680998.691105084726587 ], [ 352915.245593108178582, 1680680.873530971817672 ], [ 351804.598571030190215, 1680739.328637396916747 ], [ 349880.779191061796155, 1680855.114713585237041 ], [ 349384.032658878830262, 1681208.422373153269291 ], [ 348142.863911572669167, 1680839.376800316153094 ], [ 347196.340842148521915, 1680443.68069528369233 ], [ 347124.235520849470049, 1680498.02676269528456 ], [ 346215.016504128929228, 1681430.233816800871864 ], [ 344904.873055820527952, 1682803.334942092653364 ], [ 345091.934878890868276, 1683786.262228956213221 ], [ 345261.204004650120623, 1685231.513729595579207 ], [ 344791.414476945879869, 1686327.914924525190145 ], [ 344466.938326346455142, 1686938.693560947664082 ], [ 343812.537437972612679, 1687755.36251372937113 ], [ 344231.292617402854376, 1688128.846862950827926 ], [ 344559.506136415700894, 1688411.789551754947752 ], [ 345102.756098919780925, 1688796.591608528746292 ], [ 346053.443533301935531, 1689577.513429628219455 ], [ 345397.016495276184287, 1691128.039364275289699 ] ] ] ] } },
{ "type": "Feature", "properties": { "fid": 737, "qgs_fid_0": 802, "qgs_fid": 136, "Dialgeo": 201097, "DIA": 17, "SEDE": "201" }, "geometry": { "type": "MultiPolygon", "coordinates": [ [ [ [ 364512.978229249943979, 1681846.458136411616579 ], [ 363392.525181585282553, 1681903.046674172393978 ], [ 361830.681539386103395, 1681970.952919485513121 ], [ 360314.108727395650931, 1682016.223749694181606 ], [ 359148.384849522321019, 1681993.588334589730948 ], [ 358378.780735974898562, 1682050.176872350741178 ], [ 357280.963103414629586, 1682129.400825215736404 ], [ 356760.348556014883798, 1682185.989362976746634 ], [ 356254.634064737590961, 1682181.595974772935733 ], [ 356353.723543073982, 1683018.879760724958032 ], [ 356640.679051343933679, 1684401.483573297969997 ], [ 357028.267763478448614, 1685774.856241289991885 ], [ 357590.987412052694708, 1686728.61835751729086 ], [ 358096.481333653326146, 1687663.305231420323253 ], [ 358430.298074332997203, 1688512.153514862991869 ], [ 358668.738603389880154, 1689294.238450169796124 ], [ 358935.791995933570433, 1690281.382240465143695 ], [ 359088.393934529973194, 1691111.155281583312899 ], [ 359171.020264626597054, 1691421.238725546514615 ], [ 360529.145170886768028, 1691308.061650024726987 ], [ 362073.669358322222251, 1691177.91862971894443 ], [ 364305.472710294707213, 1691101.617660420713946 ], [ 365893.738550614449196, 1691002.483546116156504 ], [ 369085.332080325810239, 1690844.03564038570039 ], [ 370053.978033047111239, 1690816.566182105103508 ], [ 371552.59232669841731, 1690776.129395072581246 ], [ 371303.602760550682433, 1690187.608602359890938 ], [ 371099.884024611732457, 1689565.134686990641057 ], [ 370896.165288672666065, 1689067.155554695287719 ], [ 370794.305920703161974, 1688671.035790369380265 ], [ 370533.539329260704108, 1688044.810077911475673 ], [ 370400.01263298880076, 1687834.982412341516465 ], [ 370157.684870883123949, 1687464.285222614184022 ], [ 369704.976568796380889, 1687034.212335631949827 ], [ 369096.64978787797736, 1686531.989063009852543 ], [ 368315.727966778387781, 1685728.431826805928722 ], [ 367353.722824844066054, 1684823.015222632326186 ], [ 366844.425984996545594, 1684223.176722367526963 ], [ 365939.009380823117681, 1683249.853872880572453 ], [ 365124.134437067026738, 1682457.614344229223207 ], [ 364716.696965188952163, 1682084.129995007067919 ], [ 364512.978229249943979, 1681846.458136411616579 ] ] ] ] } },
{ "type": "Feature", "properties": { "fid": 738, "qgs_fid_0": 803, "qgs_fid": 137, "Dialgeo": 201099, "DIA": 16, "SEDE": "201" }, "geometry": { "type": "MultiPolygon", "coordinates": [ [ [ [ 373994.387731067894492, 1687294.519609331851825 ], [ 371512.803511029051151, 1687211.582033668644726 ], [ 370327.450484176632017, 1687362.425854651723057 ], [ 372545.721164401562419, 1692613.842158857733011 ], [ 373883.835913762100972, 1694471.058606029255316 ], [ 375005.571082453243434, 1695618.880639109062031 ], [ 375318.613455112499651, 1695905.836147378664464 ], [ 375873.12718473887071, 1696733.487707846332341 ], [ 376076.845920677878894, 1697638.904312019934878 ], [ 376106.580547068151645, 1698830.757999082095921 ], [ 375878.81373318011174, 1699386.847100320272148 ], [ 377909.180953911563847, 1699732.774756676051766 ], [ 378364.705300160567276, 1699842.286950642243028 ], [ 379179.298983711283654, 1699944.107368054799736 ], [ 379879.595658206322696, 1700026.940605527721345 ], [ 380612.240382993069943, 1700079.815520513569936 ], [ 381540.292402272985782, 1700147.721765826689079 ], [ 381701.746574105403852, 1699076.253171145450324 ], [ 381758.335111866239458, 1698046.341783898184076 ], [ 381803.605942074907944, 1696608.992924772901461 ], [ 381803.605942074907944, 1696133.64920758176595 ], [ 381018.593323929642793, 1694836.274707463569939 ], [ 380659.287694777594879, 1694229.286540000932291 ], [ 379811.68941289326176, 1692862.831725005293265 ], [ 379570.772350385785103, 1690923.245049235410988 ], [ 379607.970676943310536, 1689739.14444059995003 ], [ 379709.830044912814628, 1689161.941355439601466 ], [ 379818.597562073671725, 1688379.775771388784051 ], [ 379902.231073299655691, 1687396.378977301297709 ], [ 379653.241507151979022, 1687373.743562196847051 ], [ 378974.179054021893535, 1687317.155024436069652 ], [ 378396.97596886131214, 1687339.79043954052031 ], [ 377661.324977970391046, 1687328.472731988178566 ], [ 376654.049005827459041, 1687317.155024436069652 ], [ 375352.512637328065466, 1687351.108147092629224 ], [ 373994.387731067894492, 1687294.519609331851825 ] ] ] ] } },
{ "type": "Feature", "properties": { "fid": 739, "qgs_fid_0": 804, "qgs_fid": 138, "Dialgeo": 201104, "DIA": 18, "SEDE": "201" }, "geometry": { "type": "MultiPolygon", "coordinates": [ [ [ [ 372544.660129317722749, 1692808.718935766955838 ], [ 371910.868506396305747, 1691427.958614402450621 ], [ 371741.102893113857135, 1690884.708651898894459 ], [ 371344.983128788007889, 1690850.755529242567718 ], [ 370994.13419467076892, 1690884.708651898894459 ], [ 370428.248817062412854, 1690884.70865189912729 ], [ 369534.149920441152062, 1690896.026359451236203 ], [ 368798.498929550172761, 1690929.979482107562944 ], [ 368028.894816002750304, 1690975.25031231623143 ], [ 367078.207381620653905, 1691043.156557629350573 ], [ 366447.655113709392026, 1691071.308421230874956 ], [ 365486.365827546804212, 1691156.103152404306456 ], [ 359403.135432884970214, 1691449.74083284358494 ], [ 359498.511644507874735, 1692002.922860255464911 ], [ 359918.166975647967774, 1693605.243215517606586 ], [ 360414.123276086174883, 1695703.519871218362823 ], [ 356866.128203719679732, 1697649.194588322890922 ], [ 357438.385473456175532, 1699976.374151918105781 ], [ 358024.041339886258356, 1702519.3120155276265 ], [ 361125.093209180282429, 1702247.687034275615588 ], [ 362505.853530544787645, 1702157.145373858278617 ], [ 363389.861078716174234, 1702055.575565293896943 ], [ 364792.030456082720775, 1701998.697468127822503 ], [ 366308.603268073231447, 1701862.884977501817048 ], [ 367078.207381620653905, 1701862.884977501817048 ], [ 367168.749042037990876, 1700436.853825928643346 ], [ 367259.290702455327846, 1699282.447655607480556 ], [ 367259.290702455327846, 1698920.281013938132674 ], [ 367287.584971335716546, 1698569.432079820893705 ], [ 367281.926117559603881, 1697856.416504034539685 ], [ 367287.584971335716546, 1697296.189980201888829 ], [ 367689.363589437678456, 1697171.695197127992287 ], [ 368260.907820822147187, 1696984.953022517263889 ], [ 368911.676005071843974, 1696724.645748817129061 ], [ 369375.702014710754156, 1696543.56242798268795 ], [ 369760.504071484494489, 1696396.432229804573581 ], [ 370020.811345184280071, 1696294.572861834662035 ], [ 370382.977986853627954, 1696215.348908969899639 ], [ 370858.321704044647049, 1696068.218710791552439 ], [ 371277.076883474888746, 1695977.677050374215469 ], [ 371899.550798844080418, 1695841.864559748210013 ], [ 372522.024714213330299, 1695694.734361570095643 ], [ 372952.097601195739117, 1695592.874993600649759 ], [ 373438.759025938925333, 1695513.651040735421702 ], [ 374038.597526203840971, 1695423.109380318084732 ], [ 374618.698469464317895, 1695306.804130296921358 ], [ 373832.37684141669888, 1694552.195044721942395 ], [ 373359.535073073813692, 1694031.031351401237771 ], [ 372997.368431404465809, 1693510.416804001433775 ], [ 372544.660129317722749, 1692808.718935766955838 ] ] ] ] } },
{ "type": "Feature", "properties": { "fid": 740, "qgs_fid_0": 805, "qgs_fid": 139, "Dialgeo": 201110, "DIA": 19, "SEDE": "201" }, "geometry": { "type": "MultiPolygon", "coordinates": [ [ [ [ 371832.705588603625074, 1695918.612764082849026 ], [ 371149.392878249753267, 1696061.473409382859245 ], [ 370293.844940521521494, 1696269.819782732985914 ], [ 369643.166270352317952, 1696477.047158274333924 ], [ 368927.786518657230772, 1696767.941535437246785 ], [ 368268.239459515549242, 1697049.285489355446771 ], [ 367729.175321169721428, 1697228.169253019848838 ], [ 367329.339569365954958, 1697327.613082296214998 ], [ 367316.35032620606944, 1697498.879827672382817 ], [ 367313.888566261914093, 1697882.91591476323083 ], [ 367315.765626778244041, 1698211.400983266765252 ], [ 367327.429882447759155, 1698623.104249991243705 ], [ 367320.20842820109101, 1698988.643138238228858 ], [ 367321.663315694138873, 1699243.091827233787626 ], [ 367268.923032974009402, 1699789.310220988932997 ], [ 367235.707261109550018, 1700492.696519370190799 ], [ 367187.693920236080885, 1701862.293418167391792 ], [ 367765.150244951539207, 1701905.249304276891053 ], [ 368724.134888303931803, 1701918.298483435064554 ], [ 371042.859839375014417, 1702025.54654040443711 ], [ 371059.882242407999001, 1701738.647085911594331 ], [ 371049.555769400380086, 1701555.980386197566986 ], [ 371176.587653225637041, 1701433.068700639298186 ], [ 371291.771461957599968, 1701444.587081512669101 ], [ 371715.647878087649588, 1701260.29298754199408 ], [ 371819.313305949210189, 1701281.026073113549501 ], [ 372715.443337879260071, 1701382.387824797770008 ], [ 373256.807238919078372, 1701366.262091574957594 ], [ 373896.879345958004706, 1700966.687838685465977 ], [ 374707.562044481281191, 1700557.514482166385278 ], [ 374891.12658753641881, 1700931.232582649681717 ], [ 375478.341892991680652, 1700192.5254801355768 ], [ 375718.839608065318316, 1699899.786804950796068 ], [ 375855.718149776628707, 1699380.914432599907741 ], [ 375961.3521778996801, 1699112.022896056761965 ], [ 376094.821590629755519, 1698824.474744850536808 ], [ 376068.556617209978867, 1698264.81383547349833 ], [ 376051.232009717496112, 1697635.692402642918751 ], [ 376026.966756556648761, 1697450.755779785336927 ], [ 375931.780495541461278, 1697062.620265764882788 ], [ 375860.117143318697345, 1696720.621037687640637 ], [ 375705.341275418119039, 1696508.613678422989324 ], [ 375574.039654983556829, 1696333.494758689310402 ], [ 375517.650133446906693, 1696236.631595080485567 ], [ 375404.94413301901659, 1696056.784846525639296 ], [ 375339.291223328793421, 1695969.224458734039217 ], [ 375278.368149762623943, 1695895.519489691592753 ], [ 375053.792950306204148, 1695693.136698272777721 ], [ 374693.318859197432175, 1695329.537556475726888 ], [ 373716.516550385160372, 1695510.650750255212188 ], [ 371832.705588603625074, 1695918.612764082849026 ] ] ] ] } },
{ "type": "Feature", "properties": { "fid": 741, "qgs_fid_0": 806, "qgs_fid": 140, "Dialgeo": 201047, "DIA": 14, "SEDE": "201" }, "geometry": { "type": "MultiPolygon", "coordinates": [ [ [ [ 324425.481240125081968, 1674040.599869801430032 ], [ 323067.35633386176778, 1675636.396634660894051 ], [ 322309.069927864766214, 1676465.418712859740481 ], [ 321294.97397769120289, 1677624.958958128467202 ], [ 321553.099175479495898, 1677815.78055831301026 ], [ 323334.832703772932291, 1679301.195877399062738 ], [ 323467.798935778671876, 1678969.832203949568793 ], [ 323741.71101185498992, 1678935.919280245201662 ], [ 324283.198838146752678, 1680012.221753475489095 ], [ 324391.528117468464188, 1680231.385900852270424 ], [ 324646.176537392835598, 1680355.880683926399797 ], [ 325223.379622554639354, 1680684.094202939420938 ], [ 325698.723339746764395, 1680944.401476640021428 ], [ 326060.889981416985393, 1681165.096773907775059 ], [ 326567.357394377759192, 1681442.38060893677175 ], [ 326904.059194055444095, 1681617.805075995624065 ], [ 327226.613859293051064, 1681784.74126239051111 ], [ 327319.748153705499135, 1681670.710565500194207 ], [ 327916.994019976875279, 1681255.638434325344861 ], [ 328364.043468288495205, 1681114.167089922819287 ], [ 328924.997915420215577, 1680909.963004220742732 ], [ 329326.048610225028824, 1680831.224401118000969 ], [ 329693.874105671304278, 1680752.000448252540082 ], [ 330520.066756981483195, 1680548.281712313182652 ], [ 331261.376601650204975, 1680242.703608403913677 ], [ 331815.944271707732696, 1679835.266136524965987 ], [ 332234.699451138905715, 1679541.005740167805925 ], [ 332545.936408824287355, 1679201.474513602210209 ], [ 332828.879097629105672, 1679031.70890031917952 ], [ 333326.858229925797787, 1678777.060480394866318 ], [ 333609.800918730616104, 1678612.953720887890086 ], [ 333796.543093341868371, 1678216.833956561051309 ], [ 333875.767046207212843, 1677679.242847831919789 ], [ 333575.847796074056532, 1676903.979880506638438 ], [ 333321.199376149685122, 1676309.800234016496688 ], [ 332874.149927838006988, 1676207.940866046585143 ], [ 332347.876526660984382, 1676145.693474509520456 ], [ 331807.816903809260111, 1676129.936840941431001 ], [ 331109.338912931620143, 1676043.97874014871195 ], [ 330140.923553983098827, 1675896.703908361261711 ], [ 328619.867030318884645, 1675765.12283148476854 ], [ 327933.97058130527148, 1675715.620587526122108 ], [ 327379.976279223046731, 1675641.133756375173107 ], [ 327039.871684681915212, 1675534.537266690982506 ], [ 326674.192313214647584, 1675421.768469642847776 ], [ 326483.439889969129581, 1675355.005121506983414 ], [ 326311.762709048169199, 1675297.779394533252344 ], [ 326159.160770451766439, 1675202.403182910522446 ], [ 325987.483589530806057, 1675107.026971287792549 ], [ 325663.279405205801595, 1674866.395824551815167 ], [ 325360.384998110937886, 1674584.842212652787566 ], [ 325150.557332540862262, 1674422.702652894193307 ], [ 324883.503939997171983, 1674222.41260848636739 ], [ 324504.705192990368232, 1673887.810817846795544 ], [ 324425.481240125081968, 1674040.599869801430032 ] ] ] ] } },
{ "type": "Feature", "properties": { "fid": 742, "qgs_fid_0": 807, "qgs_fid": 141, "Dialgeo": 201013, "DIA": 7, "SEDE": "201" }, "geometry": { "type": "MultiPolygon", "coordinates": [ [ [ [ 343903.904942865076009, 1692923.303302417276427 ], [ 344247.259304706996772, 1692608.561804062221199 ], [ 344684.000919489655644, 1692078.72679865732789 ], [ 345000.896730950335041, 1691626.018496570643038 ], [ 345430.969617932685651, 1690901.685213231947273 ], [ 345996.854995541099925, 1689588.8311371805612 ], [ 345110.414019893039949, 1688931.808846005005762 ], [ 344366.479569235583767, 1688817.357392057776451 ], [ 343642.638371762586758, 1688692.818144045537338 ], [ 343126.588818139745854, 1688597.99210532521829 ], [ 342439.880094455904327, 1688502.615893702488393 ], [ 341734.09612844750518, 1688397.702060917625204 ], [ 340866.172602680453565, 1688264.175364645663649 ], [ 339886.129899865365587, 1688197.167720671743155 ], [ 339142.654264802229591, 1688105.8636953108944 ], [ 338307.874604378361255, 1688040.646534341620281 ], [ 337525.268672734382562, 1687975.429373372113332 ], [ 336807.87990205938695, 1688184.124288475606591 ], [ 336377.446639654168393, 1688314.558610418345779 ], [ 335973.100241638079751, 1688718.905008434550837 ], [ 335881.796216279268265, 1689371.076618138933554 ], [ 335885.634183727903292, 1690431.096472018631175 ], [ 335925.522584662132431, 1691063.388391303364187 ], [ 337121.333817748352885, 1691722.681094430852681 ], [ 338330.630246628250461, 1694167.243601669557393 ], [ 339022.671394869044889, 1693858.789989588782191 ], [ 339860.181753729470074, 1693711.659791410667822 ], [ 340046.92392834025668, 1693632.435838545672596 ], [ 340352.502032248827163, 1693598.482715889113024 ], [ 340601.491598396503832, 1693632.435838545672596 ], [ 340929.705117409408558, 1693677.706668754341081 ], [ 341178.694683557085227, 1693734.29520651511848 ], [ 341393.731127048260532, 1693802.201451828004792 ], [ 341586.132155435101595, 1693813.519159380346537 ], [ 341767.215476269775536, 1693836.154574484564364 ], [ 341999.228481089230627, 1693836.154574484564364 ], [ 342157.676386819570325, 1693847.472282036673278 ], [ 342468.913344504195265, 1693841.813428260618821 ], [ 342921.621646590880118, 1693841.813428260618821 ], [ 343119.681528753833845, 1693734.29520651511848 ], [ 343504.48358552751597, 1693360.810857293428853 ], [ 343708.202321466582362, 1693134.456706250086427 ], [ 343903.904942865076009, 1692923.303302417276427 ] ] ] ] } },
{ "type": "Feature", "properties": { "fid": 743, "qgs_fid_0": 808, "qgs_fid": 142, "Dialgeo": 201003, "DIA": 1, "SEDE": "201" }, "geometry": { "type": "MultiPolygon", "coordinates": [ [ [ [ 350148.921373284421861, 1701642.429314972599968 ], [ 350094.950901907403022, 1701659.190851988969371 ], [ 350009.92449415277224, 1701680.482712837401778 ], [ 349990.270732846809551, 1701685.880509939510375 ], [ 350098.704848605091684, 1701914.333148861769587 ], [ 350055.897771581658162, 1702123.945958361728117 ], [ 349946.787757517362479, 1702347.613860163604841 ], [ 349725.739776875590906, 1702658.957143788924441 ], [ 349341.254221913346555, 1703152.969475580146536 ], [ 349124.095030491473153, 1703758.859381991671398 ], [ 349001.262912860140204, 1704086.672240553889424 ], [ 348887.075442471425049, 1704425.077469286276028 ], [ 349196.258143218001351, 1704576.848002003971487 ], [ 350002.08277254877612, 1704870.708858830854297 ], [ 350914.884826100198552, 1705081.798200210556388 ], [ 352274.292225110402796, 1705451.128789108479396 ], [ 352800.565626285038888, 1705620.894402390578762 ], [ 353304.596946937555913, 1705761.907908854074776 ], [ 353819.159305977809709, 1705985.890470947371796 ], [ 354319.96786516008433, 1706138.679522901307791 ], [ 354659.499091724283062, 1706249.027171534718946 ], [ 356425.061469858395867, 1706232.050610206322744 ], [ 357282.377816933149006, 1706215.074048878159374 ], [ 357460.631710879388265, 1706240.538890870520845 ], [ 358937.592546433850657, 1706198.097487549763173 ], [ 358598.061319869593717, 1704992.761633246671408 ], [ 358292.483215961779933, 1703685.56641097436659 ], [ 357935.975428069301415, 1702463.253995343111455 ], [ 357681.327008146152366, 1701563.496244947891682 ], [ 356815.522380407317542, 1697743.769946099957451 ], [ 354960.392275244812481, 1698374.053796666208655 ], [ 351503.004603918816429, 1699146.601110811112449 ], [ 351517.311035662190989, 1700000.218204835196957 ], [ 351531.617467405623756, 1700880.063757054973394 ], [ 351493.466982756508514, 1700915.829836413497105 ], [ 351262.179669571283739, 1700944.442699900362641 ], [ 351011.817114061443135, 1700994.515211002435535 ], [ 350704.82493289996637, 1701025.512479779543355 ], [ 350577.233631289098412, 1701017.689780405256897 ], [ 350374.584800156648271, 1701047.568228717427701 ], [ 350156.042382786574308, 1701117.495984063716605 ], [ 350062.499699317035265, 1701147.829083253629506 ], [ 350032.576684974657837, 1701166.602772832848132 ], [ 350041.113008164102212, 1701185.746959932846949 ], [ 350052.741788428160362, 1701218.496536715887487 ], [ 350067.967698542401195, 1701249.984172658994794 ], [ 350080.842209318536334, 1701289.53839704580605 ], [ 350086.394185142358765, 1701311.798582376912236 ], [ 350137.239781249896623, 1701530.243995800847188 ], [ 350213.853497562929988, 1701600.19807451707311 ], [ 350148.921373284421861, 1701642.429314972599968 ] ] ] ] } },
{ "type": "Feature", "properties": { "fid": 744, "qgs_fid_0": 809, "qgs_fid": 143, "Dialgeo": 201004, "DIA": 3, "SEDE": "201" }, "geometry": { "type": "MultiPolygon", "coordinates": [ [ [ [ 345931.245541187585331, 1698843.781638911226764 ], [ 343412.886668507533614, 1699411.699691601097584 ], [ 342299.319256330898497, 1699676.893514182884246 ], [ 341298.945326421002392, 1699865.840112126432359 ], [ 339838.96105219470337, 1700188.394777362467721 ], [ 340144.539156102517154, 1701223.965018383460119 ], [ 340687.789118605316617, 1702649.996169953374192 ], [ 341740.335920954530593, 1705128.574123872444034 ], [ 342758.929600647301413, 1706928.08962466288358 ], [ 343743.570157683629077, 1709101.08947467408143 ], [ 344500.006265507428907, 1713271.818052132148296 ], [ 343794.222299499029759, 1717220.393213314469904 ], [ 348216.894067667541094, 1720857.358194461092353 ], [ 350203.151743068418, 1719974.57700539403595 ], [ 365787.466954539937433, 1714294.630673601059243 ], [ 366213.506778270646464, 1713697.011426142649725 ], [ 366357.341740051982924, 1713039.849905629875138 ], [ 368025.05607794545358, 1706261.372033712919801 ], [ 354609.884697519533802, 1706328.429845995735377 ], [ 349362.811957321944647, 1704729.624932659324259 ], [ 349057.233853414130863, 1704585.324161369586363 ], [ 348819.561994819145184, 1704483.46479340037331 ], [ 348870.491678803751711, 1704296.722618789877743 ], [ 348997.815888765384443, 1703974.167953553842381 ], [ 349057.340249543718528, 1703795.216462210519239 ], [ 349217.658370866382029, 1703318.51848931866698 ], [ 349292.995535926776938, 1703123.555344774154946 ], [ 349492.955332348821685, 1702781.618208171334118 ], [ 349783.630923549528234, 1702436.617477635154501 ], [ 350007.74676338309655, 1702157.701903914567083 ], [ 350059.049093735055067, 1701914.589791135163978 ], [ 349976.342754751909524, 1701711.228090408490971 ], [ 349981.876814343151636, 1701687.167339120293036 ], [ 350103.795386346406303, 1701654.792082093190402 ], [ 350150.715878003160469, 1701639.624502708204091 ], [ 350212.200151929573622, 1701600.053928923327476 ], [ 350136.031062327383552, 1701529.167975211516023 ], [ 350100.447328323731199, 1701415.904789936728776 ], [ 350075.691809700452723, 1701304.584425320150331 ], [ 350030.002060866565444, 1701208.263600869337097 ], [ 349995.279863484203815, 1701135.406631507677957 ], [ 349865.514270620828029, 1701027.896885070484132 ], [ 349658.071010341576766, 1700706.002170844003558 ], [ 349617.863731870893389, 1700594.07447987399064 ], [ 349574.616825171920937, 1700035.984284193953499 ], [ 349267.028542688931338, 1698777.018290775362402 ], [ 349141.847264934272971, 1698558.249105365015566 ], [ 348914.136559685168322, 1698509.964898231904954 ], [ 348506.403254998498596, 1698509.964898231904954 ], [ 345931.245541187585331, 1698843.781638911226764 ] ] ] ] } },
{ "type": "Feature", "properties": { "fid": 745, "qgs_fid_0": 810, "qgs_fid": 144, "Dialgeo": 201021, "DIA": 9, "SEDE": "201" }, "geometry": { "type": "MultiPolygon", "coordinates": [ [ [ [ 322179.588340493268333, 1694730.682512675179169 ], [ 321147.292841795249842, 1695466.198930301470682 ], [ 320300.676971524488181, 1696333.002867938252166 ], [ 319769.93938648927724, 1696818.966005424968898 ], [ 323563.530369413783774, 1700966.403125751297921 ], [ 326032.816759457287844, 1702948.522683988325298 ], [ 327678.026940545649268, 1701702.68358230125159 ], [ 330634.234957229811698, 1700120.84890595683828 ], [ 332666.623298459220678, 1698609.672563858097419 ], [ 333527.33159349829657, 1697949.421400714898482 ], [ 333702.775664079294074, 1697606.268346246564761 ], [ 333717.031061553454492, 1697582.629973391536623 ], [ 333713.773364630178548, 1697547.348816991085187 ], [ 333696.780394501052797, 1697482.43590340972878 ], [ 333681.225552818737924, 1697408.531736217439175 ], [ 333655.715363330207765, 1697287.316526739159599 ], [ 333631.506770430132747, 1697180.027988536749035 ], [ 333615.878442464978434, 1697095.904650397598743 ], [ 333535.723689383419696, 1697107.627547220792621 ], [ 333531.808261457481422, 1697106.416844731662422 ], [ 333502.576929419010412, 1697011.242215320467949 ], [ 333468.045932255045045, 1696889.472368169343099 ], [ 333449.47620139864739, 1696814.351127670612186 ], [ 333426.955368265160359, 1696733.064441503025591 ], [ 333390.12479150260333, 1696584.058540228288621 ], [ 333027.534686791477725, 1696562.504753968911245 ], [ 332554.25207988062175, 1696527.507986227981746 ], [ 332280.663241884438321, 1695762.688084834720939 ], [ 329390.029939175467007, 1691878.933785154484212 ], [ 329344.736574972921517, 1691789.883210290921852 ], [ 326675.28906578454189, 1692966.73500557243824 ], [ 325867.274178213323466, 1693287.499088362092152 ], [ 324157.481012275093235, 1693782.753131862729788 ], [ 322933.060412313207053, 1694301.48956037289463 ], [ 322179.588340493268333, 1694730.682512675179169 ] ] ] ] } },
{ "type": "Feature", "properties": { "fid": 746, "qgs_fid_0": 811, "qgs_fid": 145, "Dialgeo": 201348, "DIA": 1, "SEDE": "201" }, "geometry": { "type": "MultiPolygon", "coordinates": [ [ [ [ 398945.943822648259811, 1754286.959639369044453 ], [ 399046.748903973086271, 1754270.970625834306702 ], [ 398870.662569353706203, 1753325.3217917624861 ], [ 398609.79392547137104, 1751818.80537334503606 ], [ 398410.881584511371329, 1751851.413953830022365 ], [ 398195.664953309576958, 1751831.848805538844317 ], [ 397996.752612348762341, 1751802.501083101378754 ], [ 397823.927135777426884, 1751802.501083102077246 ], [ 397302.189848013687879, 1751848.153095781803131 ], [ 397089.914408852462657, 1751834.849814606597647 ], [ 396848.930579269770533, 1751936.196263091638684 ], [ 396792.763130769133568, 1752093.690313448896632 ], [ 396777.191702201613225, 1752245.97777770110406 ], [ 396773.930844152404461, 1752454.672692806692794 ], [ 396826.104572930256836, 1752647.063317669788375 ], [ 396910.88688219274627, 1752875.323381066322327 ], [ 397067.408068520890083, 1753191.626611772924662 ], [ 397269.58126752753742, 1753527.494990770937875 ], [ 397347.841860693180934, 1753664.451028809417039 ], [ 397618.493078720173799, 1753915.53709854464978 ], [ 397866.318290408758912, 1754068.797426825389266 ], [ 398225.012675745063461, 1754186.188316571293399 ], [ 398531.533332307706587, 1754251.405477542895824 ], [ 398818.488840577541851, 1754274.231483882293105 ], [ 398945.943822648259811, 1754286.959639369044453 ] ] ] ] } },
{ "type": "Feature", "properties": { "fid": 747, "qgs_fid_0": 812, "qgs_fid": 146, "Dialgeo": 201139, "DIA": 2, "SEDE": "201" }, "geometry": { "type": "MultiPolygon", "coordinates": [ [ [ [ 398613.869998032052536, 1751813.914086267584935 ], [ 398705.174023390747607, 1752355.216522322501987 ], [ 398850.698461731779389, 1753184.423705386696383 ], [ 399338.031667503353674, 1753099.338411939330399 ], [ 399546.755849604553077, 1753059.530393099877983 ], [ 399586.793472466233652, 1753208.426126415841281 ], [ 399700.506069695169572, 1753181.586553861852735 ], [ 399806.368530291947536, 1753154.782572435680777 ], [ 399703.295638598385267, 1752707.60559365269728 ], [ 399658.956854673335329, 1752457.560423861490563 ], [ 400266.00245978042949, 1752336.053116586059332 ], [ 400354.641694430436473, 1752317.040136264869943 ], [ 400326.701389929919969, 1752212.810072310268879 ], [ 400298.195009293500334, 1752202.208555812016129 ], [ 400271.56542352004908, 1752116.990115115651861 ], [ 400218.565415868361015, 1752115.518707466311753 ], [ 400102.040144558995962, 1751570.610224904259667 ], [ 399781.077031947439536, 1751579.629023109795526 ], [ 399808.663944105792325, 1751486.788453346118331 ], [ 399778.954961781506427, 1751485.196900721639395 ], [ 399726.964242713758722, 1751482.544313014019281 ], [ 399681.339734144276008, 1751443.8165324840229 ], [ 399619.799699329480063, 1751436.389286902965978 ], [ 399634.654190491710324, 1751372.727181922178715 ], [ 399619.799699329480063, 1751328.163708435604349 ], [ 399554.015524182701483, 1751313.309217273490503 ], [ 399462.766507043561433, 1751336.651989099802449 ], [ 399341.808507580019068, 1751391.825813416391611 ], [ 399155.066332969698124, 1751563.713496864540502 ], [ 399014.955538000911474, 1751719.349202861078084 ], [ 398613.869998032052536, 1751813.914086267584935 ] ] ] ] } },
{ "type": "Feature", "properties": { "fid": 748, "qgs_fid_0": 813, "qgs_fid": 147, "Dialgeo": 201155, "DIA": 4, "SEDE": "201" }, "geometry": { "type": "MultiPolygon", "coordinates": [ [ [ [ 400329.606458843976725, 1752204.019720697775483 ], [ 400356.937957582529634, 1752323.954668954480439 ], [ 400497.15115416503977, 1753015.597107962705195 ], [ 400699.461831934051588, 1752970.787713788216934 ], [ 400709.929974945145659, 1752980.269889525603503 ], [ 400735.356068911089096, 1753107.756056990940124 ], [ 401467.138877150369808, 1752919.130691893165931 ], [ 401583.618238698516507, 1752886.044893762096763 ], [ 401583.618238698516507, 1752661.217561357654631 ], [ 401313.8604622092098, 1752550.868005233118311 ], [ 401212.773862705333158, 1752431.8466864626389 ], [ 401119.839408321597148, 1752309.564509643241763 ], [ 401044.839673206151929, 1752172.60847160499543 ], [ 400925.81835443538148, 1752082.934875270817429 ], [ 400863.862051512405742, 1752038.913291615666822 ], [ 400723.614126056316309, 1751980.39946754812263 ], [ 400680.348675850778818, 1751961.085021117003635 ], [ 400652.66397409356432, 1751914.39376751659438 ], [ 400648.64542031014571, 1751817.17494431626983 ], [ 400630.710701044416055, 1751696.523196520516649 ], [ 400570.384827146364842, 1751667.175474083516747 ], [ 400524.845593664154876, 1751662.846634112298489 ], [ 400470.254957584198564, 1751651.488480479689315 ], [ 400389.903207641327754, 1751618.702014597365633 ], [ 400314.407470336416736, 1751569.349732628325 ], [ 400278.580637165869121, 1751475.025897190673277 ], [ 400264.946275331138168, 1751294.459860800299793 ], [ 400269.545430941449013, 1751246.38285842561163 ], [ 400381.541434776037931, 1750940.539044021861628 ], [ 400444.223958830814809, 1750852.819991245865822 ], [ 400489.458554330223706, 1750784.658760221442208 ], [ 400558.815747796266805, 1750570.584659164305776 ], [ 400641.576484271325171, 1750422.039747542468831 ], [ 400749.8020627386868, 1750382.781449470901862 ], [ 400864.393851704080589, 1750433.711133455391973 ], [ 400946.093553096114192, 1750518.593940096674487 ], [ 400958.825974092294928, 1750567.401553915115073 ], [ 401004.450482661835849, 1750625.758483480894938 ], [ 401027.793254488147795, 1750687.298518295632675 ], [ 401015.06083349196706, 1750736.106132114306092 ], [ 401013.999798408942297, 1750760.509939023526385 ], [ 401021.427043990173843, 1750776.955982810119167 ], [ 401136.961271654989105, 1750817.633435640716925 ], [ 401214.901413555198815, 1750823.628831171663478 ], [ 401393.635274374508299, 1750625.28367183636874 ], [ 401502.680399032891728, 1750436.925819435855374 ], [ 401576.781958686478902, 1750334.690932728350163 ], [ 401720.649163695867173, 1750270.842248212778941 ], [ 401846.101958448358346, 1750250.620825697900727 ], [ 401882.367653534631245, 1750239.733703299425542 ], [ 401919.797028997447342, 1750229.938018830958754 ], [ 401909.62990440777503, 1750197.668607422383502 ], [ 401866.764208846027032, 1750184.815896066604182 ], [ 401611.965305463876575, 1750123.872103890171275 ], [ 401415.071059787995182, 1750070.306617523077875 ], [ 401350.589649339788593, 1750052.840147590264678 ], [ 401325.081059088755865, 1750054.902756791096181 ], [ 401297.17881648731418, 1750070.630977041088045 ], [ 401282.982239108183421, 1750152.768037758534774 ], [ 401261.36572891875403, 1750207.601940383436158 ], [ 401234.386449030193035, 1750246.572011333657429 ], [ 401203.660046934906859, 1750263.808773484546691 ], [ 400866.478068033582531, 1750292.643506462685764 ], [ 400807.214517461776268, 1750293.036326697329059 ], [ 400686.233433965360746, 1750294.238989169709384 ], [ 400646.837687013321556, 1750292.286902255844325 ], [ 400589.881429470842704, 1750319.26618214440532 ], [ 400537.889059715671465, 1750371.947408975102007 ], [ 400499.855450038565323, 1750426.73527286038734 ], [ 400339.015617215598468, 1750386.277248808881268 ], [ 400250.054538639378734, 1750359.438677644357085 ], [ 400213.979345816886052, 1750318.058309406973422 ], [ 400190.438202232297044, 1750299.781146669527516 ], [ 400161.960073461057618, 1750322.263879909878597 ], [ 400046.548709493421484, 1750419.689057285198942 ], [ 399952.121229883574415, 1750484.139559241011739 ], [ 399985.856802969065029, 1750553.077580294338986 ], [ 400010.260609878285322, 1750601.354676571441814 ], [ 399994.345083633088507, 1750610.903992318548262 ], [ 400053.763048281893134, 1750715.946465536952019 ], [ 400069.67857452708995, 1750709.049737497465685 ], [ 400094.082381436426658, 1750726.026298825629056 ], [ 400111.935120924725197, 1750794.687742376001552 ], [ 400062.251328946033027, 1750924.439859349280596 ], [ 399991.323264770093374, 1751055.157538460567594 ], [ 399781.665471402404364, 1751576.908541751559824 ], [ 400105.481442068994511, 1751567.664457496255636 ], [ 400111.006858593376819, 1751596.411360202124342 ], [ 400223.210545254522003, 1752111.84078492410481 ], [ 400258.553993088484276, 1752115.097320836037397 ], [ 400273.753960455302149, 1752112.591650271555409 ], [ 400307.024881947843824, 1752201.681733370991424 ], [ 400329.606458843976725, 1752204.019720697775483 ] ] ] ] } },
{ "type": "Feature", "properties": { "fid": 749, "qgs_fid_0": 814, "qgs_fid": 148, "Dialgeo": 201174, "DIA": 15, "SEDE": "201" }, "geometry": { "type": "MultiPolygon", "coordinates": [ [ [ [ 406625.7982232508366, 1749779.953878488624468 ], [ 406628.243866787641309, 1749819.899389583850279 ], [ 406612.13747508788947, 1749869.716120437951759 ], [ 406632.588854836532846, 1749889.862255712272599 ], [ 406649.682545372284949, 1749900.087945586070418 ], [ 406658.534635114308912, 1749963.273551674094051 ], [ 406648.46156747743953, 1749984.945909317350015 ], [ 406630.910010230203625, 1750002.650088800815865 ], [ 406600.538185081502888, 1750034.013958488591015 ], [ 406660.213479719881434, 1750094.299742074217647 ], [ 406654.108590243733488, 1750100.404631551587954 ], [ 406655.329568136890884, 1750140.086413152050227 ], [ 406642.20405576255871, 1750157.485348161775619 ], [ 406648.59339020808693, 1750200.7414795095101 ], [ 406633.046721546910703, 1750235.933177942177281 ], [ 406585.852712156483904, 1750293.539021132048219 ], [ 406569.548421913990751, 1750337.560604786500335 ], [ 406548.383476611517835, 1750367.758002170128748 ], [ 406541.853678678744473, 1750403.309312221826985 ], [ 406531.105905302043539, 1750451.842182544060051 ], [ 406471.643518479773775, 1750686.13614189857617 ], [ 406360.853506808634847, 1751229.405281056649983 ], [ 406325.3645848025335, 1751446.292281003668904 ], [ 406359.317707458976656, 1751542.492795197060332 ], [ 406396.984452935750596, 1751689.446154287550598 ], [ 406432.882806547917426, 1751799.970642008120194 ], [ 406456.402417584613431, 1751884.676609562477097 ], [ 406473.378978912893217, 1751975.218269979814067 ], [ 406498.843820905254688, 1752054.442222845042124 ], [ 406518.649809121561702, 1752108.20133371767588 ], [ 406532.796943561756052, 1752173.27815214311704 ], [ 406552.602931778063066, 1752232.696116791572422 ], [ 406566.750066218257416, 1752285.040514220716432 ], [ 406583.726627546537202, 1752351.532046089414507 ], [ 406597.873761986731552, 1752402.461730074137449 ], [ 406612.020896426984109, 1752453.391414058860391 ], [ 406657.291726635710802, 1753169.236416732659563 ], [ 406671.438861075905152, 1753392.761140887858346 ], [ 406917.599000335554592, 1753409.737702216021717 ], [ 407169.417993371316697, 1753440.861397984670475 ], [ 407452.36068217549473, 1753469.155666864942759 ], [ 407690.032540771004278, 1753486.13222819310613 ], [ 407803.209616292675491, 1753505.938216409413144 ], [ 407930.533826254541054, 1753545.550192842027172 ], [ 408035.222621112130582, 1753579.503315498586744 ], [ 408137.081989081634674, 1753627.603572595398873 ], [ 408363.436140124977101, 1753689.850964132230729 ], [ 408572.813729840097949, 1753769.074916997458786 ], [ 408833.121003539999947, 1753916.205115175573155 ], [ 409478.230334013525862, 1754216.124365308089182 ], [ 409517.842310446139891, 1754085.970728458138183 ], [ 409676.290216176304966, 1753180.554124285466969 ], [ 409804.998596814461052, 1752061.154695619130507 ], [ 409830.077897495764773, 1751915.230559076881036 ], [ 409861.813087245100178, 1751828.93482710653916 ], [ 409880.008952115371358, 1751731.887557607842609 ], [ 409893.282759732624982, 1751676.356855163350701 ], [ 409899.380100508977193, 1751596.79237076616846 ], [ 409984.697746973077301, 1751443.286015026969835 ], [ 410075.239407390414272, 1751182.978741327067837 ], [ 410527.947709477157332, 1750560.504825957817957 ], [ 410225.199032456555869, 1750096.478816319257021 ], [ 410162.951640919607598, 1749963.495752580696717 ], [ 409902.644367219763808, 1749423.075216965284199 ], [ 409523.501164222310763, 1748837.383851139806211 ], [ 408872.732979972613975, 1748775.136459602974355 ], [ 408759.555904450942762, 1748749.671617610612884 ], [ 408578.472583616327029, 1748548.782308559631929 ], [ 408397.38926278159488, 1748096.074006472947076 ], [ 408111.617147089389618, 1747357.593588693765923 ], [ 407896.580703598156106, 1747462.282383551588282 ], [ 407630.555015818332322, 1747587.499222410377115 ], [ 407226.006531132035889, 1747719.760230364045128 ], [ 407050.726694570446853, 1747781.456860760692507 ], [ 407025.117222081054933, 1747796.154756341129541 ], [ 406937.404988551803399, 1748305.451596188824624 ], [ 406844.033901246380992, 1748639.323968977667391 ], [ 406774.982478970661759, 1748979.413227576529607 ], [ 406625.7982232508366, 1749779.953878488624468 ] ] ] ] } },
{ "type": "Feature", "properties": { "fid": 750, "qgs_fid_0": 815, "qgs_fid": 149, "Dialgeo": 201175, "DIA": 16, "SEDE": "201" }, "geometry": { "type": "MultiPolygon", "coordinates": [ [ [ [ 408341.19991102872882, 1747904.473709274316207 ], [ 408594.058854285976849, 1748539.766586708836257 ], [ 408806.683993082900997, 1748751.011153603671119 ], [ 409532.107498719240539, 1748820.995791823603213 ], [ 409918.449637746671215, 1749409.846489981282502 ], [ 410152.537857003335375, 1749918.811978787416592 ], [ 410578.877393461880274, 1750566.163679733173922 ], [ 410860.95277603022987, 1750565.568464133655652 ], [ 411119.297929077874869, 1750587.384381394367665 ], [ 411730.454136894957628, 1750632.65521160303615 ], [ 412137.891608773032203, 1750655.290626707253978 ], [ 412058.667655907804146, 1749285.848012895090505 ], [ 411996.420264370914083, 1748584.150144660845399 ], [ 411951.14943416218739, 1748052.217889708932489 ], [ 411900.21975017740624, 1747520.285634757019579 ], [ 411877.584335073071998, 1747107.189309102948755 ], [ 411854.948919968737755, 1746829.905474074883386 ], [ 411928.514019057853147, 1746592.233615479199216 ], [ 411922.148315767932218, 1746225.81072150520049 ], [ 411893.627796594751999, 1746059.729462200310081 ], [ 409672.145250887842849, 1746165.46572147635743 ], [ 409292.364892431243788, 1746188.118738040560856 ], [ 408940.192223190621007, 1746201.162170235067606 ], [ 408700.272364425705746, 1746204.003934166627005 ], [ 408581.833243103232235, 1746207.946225825464353 ], [ 408340.800725020701066, 1746784.634643865982071 ], [ 408127.184092493786011, 1747355.193238258594647 ], [ 408341.19991102872882, 1747904.473709274316207 ] ] ] ] } },
{ "type": "Feature", "properties": { "fid": 751, "qgs_fid_0": 816, "qgs_fid": 150, "Dialgeo": 201102, "DIA": 16, "SEDE": "201" }, "geometry": { "type": "MultiPolygon", "coordinates": [ [ [ [ 408255.917918379418552, 1745205.814440338406712 ], [ 408492.950919033377431, 1745768.581798642175272 ], [ 408546.085951143759303, 1745984.190320211462677 ], [ 408584.071624648058787, 1746187.162935912143439 ], [ 408779.171080302097835, 1746186.372738029807806 ], [ 409173.940588472643867, 1746166.313037401996553 ], [ 409707.413911944138817, 1746116.889898282941431 ], [ 409687.607923727831803, 1745972.589126992737874 ], [ 409664.984034528606571, 1745827.334346527699381 ], [ 409627.399833481991664, 1745649.746900616912171 ], [ 409602.44291503354907, 1745507.886319188168272 ], [ 409510.511224402463995, 1745172.393361405469477 ], [ 409473.428343665087596, 1745047.891204594634473 ], [ 409039.669166367151774, 1745137.908195025054738 ], [ 408926.631618202198297, 1745085.061482692603022 ], [ 408784.548450330970809, 1744866.901009579421952 ], [ 408786.220447708619758, 1744486.594651823630556 ], [ 408865.183604300254956, 1744371.522998949512839 ], [ 408875.475416343542747, 1744296.31776433181949 ], [ 408881.192443467036355, 1744262.919758519623429 ], [ 408886.533540100906976, 1744230.482597995083779 ], [ 408891.366466417501215, 1744199.495464768260717 ], [ 408892.376802074024454, 1744151.643267309991643 ], [ 408905.526944073149934, 1744030.416400957852602 ], [ 408907.244536361715291, 1743966.369346309453249 ], [ 408881.138205908879172, 1743756.980124924099073 ], [ 408793.352549799019471, 1743589.391201742691919 ], [ 408536.159551879391074, 1743535.027159032877535 ], [ 408362.021426681021694, 1743498.255313405068591 ], [ 408223.37043031869689, 1743725.679039609385654 ], [ 408193.670526842528488, 1743779.78328876523301 ], [ 408179.10998161038151, 1743812.673714657314122 ], [ 408154.05855040991446, 1743839.201253414154053 ], [ 408094.237342522770632, 1743879.067665641894564 ], [ 407969.900053009623662, 1743951.125902257859707 ], [ 407898.691470692283474, 1744005.088309742277488 ], [ 407789.062481852597557, 1744099.508527113590389 ], [ 407600.908015351858921, 1744248.693518231157213 ], [ 408255.917918379418552, 1745205.814440338406712 ] ] ] ] } },
{ "type": "Feature", "properties": { "fid": 752, "qgs_fid_0": 818, "qgs_fid": 152, "Dialgeo": 201119, "DIA": 19, "SEDE": "201" }, "geometry": { "type": "MultiPolygon", "coordinates": [ [ [ [ 412893.573075922729913, 1738614.03884213231504 ], [ 412556.6487325290218, 1738606.1011517054867 ], [ 412254.520835232397076, 1738584.179678820772097 ], [ 411952.266484266379848, 1738529.93670487171039 ], [ 411661.654441929189488, 1738482.57916356693022 ], [ 411464.121198584325612, 1738471.805348705733195 ], [ 411171.265154907712713, 1738445.243766982341185 ], [ 410852.841738426242955, 1738416.477487625088543 ], [ 410830.034943724283949, 1738525.090808463282883 ], [ 410809.715437554987147, 1738675.255737839266658 ], [ 410789.250727995764464, 1738788.476638824911788 ], [ 410759.611135803977959, 1738931.749740500934422 ], [ 410700.023601574008353, 1739139.79065331351012 ], [ 410515.946164452820085, 1739593.066387829137966 ], [ 410359.645588354964275, 1740018.518753322539851 ], [ 410221.350505437701941, 1740296.128439513733611 ], [ 410110.716982109821402, 1740518.214507983531803 ], [ 409977.019447818573099, 1740781.9490196343977 ], [ 410163.239138840872329, 1740873.559808588353917 ], [ 410479.717625313729513, 1741006.213427301961929 ], [ 410632.528430615901016, 1741058.710467835655436 ], [ 410776.844825744337868, 1741129.711852194741368 ], [ 410897.865462530229706, 1741184.644498984329402 ], [ 411153.89793344005011, 1741308.308611383661628 ], [ 411471.144117192772683, 1741454.822127861203626 ], [ 411666.589881229854655, 1741532.553621074883267 ], [ 411945.880432671518065, 1741665.368227411992848 ], [ 412206.61905721493531, 1741807.492039097473025 ], [ 412235.766618461057078, 1742658.107033221749589 ], [ 412020.830970105831511, 1744729.648081788560376 ], [ 411878.230926879623439, 1745685.851629837881774 ], [ 411906.481384999060538, 1745782.688735139556229 ], [ 411995.338572421809658, 1746009.705049684969708 ], [ 411943.022056836460251, 1746887.025563652161509 ], [ 411984.002766565070488, 1747790.490726730553433 ], [ 412922.763101475138683, 1747991.104407136095688 ], [ 414328.222994294308592, 1748283.44839921221137 ], [ 414595.482079257490113, 1747719.274210005765781 ], [ 414775.845307635492645, 1747510.865101842675358 ], [ 414937.057089173351415, 1747150.193087864900008 ], [ 414987.228714534605388, 1746905.342523787869141 ], [ 414934.931420255219564, 1746587.014681752072647 ], [ 414809.218037444690708, 1746509.011718505294994 ], [ 414325.811603397829458, 1746427.74895584769547 ], [ 414111.415056334109977, 1746239.292399825062603 ], [ 414059.069043460593093, 1745911.723752333782613 ], [ 414155.617164618510287, 1745648.214867762755603 ], [ 414327.019046584668104, 1745522.916313121560961 ], [ 414700.890087332925759, 1745523.723539759870619 ], [ 415141.328250428836327, 1745699.549432298401371 ], [ 415214.893349518068135, 1745764.62625072337687 ], [ 415265.823033502791077, 1745790.091092715738341 ], [ 415322.411571263626684, 1745767.455677611520514 ], [ 415313.923290599486791, 1745425.095024158479646 ], [ 415446.906354337465018, 1745161.958323570434004 ], [ 416236.316456101078074, 1744474.407589776208624 ], [ 416360.811239174916409, 1744151.85292453947477 ], [ 416284.416713197773788, 1743948.134188600350171 ], [ 416112.827893545501865, 1743558.706072619883344 ], [ 415860.636063935002312, 1743204.137151028495282 ], [ 415701.361905931960791, 1742851.526756250532344 ], [ 415661.251784463762306, 1742685.460780195659027 ], [ 415681.770550955203362, 1742581.498789037112147 ], [ 415746.262203753693029, 1742433.509293142240494 ], [ 415866.781238601193763, 1742359.185460188891739 ], [ 415917.749150516465306, 1742322.058279252611101 ], [ 416033.914983283320908, 1742326.243553282460198 ], [ 416189.759620617900509, 1742381.071207976900041 ], [ 416409.22010444640182, 1742678.064021889586002 ], [ 416468.231704682286363, 1743559.697086746105924 ], [ 416678.803915400640108, 1743969.822357565397397 ], [ 416781.551732429710682, 1744117.182026679627597 ], [ 416916.460158702742774, 1744167.470022928202525 ], [ 417055.826893182762433, 1744166.957506237318739 ], [ 417152.909177331195679, 1744037.330132846720517 ], [ 417335.977551213814877, 1743284.103742157341912 ], [ 417581.173878324043471, 1743001.570306898793206 ], [ 417859.316972997738048, 1742834.343474560882896 ], [ 418053.905653201509267, 1742685.890328354900703 ], [ 418099.376811533235013, 1742413.315397217869759 ], [ 417967.883637928636745, 1742025.948602362303063 ], [ 417831.656273395405151, 1741615.506442154292017 ], [ 417848.146126941486727, 1741346.809660032158718 ], [ 418174.472504593897611, 1740697.709247804246843 ], [ 418906.945226686424576, 1739986.884210819378495 ], [ 418989.072602994274348, 1739817.438555527012795 ], [ 418988.180150107597001, 1739568.086714380653575 ], [ 418848.421419692691416, 1739466.997423365712166 ], [ 418746.297717466426548, 1739495.070132555207238 ], [ 417537.306024264136795, 1739719.755997580708936 ], [ 417245.89342800405575, 1739700.328491163440049 ], [ 416993.335844578687102, 1739637.189095307141542 ], [ 416765.062644174904563, 1739481.769043968291953 ], [ 416731.06450794468401, 1738928.085111074149609 ], [ 417003.049597787379753, 1738452.111203849548474 ], [ 417187.05099744675681, 1738136.136597244767472 ], [ 417190.617633667308837, 1737840.568462502676994 ], [ 417109.900883082766086, 1737422.453363730572164 ], [ 417016.587263927038293, 1737268.55605932418257 ], [ 416839.646422527905088, 1737172.222161278827116 ], [ 416481.402262795425486, 1737058.083392065251246 ], [ 416174.835271951043978, 1737096.160792259732261 ], [ 415836.310576518182643, 1737235.402009084122255 ], [ 415329.322133323992603, 1738408.538844895316288 ], [ 414930.932295500126202, 1738737.906314403284341 ], [ 414647.605745777371339, 1738771.29776626243256 ], [ 414471.048961787833832, 1738776.58177446317859 ], [ 414294.282484023366123, 1738726.452837104676291 ], [ 414047.218619629042223, 1738519.581133035942912 ], [ 413974.943555370555259, 1738507.111536994343624 ], [ 413322.714374002069235, 1738623.937415548367426 ], [ 413136.880454974016175, 1738633.885277203982696 ], [ 412893.573075922729913, 1738614.03884213231504 ] ] ] ] } },
{ "type": "Feature", "properties": { "fid": 753, "qgs_fid_0": 820, "qgs_fid": 154, "Dialgeo": 201018, "DIA": 5, "SEDE": "201" }, "geometry": { "type": "MultiPolygon", "coordinates": [ [ [ [ 401342.669776098104194, 1750037.269066335866228 ], [ 401525.418708421464544, 1750093.649389349156991 ], [ 401688.81811120553175, 1750138.212862835731357 ], [ 401806.325803023239132, 1750166.195983162382618 ], [ 401914.019761672185268, 1750192.67811753670685 ], [ 401925.03233195055509, 1750234.886535862460732 ], [ 401973.188791079213843, 1750241.719342066207901 ], [ 402023.839938666962553, 1750246.968958844896406 ], [ 402056.626271583605558, 1750255.861547359731048 ], [ 402430.245507578831166, 1750395.053027435671538 ], [ 402468.09582233754918, 1750402.378894809633493 ], [ 402474.811200761178043, 1750404.820850600255653 ], [ 402501.672714460408315, 1750313.857997392304242 ], [ 402511.440537625574507, 1750245.483235249063 ], [ 402717.756882957590278, 1750221.504116852534935 ], [ 402701.841356712393463, 1750112.217503302032128 ], [ 402687.252124321006704, 1750055.452126360731199 ], [ 402678.498584886139724, 1749999.747784502804279 ], [ 402672.397633158834651, 1749999.21726696100086 ], [ 402491.294402350205928, 1750036.696015133755282 ], [ 402254.349810451560188, 1750091.527319183340296 ], [ 402205.011679091432597, 1750101.341893701115623 ], [ 402204.481161549920216, 1750094.17990689072758 ], [ 402201.298056300904136, 1750034.761942242039368 ], [ 402201.828573842416517, 1750013.806499352445826 ], [ 402200.532067952328362, 1750004.991207872284576 ], [ 402199.480685347109102, 1749997.624722479842603 ], [ 402192.765306921442971, 1749976.868098257808015 ], [ 402170.787704805261455, 1749937.796805605525151 ], [ 402054.794804741279222, 1749813.867549220332876 ], [ 402020.117028608103283, 1749756.328215206973255 ], [ 401987.641020493931137, 1749697.874649157049134 ], [ 401931.476037304149941, 1749738.166919705690816 ], [ 401841.123673043563031, 1749794.331902894424275 ], [ 401785.992800050007645, 1749804.643182469531894 ], [ 401682.396546640142333, 1749799.215814475901425 ], [ 401582.27635921665933, 1749799.215814475202933 ], [ 401501.691818120656535, 1749808.983637639088556 ], [ 401445.897292198147625, 1749806.13044608803466 ], [ 401390.194523075770121, 1749796.144579688087106 ], [ 401303.893399063614197, 1749762.586477613076568 ], [ 401274.414489887712989, 1749754.061682773288339 ], [ 401227.819095030950848, 1749737.695020539220423 ], [ 401194.570980868418701, 1749724.825038341572508 ], [ 401161.929167893482372, 1749711.470496733207256 ], [ 401134.642650227993727, 1749708.276147068012506 ], [ 401115.329949708189815, 1749694.275515625020489 ], [ 401080.149199728155509, 1749624.387042074929923 ], [ 401028.868128121190239, 1749597.525528376223519 ], [ 400946.343688685155939, 1749571.977783908136189 ], [ 400886.858944914885797, 1749543.240146683529019 ], [ 400843.279488018830307, 1749507.783653063466772 ], [ 400708.971919523784891, 1749402.779554058099166 ], [ 400663.90095092554111, 1749369.811481716111302 ], [ 400575.274839977209922, 1749295.943988209124655 ], [ 400546.581859433848877, 1749277.934564252151176 ], [ 400470.27074096997967, 1749190.634644730016589 ], [ 400225.464672939619049, 1748835.635321636218578 ], [ 399949.523668578651268, 1748483.99368775752373 ], [ 399829.867834826756734, 1748325.266561355208978 ], [ 399578.346388372709043, 1747797.804110537515953 ], [ 399557.847308058291674, 1747770.495173540897667 ], [ 399524.62336097471416, 1747756.290862092981115 ], [ 399422.886659461655654, 1747732.699711117660627 ], [ 399332.25919183291262, 1747722.766496355878189 ], [ 399212.844750596152153, 1747696.587642727419734 ], [ 399143.254940398910549, 1747686.262582430616021 ], [ 399075.768786134314723, 1747685.345498059177771 ], [ 398988.436000805988442, 1747691.102029698668048 ], [ 398982.108499725, 1747702.836049820529297 ], [ 398886.944401660352014, 1748041.261029974091798 ], [ 398769.76029328891309, 1748328.462245985865593 ], [ 398887.298604812705889, 1748338.77159222192131 ], [ 399286.943248080497142, 1748594.495891873724759 ], [ 399651.740259220241569, 1748961.576569173019379 ], [ 399991.987712960806675, 1749549.204597712494433 ], [ 400039.790815929300152, 1749705.053780103102326 ], [ 400053.9297009925358, 1749794.725897741038352 ], [ 400072.297526392329019, 1749952.654947825241834 ], [ 400072.696133155201096, 1750042.387127487221733 ], [ 400092.749317291541956, 1750137.883824967779219 ], [ 400118.448350848746486, 1750178.734898089431226 ], [ 400132.326895374630112, 1750209.884806952672079 ], [ 400183.638002960477024, 1750272.079970696242526 ], [ 400246.717858488089405, 1750349.566088377032429 ], [ 400498.350964951037895, 1750419.426811181707308 ], [ 400535.593058375292458, 1750369.183558273594826 ], [ 400577.427321117720567, 1750324.467981526860967 ], [ 400612.16639841417782, 1750301.393620907561854 ], [ 400641.068726361903828, 1750290.04934117407538 ], [ 400687.17608685279265, 1750285.456603465368971 ], [ 400732.816426511213649, 1750286.230473938863724 ], [ 400795.640208916680422, 1750288.879346485016868 ], [ 400821.567734532931354, 1750289.853111028671265 ], [ 401007.806259427103214, 1750273.56572684366256 ], [ 401120.746714752865955, 1750269.902793156914413 ], [ 401179.353653731290251, 1750260.745458940975368 ], [ 401219.998376145318616, 1750240.043261101236567 ], [ 401240.915472546534147, 1750221.08327927836217 ], [ 401255.910882103373297, 1750198.457613448379561 ], [ 401261.073603118769825, 1750186.835122107993811 ], [ 401267.025700047728606, 1750172.309210697421804 ], [ 401274.00982062111143, 1750158.515114074572921 ], [ 401282.538425068021752, 1750145.066494791768491 ], [ 401292.249206351523753, 1750065.531954683363438 ], [ 401312.258300390327349, 1750040.328557972097769 ], [ 401342.669776098104194, 1750037.269066335866228 ] ] ] ] } },
{ "type": "Feature", "properties": { "fid": 754, "qgs_fid_0": 821, "qgs_fid": 155, "Dialgeo": 201022, "DIA": 6, "SEDE": "201" }, "geometry": { "type": "MultiPolygon", "coordinates": [ [ [ [ 396566.804409341013525, 1747267.899703929200768 ], [ 397882.275078294274863, 1747703.40542575577274 ], [ 397937.581970062281471, 1747729.023468331433833 ], [ 398057.923664111061953, 1747681.5059659993276 ], [ 398088.448111498611979, 1747663.191297568148002 ], [ 398141.01683641935233, 1747656.846121739596128 ], [ 398151.895457389357034, 1747578.911903392057866 ], [ 398146.139317054708954, 1747535.904351971810684 ], [ 398095.46873439574847, 1747330.16957659390755 ], [ 398095.468734395282809, 1747299.645129210315645 ], [ 398132.098071257583797, 1747301.476596052991226 ], [ 398162.012029695499223, 1747294.150728680426255 ], [ 398163.233007590984926, 1747349.705222921678796 ], [ 398238.323148158437107, 1747416.248518221778795 ], [ 398344.548225057777017, 1747497.443548266310245 ], [ 398421.469832469709218, 1747537.735818814486265 ], [ 398465.056675821891986, 1747555.955639723921195 ], [ 398500.304877916292753, 1747545.025480091106147 ], [ 398542.321430037845857, 1747522.879291825229302 ], [ 398590.699720222968608, 1747488.276104071177542 ], [ 398611.437617315968964, 1747461.668750166893005 ], [ 398636.361942062096205, 1747442.499542973935604 ], [ 398741.366041067871265, 1747389.997493470320478 ], [ 398968.46792961389292, 1747314.296863954979926 ], [ 399067.125429742329288, 1747288.93888769717887 ], [ 399174.813193940033671, 1747254.468947081360966 ], [ 399389.064893618575297, 1747164.871992697939277 ], [ 399648.552617358218413, 1747020.041191159980372 ], [ 399931.81948909338098, 1746717.238673099316657 ], [ 400244.389830318163149, 1746433.971801364095882 ], [ 400417.415444814483635, 1746415.429800154175609 ], [ 401055.02818409219617, 1746463.624662850284949 ], [ 401329.127218089939561, 1746364.111072629923001 ], [ 401827.106350385351107, 1746149.074629138689488 ], [ 401900.671449474466499, 1746035.89755361713469 ], [ 401953.034365006780718, 1745730.278907925123349 ], [ 401980.264678046689369, 1745582.426650893408805 ], [ 402016.605795566516463, 1745392.983202426694334 ], [ 402110.049039189645555, 1744966.374189937021583 ], [ 402157.692107204115018, 1744718.317652431782335 ], [ 402180.339763422089163, 1744584.329818644095212 ], [ 402276.838443006388843, 1744339.214921049773693 ], [ 402336.41323846753221, 1744149.661521925590932 ], [ 402377.505929460108746, 1743983.271776834968477 ], [ 402418.65915484103607, 1743830.73181820823811 ], [ 402455.605974899372086, 1743779.784600742626935 ], [ 402464.698116859886795, 1743733.574709186330438 ], [ 402496.959528379433323, 1743673.413444349775091 ], [ 402533.787229668349028, 1743594.764003286603838 ], [ 402566.228323896997608, 1743576.155628065112978 ], [ 402600.843036867678165, 1743522.909637082600966 ], [ 402607.662460386636667, 1743488.251898855902255 ], [ 402628.339842476882041, 1743435.065868137171492 ], [ 402653.722898396314122, 1743395.710855556419119 ], [ 402653.563693449948914, 1743358.77445683721453 ], [ 402667.202853053342551, 1743289.458480910630897 ], [ 402722.476253962144256, 1743178.408424265217036 ], [ 402745.208823824534193, 1743062.88087813439779 ], [ 402781.859657932072878, 1742942.675664209062234 ], [ 402785.810241889790632, 1742781.055336799938232 ], [ 402793.950127354764845, 1742513.218008766649291 ], [ 402801.75281805137638, 1742166.883722941624001 ], [ 402810.111918149748817, 1741949.829991972539574 ], [ 402790.574214357940946, 1741728.276687555247918 ], [ 402788.549322290462442, 1741257.298971136333421 ], [ 402730.013622642843984, 1740611.082861038856208 ], [ 402691.729939456970897, 1740352.655242065899074 ], [ 402633.866040368331596, 1739863.417906389338896 ], [ 402466.588722022308502, 1739864.138149491511285 ], [ 402206.259720629663207, 1739837.554390013683587 ], [ 401964.556374775827862, 1739820.128595945658162 ], [ 401750.852459216315765, 1739830.290977533673868 ], [ 401406.882639221963473, 1739804.07951740315184 ], [ 401155.965233304770663, 1739805.173913387116045 ], [ 400812.034278344130144, 1739788.206990460166708 ], [ 400588.87441904086154, 1739761.478706049732864 ], [ 400402.968325863068458, 1739753.060190660413355 ], [ 399984.729786955751479, 1739745.668604922248051 ], [ 399826.743809965555556, 1739746.36724935262464 ], [ 399464.428243294125423, 1739775.681080262875184 ], [ 399256.480924054281786, 1741078.818180179223418 ], [ 398810.221606456325389, 1741034.633887973614037 ], [ 397973.953126967069693, 1741056.861538634169847 ], [ 396821.391692943696398, 1741006.677999272709712 ], [ 395687.875809994759038, 1741058.054410818731412 ], [ 394731.011767074407544, 1741127.135692593175918 ], [ 395059.990355697460473, 1741929.070987677434459 ], [ 395547.127469780738465, 1742776.42323877220042 ], [ 395706.884548420435749, 1743163.539297734154388 ], [ 396460.52958988735918, 1743377.082425370579585 ], [ 397107.072105441184249, 1743540.346606632461771 ], [ 397572.890195161744487, 1743661.1310008848086 ], [ 397387.301555057289079, 1744354.646445478778332 ], [ 397312.812650907901116, 1744597.431968422839418 ], [ 397259.085888313013129, 1744840.415141209028661 ], [ 397216.422470622812398, 1744988.110567869618535 ], [ 397185.987417801923584, 1745202.878308276645839 ], [ 397076.037292269465979, 1745517.35827412432991 ], [ 397063.745418244216125, 1745636.727755070198327 ], [ 397051.393201795755886, 1745742.84049260430038 ], [ 397019.907917158852797, 1745875.554711678763852 ], [ 397002.613895911141299, 1745953.518856093753129 ], [ 396995.053056602773722, 1746054.638401670148596 ], [ 396952.193256658676546, 1746155.91926162620075 ], [ 396931.811956868565176, 1746260.411728274542838 ], [ 396858.178340342303272, 1746505.765296788187698 ], [ 396778.688226667232811, 1746724.646288230782375 ], [ 396735.917951006209478, 1746826.928914731368423 ], [ 396716.360847239848226, 1746867.413021751213819 ], [ 396701.406709341215901, 1746898.64297579205595 ], [ 396674.250464136770461, 1746951.666429018601775 ], [ 396614.109278881165665, 1747104.181542288977653 ], [ 396566.804409341013525, 1747267.899703929200768 ] ] ] ] } },
{ "type": "Feature", "properties": { "fid": 755, "qgs_fid_0": 822, "qgs_fid": 156, "Dialgeo": 201020, "DIA": 9, "SEDE": "201" }, "geometry": { "type": "MultiPolygon", "coordinates": [ [ [ [ 397971.41503440157976, 1747788.486208166927099 ], [ 398752.840887463884428, 1748325.716482147574425 ], [ 398904.242146495031193, 1747959.423113523749635 ], [ 398982.384731801459566, 1747685.924064953112975 ], [ 399137.867891788424458, 1747680.117583743063733 ], [ 399244.193279942846857, 1747700.484759612940252 ], [ 399311.569007714162581, 1747714.808733233483508 ], [ 399404.033781612117309, 1747725.578478980343789 ], [ 399482.966920676000882, 1747739.701871150406078 ], [ 399559.907276331214234, 1747767.729583945125341 ], [ 399634.654190491768532, 1747886.6964166816324 ], [ 399736.949071165407076, 1748108.38241676427424 ], [ 399766.863029602507595, 1748192.62989154830575 ], [ 399816.312634367553983, 1748293.055323445238173 ], [ 399880.413973875693046, 1748380.965731915086508 ], [ 399976.871227613242809, 1748509.168410932645202 ], [ 400121.557108220295049, 1748695.36753998324275 ], [ 400314.777678703248966, 1748956.219780358718708 ], [ 400376.317713517986704, 1749045.346727331867442 ], [ 400473.809231045481283, 1749189.863587624393404 ], [ 400533.942392394994386, 1749249.996748973615468 ], [ 400577.592352155013941, 1749291.509997417451814 ], [ 400658.482137726561632, 1749356.527070347219706 ], [ 400745.476812775246799, 1749427.34378828201443 ], [ 400866.048379947664216, 1749519.832863859366626 ], [ 400962.505633682885673, 1749574.776869152672589 ], [ 401068.247277551039588, 1749604.9010602501221 ], [ 401093.338833959540352, 1749633.640087415231392 ], [ 401130.171110166469589, 1749691.753754020435736 ], [ 401169.550555407418869, 1749701.966464897850528 ], [ 401274.205549590755254, 1749736.126032898435369 ], [ 401394.160872078093234, 1749784.066526439040899 ], [ 401495.220518915448338, 1749792.855530644534156 ], [ 401588.096561320591718, 1749788.987183448858559 ], [ 401750.676271509262733, 1749792.892454044660553 ], [ 401801.185824474028777, 1749792.671932712662965 ], [ 401838.702179000654723, 1749775.198770934483036 ], [ 401878.838704400579445, 1749759.445180423790589 ], [ 401926.867586563515943, 1749722.885878738248721 ], [ 401981.588282225187868, 1749689.759378212504089 ], [ 401963.780276249628514, 1749666.757612454937771 ], [ 402089.933320156065747, 1749571.582721541868523 ], [ 402188.895591636071913, 1749498.451938588405028 ], [ 402199.593324760324322, 1749455.1312977806665 ], [ 402175.718091038870625, 1749305.217405469855294 ], [ 402166.293004470760934, 1749240.635074282065034 ], [ 402166.434661493171006, 1749139.660180894425139 ], [ 402179.98755628609797, 1749051.897539984667674 ], [ 402213.81361308216583, 1748953.083462670678273 ], [ 402151.013861185114365, 1748864.497905936324969 ], [ 402056.80903959472198, 1748830.720066923182458 ], [ 401945.651036216528155, 1748837.118286122335121 ], [ 401940.531880343798548, 1748828.197003275156021 ], [ 401952.594933901564218, 1748798.428662398597226 ], [ 402044.242627662955783, 1748711.478616515407339 ], [ 401856.465309508668724, 1748523.036890604300424 ], [ 401842.924396710353903, 1748397.711999288992956 ], [ 401840.49659992265515, 1748208.811702942010015 ], [ 401841.537567106715869, 1748079.552370548481122 ], [ 401755.80605767283123, 1747919.186242858646438 ], [ 401624.046029875811655, 1747873.362179778749123 ], [ 401527.451068257680163, 1747797.557049099821597 ], [ 401014.712982091528829, 1746489.026500949403271 ], [ 400822.03160540969111, 1746456.731096280738711 ], [ 400578.123506168893073, 1746451.177022972377017 ], [ 400443.377518400200643, 1746458.400160766439512 ], [ 400379.16953594586812, 1746452.05534589686431 ], [ 400276.571546010789461, 1746472.394378984812647 ], [ 400165.320037954603322, 1746533.910026334924623 ], [ 399971.039067462319508, 1746719.431868250016123 ], [ 399827.591469748527743, 1746844.714023391716182 ], [ 399684.350945266371127, 1747016.160025466233492 ], [ 399419.494818358740304, 1747194.022595338290557 ], [ 399202.160752975032665, 1747281.933003807673231 ], [ 399021.45602445397526, 1747330.772119625005871 ], [ 398857.844986469252035, 1747367.401456487365067 ], [ 398652.720700040925294, 1747438.218174420762807 ], [ 398619.754296865023207, 1747465.079688119469211 ], [ 398578.349534860579297, 1747506.974368959432468 ], [ 398486.667706264997832, 1747552.990096590016037 ], [ 398456.143258879717905, 1747562.757919752737507 ], [ 398388.989474632195197, 1747534.675428158137947 ], [ 398260.176306665758602, 1747445.544041793327779 ], [ 398166.161008719762322, 1747361.296567010227591 ], [ 398159.262370090873446, 1747345.223539795493707 ], [ 398160.056119242974091, 1747321.004296461585909 ], [ 398158.224652398726903, 1747302.079139082226902 ], [ 398098.907638930017129, 1747303.65393824968487 ], [ 398109.962258099287283, 1747353.31778913224116 ], [ 398143.832544296921697, 1747481.177790593588725 ], [ 398163.108563980960753, 1747607.628857407718897 ], [ 398152.119762922113296, 1747656.467973224353045 ], [ 398044.673708126298152, 1747695.539265877800062 ], [ 397948.216454388340935, 1747743.157403797842562 ], [ 397971.41503440157976, 1747788.486208166927099 ] ] ] ] } },
{ "type": "Feature", "properties": { "fid": 756, "qgs_fid_0": 823, "qgs_fid": 157, "Dialgeo": 201037, "DIA": 10, "SEDE": "201" }, "geometry": { "type": "MultiPolygon", "coordinates": [ [ [ [ 391556.381372851203196, 1745597.818211979465559 ], [ 391945.468197275302373, 1745545.899761074222624 ], [ 391992.568647738953587, 1745541.771841775160283 ], [ 391980.387084783869796, 1745457.929883864941075 ], [ 391964.09194014640525, 1745335.083677473245189 ], [ 391946.829015271388926, 1745215.168236683355644 ], [ 391928.795430012512952, 1744782.286007426679134 ], [ 391732.395684884628281, 1744521.224553558276966 ], [ 391273.04701941710664, 1744124.732822075020522 ], [ 390720.605691559205297, 1743573.225953529123217 ], [ 390345.180438560666516, 1742999.619883265346289 ], [ 390027.785098179650959, 1742701.030795794911683 ], [ 389724.995984522742219, 1742540.895266890292987 ], [ 388956.285777051583864, 1742119.846514489734545 ], [ 388877.639337113825604, 1742189.496612909948453 ], [ 388536.410992914519738, 1742717.57376176584512 ], [ 388738.62966378260171, 1743210.640047469176352 ], [ 388937.681506604305468, 1743764.374736868776381 ], [ 388533.857254798174836, 1743847.682678586104885 ], [ 387963.047535959340166, 1743979.7902712225914 ], [ 387907.0254288194119, 1744000.700526553438976 ], [ 387921.186142353340983, 1744084.536937338067219 ], [ 387969.335309314366896, 1744291.136410081526265 ], [ 388001.321374455350451, 1744406.103930965065956 ], [ 387986.156314699270297, 1744515.451022790279239 ], [ 387972.673956963990349, 1744568.202391132479534 ], [ 387935.630878208437935, 1744621.070629298686981 ], [ 387908.356494794192258, 1744664.133968734648079 ], [ 387849.648549191246275, 1744703.450931832194328 ], [ 387740.009147745498922, 1744766.436409855959937 ], [ 387689.606088224856649, 1744815.696346773765981 ], [ 387642.383802156546153, 1744876.192505164071918 ], [ 387627.016870009363629, 1744944.562661451753229 ], [ 387631.157390578533523, 1744987.469364057993516 ], [ 387647.087809095100965, 1745032.268510801484808 ], [ 387689.560177145816851, 1745085.088525488739833 ], [ 388607.735554494720418, 1745397.658866713987663 ], [ 389252.411883272812702, 1745495.337098346091807 ], [ 390048.112709380337037, 1745591.165683456230909 ], [ 391556.381372851203196, 1745597.818211979465559 ] ] ] ] } },
{ "type": "Feature", "properties": { "fid": 757, "qgs_fid_0": 824, "qgs_fid": 158, "Dialgeo": 201031, "DIA": 11, "SEDE": "201" }, "geometry": { "type": "MultiPolygon", "coordinates": [ [ [ [ 394374.259131676109973, 1740558.155349259497598 ], [ 394251.734436502796598, 1739861.800346925854683 ], [ 394148.395454600045923, 1739313.532945990329608 ], [ 392631.82264260930242, 1739890.736031150911003 ], [ 392284.510492102475837, 1740059.794287705328315 ], [ 391571.494916315947194, 1740433.278636927017942 ], [ 390575.536651725124102, 1740999.164014535490423 ], [ 389745.807216806046199, 1741497.850503558991477 ], [ 388987.520810810732655, 1742075.053588719572872 ], [ 389066.744763675902504, 1742154.277541584800929 ], [ 390032.972033103287686, 1742684.293789266375825 ], [ 390336.534102136152796, 1742924.793205813039094 ], [ 390767.622920406516641, 1743551.045881255762652 ], [ 391091.195325160166249, 1743873.403479102067649 ], [ 391742.070728320977651, 1744482.976493157912046 ], [ 391951.139396055368707, 1744767.809181161224842 ], [ 391956.132363883720245, 1744902.930502108298242 ], [ 391957.342316908587236, 1745155.606389933265746 ], [ 392009.23098789982032, 1745536.326354497810826 ], [ 392431.533078448206652, 1745544.481458637164906 ], [ 393098.370131023460999, 1745657.028184569207951 ], [ 393261.79804732761113, 1745734.954010320827365 ], [ 394062.80056939489441, 1746146.071252695284784 ], [ 395205.594856821175199, 1746701.96850348636508 ], [ 395311.997262307442725, 1746822.124550126027316 ], [ 395311.997262307442725, 1746974.913602080428973 ], [ 395425.174337829172146, 1747178.632338019553572 ], [ 395634.551927544292994, 1747342.739097526064143 ], [ 396084.78457937593339, 1747308.434413837501779 ], [ 396544.748564450419508, 1747304.456303207902238 ], [ 396608.763676220434718, 1747082.5731078942772 ], [ 396663.934238555841148, 1746957.675107966177166 ], [ 396741.534136197820771, 1746785.354490467580035 ], [ 396781.65671235404443, 1746670.91142657562159 ], [ 396827.507095058565028, 1746539.12952431361191 ], [ 396873.18911250482779, 1746370.414928716374561 ], [ 396914.35317765828222, 1746229.419711835682392 ], [ 396968.873851735377684, 1745961.404101504478604 ], [ 397039.307368720590603, 1745617.136539632221684 ], [ 397084.41401281504659, 1745321.456308940425515 ], [ 397235.046068264462519, 1744734.426593930926174 ], [ 397386.064612000191119, 1744230.488320239586756 ], [ 397431.641113178746309, 1744036.365000213496387 ], [ 397537.02767933649011, 1743712.689248540205881 ], [ 397558.917467205377761, 1743673.344247254310176 ], [ 397344.976674301899038, 1743623.527163658058271 ], [ 397165.942082868190482, 1743587.404456312768161 ], [ 396979.885330272722058, 1743539.772163873072714 ], [ 396805.431937093613669, 1743489.779632947174832 ], [ 396508.873637832177337, 1743408.027457791846246 ], [ 396001.853876805922482, 1743276.452940890099853 ], [ 395725.058291229128372, 1743200.39353259280324 ], [ 395678.573027892503887, 1743172.683704749448225 ], [ 395409.145491938164923, 1742703.183800960192457 ], [ 395132.303713012079243, 1742238.546464274870232 ], [ 394374.259131676109973, 1740558.155349259497598 ] ] ] ] } },
{ "type": "Feature", "properties": { "fid": 758, "qgs_fid_0": 825, "qgs_fid": 159, "Dialgeo": 201051, "DIA": 12, "SEDE": "201" }, "geometry": { "type": "MultiPolygon", "coordinates": [ [ [ [ 365622.424396187765524, 1731247.533712246688083 ], [ 366459.946037733112462, 1731483.649387945653871 ], [ 367168.000429940992035, 1731612.275678351055831 ], [ 368886.195343345229048, 1731874.412941616261378 ], [ 370136.476708246162161, 1732294.429337637731805 ], [ 371210.937256207689643, 1732782.820495802443475 ], [ 371836.077938658359926, 1733232.140361314406618 ], [ 372246.509270988812204, 1733758.660608035046607 ], [ 372842.163724476704374, 1734541.028665194055066 ], [ 373038.748799640568905, 1734833.84282549098134 ], [ 372993.477969431842212, 1735128.10322184744291 ], [ 372789.759233492834028, 1735377.092787995003164 ], [ 372392.843858965032268, 1735654.560505808796734 ], [ 371007.502686852181796, 1736737.743851854931563 ], [ 370126.708885083033238, 1737461.607791016576812 ], [ 370423.513333418290131, 1737662.4264132513199 ], [ 371337.91895733011188, 1737061.127041321247816 ], [ 373623.58957754005678, 1735390.829280399950221 ], [ 374229.194613664178178, 1734912.205945398891345 ], [ 376563.704349688719958, 1732587.464032535906881 ], [ 377022.792038363229949, 1732030.698112229350954 ], [ 374494.388736222754233, 1730759.806090620113537 ], [ 372065.425950154080056, 1729808.780672328313813 ], [ 370741.192856220586691, 1729305.246737509965897 ], [ 369432.704789029376116, 1728697.076227406738326 ], [ 368183.773021950793918, 1728077.33106708782725 ], [ 366129.995695764024276, 1727237.538987820735201 ], [ 365588.160446703899652, 1728185.396995314862579 ], [ 365554.40359435044229, 1728215.714309372007847 ], [ 365404.296116220531985, 1728377.218863035319373 ], [ 365416.816257138736546, 1728417.665583259658888 ], [ 365397.889481183257885, 1728456.955385898705572 ], [ 365479.01113481487846, 1728530.438508444000036 ], [ 365374.99970368493814, 1728630.980463076382875 ], [ 365379.223523161665071, 1728633.945710236439481 ], [ 365391.740448331169318, 1728637.472215438494459 ], [ 365468.46273634332465, 1728673.145601216703653 ], [ 365569.065069215837866, 1728738.946275742491707 ], [ 365638.701092050992884, 1728760.138106066966429 ], [ 365640.455203885154333, 1728849.344776575453579 ], [ 365624.235639526508749, 1728897.705214379122481 ], [ 365476.398084626358468, 1728851.727027448359877 ], [ 365047.032554365869146, 1729334.144311859738082 ], [ 364712.871133597567677, 1729760.04603164549917 ], [ 364379.287808788067196, 1730341.420284002553672 ], [ 364145.619885868160054, 1730849.09663706435822 ], [ 365622.424396187765524, 1731247.533712246688083 ] ] ] ] } },
{ "type": "Feature", "properties": { "fid": 759, "qgs_fid_0": 826, "qgs_fid": 160, "Dialgeo": 201046, "DIA": 13, "SEDE": "201" }, "geometry": { "type": "MultiPolygon", "coordinates": [ [ [ [ 387889.758300180197693, 1743977.648253262741491 ], [ 388749.063745887367986, 1743776.50546608120203 ], [ 388910.125747622689232, 1743750.850929728709161 ], [ 388812.494127910817042, 1743462.531899345340207 ], [ 388516.282910997339059, 1742724.412615089677274 ], [ 388863.026027736894321, 1742154.277541584800929 ], [ 388500.859386067488231, 1741848.699437676230446 ], [ 387946.291716011182871, 1741565.75674887211062 ], [ 387346.453215746209025, 1741180.95469209831208 ], [ 387086.145942046307027, 1740988.553663711296394 ], [ 386893.744913659407757, 1740796.15263532451354 ], [ 386678.708470168174244, 1740637.704729594057426 ], [ 386429.718904020439368, 1740479.256823863834143 ], [ 386056.234554798866156, 1740241.584965268149972 ], [ 385761.974158442462794, 1739913.371446255361661 ], [ 385445.07834698172519, 1739630.428757451009005 ], [ 385252.677318594884127, 1739426.710021512117237 ], [ 385082.9117053123191, 1739222.991285572992638 ], [ 384720.74506364291301, 1738849.506936351303011 ], [ 384494.390912599512376, 1738487.340294681955129 ], [ 384260.28068416879978, 1737954.495919469511136 ], [ 383797.029099586769007, 1736473.402690576389432 ], [ 383396.296652408316731, 1735639.908771063201129 ], [ 381745.534537812345661, 1734409.163052488816902 ], [ 380290.128886483726092, 1733324.934681363636628 ], [ 379596.613441888359375, 1732875.614815853070468 ], [ 378776.415353336022235, 1732602.095302931033075 ], [ 378122.171319740300532, 1732463.874732452677563 ], [ 377652.22138011601055, 1732288.795343180885538 ], [ 377080.909688806335907, 1732067.642430416308343 ], [ 376546.456816292717122, 1732675.812940519303083 ], [ 374868.98703085858142, 1734331.020467182155699 ], [ 374493.360017059312668, 1734665.530594995943829 ], [ 374623.410726683563553, 1734738.019661060301587 ], [ 374821.367101858893875, 1734656.887144552543759 ], [ 375834.730310389306396, 1734249.166692614322528 ], [ 376222.909074308583513, 1734106.486825205618516 ], [ 376549.659656475181691, 1734046.141255954280496 ], [ 376706.698909191298299, 1734024.789720189059153 ], [ 376827.492552349867765, 1734021.205997800221667 ], [ 377294.075251536909491, 1734026.489592541474849 ], [ 377726.532660489086993, 1734078.820068606408313 ], [ 377978.297318027587608, 1734137.985221516573802 ], [ 378033.435829503869172, 1734163.067983108805493 ], [ 378143.62867027631728, 1734197.616491620894521 ], [ 378594.071943824237678, 1734308.432483786251396 ], [ 379127.13694934360683, 1734442.242919694865122 ], [ 379342.650039644271601, 1734536.144753611413762 ], [ 379967.790722095232923, 1734702.197747387457639 ], [ 380456.181880258955061, 1735112.446320244809613 ], [ 380846.894806790340226, 1735727.819179533515126 ], [ 381061.78691638255259, 1736265.049453514162451 ], [ 381218.072086994012352, 1736812.047550657996908 ], [ 381175.51018860982731, 1737351.707984917797148 ], [ 381042.251270055421628, 1737866.972452293382958 ], [ 381275.471320371492766, 1738436.432471581501886 ], [ 381579.481544036185369, 1738726.540890662232414 ], [ 382341.371750773396343, 1739214.932048826245591 ], [ 383327.921890265250113, 1739595.877152194269001 ], [ 383855.384341082070023, 1739830.304908112855628 ], [ 384148.419035979371984, 1740201.482188318856061 ], [ 384402.382438226195518, 1740680.105523318052292 ], [ 384597.738901492673904, 1741100.121919340919703 ], [ 384695.417133123904932, 1741568.977431178092957 ], [ 385359.629108229069971, 1741881.547772403340787 ], [ 386727.124351088888943, 1742438.313692711526528 ], [ 387547.62149680533912, 1743034.150905671296641 ], [ 387928.566600172547624, 1743424.863832203205675 ], [ 388006.709185478859581, 1743561.613356489920989 ], [ 387889.758300180197693, 1743977.648253262741491 ] ] ] ] } },
{ "type": "Feature", "properties": { "fid": 760, "qgs_fid_0": 827, "qgs_fid": 161, "Dialgeo": 201101, "DIA": 17, "SEDE": "201" }, "geometry": { "type": "MultiPolygon", "coordinates": [ [ [ [ 409395.267772845458239, 1738403.788385023362935 ], [ 409627.884964427328669, 1738472.129835990024731 ], [ 409744.238991114601959, 1738517.846239153295755 ], [ 409841.895112056226935, 1738535.929422697983682 ], [ 409911.670366032223683, 1738554.123877820326015 ], [ 410083.766245245933533, 1738595.002155208494514 ], [ 410789.669696620549075, 1738722.182726386934519 ], [ 410840.489587250747718, 1738414.217084915144369 ], [ 410914.811152025242336, 1738406.997625862946734 ], [ 411061.212573355645873, 1738413.349397076526657 ], [ 411277.397187963535544, 1738440.209798803087324 ], [ 411451.678895775519777, 1738446.4548815342132 ], [ 411651.580791533866432, 1738468.764413121389225 ], [ 411798.035297967609949, 1738488.974715791409835 ], [ 412028.212055152165703, 1738529.641617503250018 ], [ 412297.858454463945236, 1738563.230895659187809 ], [ 412579.094015433394816, 1738589.851587005658075 ], [ 412771.96065812301822, 1738596.03497378854081 ], [ 412906.707333716447465, 1738593.207456700736657 ], [ 413048.477297970617656, 1738604.207696435507387 ], [ 413208.807477752212435, 1738608.210730011807755 ], [ 413385.295156642794609, 1738584.445290737086907 ], [ 413573.42642391868867, 1738567.563750472618267 ], [ 413979.041545005398802, 1738451.788676922675222 ], [ 414265.790466960228514, 1738564.932472175220028 ], [ 414530.933127317519393, 1738637.817697248421609 ], [ 414744.751633153704461, 1738655.483613192336634 ], [ 414972.111095878644846, 1738566.887919815955684 ], [ 415208.385436983080581, 1738376.665286827366799 ], [ 415332.967874376918189, 1738140.680559023050591 ], [ 415888.966482836520299, 1737076.437519285595044 ], [ 416204.503205679531675, 1736950.576130603672937 ], [ 416371.694684418616816, 1736922.249201869592071 ], [ 416590.309952109644655, 1736976.86305964901112 ], [ 417013.934103551786393, 1737178.510790451895446 ], [ 417238.49046501587145, 1737588.706953557906672 ], [ 417295.11288337566657, 1737824.023558012675494 ], [ 417319.931251036410686, 1738258.028412002604455 ], [ 417102.766757518285885, 1738595.933179727988318 ], [ 416899.599631741177291, 1738947.637609986122698 ], [ 416835.055586485948879, 1739086.409918033052236 ], [ 416831.104436704539694, 1739275.754734048154205 ], [ 416910.807838990935124, 1739469.408546883380041 ], [ 417082.982911973609589, 1739538.043422374175861 ], [ 417301.689291705086362, 1739624.980177597608417 ], [ 417561.808495025208686, 1739600.942749576177448 ], [ 418100.583979284332599, 1739538.956621072487906 ], [ 418689.959214818314649, 1739333.651344117708504 ], [ 418908.445563748246059, 1739360.574241924565285 ], [ 419076.199223639327101, 1739493.888399023329839 ], [ 419146.358518038643524, 1739622.933617409318686 ], [ 419146.935834908334073, 1739784.550422983476892 ], [ 419082.447013758472167, 1739941.781004686607048 ], [ 418878.915490198414773, 1740196.478255965746939 ], [ 418647.660196576849557, 1740492.832212710287422 ], [ 418342.137885203410406, 1740807.922884330619127 ], [ 418018.575049109000247, 1741270.83577219163999 ], [ 417982.645300679374486, 1741612.649534365395084 ], [ 418124.034382813842967, 1742166.207355916732922 ], [ 418208.597418531251606, 1742424.462672536959872 ], [ 418089.109432956262026, 1742785.02994163450785 ], [ 417825.153481004585046, 1743021.458086294820532 ], [ 417630.316659302567132, 1743100.657066133804619 ], [ 417500.808407328499015, 1743258.107665830291808 ], [ 417320.756983278028201, 1743568.101953129051253 ], [ 417265.820822374895215, 1743789.91439411835745 ], [ 417275.924066271691117, 1744011.48645847546868 ], [ 417216.123988837585784, 1744173.294286172138527 ], [ 417107.351862926094327, 1744282.188051851931959 ], [ 416916.935955522756558, 1744296.738473396515474 ], [ 416703.171892628015485, 1744205.612035412341356 ], [ 416332.516970294527709, 1743356.783968999283388 ], [ 416321.199262742360588, 1742768.26317628659308 ], [ 416287.246140085859224, 1742604.15641678031534 ], [ 416157.092503235908225, 1742462.685072378022596 ], [ 415970.350328625179827, 1742411.755388393299654 ], [ 415783.608154014393222, 1742485.320487482473254 ], [ 415721.36076247744495, 1742604.15641678031534 ], [ 415715.701908701390494, 1742722.992346077924594 ], [ 415913.761790864344221, 1743164.382940612500533 ], [ 416162.75135701202089, 1743532.208436057902873 ], [ 416423.05863071186468, 1744216.929742964217439 ], [ 416318.36983585433336, 1744505.531285544857383 ], [ 415565.742283635074273, 1745167.617177346488461 ], [ 415401.635524128738325, 1745473.195281255058944 ], [ 415373.341255248291418, 1745767.455677611287683 ], [ 415271.481887278787326, 1745846.67963047651574 ], [ 414982.563412494026124, 1745668.16510751680471 ], [ 414805.729308155248873, 1745585.734776013530791 ], [ 414643.126772341143806, 1745581.733011532109231 ], [ 414369.107214764575474, 1745596.621337606571615 ], [ 414248.505210918840021, 1745643.244967749109492 ], [ 414146.871395974012557, 1745791.360381804872304 ], [ 414114.934842064103577, 1745943.826281984802336 ], [ 414162.002122953883372, 1746105.223221476655453 ], [ 414274.188681154686492, 1746289.453423427883536 ], [ 414432.59674124623416, 1746413.49423875939101 ], [ 414706.676211896527093, 1746417.071955784922466 ], [ 414901.858200477261562, 1746439.416176523314789 ], [ 415060.313754976785276, 1746577.309182309312746 ], [ 415034.549088662257418, 1747135.976588868303224 ], [ 414656.267290200572461, 1747825.214328282047063 ], [ 414577.602930593071505, 1747903.985825424082577 ], [ 414541.092566452047322, 1748074.918364846147597 ], [ 414639.314939147152472, 1748254.571106815943494 ], [ 414820.634560156031512, 1748300.04432933893986 ], [ 414918.243586674972903, 1748318.139270677696913 ], [ 415159.728720996936318, 1748317.21764789079316 ], [ 421521.937693507759832, 1741267.596402802271768 ], [ 422425.68777369329473, 1740211.875982941826805 ], [ 420273.908625337178819, 1737675.2947778115049 ], [ 417106.365224174282048, 1734394.57430112734437 ], [ 416980.455727656313684, 1734268.66480460902676 ], [ 414402.924235608021263, 1737964.07070875656791 ], [ 413938.325996889616363, 1737988.921026313910261 ], [ 413955.405421778443269, 1737591.697466445853934 ], [ 413982.32310454454273, 1737337.594860864104703 ], [ 413957.878694129758514, 1737019.028565599583089 ], [ 413882.54350859700935, 1736760.689451656769961 ], [ 413649.343865041271783, 1736539.895186031935737 ], [ 413281.441357812611386, 1736338.089267492527142 ], [ 412802.03365838463651, 1736145.952475815080106 ], [ 411719.136429342150223, 1735928.123674445552751 ], [ 411413.558325433579739, 1735797.970037595368922 ], [ 410926.896900690393522, 1735373.556004389189184 ], [ 410366.670376858033706, 1734796.352919228840619 ], [ 410208.222471127810422, 1734643.563867274206132 ], [ 410164.366354363271967, 1734578.487048849463463 ], [ 410154.463360255118459, 1734521.898511088453233 ], [ 410154.463360255118459, 1734497.848382540047169 ], [ 410171.43992158328183, 1734490.774815320037305 ], [ 410192.660623243660666, 1734493.604242208180949 ], [ 410228.028459344175644, 1734521.898511088453233 ], [ 410339.790821421833243, 1734647.808007606305182 ], [ 410478.432738935924135, 1734758.155656239949167 ], [ 410635.465931222250219, 1734816.158907444914803 ], [ 410808.06097139272606, 1734830.30604188516736 ], [ 411028.756268659897614, 1734785.035211676498875 ], [ 411594.64164626825368, 1734394.574301126645878 ], [ 411877.584335072489921, 1734281.397225604858249 ], [ 412126.57390122016659, 1734309.691494485596195 ], [ 412737.730109037249349, 1734637.905013498384506 ], [ 413009.355090289260261, 1735011.389362719841301 ], [ 413369.46572139498312, 1735049.176703620469198 ], [ 413517.991010527592152, 1734997.804789454676211 ], [ 413647.769003128865734, 1734904.936816504923627 ], [ 413776.863668307079934, 1734631.940740595804527 ], [ 413798.856479258975014, 1734303.922862475505099 ], [ 413797.92731089197332, 1734059.127264637267217 ], [ 413736.963882466312498, 1733916.17310761497356 ], [ 413592.709670181677211, 1733870.53229661937803 ], [ 413382.839439510949887, 1733840.00663107028231 ], [ 412975.401967632875312, 1734088.996197218075395 ], [ 412703.7769863808644, 1734122.949319874634966 ], [ 412477.422835337463766, 1734088.996197218075395 ], [ 412171.844731428951491, 1733975.819121696287766 ], [ 411945.490580385609064, 1733794.735800861613825 ], [ 411255.110419703356456, 1732380.022356840781868 ], [ 411062.709391316515394, 1731893.360932097537443 ], [ 411119.297929077351, 1731621.735950845526531 ], [ 411345.652080120693427, 1731361.428677145624533 ], [ 411939.8317266094964, 1731055.85057323705405 ], [ 412047.349948355113156, 1730914.379228834994137 ], [ 412183.162438981118612, 1730829.496422193711624 ], [ 412341.61034471145831, 1730806.861007089493796 ], [ 412522.693665546132252, 1730953.991205267608166 ], [ 412709.435840156918857, 1731389.722946026129648 ], [ 412839.589477006869856, 1731865.066663217032328 ], [ 412998.037382737209555, 1732085.761960484320298 ], [ 413247.026948884886224, 1732159.327059573493898 ], [ 413479.039953704341315, 1732136.69164446904324 ], [ 413603.534736778179649, 1732029.173422723542899 ], [ 413743.141520299541298, 1731869.883643287234008 ], [ 413779.87110456416849, 1731749.64184986311011 ], [ 413760.840698296495248, 1731634.230217462405562 ], [ 413736.864151315938216, 1731440.307067684363574 ], [ 413638.673263504926581, 1731288.238822296494618 ], [ 413358.706263457192108, 1731007.515958681236953 ], [ 413179.120703571883496, 1730823.837568417657167 ], [ 413147.98165208986029, 1730601.800137112382799 ], [ 413088.579043154546525, 1730274.928752137580886 ], [ 413184.77955734799616, 1730059.892308646347374 ], [ 413252.377006014809012, 1729940.793211724609137 ], [ 413534.532771968399175, 1729570.140606592176482 ], [ 414225.518510256661102, 1729128.645156544400379 ], [ 415024.985156576265581, 1729097.929811216890812 ], [ 415904.468993759073783, 1729334.896993949543685 ], [ 416192.988591698813252, 1729416.989767237799242 ], [ 416578.821305613964796, 1729415.573321260511875 ], [ 416908.499983922461979, 1729312.732984898146242 ], [ 417200.824531719961669, 1729163.83472142717801 ], [ 417335.048067311348859, 1729001.65304096811451 ], [ 417483.136071510496549, 1728816.321436077822 ], [ 417547.432026713271625, 1728598.9530824420508 ], [ 417500.175189239089377, 1728386.606428089085966 ], [ 417293.834955282509327, 1727893.011783037567511 ], [ 416952.480310148908757, 1727349.077314163092524 ], [ 416974.379827536526136, 1726979.379809888545424 ], [ 417489.006848914898001, 1726584.787513138260692 ], [ 418079.688073660887312, 1726132.647788044298068 ], [ 418181.547441630391404, 1725793.116561479400843 ], [ 418079.688073660887312, 1725555.444702883716673 ], [ 417887.287045273988042, 1725329.090551840374246 ], [ 417008.312157813867088, 1726082.908762738807127 ], [ 416623.453126328531653, 1726366.156755341449752 ], [ 414027.136918832198717, 1728297.802905562799424 ], [ 410692.478482212289236, 1730848.79150946973823 ], [ 409772.490730369463563, 1731610.418243293417618 ], [ 409669.216648955713026, 1732689.84460108121857 ], [ 409544.721865881932899, 1733753.709110985277221 ], [ 409420.227082808094565, 1735123.151724797440693 ], [ 409389.504611432843376, 1735799.081129442434758 ], [ 409336.394555008620955, 1736464.358990184962749 ], [ 409264.071920328249689, 1736972.671638951869681 ], [ 409210.859164852416143, 1737610.207316022366285 ], [ 409083.578735231247265, 1738317.293947142548859 ], [ 409395.267772845458239, 1738403.788385023362935 ] ] ] ] } },
{ "type": "Feature", "properties": { "fid": 761, "qgs_fid_0": 828, "qgs_fid": 162, "Dialgeo": 201107, "DIA": 18, "SEDE": "201" }, "geometry": { "type": "MultiPolygon", "coordinates": [ [ [ [ 407591.002599688712507, 1744243.809298399137333 ], [ 407922.256018894608133, 1743977.159813646227121 ], [ 408077.602247155329678, 1743874.507297834847122 ], [ 408149.773490948195104, 1743833.464568139286712 ], [ 408213.067825278034434, 1743730.825107063632458 ], [ 408284.915448031504638, 1743621.343015249352902 ], [ 408358.276042355922982, 1743490.732214595191181 ], [ 408797.665993634203915, 1743578.985491517698392 ], [ 408884.758044245885685, 1743745.122809381457046 ], [ 408902.795640657190233, 1743899.680253140861169 ], [ 408911.637599682318978, 1744009.674223413225263 ], [ 408898.197821964160539, 1744137.705790097359568 ], [ 408891.777338682906702, 1744234.789762529544532 ], [ 408868.821547098923475, 1744374.25422039325349 ], [ 408793.505493127158843, 1744489.691036574542522 ], [ 408796.723924890626222, 1744854.9821401827503 ], [ 408921.255898463423364, 1745063.963633727747947 ], [ 409033.012032745173201, 1745129.30086980923079 ], [ 409480.347900132299401, 1745035.744565648725256 ], [ 409602.040507183526643, 1745407.476245010271668 ], [ 409726.80896536144428, 1746113.311277940636501 ], [ 410681.334089017182123, 1746092.198024584213272 ], [ 411844.60935154533945, 1745997.598474549595267 ], [ 411869.096054408175405, 1745446.315725816879421 ], [ 412117.363323350204155, 1743347.668724447954446 ], [ 412167.136260037368629, 1741809.954078352777287 ], [ 409949.683589232736267, 1740807.116664510918781 ], [ 408693.418050942069385, 1741259.824966597836465 ], [ 408070.944135572877713, 1741384.319749671733007 ], [ 407516.37646551663056, 1741384.319749671733007 ], [ 407188.162946503784042, 1741293.778089254396036 ], [ 406735.454644417040981, 1741135.330183523939922 ], [ 406328.017172539024614, 1740852.387494719820097 ], [ 405309.42349284386728, 1740116.736503828782588 ], [ 404619.233218908950221, 1740306.128986711613834 ], [ 404339.659391460067127, 1740523.409743554191664 ], [ 404250.357359214220196, 1741277.613108040299267 ], [ 404254.754620325402357, 1741423.931726109003648 ], [ 404237.778058997122571, 1741655.944730928400531 ], [ 404212.666895366506651, 1741858.60243177996017 ], [ 404190.031480262172408, 1742051.003460166743025 ], [ 404161.737211381725501, 1742232.086781001416966 ], [ 404093.830966068780981, 1742628.206545326858759 ], [ 403980.653890547109768, 1743114.867970070103183 ], [ 403754.299739503709134, 1743839.201253409031779 ], [ 403539.263296012533829, 1744574.852244300069287 ], [ 403385.413208975398447, 1745056.915850350633264 ], [ 405497.226702537562232, 1744801.206395343178883 ], [ 406959.686725293577183, 1744349.55912834405899 ], [ 407358.989594870014116, 1744245.224011847982183 ], [ 407591.002599688712507, 1744243.809298399137333 ] ] ] ] } },
{ "type": "Feature", "properties": { "fid": 762, "qgs_fid_0": 829, "qgs_fid": 163, "Dialgeo": 201066, "DIA": 14, "SEDE": "201" }, "geometry": { "type": "MultiPolygon", "coordinates": [ [ [ [ 348294.172210606280714, 1720883.006643056171015 ], [ 353946.309815098531544, 1726936.778332574525848 ], [ 359025.577860009274445, 1729828.0539889074862 ], [ 364104.84590491745621, 1730843.907597889890894 ], [ 364230.484243389451876, 1730583.034522301517427 ], [ 364657.948819268727675, 1729775.993906261632219 ], [ 365258.967913031461649, 1729071.404540782095864 ], [ 365473.76752625964582, 1728843.615649700630456 ], [ 365617.504670461989008, 1728893.539285732898861 ], [ 365635.917851647129282, 1728850.469960906077176 ], [ 365636.382157737098169, 1728762.59274201723747 ], [ 365570.442583175492473, 1728743.453935230383649 ], [ 365474.272859779186547, 1728679.579880515346304 ], [ 365435.841712051769719, 1728660.278989751823246 ], [ 365391.590002802899107, 1728637.99181189504452 ], [ 365379.349034188548103, 1728634.40265226457268 ], [ 365374.26213782816194, 1728630.862771286163479 ], [ 365475.207689422997646, 1728531.071205843007192 ], [ 365395.832260135794058, 1728456.937023126985878 ], [ 365413.280284563952591, 1728416.801600074861199 ], [ 365401.248489311663434, 1728375.863794711185619 ], [ 365582.859485661843792, 1728183.416533370269462 ], [ 366115.533629677840509, 1727231.590527278603986 ], [ 365993.600181821500883, 1727188.946151201613247 ], [ 364385.654019286099356, 1726265.630851777503267 ], [ 362167.383339061168954, 1725043.318436143454164 ], [ 358898.596158885164186, 1723195.702061035903171 ], [ 355965.279600473062601, 1721659.32387804496102 ], [ 352049.352787422947586, 1719407.10007516364567 ], [ 350240.885879975976422, 1720001.038518933346495 ], [ 348505.632313147885725, 1720773.281916541745886 ], [ 348294.172210606280714, 1720883.006643056171015 ] ] ] ] } },
{ "type": "Feature", "properties": { "fid": 763, "qgs_fid_0": 830, "qgs_fid": 164, "Dialgeo": 201023, "DIA": 5, "SEDE": "201" }, "geometry": { "type": "MultiPolygon", "coordinates": [ [ [ [ 342826.12303943769075, 1716260.576118880417198 ], [ 343679.770845551742241, 1717029.640790069010109 ], [ 344371.293895045644604, 1713383.747741527156904 ], [ 344042.200449718220625, 1711154.466154106892645 ], [ 343866.9478502048878, 1709922.890399356838316 ], [ 343303.286804063827731, 1708725.908497910480946 ], [ 343018.97542775166221, 1708011.553274584934115 ], [ 342444.946592283784412, 1706905.167624895228073 ], [ 342136.102006918750703, 1706342.398258837638423 ], [ 341847.50046433910029, 1705816.124857663176954 ], [ 341660.758289728779346, 1705425.663947114255279 ], [ 341321.227063164522406, 1704865.437423283234239 ], [ 341049.602081913151778, 1704288.234338124049827 ], [ 340845.883345974609256, 1703812.89062093407847 ], [ 340234.727138158923481, 1702454.76571467705071 ], [ 339861.242788938281592, 1701605.937648266553879 ], [ 339493.770971738093067, 1701114.855243980651721 ], [ 339267.416820694750641, 1700888.501092937076464 ], [ 338995.791839442681521, 1700684.782356998184696 ], [ 338715.324899283936247, 1700476.996319940313697 ], [ 338273.934304750408046, 1700222.347900017164648 ], [ 337900.449955529766157, 1700069.558848063228652 ], [ 337340.223431698745117, 1699594.215130873257294 ], [ 336932.785959821660072, 1699271.660465637221932 ], [ 336050.004770754603669, 1698643.52769649354741 ], [ 335404.895440282474738, 1698066.324611334130168 ], [ 335133.27045903110411, 1697709.816823441768065 ], [ 334742.809548482182436, 1697344.820754885207862 ], [ 334479.672847894893494, 1697574.00433281599544 ], [ 334347.823622512049042, 1697447.976772065972909 ], [ 334100.657338892226107, 1697175.35720279510133 ], [ 334046.76368086214643, 1696866.673657559789717 ], [ 334063.833540996653028, 1696774.109978023916483 ], [ 334084.356945388193708, 1696596.976949437754229 ], [ 334022.611093622981571, 1696619.715316866757348 ], [ 334015.91609874740243, 1696650.112526773475111 ], [ 333893.419375748606399, 1696708.589627845445648 ], [ 333909.579679693561047, 1696825.226479615084827 ], [ 333474.49994374345988, 1696898.949040950741619 ], [ 333533.829453796613961, 1697105.395876372465864 ], [ 333616.679882137803361, 1697092.414916894864291 ], [ 333649.993404657929204, 1697254.143414625199512 ], [ 333695.880862480145879, 1697472.2226260707248 ], [ 333710.702183519490063, 1697527.628167422953993 ], [ 333732.996886571345385, 1697640.50483551225625 ], [ 333555.145650427031796, 1697972.758377989754081 ], [ 330167.346063900389709, 1700477.099262948613614 ], [ 329614.164036488160491, 1700767.996708397986367 ], [ 327785.93703532172367, 1701730.804673907347023 ], [ 326110.228113086079247, 1702981.039115851512179 ], [ 326796.266148941474967, 1703718.315465874737129 ], [ 328330.476641517074313, 1705145.823035714915022 ], [ 330386.459177705517504, 1706656.59448588383384 ], [ 332193.789265164348762, 1707614.823705774033442 ], [ 334475.2509129102109, 1709421.808663224102929 ], [ 336717.06423327093944, 1711110.346437498927116 ], [ 339231.481113825924695, 1713352.121102088596672 ], [ 342826.12303943769075, 1716260.576118880417198 ] ] ] ] } },
{ "type": "Feature", "properties": { "fid": 764, "qgs_fid_0": 831, "qgs_fid": 165, "Dialgeo": 201143, "DIA": 3, "SEDE": "201" }, "geometry": { "type": "MultiPolygon", "coordinates": [ [ [ [ 399049.855353605409618, 1754264.062541609164327 ], [ 400856.827828158682678, 1754145.809377414174378 ], [ 402558.244513420679141, 1753982.480669580865651 ], [ 403781.060954652435612, 1754388.575919308234006 ], [ 405014.72457050124649, 1755531.394203109433874 ], [ 406406.326573281025048, 1756668.877579294377938 ], [ 407204.985114006733056, 1756862.491770985536277 ], [ 409129.026143936847802, 1757019.80330173461698 ], [ 410757.416507657035254, 1757768.623539721826091 ], [ 413160.945612607058138, 1758242.768372405320406 ], [ 415782.156984364439268, 1757960.7805825418327 ], [ 416752.925938877277076, 1757542.729802448069677 ], [ 410557.159046675194986, 1754789.602884774561971 ], [ 408471.343475709785707, 1753780.831154947867617 ], [ 407796.594510396476835, 1753529.416558898519725 ], [ 406421.43654571287334, 1753387.438523458084092 ], [ 404304.190848125319462, 1753470.204351951833814 ], [ 403701.071146140166093, 1753438.031971007119864 ], [ 403026.252833343693055, 1753493.205795323709026 ], [ 402572.129817813984118, 1753467.740953331347555 ], [ 402487.247011172934435, 1753442.276111338986084 ], [ 402401.23035708325915, 1753442.746030187699944 ], [ 402342.404572616156656, 1753454.704440699191764 ], [ 402141.294661535765044, 1753471.97130130068399 ], [ 402077.280832969234325, 1753414.900297500193119 ], [ 402053.245069018681534, 1753303.830129109323025 ], [ 402048.996571199502796, 1753229.731678312877193 ], [ 401953.277052122051828, 1753159.022896990180016 ], [ 401779.355594493332319, 1753055.368366746697575 ], [ 401594.735036839614622, 1753024.969217055011541 ], [ 401551.04483370995149, 1752908.132202026434243 ], [ 400731.55813904653769, 1753111.663692515343428 ], [ 400702.531264401623048, 1752983.060808723792434 ], [ 400493.695332381757908, 1753024.945313662756234 ], [ 400353.219446284114383, 1752328.262034785933793 ], [ 399662.932011558790691, 1752459.094736352097243 ], [ 399817.393612293817569, 1753165.670798383885995 ], [ 399581.956784798880108, 1753224.051478770095855 ], [ 399541.029935503727756, 1753069.172104435972869 ], [ 398856.612608968513086, 1753190.248477153712884 ], [ 399049.855353605409618, 1754264.062541609164327 ] ] ] ] } },
{ "type": "Feature", "properties": { "fid": 765, "qgs_fid_0": 832, "qgs_fid": 166, "Dialgeo": 201064, "DIA": 13, "SEDE": "201" }, "geometry": { "type": "MultiPolygon", "coordinates": [ [ [ [ 311566.600392170017585, 1691893.240216893143952 ], [ 315164.620897702639922, 1694117.991586714051664 ], [ 315548.557227417535614, 1694320.564802697626874 ], [ 317348.783221797610167, 1692281.898279260843992 ], [ 319647.349921906832606, 1691986.232023230055347 ], [ 320086.080495371657889, 1691821.708058180520311 ], [ 320601.112038134713657, 1691430.665590527001768 ], [ 322136.509970289247576, 1689870.091960520483553 ], [ 323669.841647097608075, 1688812.588581477524713 ], [ 325443.839183280884754, 1687591.773072706535459 ], [ 326632.434212802734692, 1686620.231814064318314 ], [ 324459.434362781466916, 1685624.273549471050501 ], [ 320883.038776288100053, 1683858.711171329021454 ], [ 317102.924453855259344, 1681844.159227038500831 ], [ 316613.917473136330955, 1682746.391901649069041 ], [ 310689.139245240658056, 1691435.434401103993878 ], [ 311566.600392170017585, 1691893.240216893143952 ] ] ] ] } },
{ "type": "Feature", "properties": { "fid": 766, "qgs_fid_0": 833, "qgs_fid": 167, "Dialgeo": 201150, "DIA": 7, "SEDE": "201" }, "geometry": { "type": "MultiPolygon", "coordinates": [ [ [ [ 402500.244690939900465, 1750414.612501960946247 ], [ 402578.434380729158875, 1750463.508545499294996 ], [ 402789.4808469262789, 1750537.272358927410096 ], [ 402833.534235501429066, 1750568.007281189085916 ], [ 402872.465137032966595, 1750605.913685312028974 ], [ 402979.012867540237494, 1750650.99157129577361 ], [ 403036.384722428803798, 1750743.1963380810339 ], [ 403015.894774254353251, 1750803.641685195732862 ], [ 403078.389116186415777, 1750862.038037492893636 ], [ 403260.749654939281754, 1751058.741539967944846 ], [ 403406.228286978090182, 1751243.151073538232595 ], [ 403500.482048580714036, 1751517.716379076242447 ], [ 403553.755913834378589, 1751597.627176956972107 ], [ 403701.283540690608788, 1751884.486451399512589 ], [ 403793.488307475752663, 1752075.042969422182068 ], [ 404002.485778855450917, 1752386.49018167424947 ], [ 404203.28727096534567, 1752956.110740924719721 ], [ 404276.872401563741732, 1753077.399615568574518 ], [ 404354.138239769497886, 1753395.59056777600199 ], [ 404354.138239769497886, 1753452.179105536779389 ], [ 405152.036622197367251, 1753418.225982880219817 ], [ 405528.350398306909483, 1753404.07884844020009 ], [ 405862.222771095868666, 1753395.59056777623482 ], [ 406264.001389197830576, 1753370.125725783873349 ], [ 406541.285224225954153, 1753370.125725783873349 ], [ 406648.803445971570909, 1753381.443433335982263 ], [ 406602.648419829900376, 1752453.568253144389018 ], [ 406345.170573018724099, 1751559.469356525223702 ], [ 406302.729169698199257, 1751460.439415443921462 ], [ 406428.495642713911366, 1750825.156130778603256 ], [ 406541.190357673622202, 1750349.789333130698651 ], [ 406608.294937944912817, 1750257.584566345205531 ], [ 406629.80938352807425, 1750231.972131127258763 ], [ 406642.103352432779502, 1750204.822949795983732 ], [ 406640.054357615299523, 1750151.292960189981386 ], [ 406654.14119698520517, 1750135.157126002712175 ], [ 406653.372823928657454, 1750100.324214106192812 ], [ 406653.116699576494284, 1750092.128234836272895 ], [ 406597.281590801139828, 1750036.293126061325893 ], [ 406645.689093363354914, 1749981.994763399008662 ], [ 406654.909570041869301, 1749962.785436985082924 ], [ 406652.348326520062983, 1749931.026017314754426 ], [ 406645.945217715576291, 1749901.059468109626323 ], [ 406612.392927579872776, 1749872.885789369698614 ], [ 406613.173641705710907, 1749798.146997038507834 ], [ 406619.824290383781772, 1749721.958769888849929 ], [ 406649.018709941825364, 1749570.659053796436638 ], [ 406713.02766323875403, 1749236.907773762475699 ], [ 406771.954630603315309, 1748885.852541807806119 ], [ 406918.256387956265826, 1748322.091955593321472 ], [ 407013.662664586445317, 1747804.690779084572569 ], [ 406551.746625583968125, 1747727.549989780876786 ], [ 406093.392403334262781, 1747670.022332745371386 ], [ 405898.150325001915917, 1747633.907244197558612 ], [ 405561.640081184683368, 1747556.262243844335899 ], [ 405358.151974950451404, 1747517.56624671490863 ], [ 404893.030151390063111, 1747386.430578398285434 ], [ 404659.444742201128975, 1747697.877790650120005 ], [ 404472.125024758162908, 1748045.558796762721613 ], [ 404370.536472941166721, 1748193.734536472009495 ], [ 404325.458586957363877, 1748267.498349900124595 ], [ 404096.918836928496603, 1748834.197431338950992 ], [ 403903.16056163655594, 1749144.294752906309441 ], [ 403378.82298129692208, 1749630.07990350201726 ], [ 403206.707416631514207, 1749773.509540723171085 ], [ 402883.278355907707009, 1749942.451890019932762 ], [ 402688.047900633246172, 1749997.625714336754754 ], [ 402699.719286546402145, 1750083.569556060712785 ], [ 402718.817918040615041, 1750162.086152203846723 ], [ 402725.184128538705409, 1750224.687222101492807 ], [ 402517.903827454138082, 1750252.575863412814215 ], [ 402505.695064712548628, 1750308.553312429459766 ], [ 402477.26526162045775, 1750404.343820145120844 ], [ 402500.244690939900465, 1750414.612501960946247 ] ] ] ] } },
{ "type": "Feature", "properties": { "fid": 767, "qgs_fid_0": 837, "qgs_fid": 171, "Dialgeo": 201168, "DIA": 8, "SEDE": "201" }, "geometry": { "type": "MultiPolygon", "coordinates": [ [ [ [ 402186.477940281154588, 1748908.773048462579027 ], [ 402217.725080247677397, 1748951.335465074051172 ], [ 402183.95542275934713, 1749063.131780230207369 ], [ 402170.67840636044275, 1749214.362741883611307 ], [ 402189.858938555116765, 1749352.757807671092451 ], [ 402201.269564177724533, 1749406.65687582292594 ], [ 402200.517154108267277, 1749500.709376795450225 ], [ 401967.835485465649981, 1749664.720498692244291 ], [ 402055.042296390747651, 1749792.142310487339273 ], [ 402134.406302285846323, 1749885.267618122743443 ], [ 402202.143323929980397, 1749974.98147324193269 ], [ 402207.905174726678524, 1750098.428941108519211 ], [ 402842.400600921944715, 1749947.974125500302762 ], [ 403232.752608356357086, 1749725.886083640856668 ], [ 403485.024407255055849, 1749525.166442511137575 ], [ 403659.641388622752856, 1749357.091869443422183 ], [ 403890.877148391969968, 1749122.998405281919986 ], [ 404075.44434298039414, 1748836.019935332471505 ], [ 404208.825526341388468, 1748526.17701274366118 ], [ 404298.319883529737126, 1748271.910939149325714 ], [ 404466.818755901011173, 1748026.53959880862385 ], [ 404535.924743917479645, 1747892.377201872179285 ], [ 404674.236515616998076, 1747647.131608008174226 ], [ 404953.738261855847668, 1747285.880703691858798 ], [ 404986.123736832523718, 1746704.080842830240726 ], [ 404994.081873262301087, 1746525.736842483282089 ], [ 404993.546841820352711, 1746398.785821346798912 ], [ 404996.723409539787099, 1746050.224360059946775 ], [ 404998.744584237283561, 1745978.658959465799853 ], [ 405007.79210858483566, 1745920.913516659289598 ], [ 404385.240612982364837, 1745905.078190685249865 ], [ 404155.870062439120375, 1745904.320670552318916 ], [ 404062.360651024500839, 1745899.524615284753963 ], [ 403971.747140477236826, 1745892.985383214429021 ], [ 403825.438710241927765, 1745898.225501428591087 ], [ 403625.718774237670004, 1745906.003080089809373 ], [ 403473.832799225929193, 1745911.402770543238148 ], [ 403015.465643363131676, 1745905.743916767183691 ], [ 401937.316123471478932, 1745954.831709191203117 ], [ 401906.330303250637371, 1746137.756921586580575 ], [ 401038.488839349651244, 1746498.898301594890654 ], [ 401341.761844415217638, 1747199.846644452773035 ], [ 401421.98070672119502, 1747485.70928800967522 ], [ 401518.335687061422504, 1747721.825417581247166 ], [ 401592.535840227792505, 1747812.238123020622879 ], [ 401671.219712542719208, 1747848.96187725965865 ], [ 401787.715314242755994, 1747890.88592438865453 ], [ 401862.56681639153976, 1748039.419614284532145 ], [ 401862.56681639153976, 1748135.722370704635978 ], [ 401867.689303435210604, 1748520.933396383654326 ], [ 402049.394183597411029, 1748703.260308981873095 ], [ 402049.138790397555567, 1748702.513684511650354 ], [ 402054.977397914044559, 1748709.989389705006033 ], [ 401954.062756202591117, 1748802.172808903735131 ], [ 401943.502111680514645, 1748829.050992055563256 ], [ 401945.807230850099586, 1748834.685727803502232 ], [ 401966.248302107094787, 1748833.855047737015411 ], [ 401989.172973680193536, 1748831.735705090221018 ], [ 402023.709529896848835, 1748829.565843289950863 ], [ 402055.491405867040157, 1748828.12927659181878 ], [ 402068.869543265202083, 1748833.696872420143336 ], [ 402087.768960988149047, 1748840.538719429867342 ], [ 402121.926507284282707, 1748851.353262697579339 ], [ 402148.966736818896607, 1748861.044779441552237 ], [ 402164.025178907613736, 1748876.690121561521664 ], [ 402186.477940281154588, 1748908.773048462579027 ] ] ] ] } },
{ "type": "Feature", "properties": { "fid": 768, "qgs_fid_0": 843, "qgs_fid": 177, "Dialgeo": 201312, "DIA": 6, "SEDE": "201" }, "geometry": { "type": "MultiPolygon", "coordinates": [ [ [ [ 393167.425301477720495, 1710673.295516325626522 ], [ 393182.323011516418774, 1710764.085128105944023 ], [ 393190.544014968210831, 1710831.525933104334399 ], [ 393294.744866652414203, 1711408.954044022597373 ], [ 393566.843713053327519, 1711392.090025740209967 ], [ 393674.117890076013282, 1711386.392872010357678 ], [ 393637.446972367004491, 1711190.634040680713952 ], [ 393661.459416396042798, 1711183.742402057629079 ], [ 393713.948205463588238, 1711170.620204790960997 ], [ 393773.594556676747743, 1711153.91922645107843 ], [ 393789.102607992128469, 1711082.343604995403439 ], [ 393808.158373769838363, 1711036.830538499867544 ], [ 393820.715174135169946, 1710995.259932224405929 ], [ 393906.560322609322611, 1710785.606077858945355 ], [ 393484.336794446629938, 1710580.227482334943488 ], [ 393167.425301477720495, 1710673.295516325626522 ] ] ] ] } },
{ "type": "Feature", "properties": { "fid": 769, "qgs_fid_0": 845, "qgs_fid": 179, "Dialgeo": 201072, "DIA": 12, "SEDE": "201" }, "geometry": { "type": "MultiPolygon", "coordinates": [ [ [ [ 394364.05823964078445, 1694291.776319000869989 ], [ 394793.512190440262202, 1694266.260174714028835 ], [ 394793.393801609810907, 1694240.070918938377872 ], [ 394765.441865220549516, 1693886.632239435333759 ], [ 394677.929100207111333, 1693766.552763864398003 ], [ 394849.385966112313326, 1693724.392212408594787 ], [ 394961.148328189970925, 1693700.342083860188723 ], [ 394944.171766861749347, 1693446.047342297388241 ], [ 394939.927626529592089, 1693368.591781236929819 ], [ 394903.145076985063497, 1693370.360173042165115 ], [ 394154.667167985462584, 1693449.401154498104006 ], [ 394129.313129439949989, 1693669.51757212751545 ], [ 394203.747408564609941, 1693810.607407714705914 ], [ 394138.410327245830558, 1693931.379656882025301 ], [ 394099.18935330666136, 1693999.652485540602356 ], [ 394294.08825636212714, 1693972.576457788934931 ], [ 394364.05823964078445, 1694291.776319000869989 ] ] ] ] } },
{ "type": "Feature", "properties": { "fid": 770, "qgs_fid_0": 846, "qgs_fid": 180, "Dialgeo": 201345, "DIA": 12, "SEDE": "201" }, "geometry": { "type": "MultiPolygon", "coordinates": [ [ [ [ 394641.443458057008684, 1692400.851932706777006 ], [ 394603.275302049994934, 1692421.087932703783736 ], [ 394586.966040054627229, 1692447.588846423430368 ], [ 394585.977860198181588, 1692477.155502844136208 ], [ 394599.1000574650825, 1692527.854901375249028 ], [ 394661.70285748958122, 1692655.47477207146585 ], [ 394658.149945166078396, 1692827.279584465548396 ], [ 394800.578352293465286, 1692813.316754458704963 ], [ 394867.777240884432103, 1692809.072614126605913 ], [ 394906.681860595010221, 1693026.231127783888951 ], [ 394911.380008821259253, 1693083.884766148636118 ], [ 394910.452267459477298, 1693170.319358117412776 ], [ 394918.706924869271461, 1693364.701319265877828 ], [ 394941.342339973605704, 1693365.408675987971947 ], [ 394944.441239004256204, 1693401.955057818209752 ], [ 394958.318901301943697, 1693552.150850599166006 ], [ 394964.685111800034065, 1693699.988405499141663 ], [ 395012.431690535740927, 1693723.331177325453609 ], [ 394998.881087930465583, 1693493.376851150067523 ], [ 394981.414950321777724, 1693126.784095230977982 ], [ 394920.828995035320986, 1692885.467140103457496 ], [ 394902.829568446613848, 1692795.164918706985191 ], [ 395157.08614018681692, 1692763.44810555735603 ], [ 395153.242721916758455, 1692656.531306112650782 ], [ 395148.067341981281061, 1692552.478963217465207 ], [ 395132.328654916549567, 1692526.483603683533147 ], [ 395118.535198837285861, 1692455.040574760176241 ], [ 395117.474163754202891, 1692448.497525081504136 ], [ 395120.303590642346535, 1692448.320685900980607 ], [ 395376.543563191196881, 1692404.641408316791058 ], [ 395344.005153978650924, 1692118.161935901967809 ], [ 394977.594371976389084, 1692186.77553793718107 ], [ 394884.930641392769758, 1692362.907361718127504 ], [ 394831.079171966877766, 1692372.493746200343594 ], [ 394641.443458057008684, 1692400.851932706777006 ] ] ] ] } }
]
}
