{
"type": "FeatureCollection",
"name": "Capa 18 Diales",
"crs": { "type": "name", "properties": { "name": "urn:ogc:def:crs:OGC:1.3:CRS84" } },
"features": [
{ "type": "Feature", "properties": { "fid": 1, "qgs_fid": 848, "dialgeo": 201002, "sede": "SAN PEDRO SULA", "subsede": "SAN PEDRO SULA", "dial": 2, "DIAL_1": 1 }, "geometry": { "type": "MultiPolygon", "coordinates": [ [ [ [ -88.062450242430714, 15.482163953523081 ], [ -88.064439120486426, 15.469494011490031 ], [ -88.080966330364717, 15.460309899143232 ], [ -88.094599849429713, 15.458962718356487 ], [ -88.098760867933407, 15.45851251661311 ], [ -88.100979007508755, 15.461862274729002 ], [ -88.103756068818029, 15.481206087717958 ], [ -88.118976462600273, 15.493405160734481 ], [ -88.139521871667, 15.497603908764168 ], [ -88.145725420450049, 15.499636925534775 ], [ -88.150514771625851, 15.500620482535226 ], [ -88.154464353814348, 15.500196521309109 ], [ -88.157370599050651, 15.499172898745227 ], [ -88.165882294213503, 15.496304588660406 ], [ -88.173776617944014, 15.49464934922824 ], [ -88.178103308948437, 15.495047197120915 ], [ -88.186554968912205, 15.496940552167301 ], [ -88.186178335414581, 15.50878921334029 ], [ -88.182124642880368, 15.519985487247409 ], [ -88.177441747316806, 15.539592196915001 ], [ -88.171830854278127, 15.546419795991222 ], [ -88.164961242220627, 15.553994799949916 ], [ -88.153524758390219, 15.562467291578258 ], [ -88.148213410947974, 15.567868244907046 ], [ -88.139042468840586, 15.572956086228238 ], [ -88.117580043390333, 15.569752199737225 ], [ -88.11100357686567, 15.562649766262567 ], [ -88.105151989869626, 15.559119247084668 ], [ -88.102539701545084, 15.555362967122752 ], [ -88.097871036703197, 15.545448921852852 ], [ -88.106974200601002, 15.536284493688472 ], [ -88.109879083879832, 15.52460158246336 ], [ -88.106051923038564, 15.516089241677719 ], [ -88.098721933357837, 15.50358080784736 ], [ -88.083985932732205, 15.486612248883395 ], [ -88.069242527523272, 15.484852156505813 ], [ -88.066211740394195, 15.483218129031181 ], [ -88.062450242430714, 15.482163953523081 ] ] ] ] } },
{ "type": "Feature", "properties": { "fid": 2, "qgs_fid": 849, "dialgeo": 201014, "sede": "SAN PEDRO SULA", "subsede": "SAN PEDRO SULA", "dial": 9, "DIAL_1": 8 }, "geometry": { "type": "MultiPolygon", "coordinates": [ [ [ [ -87.973148311323285, 15.434011280619533 ], [ -87.973921487640411, 15.432596010637484 ], [ -87.975220844846518, 15.432539881136272 ], [ -87.978532053612, 15.432516378479038 ], [ -87.981744494036178, 15.432448091715745 ], [ -87.990918442178327, 15.432167810420495 ], [ -87.995625527212496, 15.432332246891159 ], [ -87.995168084704545, 15.44269641651753 ], [ -87.990256848872619, 15.443020939330751 ], [ -87.986565329628078, 15.442834028985464 ], [ -87.982546337138345, 15.44312079567595 ], [ -87.980015303167576, 15.443657994530918 ], [ -87.974790905998844, 15.4448358185508 ], [ -87.972022662854172, 15.44578921939025 ], [ -87.967040006078122, 15.447559042072445 ], [ -87.968625199031024, 15.442681054868748 ], [ -87.969386054408176, 15.441865641731605 ], [ -87.972066152777714, 15.436058204965249 ], [ -87.973148311323285, 15.434011280619533 ] ] ] ] } },
{ "type": "Feature", "properties": { "fid": 3, "qgs_fid": 850, "dialgeo": 201024, "sede": "SAN PEDRO SULA", "subsede": "SAN PEDRO SULA", "dial": 12, "DIAL_1": 11 }, "geometry": { "type": "MultiPolygon", "coordinates": [ [ [ [ -88.009220646603438, 15.277661578596241 ], [ -88.009828715275503, 15.274725641504551 ], [ -88.010050853325865, 15.270427849485088 ], [ -88.012062661358982, 15.258712382171476 ], [ -88.012647877185046, 15.248702352176304 ], [ -88.012217703899964, 15.24469270820817 ], [ -88.013782787140002, 15.24446996702379 ], [ -88.059802445342967, 15.242618241948019 ], [ -88.056594660656273, 15.264448778331529 ], [ -88.044076214070657, 15.266836720502397 ], [ -88.038822353257402, 15.282734780249326 ], [ -88.023343370037111, 15.283884272070193 ], [ -88.013392872248588, 15.283595395785548 ], [ -88.005729949087524, 15.281818266291651 ], [ -88.008603492303692, 15.278699604489482 ], [ -88.009220646603438, 15.277661578596241 ] ] ] ] } },
{ "type": "Feature", "properties": { "fid": 4, "qgs_fid": 851, "dialgeo": 201030, "sede": "SAN PEDRO SULA", "subsede": "SAN PEDRO SULA", "dial": 13, "DIAL_1": 12 }, "geometry": { "type": "MultiPolygon", "coordinates": [ [ [ [ -87.93759406706539, 15.36165759422679 ], [ -87.938660755215849, 15.362625897320834 ], [ -87.947073346041776, 15.368661152254013 ], [ -87.950726905786226, 15.370202400941444 ], [ -87.956357196278248, 15.373267495102796 ], [ -87.947258593578667, 15.37859729595008 ], [ -87.943989887614194, 15.379821374442814 ], [ -87.941809821320518, 15.380435705584533 ], [ -87.941033648775644, 15.381195360848448 ], [ -87.938856946783247, 15.382566023451387 ], [ -87.936224633625628, 15.3866615284698 ], [ -87.934442028601964, 15.389013779511565 ], [ -87.931172068769683, 15.39001077383509 ], [ -87.928052969986922, 15.389872529961867 ], [ -87.925861462824003, 15.388734457238183 ], [ -87.915710920533101, 15.384331916464028 ], [ -87.917452611235205, 15.379709258129186 ], [ -87.918565330856325, 15.37750731358523 ], [ -87.921979439650642, 15.373862593796471 ], [ -87.929158264488279, 15.367310041661572 ], [ -87.931761583621622, 15.364783195452349 ], [ -87.935220636735622, 15.36257521655893 ], [ -87.93759406706539, 15.36165759422679 ] ] ] ] } },
{ "type": "Feature", "properties": { "fid": 5, "qgs_fid": 852, "dialgeo": 201032, "sede": "SAN PEDRO SULA", "subsede": "SAN PEDRO SULA", "dial": 11, "DIAL_1": 10 }, "geometry": { "type": "MultiPolygon", "coordinates": [ [ [ [ -87.810174281150651, 15.574749064607904 ], [ -87.821030602628412, 15.554737079394554 ], [ -87.824371146305481, 15.555544195805643 ], [ -87.827362384581576, 15.556624868596284 ], [ -87.82932372645503, 15.557480217434946 ], [ -87.845367486305804, 15.563458278272638 ], [ -87.82199361062105, 15.588780232242605 ], [ -87.821633646333012, 15.589840509438446 ], [ -87.820549326492483, 15.59191199680159 ], [ -87.815161325623563, 15.597680528880442 ], [ -87.80584363809507, 15.609816988652993 ], [ -87.795450038961519, 15.613101010122662 ], [ -87.788171022133454, 15.614539166302473 ], [ -87.782892139803522, 15.612506071828573 ], [ -87.772197914439076, 15.607898677731418 ], [ -87.771458685059486, 15.600654357663831 ], [ -87.784074563081191, 15.59422554237322 ], [ -87.786919002578841, 15.593180109968626 ], [ -87.796920845764717, 15.585440913272294 ], [ -87.798798207127007, 15.584157199950717 ], [ -87.800331356601461, 15.583748223587291 ], [ -87.803718079270396, 15.581718855656892 ], [ -87.804988628599133, 15.580680487353813 ], [ -87.810174281150651, 15.574749064607904 ] ] ] ] } },
{ "type": "Feature", "properties": { "fid": 6, "qgs_fid": 854, "dialgeo": 201036, "sede": "SAN PEDRO SULA", "subsede": "SAN PEDRO SULA", "dial": 9, "DIAL_1": 8 }, "geometry": { "type": "MultiPolygon", "coordinates": [ [ [ [ -88.01289189153897, 15.418722613374515 ], [ -88.013533788800103, 15.418887764728105 ], [ -88.014088972567649, 15.41903650213855 ], [ -88.01459299316393, 15.419353550994042 ], [ -88.014871442780688, 15.419604397697821 ], [ -88.015236199657664, 15.419787617884563 ], [ -88.015358220890093, 15.419938331352752 ], [ -88.015550120571007, 15.420206380642492 ], [ -88.015533120579448, 15.420273690018453 ], [ -88.015620407294605, 15.420407754206915 ], [ -88.015897500266249, 15.420928942120193 ], [ -88.015909552375462, 15.421142560826794 ], [ -88.016087534007866, 15.421504992142793 ], [ -88.016223644227324, 15.422316329834731 ], [ -88.016364743261349, 15.422818910244537 ], [ -88.016470237434149, 15.423133575618079 ], [ -88.016606153992512, 15.423579938634044 ], [ -88.016759259415878, 15.423775154790114 ], [ -88.016890561162583, 15.424051883934709 ], [ -88.017009481595835, 15.424454728927463 ], [ -88.017062076205804, 15.42458054728564 ], [ -88.017285696114698, 15.425134183573089 ], [ -88.017641388884101, 15.426122118548923 ], [ -88.017876226480965, 15.426310130910371 ], [ -88.017993676148151, 15.42641043980591 ], [ -88.018124305600807, 15.426548505952352 ], [ -88.018267807729217, 15.426661301138671 ], [ -88.018596154540148, 15.42700174130387 ], [ -88.018857624478315, 15.427181867265158 ], [ -88.019494387315149, 15.42768305436593 ], [ -88.019888093883125, 15.427878414100052 ], [ -88.02000619757392, 15.427925993568197 ], [ -88.020416965759708, 15.427918718626277 ], [ -88.020814194033321, 15.428066463927417 ], [ -88.020806958034058, 15.428237460846233 ], [ -88.020799197875434, 15.428422383171274 ], [ -88.020954529154224, 15.429182225252886 ], [ -88.02102223633544, 15.429505799478406 ], [ -88.021038590356667, 15.429541106952072 ], [ -88.021033929152651, 15.429644633396004 ], [ -88.021068257162057, 15.42984981517486 ], [ -88.021195223900392, 15.429969743356377 ], [ -88.021562795371636, 15.430245827472284 ], [ -88.021640444920294, 15.4303682265536 ], [ -88.021719076296492, 15.430502327604932 ], [ -88.021717318348649, 15.430917805210221 ], [ -88.021407765792191, 15.431398254111139 ], [ -88.02124030152514, 15.431701566310476 ], [ -88.020601932640034, 15.432267566197632 ], [ -88.019538009315497, 15.433491070198258 ], [ -88.017493331215135, 15.434522014204306 ], [ -88.017485035863089, 15.434597687707953 ], [ -88.017513628185455, 15.435131206868625 ], [ -88.017539137957741, 15.43592106030431 ], [ -88.017548334390369, 15.436030269356127 ], [ -88.017946986158165, 15.435939674396144 ], [ -88.018445992370758, 15.435774033238003 ], [ -88.020444883148912, 15.435256412485931 ], [ -88.020774063686673, 15.435160183457079 ], [ -88.020750614189922, 15.435430602085969 ], [ -88.020705454443799, 15.435721107204332 ], [ -88.020551003444254, 15.436149946109568 ], [ -88.0204591948863, 15.436411887549211 ], [ -88.020372653029682, 15.436764725461206 ], [ -88.020184391513467, 15.437165597618625 ], [ -88.019364728818729, 15.438745576955258 ], [ -88.018101690322695, 15.438813848057984 ], [ -88.017853891141669, 15.442861238038736 ], [ -88.020638630818652, 15.442925330719353 ], [ -88.02217339070576, 15.448761774157077 ], [ -88.022719505689622, 15.451008237595994 ], [ -88.023345473870506, 15.453369662317359 ], [ -88.024562430433221, 15.45499791527574 ], [ -88.025761479045514, 15.45701068387071 ], [ -88.024685158032796, 15.457285972564897 ], [ -88.023148032496096, 15.457560981196798 ], [ -88.021447745545956, 15.457861752195379 ], [ -88.021214060765885, 15.458007490262975 ], [ -88.021259881310996, 15.457521696305662 ], [ -88.02114074789371, 15.456161467165867 ], [ -88.020897899004581, 15.456130552763463 ], [ -88.015436090026753, 15.456271875708236 ], [ -88.009716289948969, 15.456162242518596 ], [ -88.009549586773872, 15.453694730006481 ], [ -88.009370033802213, 15.45301179210059 ], [ -88.009364656142608, 15.451900713758791 ], [ -88.00688426561814, 15.445354919063535 ], [ -88.003760506096327, 15.438679761607439 ], [ -88.002400750600998, 15.436148579961106 ], [ -88.001275310174179, 15.431975065879385 ], [ -88.00193697779568, 15.426865333140222 ], [ -88.001797069956183, 15.42659703702788 ], [ -88.001761287120289, 15.426361886971312 ], [ -88.001812140497847, 15.426126346022125 ], [ -88.001914652975856, 15.425823340107732 ], [ -88.001878547804537, 15.425520959646885 ], [ -88.002101060154601, 15.42494848474194 ], [ -88.0020997703663, 15.424679563113884 ], [ -88.001141734113986, 15.419471920915537 ], [ -88.008863582432127, 15.419550352860481 ], [ -88.009901536178091, 15.41920527536543 ], [ -88.010679831440584, 15.418911798583721 ], [ -88.011354896973259, 15.418770060605585 ], [ -88.011744805612366, 15.418780890982255 ], [ -88.012367951213747, 15.418651992404126 ], [ -88.01289189153897, 15.418722613374515 ] ] ] ] } },
{ "type": "Feature", "properties": { "fid": 7, "qgs_fid": 861, "dialgeo": 201050, "sede": "SAN PEDRO SULA", "subsede": "SAN PEDRO SULA", "dial": 16, "DIAL_1": 15 }, "geometry": { "type": "MultiPolygon", "coordinates": [ [ [ [ -87.98451374185835, 15.346877138139796 ], [ -87.988055185512451, 15.348479050857335 ], [ -87.989692725371413, 15.349312927335822 ], [ -87.989421916308402, 15.350802293155576 ], [ -87.990459386279042, 15.352590853619777 ], [ -87.991274142188615, 15.354960503923394 ], [ -87.991821422297548, 15.360807291981098 ], [ -87.993911510223867, 15.363218347066246 ], [ -87.995692239480917, 15.366135004378293 ], [ -87.99404860095666, 15.370471045718469 ], [ -87.989889938092944, 15.378830207100672 ], [ -87.989361594702203, 15.379611782891949 ], [ -87.988551492492888, 15.380698811095627 ], [ -87.985354711250693, 15.380421820883488 ], [ -87.980170255301758, 15.377534612573468 ], [ -87.977265911051802, 15.377427224800655 ], [ -87.975484744220523, 15.377473215235552 ], [ -87.971785733281209, 15.377660330928478 ], [ -87.96628002560773, 15.378267650224828 ], [ -87.965032737198328, 15.378273059568311 ], [ -87.960526003130084, 15.379006092053888 ], [ -87.958881452072191, 15.375765277823618 ], [ -87.957415863760176, 15.373121976990905 ], [ -87.947352063217437, 15.368378609902784 ], [ -87.939237645362411, 15.362346129457654 ], [ -87.958087638156641, 15.355821723086049 ], [ -87.972287208829982, 15.346380787956413 ], [ -87.98451374185835, 15.346877138139796 ] ] ] ] } },
{ "type": "Feature", "properties": { "fid": 8, "qgs_fid": 862, "dialgeo": 201057, "sede": "SAN PEDRO SULA", "subsede": "SAN PEDRO SULA", "dial": 14, "DIAL_1": 13 }, "geometry": { "type": "MultiPolygon", "coordinates": [ [ [ [ -88.045856099318584, 15.267346040084336 ], [ -88.058196819022982, 15.264958837083302 ], [ -88.060457084676955, 15.254940903521328 ], [ -88.062530787714834, 15.243198445093176 ], [ -88.087182502573569, 15.250628908968389 ], [ -88.099463731274383, 15.254192332402344 ], [ -88.108597055242512, 15.267432679515272 ], [ -88.110635558722493, 15.287152640833282 ], [ -88.096266235774166, 15.338794576397561 ], [ -88.090508702673276, 15.354040279451427 ], [ -88.081100037733691, 15.356775329072981 ], [ -88.072840317651114, 15.358667758306776 ], [ -88.062321228541578, 15.361138457768929 ], [ -88.049908062928978, 15.356445603171297 ], [ -88.038295085107649, 15.34557449106641 ], [ -88.035025549875357, 15.33895954617233 ], [ -88.032801726085722, 15.332030703467785 ], [ -88.03263066271731, 15.325101631025092 ], [ -88.03248309415315, 15.318302505496842 ], [ -88.037421521240944, 15.308295698242066 ], [ -88.047443104390979, 15.29555945178617 ], [ -88.052537384580518, 15.288407646394067 ], [ -88.053060512216263, 15.286377855395001 ], [ -88.052875659050898, 15.284955279758877 ], [ -88.051931517849511, 15.282759847235285 ], [ -88.04059002652933, 15.280742368689204 ], [ -88.045856099318584, 15.267346040084336 ] ] ] ] } },
{ "type": "Feature", "properties": { "fid": 9, "qgs_fid": 863, "dialgeo": 201058, "sede": "SAN PEDRO SULA", "subsede": "SAN PEDRO SULA", "dial": 14, "DIAL_1": 13 }, "geometry": { "type": "MultiPolygon", "coordinates": [ [ [ [ -87.943481385880958, 15.122390173746036 ], [ -87.966011922102325, 15.133674966735516 ], [ -87.993769945919439, 15.145088201543972 ], [ -87.986415891174744, 15.16171627527703 ], [ -87.985401849453183, 15.166964934634819 ], [ -87.986061347382034, 15.174828385091422 ], [ -87.987340225420681, 15.181882309064431 ], [ -87.989012047658619, 15.184093680542418 ], [ -87.991923456306822, 15.184887678574743 ], [ -87.994572618019902, 15.185270685210345 ], [ -87.998387871852898, 15.185918228165411 ], [ -88.001823483856228, 15.186586743674951 ], [ -88.016903627703158, 15.190427321250967 ], [ -88.013320301701043, 15.202745899628541 ], [ -88.010360183926267, 15.212985599302236 ], [ -88.008563102992682, 15.218068414881904 ], [ -88.004196862128225, 15.227547009580968 ], [ -88.000651760377139, 15.235656002637851 ], [ -87.984454037060829, 15.228003433770883 ], [ -87.963394211036587, 15.217032550031647 ], [ -87.94117273963991, 15.201515548292132 ], [ -87.934797595146634, 15.193005810792275 ], [ -87.931767815520388, 15.185279541538787 ], [ -87.922561610467071, 15.181936808559138 ], [ -87.923009622019521, 15.166610074262564 ], [ -87.928995615571324, 15.153069387903528 ], [ -87.943481385880958, 15.122390173746036 ] ] ] ] } },
{ "type": "Feature", "properties": { "fid": 10, "qgs_fid": 865, "dialgeo": 201060, "sede": "SAN PEDRO SULA", "subsede": "SAN PEDRO SULA", "dial": 12, "DIAL_1": 11 }, "geometry": { "type": "MultiPolygon", "coordinates": [ [ [ [ -88.00564251471215, 15.282120605847592 ], [ -88.010192165560127, 15.283351048185763 ], [ -88.013340433848285, 15.284242660699967 ], [ -88.024864727362626, 15.285009771065743 ], [ -88.030552257308813, 15.284897393242861 ], [ -88.051533740931603, 15.28319306289162 ], [ -88.052775439177665, 15.285742959375964 ], [ -88.050747671626496, 15.289030724592539 ], [ -88.046763269402447, 15.292068826464881 ], [ -88.040291440522509, 15.29537725092589 ], [ -88.035588517967383, 15.296951922650731 ], [ -88.032483665793023, 15.298174050130649 ], [ -88.028224594348075, 15.299660254525689 ], [ -88.025430527474228, 15.300837724650712 ], [ -88.0091789119259, 15.308486992381752 ], [ -88.006280597016342, 15.311061462579824 ], [ -88.006266015244179, 15.312877350347634 ], [ -88.006002143263416, 15.315245965658557 ], [ -88.006327606900172, 15.322768679875361 ], [ -88.006773257367072, 15.323877787897741 ], [ -88.006515598413515, 15.32524647647136 ], [ -88.006084252778891, 15.327128769999829 ], [ -88.004363367407777, 15.331004055011162 ], [ -88.00377354703194, 15.333052726888999 ], [ -88.001141668664658, 15.336846367458003 ], [ -87.999438152553338, 15.339198732381336 ], [ -87.998667016995412, 15.340941823291168 ], [ -87.997898563546428, 15.343252173486812 ], [ -87.997449802966301, 15.344945382002802 ], [ -87.996771512891954, 15.347067179844313 ], [ -87.996669662170063, 15.347504645613316 ], [ -87.996653537711637, 15.3477568391961 ], [ -87.996638051264938, 15.348143494738869 ], [ -87.996483519669923, 15.348429922894294 ], [ -87.996310550591701, 15.348481119880374 ], [ -87.996051375785996, 15.34861674223424 ], [ -87.992813269063035, 15.351632770029402 ], [ -87.991697245213516, 15.352549945105013 ], [ -87.990853473580273, 15.35272623657066 ], [ -87.989550309456106, 15.350792566089735 ], [ -87.989847948873816, 15.349236751914312 ], [ -87.985459332525963, 15.347088639083761 ], [ -87.985578395046872, 15.346114873899451 ], [ -87.985819229759429, 15.345337375175399 ], [ -87.985972275728514, 15.34479750813756 ], [ -87.986278061817671, 15.343653072266452 ], [ -87.986694766942179, 15.342465010320446 ], [ -87.987219248023038, 15.340564739207119 ], [ -87.971346814010147, 15.338408075856021 ], [ -87.969897529777185, 15.337567296003972 ], [ -87.969955871430258, 15.327755074738173 ], [ -87.970190123376355, 15.325972382883421 ], [ -87.970593064553967, 15.323214079228574 ], [ -87.972389624136071, 15.321928056085515 ], [ -87.978470312650799, 15.317746915873776 ], [ -87.978605322304801, 15.315355708432429 ], [ -87.978777152773574, 15.314006203059469 ], [ -87.978998077661956, 15.312976311524219 ], [ -87.978985804057046, 15.312538310139598 ], [ -87.978948983242333, 15.31219501111617 ], [ -87.978961256847242, 15.311662304620013 ], [ -87.979317191389626, 15.30963800756798 ], [ -87.981291691082291, 15.309813788672628 ], [ -87.981267387677718, 15.308174748522312 ], [ -87.981509460267262, 15.307666844492173 ], [ -87.981821006791264, 15.307152001946509 ], [ -87.981986915682043, 15.30640842827658 ], [ -87.981801982939544, 15.3060641567836 ], [ -87.981400973258303, 15.305844847957513 ], [ -87.979287789737086, 15.305385014179866 ], [ -87.979654896002927, 15.300703206291564 ], [ -87.978172824507368, 15.299760711262417 ], [ -87.977977807500892, 15.299634853390167 ], [ -87.978402623230465, 15.29960064407061 ], [ -87.978974047971846, 15.299436385866267 ], [ -87.979970298836832, 15.299240609925166 ], [ -87.982711448122984, 15.298570768920788 ], [ -87.985485353674818, 15.297782128482265 ], [ -87.994118022856753, 15.292880120900572 ], [ -88.00564251471215, 15.282120605847592 ] ] ] ] } },
{ "type": "Feature", "properties": { "fid": 11, "qgs_fid": 866, "dialgeo": 201061, "sede": "SAN PEDRO SULA", "subsede": "SAN PEDRO SULA", "dial": 13, "DIAL_1": 12 }, "geometry": { "type": "MultiPolygon", "coordinates": [ [ [ [ -87.96095580334692, 15.30711368319751 ], [ -87.958038348340764, 15.30008666749217 ], [ -87.964986675709724, 15.298610235114735 ], [ -87.969421279422107, 15.297031042161883 ], [ -87.96701591381705, 15.302365215081435 ], [ -87.966880804554648, 15.306055128483969 ], [ -87.966823440562109, 15.308016832827407 ], [ -87.967149027111049, 15.308045007568996 ], [ -87.967646473013389, 15.308109919973065 ], [ -87.968640788456213, 15.308261091031641 ], [ -87.970001173082522, 15.308461094504166 ], [ -87.970586070533557, 15.30855100162589 ], [ -87.970703139162069, 15.308588311989734 ], [ -87.974217552247794, 15.308952500625702 ], [ -87.974593172730479, 15.309050423922407 ], [ -87.975355501652814, 15.309122736565893 ], [ -87.975680442122894, 15.309171743466459 ], [ -87.976317179308936, 15.309236196729602 ], [ -87.977478069904237, 15.309361387960381 ], [ -87.97893796550504, 15.309544092822668 ], [ -87.978632026742233, 15.310789241732609 ], [ -87.978461894500953, 15.311445507649296 ], [ -87.978268183439894, 15.312152301354713 ], [ -87.976605281259552, 15.312077632683012 ], [ -87.975769369396644, 15.31201194923973 ], [ -87.974886018366462, 15.311986389135479 ], [ -87.973021699369198, 15.312360091859945 ], [ -87.971332304313705, 15.31217414450292 ], [ -87.97047454040009, 15.313942738290043 ], [ -87.97024055209576, 15.313901733497699 ], [ -87.970153845316261, 15.313876897476549 ], [ -87.969963036260239, 15.313810492554705 ], [ -87.969737823356184, 15.313794661542627 ], [ -87.96911456463674, 15.313839385517547 ], [ -87.968262893605754, 15.314114110156272 ], [ -87.96812252181131, 15.314188254441165 ], [ -87.968016689629863, 15.314241238703605 ], [ -87.967926010786243, 15.314294157293421 ], [ -87.967815858614458, 15.314349261209246 ], [ -87.967727296153186, 15.31439166538544 ], [ -87.967608562038123, 15.314463614640456 ], [ -87.967545976758203, 15.314505906281962 ], [ -87.967507107402611, 15.314527084895978 ], [ -87.967332108316157, 15.314603479643443 ], [ -87.966630167740689, 15.314957389542213 ], [ -87.966129791149896, 15.311425537281005 ], [ -87.963720928508096, 15.309438038659387 ], [ -87.963334385303028, 15.30916192211351 ], [ -87.961316187469166, 15.308341911854923 ], [ -87.96095580334692, 15.30711368319751 ] ] ] ] } },
{ "type": "Feature", "properties": { "fid": 12, "qgs_fid": 867, "dialgeo": 201068, "sede": "SAN PEDRO SULA", "subsede": "SAN PEDRO SULA", "dial": 14, "DIAL_1": 13 }, "geometry": { "type": "MultiPolygon", "coordinates": [ [ [ [ -87.957710673943765, 15.259156341725539 ], [ -87.959735821105681, 15.259190418902826 ], [ -87.961211706396767, 15.260254195173639 ], [ -87.965488290607567, 15.262853428584105 ], [ -87.970705723344778, 15.265535143617251 ], [ -87.976521877871477, 15.265700171115842 ], [ -87.979772081871687, 15.266195252833223 ], [ -87.982509095766616, 15.26681410333803 ], [ -87.984005900240376, 15.266979129831183 ], [ -87.985502704714179, 15.267226669327675 ], [ -87.988410781977521, 15.267391695496485 ], [ -87.99003588397764, 15.267639234506442 ], [ -87.992986727083078, 15.267556721535547 ], [ -87.994868424135845, 15.267597978025046 ], [ -87.996621823662267, 15.267639234506429 ], [ -88.000727344504668, 15.267391695496478 ], [ -88.004490738610173, 15.267721747444879 ], [ -88.009537107978929, 15.267969286065609 ], [ -88.00936848834688, 15.269541461986492 ], [ -88.009263399254081, 15.276534127762778 ], [ -88.006508413129907, 15.279773690691824 ], [ -87.99878878548661, 15.287741715576852 ], [ -87.993549004212014, 15.292908342705191 ], [ -87.98505200634176, 15.297786676818069 ], [ -87.983138583590133, 15.298391260727502 ], [ -87.979071622433608, 15.299385228178885 ], [ -87.978464046899106, 15.299558918481454 ], [ -87.977836523756196, 15.29960788516993 ], [ -87.970084756067195, 15.296641881851764 ], [ -87.968340065466364, 15.297035724504616 ], [ -87.966711185804172, 15.297823610712147 ], [ -87.964868618020589, 15.298355468095782 ], [ -87.963183162242018, 15.298847327158395 ], [ -87.961102700932273, 15.299194236485759 ], [ -87.953218637468069, 15.301108712230981 ], [ -87.951200336351818, 15.291334830844622 ], [ -87.950884963654602, 15.286087510382151 ], [ -87.94914625300531, 15.280319788856669 ], [ -87.949169719731614, 15.274443654595943 ], [ -87.948978136043124, 15.270343212256753 ], [ -87.953514599581055, 15.262659320755114 ], [ -87.957710673943765, 15.259156341725539 ] ] ] ] } },
{ "type": "Feature", "properties": { "fid": 13, "qgs_fid": 868, "dialgeo": 201069, "sede": "SAN PEDRO SULA", "subsede": "SAN PEDRO SULA", "dial": 13, "DIAL_1": 12 }, "geometry": { "type": "MultiPolygon", "coordinates": [ [ [ [ -87.939727510101847, 15.275408113500271 ], [ -87.941194291665028, 15.275488227643748 ], [ -87.941683475547904, 15.275572443799428 ], [ -87.942573356905697, 15.275827517167983 ], [ -87.946397586798454, 15.276415296379849 ], [ -87.948511998427662, 15.27722593559791 ], [ -87.949136531178553, 15.28270154994763 ], [ -87.948701658936201, 15.284817051711578 ], [ -87.948353838279715, 15.286223333134931 ], [ -87.94814336914115, 15.286976131244108 ], [ -87.94381863247709, 15.305844875058151 ], [ -87.938353480714383, 15.322350902765686 ], [ -87.937883030738831, 15.325259432706037 ], [ -87.933992016934241, 15.3248443783377 ], [ -87.929654736292306, 15.324021321652889 ], [ -87.926185426469971, 15.323474965771178 ], [ -87.918335134606181, 15.322256430792818 ], [ -87.922302534884622, 15.309687494295348 ], [ -87.926085249249184, 15.300699557074475 ], [ -87.927748972716827, 15.294998701980401 ], [ -87.927025405318872, 15.29215471897588 ], [ -87.925241749156697, 15.290781744624898 ], [ -87.915821268390985, 15.290993035703865 ], [ -87.91332740386747, 15.289795411766988 ], [ -87.912344319838127, 15.288548469577405 ], [ -87.911624526615626, 15.286523997320495 ], [ -87.911728763357573, 15.279794311730869 ], [ -87.911023781851455, 15.276044321099352 ], [ -87.911037622828928, 15.274103130112762 ], [ -87.911925604716487, 15.273926972055737 ], [ -87.913347193366363, 15.273834908412077 ], [ -87.917510794773477, 15.275845299842839 ], [ -87.925444808126727, 15.27628716064463 ], [ -87.928641588282204, 15.27567002474518 ], [ -87.93288469708834, 15.275522986412776 ], [ -87.934748159832381, 15.274868177265153 ], [ -87.93692572581196, 15.274902216667707 ], [ -87.939727510101847, 15.275408113500271 ] ] ] ] } },
{ "type": "Feature", "properties": { "fid": 14, "qgs_fid": 870, "dialgeo": 201074, "sede": "SAN PEDRO SULA", "subsede": "SAN PEDRO SULA", "dial": 16, "DIAL_1": 15 }, "geometry": { "type": "MultiPolygon", "coordinates": [ [ [ [ -88.011199951977787, 15.399595275257912 ], [ -88.012408460035601, 15.3998099319794 ], [ -88.021075308087688, 15.40102687024274 ], [ -88.030288304878184, 15.408106708083803 ], [ -88.036138670711324, 15.41392863848951 ], [ -88.036968299650852, 15.422685843193358 ], [ -88.034942318126454, 15.422947411250448 ], [ -88.030053676576216, 15.422465904616539 ], [ -88.028840031416749, 15.421545319238572 ], [ -88.022585029906423, 15.415492233759268 ], [ -88.017556784296801, 15.413609308304215 ], [ -88.01499394458979, 15.414389706197881 ], [ -88.014974788548514, 15.415281802113645 ], [ -88.013205657682292, 15.416095956349638 ], [ -88.011456490493117, 15.415295151001974 ], [ -88.012240677186952, 15.413097101893731 ], [ -88.012864972450558, 15.411169371189306 ], [ -88.01281606882992, 15.41100654242039 ], [ -88.012013139765415, 15.409783220478674 ], [ -88.011368020985969, 15.408945759754186 ], [ -88.010106790569907, 15.407892594163688 ], [ -88.007869321137818, 15.405411567616927 ], [ -88.008484374557142, 15.403511305112458 ], [ -88.008857730247328, 15.402560646148521 ], [ -88.011199951977787, 15.399595275257912 ] ] ] ] } },
{ "type": "Feature", "properties": { "fid": 15, "qgs_fid": 871, "dialgeo": 201081, "sede": "SAN PEDRO SULA", "subsede": "SAN PEDRO SULA", "dial": 14, "DIAL_1": 13 }, "geometry": { "type": "MultiPolygon", "coordinates": [ [ [ [ -87.963279792467148, 15.217005866976523 ], [ -87.965419979564857, 15.218156812951948 ], [ -87.966138794191849, 15.218560982806308 ], [ -87.984038693823749, 15.228107117324502 ], [ -87.99388480976738, 15.233228514215682 ], [ -87.992943961240982, 15.235126614385337 ], [ -87.992430771135687, 15.235951869987183 ], [ -87.991746517661952, 15.237189747319608 ], [ -87.99114779587245, 15.238262568448386 ], [ -87.990249713188177, 15.239789266004738 ], [ -87.988539079503866, 15.242760105157277 ], [ -87.987298870082711, 15.242306229669779 ], [ -87.975339837686548, 15.239797487404132 ], [ -87.971986834278638, 15.239131291557696 ], [ -87.969541237914996, 15.238705773702721 ], [ -87.96850039866537, 15.238501928463711 ], [ -87.968339065088728, 15.238479447565956 ], [ -87.966875053683736, 15.23823363158145 ], [ -87.966336268052814, 15.238110604074171 ], [ -87.963728756932653, 15.237616992958491 ], [ -87.962829090676038, 15.237364562331898 ], [ -87.962268197680174, 15.237155417348989 ], [ -87.961137524850685, 15.236923892049179 ], [ -87.960723298557298, 15.236845299621274 ], [ -87.960250645052611, 15.236766956300171 ], [ -87.959661233369218, 15.23671038419813 ], [ -87.958789240462821, 15.236614834752116 ], [ -87.958180942074648, 15.236688342076011 ], [ -87.957277008850056, 15.23679738186777 ], [ -87.942116521435111, 15.230967916294032 ], [ -87.940550083424526, 15.228386310266702 ], [ -87.957497940870539, 15.231818516062395 ], [ -87.957739384258531, 15.230568278024649 ], [ -87.958188786171547, 15.229546430394446 ], [ -87.958725872718844, 15.227728827113825 ], [ -87.959032677718611, 15.22666858576499 ], [ -87.959339479946792, 15.225608344076697 ], [ -87.959493222637477, 15.225153859631568 ], [ -87.959955818084026, 15.22409295188154 ], [ -87.960109215726092, 15.223562830572067 ], [ -87.960569061571718, 15.221896829611254 ], [ -87.960954434038882, 15.220987526206708 ], [ -87.961262249390245, 15.220154191965618 ], [ -87.962028172816147, 15.217276671410207 ], [ -87.962202792684536, 15.21632926727287 ], [ -87.963279792467148, 15.217005866976523 ] ] ] ] } },
{ "type": "Feature", "properties": { "fid": 16, "qgs_fid": 872, "dialgeo": 201082, "sede": "SAN PEDRO SULA", "subsede": "SAN PEDRO SULA", "dial": 13, "DIAL_1": 12 }, "geometry": { "type": "MultiPolygon", "coordinates": [ [ [ [ -87.957892751476834, 15.300200747319868 ], [ -87.960650143230993, 15.306770658778825 ], [ -87.961012993868295, 15.30853997973524 ], [ -87.962982722754276, 15.309291644438167 ], [ -87.965962547099252, 15.311427205495439 ], [ -87.966612684859456, 15.314994330291386 ], [ -87.962547307032651, 15.317077362888419 ], [ -87.961865964469439, 15.317517044885278 ], [ -87.962829871839091, 15.31812218424359 ], [ -87.963203998613736, 15.318535752067415 ], [ -87.96345518688986, 15.318793482747894 ], [ -87.963552076682632, 15.319326868012832 ], [ -87.963676547861112, 15.319816998626363 ], [ -87.963834822974988, 15.320409430325464 ], [ -87.963941714651128, 15.320700134409455 ], [ -87.965148781018542, 15.323139497388558 ], [ -87.964667630510462, 15.325725269954406 ], [ -87.964339357161464, 15.327454527650854 ], [ -87.963652913161411, 15.332849435528189 ], [ -87.963748531962153, 15.33431563130207 ], [ -87.962914835106631, 15.352311422818715 ], [ -87.960118002954317, 15.354340472280095 ], [ -87.9557629597615, 15.355599842709818 ], [ -87.948675765017356, 15.358474706957791 ], [ -87.938466656374658, 15.360783795118973 ], [ -87.925516446246789, 15.359544764509323 ], [ -87.926266089173041, 15.356904971575958 ], [ -87.927203801801681, 15.352208230201228 ], [ -87.927891285753077, 15.349028584745673 ], [ -87.92823151143493, 15.346644579249723 ], [ -87.929222900324731, 15.341967660685553 ], [ -87.929779012562761, 15.33966054985868 ], [ -87.931222077940419, 15.335513364232519 ], [ -87.932228002062999, 15.325071147080275 ], [ -87.938218401840473, 15.32571095065866 ], [ -87.938612265375326, 15.324328948664611 ], [ -87.938706973893616, 15.322973429054274 ], [ -87.940058575383759, 15.319750466956407 ], [ -87.946319434879882, 15.308508727378241 ], [ -87.95129536687341, 15.301760564486068 ], [ -87.957892751476834, 15.300200747319868 ] ] ] ] } },
{ "type": "Feature", "properties": { "fid": 17, "qgs_fid": 873, "dialgeo": 201084, "sede": "SAN PEDRO SULA", "subsede": "SAN PEDRO SULA", "dial": 16, "DIAL_1": 15 }, "geometry": { "type": "MultiPolygon", "coordinates": [ [ [ [ -87.976815561592517, 15.348159504049319 ], [ -87.977939114769029, 15.348415379388612 ], [ -87.977128449642734, 15.348373733114846 ], [ -87.976815561592517, 15.348159504049319 ] ] ] ] } },
{ "type": "Feature", "properties": { "fid": 18, "qgs_fid": 874, "dialgeo": 201085, "sede": "SAN PEDRO SULA", "subsede": "SAN PEDRO SULA", "dial": 16, "DIAL_1": 15 }, "geometry": { "type": "MultiPolygon", "coordinates": [ [ [ [ -88.036561682565278, 15.383643679780098 ], [ -88.036913413856169, 15.383513837549422 ], [ -88.038437470136259, 15.383089665585958 ], [ -88.041935780870944, 15.382891094543302 ], [ -88.044565306093759, 15.383887240741723 ], [ -88.046102462960775, 15.384686797333007 ], [ -88.047560162064869, 15.385184175869885 ], [ -88.050947365277764, 15.386983449932455 ], [ -88.053655950526661, 15.388180802893414 ], [ -88.056675377303449, 15.389174951799395 ], [ -88.058781440386923, 15.389959781314074 ], [ -88.065813836308479, 15.391479036265494 ], [ -88.077037030111569, 15.395220780993967 ], [ -88.072803380675083, 15.401970150155579 ], [ -88.070778030121488, 15.405861976930808 ], [ -88.066877243663214, 15.408209972583725 ], [ -88.063151588368342, 15.410039457330763 ], [ -88.058442427832986, 15.410838349817595 ], [ -88.053819108989657, 15.411032858362345 ], [ -88.050269398454731, 15.412516227626931 ], [ -88.046719202624303, 15.413913276575142 ], [ -88.043082609640052, 15.415828288961 ], [ -88.042057988895451, 15.41544488808967 ], [ -88.040679158840845, 15.415365082183213 ], [ -88.039167364457612, 15.415372158356682 ], [ -88.038543360847271, 15.415073135386161 ], [ -88.037343461203236, 15.415208144105364 ], [ -88.035402738306217, 15.412268093663052 ], [ -88.03273867880155, 15.409608042937547 ], [ -88.021732674849048, 15.400822155730593 ], [ -88.020396840409759, 15.400469877002964 ], [ -88.019284458702714, 15.40030243997953 ], [ -88.017081615951355, 15.399902746623519 ], [ -88.016002742077816, 15.39976749062583 ], [ -88.015035859885529, 15.399804257043447 ], [ -88.013456533455994, 15.399617353870246 ], [ -88.012477335611948, 15.399406140459218 ], [ -88.011899231372809, 15.399387204342794 ], [ -88.011232516661778, 15.399433371813474 ], [ -88.009959294218362, 15.400485176168134 ], [ -88.008898657187785, 15.401827169166831 ], [ -88.007170405041208, 15.40072428298339 ], [ -88.003526750540132, 15.398885957788247 ], [ -87.999949295353531, 15.39693134636698 ], [ -87.999582439121454, 15.396922211663698 ], [ -87.999533690807851, 15.396120733889079 ], [ -87.999280110409018, 15.394130584385763 ], [ -87.999415703168239, 15.394178790181117 ], [ -88.002290133113704, 15.391843022210427 ], [ -88.003759278821292, 15.389222744532235 ], [ -88.004148331181597, 15.386084603588333 ], [ -88.00970797166795, 15.385947889907312 ], [ -88.02248820232596, 15.386971603150112 ], [ -88.025032533457761, 15.386980363705005 ], [ -88.02928990475553, 15.386086702967358 ], [ -88.036093606888429, 15.383825989081384 ], [ -88.036561682565278, 15.383643679780098 ] ] ] ] } },
{ "type": "Feature", "properties": { "fid": 19, "qgs_fid": 875, "dialgeo": 201086, "sede": "SAN PEDRO SULA", "subsede": "SAN PEDRO SULA", "dial": 16, "DIAL_1": 15 }, "geometry": { "type": "MultiPolygon", "coordinates": [ [ [ [ -88.003627254373214, 15.398982557668205 ], [ -88.004585817450504, 15.399528198912142 ], [ -88.005778327849526, 15.400180614787622 ], [ -88.007003880516294, 15.400768171971286 ], [ -88.00867749020675, 15.402065413890284 ], [ -88.007448021900004, 15.405284529918124 ], [ -88.008006509168268, 15.405842750400168 ], [ -88.009056485801096, 15.406894788576748 ], [ -88.011519141762065, 15.409178148256537 ], [ -88.012310403853363, 15.41034493272913 ], [ -88.012816679311271, 15.411132599172225 ], [ -88.011414935042623, 15.415322299367343 ], [ -88.013211294208119, 15.416112106148557 ], [ -88.013946256361493, 15.415801418540076 ], [ -88.01503322722057, 15.415297710638198 ], [ -88.015034571058223, 15.414429619408796 ], [ -88.015800421206094, 15.4141861828945 ], [ -88.017529400681013, 15.413693007067614 ], [ -88.022385571043984, 15.415622555429252 ], [ -88.023704676048936, 15.417126190796576 ], [ -88.028798856748935, 15.422214094362658 ], [ -88.024324069337581, 15.424068143042602 ], [ -88.023910817401088, 15.424599496747547 ], [ -88.023966999286344, 15.42545643891029 ], [ -88.024804138821779, 15.42656189573027 ], [ -88.024914007809528, 15.427765251548816 ], [ -88.024033779273609, 15.428475243523932 ], [ -88.0229155510238, 15.428354339690818 ], [ -88.0215104371037, 15.428033055869152 ], [ -88.020025784741236, 15.427390677611896 ], [ -88.019060433836671, 15.426638755726938 ], [ -88.018093953374262, 15.425653624872739 ], [ -88.017222883467056, 15.422909525683362 ], [ -88.017036656772902, 15.422027963742909 ], [ -88.016616153107009, 15.421071838384046 ], [ -88.016457882861488, 15.420593537412747 ], [ -88.016247388291845, 15.420065051489857 ], [ -88.016049583419388, 15.419473477571326 ], [ -88.015539718162401, 15.418845512476757 ], [ -88.014912963365546, 15.418230686021257 ], [ -88.01457387296125, 15.417980116208277 ], [ -88.012753156871611, 15.417692184624858 ], [ -88.006775249049724, 15.419327272830254 ], [ -88.001324189764802, 15.41910544093983 ], [ -88.000535319432174, 15.417192885680899 ], [ -87.995192300938342, 15.407366032116803 ], [ -87.994383713107723, 15.404645103776447 ], [ -87.995578669472451, 15.403475112739605 ], [ -87.996550684412938, 15.402176710453956 ], [ -87.99761058356323, 15.400662235595481 ], [ -87.998317449004446, 15.399710095260193 ], [ -87.999953702172661, 15.397013297225961 ], [ -88.002379128569288, 15.398319596390792 ], [ -88.003627254373214, 15.398982557668205 ] ] ] ] } },
{ "type": "Feature", "properties": { "fid": 20, "qgs_fid": 877, "dialgeo": 201090, "sede": "SAN PEDRO SULA", "subsede": "SAN PEDRO SULA", "dial": 14, "DIAL_1": 13 }, "geometry": { "type": "MultiPolygon", "coordinates": [ [ [ [ -87.961292296784634, 15.236963412073887 ], [ -87.962442585532642, 15.237225580364814 ], [ -87.962735422210486, 15.237377964257618 ], [ -87.963105947684085, 15.237482740845898 ], [ -87.963469024769978, 15.237555639055149 ], [ -87.963570233454021, 15.237594205468822 ], [ -87.966261543983947, 15.238113285081013 ], [ -87.966856326009378, 15.238278545690729 ], [ -87.967626100508994, 15.238379231161431 ], [ -87.968581264778507, 15.238559479278397 ], [ -87.969380622806341, 15.238740396058621 ], [ -87.970949716385405, 15.239012529224617 ], [ -87.971992766260755, 15.239244383261779 ], [ -87.976174505699746, 15.240124434669612 ], [ -87.989003210288843, 15.243573893178365 ], [ -87.994740126609543, 15.233847461804761 ], [ -88.009537107978929, 15.240490717922929 ], [ -88.011589868400122, 15.245442076673875 ], [ -88.008510727768339, 15.265576400504058 ], [ -87.970449128292103, 15.264132404641671 ], [ -87.961382769765194, 15.258768904494961 ], [ -87.958987882607133, 15.25769618802793 ], [ -87.956507463764879, 15.252827636752821 ], [ -87.955055307277817, 15.247751049959952 ], [ -87.956320855814042, 15.243338700521292 ], [ -87.956756340972319, 15.241445425886072 ], [ -87.95675522940823, 15.241199607332204 ], [ -87.952389396679735, 15.240518521820379 ], [ -87.953064676640508, 15.239097442980549 ], [ -87.954297247545199, 15.236009958077757 ], [ -87.955467288469677, 15.236335898490085 ], [ -87.957018137449268, 15.236887123664145 ], [ -87.95752903639314, 15.236809307467253 ], [ -87.958497424286293, 15.236686991249792 ], [ -87.959156922835206, 15.236660483209601 ], [ -87.959593153719553, 15.23672958464824 ], [ -87.960202116339289, 15.236802619107364 ], [ -87.960367746676781, 15.236820820188765 ], [ -87.961292296784634, 15.236963412073887 ] ] ] ] } },
{ "type": "Feature", "properties": { "fid": 21, "qgs_fid": 878, "dialgeo": 201091, "sede": "SAN PEDRO SULA", "subsede": "SAN PEDRO SULA", "dial": 13, "DIAL_1": 12 }, "geometry": { "type": "MultiPolygon", "coordinates": [ [ [ [ -87.925185378101276, 15.323479109951313 ], [ -87.931725708085651, 15.324961683237689 ], [ -87.931818960849085, 15.325101218103207 ], [ -87.93153523984094, 15.32703116687823 ], [ -87.931425870238002, 15.328733474563334 ], [ -87.931084316614132, 15.33080548477019 ], [ -87.930685558339633, 15.333161374748911 ], [ -87.930234236561276, 15.336850599502762 ], [ -87.929641636325471, 15.337960157898014 ], [ -87.929024123232125, 15.339324209882188 ], [ -87.928251469185355, 15.343438324291371 ], [ -87.926587834570427, 15.349225449514673 ], [ -87.925708300796131, 15.351385896170319 ], [ -87.924288858486364, 15.352081958003362 ], [ -87.915252865203541, 15.345096457333234 ], [ -87.913952062867367, 15.344594586282767 ], [ -87.913636765928402, 15.344436856838842 ], [ -87.91349928629279, 15.34348842685422 ], [ -87.914499648575557, 15.338426627822583 ], [ -87.909351966105092, 15.335277156839387 ], [ -87.908632983951691, 15.334762451063641 ], [ -87.909436293023248, 15.334219978383715 ], [ -87.910076506805893, 15.333721483479406 ], [ -87.91142368171451, 15.332841946425447 ], [ -87.912183354083396, 15.332284163963378 ], [ -87.912700981863466, 15.331828219545786 ], [ -87.913097660430694, 15.331440002599713 ], [ -87.913563981901262, 15.331135542467054 ], [ -87.913970357068024, 15.33042705436451 ], [ -87.914896662822287, 15.329586551442215 ], [ -87.916497021526013, 15.327297367440561 ], [ -87.919855953147191, 15.322985665353096 ], [ -87.919892362209282, 15.32261668043602 ], [ -87.923049480425647, 15.322927177808674 ], [ -87.923583406561249, 15.323054379011813 ], [ -87.925185378101276, 15.323479109951313 ] ] ] ] } },
{ "type": "Feature", "properties": { "fid": 22, "qgs_fid": 879, "dialgeo": 201092, "sede": "SAN PEDRO SULA", "subsede": "SAN PEDRO SULA", "dial": 13, "DIAL_1": 12 }, "geometry": { "type": "MultiPolygon", "coordinates": [ [ [ [ -87.914472008150682, 15.3384590931172 ], [ -87.913299538144813, 15.343553948649294 ], [ -87.915644219733949, 15.361359501807366 ], [ -87.907186662661658, 15.368853614339182 ], [ -87.908130098903683, 15.373123382730585 ], [ -87.908092531809245, 15.374619299753496 ], [ -87.908282785742301, 15.377866467474934 ], [ -87.9082021002461, 15.37957624021902 ], [ -87.910648234800988, 15.395122164967024 ], [ -87.901229596218855, 15.400154408388708 ], [ -87.893798844329538, 15.409329233945433 ], [ -87.885079277109185, 15.408328861745051 ], [ -87.868887502093273, 15.406839841521164 ], [ -87.869560941251166, 15.397692319431162 ], [ -87.869719440543221, 15.393032980121264 ], [ -87.872367036013472, 15.388191350236019 ], [ -87.8727025984401, 15.38335876904587 ], [ -87.875483172476436, 15.376368977480709 ], [ -87.876629748922952, 15.367017533411602 ], [ -87.87626430176303, 15.363243256015181 ], [ -87.873659657792388, 15.356955569511836 ], [ -87.901177115041662, 15.331018255927884 ], [ -87.907853912232653, 15.334485235899381 ], [ -87.914472008150682, 15.3384590931172 ] ] ] ] } },
{ "type": "Feature", "properties": { "fid": 23, "qgs_fid": 880, "dialgeo": 201100, "sede": "SAN PEDRO SULA", "subsede": "SAN PEDRO SULA", "dial": 15, "DIAL_1": 14 }, "geometry": { "type": "MultiPolygon", "coordinates": [ [ [ [ -88.116338694071672, 15.397518466163033 ], [ -88.119551826652838, 15.395787954439424 ], [ -88.122516726063267, 15.393949097413506 ], [ -88.125145844930643, 15.392230166789567 ], [ -88.129805291976112, 15.388878685215097 ], [ -88.132497495886739, 15.396579594297329 ], [ -88.132864029274884, 15.397081949322303 ], [ -88.133652624049262, 15.398741862021533 ], [ -88.134128027763552, 15.40015125783659 ], [ -88.134863304998333, 15.401559325832494 ], [ -88.134979831938338, 15.403878148006733 ], [ -88.133950192241997, 15.405698598218082 ], [ -88.133273950270507, 15.408441112786507 ], [ -88.136012910440442, 15.409880064462431 ], [ -88.138473823708239, 15.410793312926657 ], [ -88.139933535498272, 15.411592582022635 ], [ -88.142225147208123, 15.412437988046017 ], [ -88.142949737070964, 15.41369049103479 ], [ -88.144233343692903, 15.41847828562689 ], [ -88.13998357967661, 15.425533998109946 ], [ -88.136995407240775, 15.430440250627095 ], [ -88.132800851519022, 15.433386173040994 ], [ -88.126738629804464, 15.437047423242523 ], [ -88.120622580539646, 15.440406258692654 ], [ -88.117892296363422, 15.441415871863919 ], [ -88.114423131118244, 15.444004861239835 ], [ -88.111467817937495, 15.445481936320338 ], [ -88.108153922162785, 15.447969212740201 ], [ -88.105086325511778, 15.451577113510579 ], [ -88.100018264909352, 15.456644557708618 ], [ -88.097232218293925, 15.45699871912166 ], [ -88.092919564000496, 15.454659186889822 ], [ -88.090485916369218, 15.451872951380395 ], [ -88.08796484612192, 15.448672883889081 ], [ -88.088326004482653, 15.443528076566988 ], [ -88.086098440623118, 15.435472669788759 ], [ -88.084762511566652, 15.429747120604317 ], [ -88.083496159602021, 15.421659954119093 ], [ -88.084185525135425, 15.409942891388287 ], [ -88.089091783807774, 15.408083351036899 ], [ -88.095831554809678, 15.405412488607478 ], [ -88.10297053002131, 15.40363287659156 ], [ -88.113303390645285, 15.399713401409569 ], [ -88.116338694071672, 15.397518466163033 ] ] ] ] } },
{ "type": "Feature", "properties": { "fid": 24, "qgs_fid": 881, "dialgeo": 201112, "sede": "SAN PEDRO SULA", "subsede": "SAN PEDRO SULA", "dial": 18, "DIAL_1": 17 }, "geometry": { "type": "MultiPolygon", "coordinates": [ [ [ [ -87.945011569349745, 15.687534530515803 ], [ -87.985955762488842, 15.691340234912458 ], [ -87.991196793118789, 15.708308989593638 ], [ -87.959330288139867, 15.733450893638119 ], [ -87.957285022337487, 15.741393111441251 ], [ -87.951469746044538, 15.744780107805198 ], [ -87.948834399622257, 15.74532944109583 ], [ -87.946079771842335, 15.745284249854759 ], [ -87.944939365526892, 15.743549595359619 ], [ -87.938019850411635, 15.733409109554003 ], [ -87.908317396113773, 15.7350139057839 ], [ -87.908185430997634, 15.736560782105386 ], [ -87.907248213246092, 15.744363546893961 ], [ -87.904827223968496, 15.746323324927486 ], [ -87.901914026045816, 15.746873251068971 ], [ -87.897537112385606, 15.746084537041275 ], [ -87.894844382904921, 15.744328235378278 ], [ -87.892835952971524, 15.740441227407313 ], [ -87.890995151626882, 15.739162947787282 ], [ -87.889761910036412, 15.736224651259823 ], [ -87.891818913269887, 15.733213965449357 ], [ -87.893014371928984, 15.730641179244941 ], [ -87.894862127226546, 15.724998659049895 ], [ -87.895924948216859, 15.723375060203484 ], [ -87.896121019051563, 15.72233794262066 ], [ -87.919625037523005, 15.706380527896124 ], [ -87.925707130384495, 15.700707395246123 ], [ -87.931241617408489, 15.696784458563286 ], [ -87.935477069368531, 15.686195215140771 ], [ -87.945011569349745, 15.687534530515803 ] ] ] ] } },
{ "type": "Feature", "properties": { "fid": 25, "qgs_fid": 883, "dialgeo": 201121, "sede": "SAN PEDRO SULA", "subsede": "SAN PEDRO SULA", "dial": 4, "DIAL_1": 3 }, "geometry": { "type": "MultiPolygon", "coordinates": [ [ [ [ -88.027154578728712, 15.490724778526761 ], [ -88.029449169563804, 15.49060458530175 ], [ -88.030653623743135, 15.491151764586402 ], [ -88.030947164490101, 15.491314738988631 ], [ -88.03141054940194, 15.491551622112206 ], [ -88.031750904186481, 15.491833898740989 ], [ -88.031797420708145, 15.491893442586688 ], [ -88.03209118574874, 15.492101234922174 ], [ -88.032385248002385, 15.492368786261917 ], [ -88.032539463580605, 15.492397946800004 ], [ -88.032710569601704, 15.492725832427034 ], [ -88.032990191453592, 15.493187672894207 ], [ -88.033207667757992, 15.493545221852722 ], [ -88.033302335573325, 15.493992985552177 ], [ -88.033395890224867, 15.494216651402116 ], [ -88.03358233185952, 15.494529524284388 ], [ -88.033709330920374, 15.495258654609499 ], [ -88.033894535559213, 15.496339360798432 ], [ -88.033822354717827, 15.496755593810882 ], [ -88.034169152430181, 15.49688012734269 ], [ -88.034503601724353, 15.496990348341305 ], [ -88.034812263332753, 15.497093485394542 ], [ -88.035260258351741, 15.497330431375158 ], [ -88.035676993632052, 15.497477881697193 ], [ -88.035924698048404, 15.497715764277972 ], [ -88.036574254424352, 15.498205746066317 ], [ -88.037116559285167, 15.498949815459349 ], [ -88.037442496422585, 15.499292306762857 ], [ -88.037582130718249, 15.499485873772215 ], [ -88.037670857803832, 15.499842925992279 ], [ -88.037848901916618, 15.500455732858132 ], [ -88.037835956193575, 15.500948819295001 ], [ -88.03783841785517, 15.501441833380396 ], [ -88.037764066355905, 15.501980028569506 ], [ -88.037705122011047, 15.502518151403022 ], [ -88.037561651973007, 15.502960525771959 ], [ -88.037503788236279, 15.50328771408739 ], [ -88.037430700272665, 15.504538032750835 ], [ -88.037373844033226, 15.505067135418075 ], [ -88.037376196050843, 15.50553826898564 ], [ -88.037260082948734, 15.506115725716947 ], [ -88.037193837935362, 15.506750639529335 ], [ -88.037129848476312, 15.50783745687804 ], [ -88.037062546947055, 15.508260841293033 ], [ -88.036965592503989, 15.508703595231703 ], [ -88.036927991222342, 15.509117225033018 ], [ -88.036829269402361, 15.510199397589277 ], [ -88.036488961467001, 15.511995924083932 ], [ -88.036199262329319, 15.512609829704706 ], [ -88.036062004476861, 15.512894336548575 ], [ -88.035901126988279, 15.512992157436138 ], [ -88.035223645409104, 15.513944211704342 ], [ -88.033776440417924, 15.514966787156141 ], [ -88.033330340417137, 15.515118276174864 ], [ -88.032961281809676, 15.515269404063115 ], [ -88.032407247165892, 15.515406455833221 ], [ -88.031566096593892, 15.515989537356534 ], [ -88.031154619140764, 15.516222618714776 ], [ -88.030935611408779, 15.516437019532606 ], [ -88.030490163908482, 15.517223169753466 ], [ -88.029968273293917, 15.517628989054334 ], [ -88.029523275650178, 15.518004568425981 ], [ -88.029200138578659, 15.518095715623623 ], [ -88.028707654032075, 15.518217531609944 ], [ -88.02802882957657, 15.518290958736772 ], [ -88.027066377102102, 15.518366562976928 ], [ -88.025974451220719, 15.518220495061623 ], [ -88.024314013571228, 15.518077059151635 ], [ -88.022438267804702, 15.517970170648876 ], [ -88.020470696193513, 15.517837018020051 ], [ -88.01985585487445, 15.517742059307871 ], [ -88.019850868381809, 15.517642538473277 ], [ -88.020903848461856, 15.512726626775027 ], [ -88.021258229915873, 15.51085209304636 ], [ -88.021539314034328, 15.509721347209116 ], [ -88.021776917216542, 15.508847953955312 ], [ -88.021990123588679, 15.507625545520444 ], [ -88.02198876384233, 15.507349113823544 ], [ -88.022057851114099, 15.507111644124162 ], [ -88.022182830781006, 15.50648284517357 ], [ -88.022299412188616, 15.505991928964473 ], [ -88.022449540438529, 15.505265284258163 ], [ -88.022771011703128, 15.503684490555198 ], [ -88.022939516627474, 15.502708582599904 ], [ -88.023005639349833, 15.502339980088424 ], [ -88.023095755040288, 15.502076045469874 ], [ -88.023101677655276, 15.501992349633463 ], [ -88.023226709681936, 15.501469381982181 ], [ -88.023339660942312, 15.501012132461627 ], [ -88.02343537684915, 15.50050118042417 ], [ -88.023505775667374, 15.500197974570005 ], [ -88.023299929786134, 15.500163203196896 ], [ -88.022742285397712, 15.500088587942846 ], [ -88.022455317587045, 15.500061401727722 ], [ -88.021877059713177, 15.499985017216508 ], [ -88.021676911064915, 15.499952831829836 ], [ -88.02172511984908, 15.499673767041104 ], [ -88.021738363200697, 15.499341980002407 ], [ -88.021820875449151, 15.498981027107519 ], [ -88.021200216189314, 15.498796397424448 ], [ -88.021078633722269, 15.498759322234548 ], [ -88.020935794730832, 15.498713485172345 ], [ -88.020786789197203, 15.498659486453713 ], [ -88.020807403553377, 15.498579782874549 ], [ -88.020870350403897, 15.498109433603881 ], [ -88.021137761738956, 15.497511585910157 ], [ -88.021245744429606, 15.497466879645915 ], [ -88.022016673345604, 15.497445934023311 ], [ -88.022244601470263, 15.497431014542855 ], [ -88.022529887871428, 15.497471211599278 ], [ -88.022753019372871, 15.497476739696271 ], [ -88.022975526103011, 15.497522843667094 ], [ -88.023527533864367, 15.497568106374649 ], [ -88.02393668826042, 15.497592653949033 ], [ -88.023924256531672, 15.497612856083505 ], [ -88.023899501860029, 15.497844024229359 ], [ -88.023858472679464, 15.498070172299217 ], [ -88.023841934185612, 15.498220249558859 ], [ -88.02374546588787, 15.498967707808653 ], [ -88.024467704151448, 15.49915896242921 ], [ -88.025432619142023, 15.499445695079768 ], [ -88.026136466007046, 15.499571088808613 ], [ -88.026707187187171, 15.499607036989655 ], [ -88.028304604659539, 15.499846302339378 ], [ -88.028415893267578, 15.499174530074207 ], [ -88.028429140543722, 15.499072224370671 ], [ -88.028573859849573, 15.498208033189057 ], [ -88.028639410176979, 15.497905441376306 ], [ -88.028715298231972, 15.497491666571442 ], [ -88.028737559977472, 15.497358201143228 ], [ -88.02760739142569, 15.49710451195125 ], [ -88.027702664370423, 15.49554068139342 ], [ -88.027846204745231, 15.49359261400288 ], [ -88.027901783562953, 15.493147884109463 ], [ -88.02778997348473, 15.493125993388789 ], [ -88.027691045315692, 15.493101876336167 ], [ -88.026954818636199, 15.493012498331863 ], [ -88.025943696616892, 15.492898276417433 ], [ -88.025498423821304, 15.492836160940726 ], [ -88.025374540190526, 15.492814508297068 ], [ -88.02541757892368, 15.492754633951098 ], [ -88.025459270128692, 15.491156099036306 ], [ -88.02555158989459, 15.490682450627546 ], [ -88.025669473118825, 15.490701669540423 ], [ -88.027154578728712, 15.490724778526761 ] ] ] ] } },
{ "type": "Feature", "properties": { "fid": 26, "qgs_fid": 886, "dialgeo": 201126, "sede": "SAN PEDRO SULA", "subsede": "SAN PEDRO SULA", "dial": 4, "DIAL_1": 3 }, "geometry": { "type": "MultiPolygon", "coordinates": [ [ [ [ -88.020246499204816, 15.48974954496286 ], [ -88.021798414020637, 15.489909581642195 ], [ -88.023191443438805, 15.490083143431677 ], [ -88.024071548535488, 15.490275132021816 ], [ -88.024711801542125, 15.490416395708094 ], [ -88.024956895967762, 15.490494971790648 ], [ -88.025386799430223, 15.490651763650964 ], [ -88.02551076942467, 15.490691197570511 ], [ -88.02547174271038, 15.490911425882466 ], [ -88.025437212452317, 15.491113851736548 ], [ -88.025356088448589, 15.492851059869221 ], [ -88.025876907324502, 15.492892195953711 ], [ -88.026668737649729, 15.492985487060503 ], [ -88.026797743060925, 15.492999891413659 ], [ -88.027414417765797, 15.493074544278729 ], [ -88.027642348890794, 15.493104325301118 ], [ -88.027871043794946, 15.493162967193289 ], [ -88.027832299191488, 15.49350677235328 ], [ -88.027813797485834, 15.493659995606841 ], [ -88.02780634326578, 15.493710453495959 ], [ -88.027808509094072, 15.493758999150321 ], [ -88.027808785986565, 15.493815023693488 ], [ -88.027786672506153, 15.494016819446975 ], [ -88.027723973587939, 15.494488965299295 ], [ -88.027559558203791, 15.497165858445314 ], [ -88.027978349586931, 15.497259487915324 ], [ -88.02868287806379, 15.497425136470914 ], [ -88.028658599041734, 15.497614178720671 ], [ -88.028616741448047, 15.497956668878086 ], [ -88.028516068054103, 15.498457244153393 ], [ -88.028279214686535, 15.499810857272033 ], [ -88.027047827091494, 15.499617231890481 ], [ -88.026691612605319, 15.499596087875117 ], [ -88.02616739991015, 15.499563426732994 ], [ -88.025247322055748, 15.499369807742205 ], [ -88.023972796477395, 15.498981595312953 ], [ -88.02377220786255, 15.498922763291104 ], [ -88.023767988183835, 15.498848081675165 ], [ -88.023776199273172, 15.498796727445558 ], [ -88.023824624919698, 15.498616245839607 ], [ -88.023919080550996, 15.498242302663204 ], [ -88.023977138585494, 15.497574013364776 ], [ -88.023670096268447, 15.497572254035276 ], [ -88.023016447502698, 15.497483934411264 ], [ -88.022923546611651, 15.497496383257666 ], [ -88.02283915050468, 15.497473937477565 ], [ -88.022493229846035, 15.497453302120693 ], [ -88.022065592203404, 15.497389868176635 ], [ -88.021150413849043, 15.49745842625588 ], [ -88.020822060920025, 15.498141837943958 ], [ -88.020763318842882, 15.498675820536864 ], [ -88.021319447923617, 15.498845124813798 ], [ -88.021515729207493, 15.498919582024856 ], [ -88.021661996619613, 15.498961379286646 ], [ -88.021788767211163, 15.499005213601341 ], [ -88.021720597003309, 15.499257928738821 ], [ -88.021692263557171, 15.499720330414517 ], [ -88.021649067017222, 15.499961974790054 ], [ -88.021994508033416, 15.500010257269057 ], [ -88.022116045270479, 15.500023517318319 ], [ -88.02215205527051, 15.500036571788685 ], [ -88.023278861529448, 15.500180996393556 ], [ -88.02344255020077, 15.500195863457034 ], [ -88.023390949075704, 15.50062378876664 ], [ -88.02335620607208, 15.50084799590487 ], [ -88.023336414294334, 15.500982099877122 ], [ -88.023261230593775, 15.501097986484739 ], [ -88.023186912329294, 15.501463186438517 ], [ -88.02304645923013, 15.502133965031414 ], [ -88.023028232111528, 15.502208266988847 ], [ -88.02300297105451, 15.502301531492927 ], [ -88.022988824773407, 15.502386481464553 ], [ -88.022974697012884, 15.502412237553182 ], [ -88.022835096331946, 15.503155781131301 ], [ -88.022704446881718, 15.503772102428295 ], [ -88.02263000834273, 15.504155091584598 ], [ -88.02247552971798, 15.504793955081702 ], [ -88.022259250930659, 15.505891154766323 ], [ -88.022142220128302, 15.506290728308153 ], [ -88.022064924577805, 15.50670454088845 ], [ -88.02203153039882, 15.506971518089534 ], [ -88.021888304938045, 15.508035436463691 ], [ -88.021705866421797, 15.508804726149163 ], [ -88.021608306974102, 15.509383293152695 ], [ -88.021209041183013, 15.510870692430082 ], [ -88.020957749065872, 15.512201159798442 ], [ -88.020923927664754, 15.512381601710844 ], [ -88.020701819618253, 15.513234343877038 ], [ -88.020502873256518, 15.514482071681918 ], [ -88.019787628958085, 15.517751922766346 ], [ -88.018340235386248, 15.517677926431581 ], [ -88.017757641137379, 15.517613930909365 ], [ -88.016697946909176, 15.517494340392183 ], [ -88.016082389777239, 15.517363949618256 ], [ -88.015875108093951, 15.517290304101721 ], [ -88.014542481045041, 15.516603026988038 ], [ -88.013859089252861, 15.515919269326817 ], [ -88.013485641662072, 15.515494224161085 ], [ -88.013282524808886, 15.515210649996442 ], [ -88.013162367407418, 15.515015603255161 ], [ -88.013042231924643, 15.51482500173935 ], [ -88.012893959558056, 15.514505612346312 ], [ -88.012597502966273, 15.513884614387415 ], [ -88.012457881323627, 15.513458495146049 ], [ -88.012368821884252, 15.513058816521811 ], [ -88.012297819892595, 15.512601264771535 ], [ -88.012274350270275, 15.512043984112164 ], [ -88.012292883757652, 15.511845357147479 ], [ -88.012455045987366, 15.510995751613576 ], [ -88.012457143303436, 15.510955733318378 ], [ -88.012513302910975, 15.510719869268025 ], [ -88.012589887390263, 15.510441680211988 ], [ -88.012621058835208, 15.510252607453973 ], [ -88.012683109035819, 15.509814450237268 ], [ -88.012780172069682, 15.509505049401808 ], [ -88.012885277016025, 15.508964450368527 ], [ -88.012943007362736, 15.508580769151804 ], [ -88.013042058372932, 15.508209123371916 ], [ -88.013119372981734, 15.507610861305796 ], [ -88.013581656732043, 15.505756507852796 ], [ -88.013875310544918, 15.504063442630832 ], [ -88.013933489681833, 15.503921882859592 ], [ -88.014020436361378, 15.503446643222599 ], [ -88.014350752868253, 15.502134943686372 ], [ -88.014516930506204, 15.501349758625839 ], [ -88.014570773800443, 15.501043773764053 ], [ -88.014680699536243, 15.500645526749585 ], [ -88.014835806711247, 15.499757949366211 ], [ -88.014885149891086, 15.49953545231997 ], [ -88.014943010646633, 15.499179553833992 ], [ -88.01507086706799, 15.498657296035093 ], [ -88.015265097035268, 15.497542163817732 ], [ -88.015299796339605, 15.497137472061629 ], [ -88.015391637795744, 15.496684772045969 ], [ -88.015499120369199, 15.496178570610216 ], [ -88.015639008423832, 15.495722273491099 ], [ -88.015879371285067, 15.494718729149019 ], [ -88.015951449251418, 15.494458341462058 ], [ -88.016047513391086, 15.493946677798784 ], [ -88.016240183528623, 15.49303448316474 ], [ -88.016405129452124, 15.492546952626794 ], [ -88.016514097233511, 15.492330849380384 ], [ -88.016570845995346, 15.492217230566046 ], [ -88.016654328634928, 15.491945676743907 ], [ -88.017006269834624, 15.491540181537282 ], [ -88.017181185980689, 15.491407582438184 ], [ -88.017445612906812, 15.49110852374473 ], [ -88.017646534622671, 15.490947564678386 ], [ -88.01816723954903, 15.490558417817235 ], [ -88.018459691408736, 15.490365918881544 ], [ -88.018898531465226, 15.490110509629659 ], [ -88.020246499204816, 15.48974954496286 ] ] ] ] } },
{ "type": "Feature", "properties": { "fid": 27, "qgs_fid": 887, "dialgeo": 201127, "sede": "SAN PEDRO SULA", "subsede": "SAN PEDRO SULA", "dial": 5, "DIAL_1": 4 }, "geometry": { "type": "MultiPolygon", "coordinates": [ [ [ [ -87.988319688273819, 15.568465370248747 ], [ -87.992894899445275, 15.567117980450622 ], [ -87.995280893479062, 15.5656953561686 ], [ -87.995295444693582, 15.56872069190366 ], [ -87.995409425757913, 15.570787533863415 ], [ -87.994828072552593, 15.574294583493598 ], [ -87.994701609683631, 15.576955659388604 ], [ -87.995072736385183, 15.585499006706646 ], [ -87.995274681893861, 15.594360671195222 ], [ -87.987872862396557, 15.593796440304621 ], [ -87.987114575207656, 15.590136540703259 ], [ -87.986812598011312, 15.587906112658773 ], [ -87.985814399947287, 15.579669974945999 ], [ -87.985200046107295, 15.576358196575542 ], [ -87.983520963836895, 15.570349329952544 ], [ -87.988319688273819, 15.568465370248747 ] ] ] ] } },
{ "type": "Feature", "properties": { "fid": 28, "qgs_fid": 888, "dialgeo": 201129, "sede": "SAN PEDRO SULA", "subsede": "SAN PEDRO SULA", "dial": 2, "DIAL_1": 1 }, "geometry": { "type": "MultiPolygon", "coordinates": [ [ [ [ -88.021439036202054, 15.435576965963035 ], [ -88.022340251550631, 15.435606431685464 ], [ -88.02317495587522, 15.436207667468565 ], [ -88.024444409196533, 15.437755541168313 ], [ -88.026643795362091, 15.438179547287536 ], [ -88.037594463516243, 15.438887732458129 ], [ -88.044689947480094, 15.443814871344699 ], [ -88.046081508641549, 15.446396364001332 ], [ -88.047027307334403, 15.448764279845204 ], [ -88.048247115626765, 15.452554321043134 ], [ -88.049370785739526, 15.456128344591692 ], [ -88.050272703653803, 15.457375753170384 ], [ -88.054654657485301, 15.46201341963396 ], [ -88.052481734817746, 15.463274639138643 ], [ -88.048234436220639, 15.459449408346501 ], [ -88.044486315629953, 15.459846872516255 ], [ -88.040600733404119, 15.46104809292774 ], [ -88.037577992182861, 15.462395984324846 ], [ -88.037851500697158, 15.464863688027892 ], [ -88.038141560281289, 15.466526591374246 ], [ -88.039270817407044, 15.468761837890112 ], [ -88.040638681768499, 15.471190801730586 ], [ -88.040914149394553, 15.471395376839032 ], [ -88.041493421840627, 15.471608323955781 ], [ -88.04349119004938, 15.470865639209894 ], [ -88.04937792328532, 15.47398660834047 ], [ -88.048573508254279, 15.475267893339389 ], [ -88.047564568837146, 15.476022495717444 ], [ -88.046044214163899, 15.476416033363128 ], [ -88.044862044100114, 15.476654492415332 ], [ -88.044568792611372, 15.477290381877694 ], [ -88.04530192133322, 15.477996923432844 ], [ -88.046519925792339, 15.478387014750872 ], [ -88.049159383488103, 15.479839146291461 ], [ -88.051795706963404, 15.481218445954072 ], [ -88.056810740653589, 15.483882154882957 ], [ -88.058218512435772, 15.488550433909648 ], [ -88.059197325553924, 15.490159280360169 ], [ -88.059618778774109, 15.4912329487778 ], [ -88.060807320277476, 15.493176933438251 ], [ -88.061786176826715, 15.494785765146286 ], [ -88.062419768515852, 15.496665171885702 ], [ -88.063264806073832, 15.499215862209088 ], [ -88.064112964040547, 15.502371604993545 ], [ -88.06551582207085, 15.505524668587329 ], [ -88.066009028346841, 15.507091452304058 ], [ -88.066395089908028, 15.507974330310788 ], [ -88.065812815348352, 15.509355358677032 ], [ -88.063537145072075, 15.511786612228059 ], [ -88.062019830245092, 15.513373822175208 ], [ -88.061054785105981, 15.514487758845908 ], [ -88.060485424770064, 15.516067347893655 ], [ -88.060227432427709, 15.517141474705456 ], [ -88.059823946352239, 15.51793367654151 ], [ -88.059418105019702, 15.518264900950582 ], [ -88.05935220080157, 15.518660349761541 ], [ -88.059289819541661, 15.519033662580656 ], [ -88.059353968304833, 15.519383918969297 ], [ -88.059525031673274, 15.519692968230208 ], [ -88.059589180436433, 15.519899000813647 ], [ -88.059631946278543, 15.520084429962829 ], [ -88.059653329199591, 15.52033166856917 ], [ -88.059631946278543, 15.520661319583423 ], [ -88.059460882910102, 15.520867351199851 ], [ -88.059375351225896, 15.521361826239806 ], [ -88.059163895389219, 15.52169060317112 ], [ -88.060472910517547, 15.525306366946465 ], [ -88.059569270220209, 15.528321725447979 ], [ -88.058016785001428, 15.529921039121074 ], [ -88.051732930787097, 15.530713852594285 ], [ -88.051282544375312, 15.530783228877546 ], [ -88.047078698612992, 15.53172177276957 ], [ -88.043744264326193, 15.533725164104405 ], [ -88.04098516285795, 15.535488091036362 ], [ -88.039833276089311, 15.536040153901611 ], [ -88.037394760089626, 15.53802420018962 ], [ -88.035368968915776, 15.53935303963293 ], [ -88.032739559726181, 15.539471274251175 ], [ -88.031200257007058, 15.539538983052958 ], [ -88.030995835513536, 15.533269404819197 ], [ -88.030936227871933, 15.53013095298369 ], [ -88.030898486658714, 15.529922154790086 ], [ -88.030915662618668, 15.529786280769255 ], [ -88.030937104048178, 15.529195065205244 ], [ -88.030837659916486, 15.528572675898063 ], [ -88.030797526383793, 15.528012498781726 ], [ -88.031335001928298, 15.527046879324164 ], [ -88.031182569333467, 15.526490994093994 ], [ -88.031124260438489, 15.526144327105321 ], [ -88.03115202439723, 15.525681826758431 ], [ -88.031355596173327, 15.524909794994821 ], [ -88.03169143600968, 15.52423518853502 ], [ -88.031779978435864, 15.523555574350468 ], [ -88.031253776499469, 15.522488293836362 ], [ -88.031201193724954, 15.522027387906185 ], [ -88.031443235755475, 15.521738121541063 ], [ -88.032481821631265, 15.521474775801808 ], [ -88.033956688602728, 15.521288402050255 ], [ -88.036938505232172, 15.521150790638176 ], [ -88.039080643821308, 15.520866803103273 ], [ -88.039424133771575, 15.52063102885618 ], [ -88.039767092631891, 15.520271207676171 ], [ -88.039964667912898, 15.519965005391075 ], [ -88.040004345193879, 15.519692795220216 ], [ -88.040018993633566, 15.519381330593914 ], [ -88.039751241243692, 15.519089837593857 ], [ -88.039476577873316, 15.518763381246899 ], [ -88.039027608107645, 15.518270066693638 ], [ -88.038666896088884, 15.517779672394225 ], [ -88.038635892091648, 15.517742467836491 ], [ -88.038521646683023, 15.517621616386478 ], [ -88.038486827957726, 15.517591899815612 ], [ -88.038449952407618, 15.517536047652117 ], [ -88.038294960931211, 15.51735562705629 ], [ -88.037964042273742, 15.516967475534615 ], [ -88.03751685709031, 15.516476139778943 ], [ -88.037134193131436, 15.516051180694493 ], [ -88.036828117894729, 15.515694823198482 ], [ -88.036752554244671, 15.515605536944991 ], [ -88.036257984186463, 15.515307187044515 ], [ -88.034914975899937, 15.514639068063049 ], [ -88.035286376430236, 15.513909645354332 ], [ -88.036045051002546, 15.51277769603246 ], [ -88.036455096055079, 15.511725161302893 ], [ -88.036874420674408, 15.51030495283563 ], [ -88.036882873179778, 15.510011649774823 ], [ -88.037245722591692, 15.507211925374873 ], [ -88.037456388742783, 15.505710966086852 ], [ -88.037568660531164, 15.504364311626995 ], [ -88.037733199776298, 15.503555862683077 ], [ -88.037818266377826, 15.50271894117877 ], [ -88.038030174381987, 15.501467970556529 ], [ -88.037736624460763, 15.499799964386575 ], [ -88.037361471614361, 15.499198234148027 ], [ -88.035929069627301, 15.497775218132798 ], [ -88.034351854554416, 15.496877104399534 ], [ -88.033835470901806, 15.496633657849291 ], [ -88.033609911358496, 15.495927418212558 ], [ -88.03320241254707, 15.493756615159549 ], [ -88.032203163986594, 15.492386866875863 ], [ -88.031097534970627, 15.491533417315477 ], [ -88.029738254849235, 15.49104128422095 ], [ -88.028539431128578, 15.490846927004721 ], [ -88.027256496872553, 15.490785657641968 ], [ -88.026285713058016, 15.490756548288939 ], [ -88.025938897966938, 15.490724541569387 ], [ -88.025591917205517, 15.490658919540612 ], [ -88.025769805301834, 15.489826110415267 ], [ -88.02581189302164, 15.489573798789896 ], [ -88.025834574089231, 15.489376351651043 ], [ -88.026276989076905, 15.487101497455447 ], [ -88.027075168552287, 15.483131124484915 ], [ -88.027635517067409, 15.479110562081159 ], [ -88.028194327995806, 15.475835466859024 ], [ -88.025336735839886, 15.475426081135199 ], [ -88.026048128275576, 15.471805771014393 ], [ -88.025211903327218, 15.471498858141489 ], [ -88.024840756911772, 15.471551850324712 ], [ -88.024584161859138, 15.471710826792973 ], [ -88.0243046565339, 15.471611466514616 ], [ -88.023234746805443, 15.47167329069342 ], [ -88.022409976993387, 15.471421577849975 ], [ -88.021415671164362, 15.4709313993291 ], [ -88.020879570786533, 15.470288866266818 ], [ -88.020885146977776, 15.46889160570206 ], [ -88.020654330346417, 15.466882034089688 ], [ -88.020123799586884, 15.464716268584549 ], [ -88.019858168701347, 15.463557751421281 ], [ -88.019435583318455, 15.462198261865389 ], [ -88.019325683975467, 15.460988603388206 ], [ -88.019280145976026, 15.458444997901866 ], [ -88.021042343212429, 15.458090889042666 ], [ -88.025972627678485, 15.457126240140086 ], [ -88.02507284081247, 15.45551575203352 ], [ -88.023596160178428, 15.453465816597006 ], [ -88.022361978837864, 15.448319998542566 ], [ -88.021371614387277, 15.444892220237524 ], [ -88.020692470920167, 15.44279052837558 ], [ -88.017888196812748, 15.442784192214511 ], [ -88.01817628594128, 15.438871172069161 ], [ -88.019395041226645, 15.438865575813415 ], [ -88.020351508227179, 15.437252007518754 ], [ -88.020532725593355, 15.436511628057071 ], [ -88.02074674177824, 15.435748230077872 ], [ -88.021439036202054, 15.435576965963035 ] ] ] ] } },
{ "type": "Feature", "properties": { "fid": 29, "qgs_fid": 889, "dialgeo": 201131, "sede": "SAN PEDRO SULA", "subsede": "SAN PEDRO SULA", "dial": 5, "DIAL_1": 4 }, "geometry": { "type": "MultiPolygon", "coordinates": [ [ [ [ -87.979296777217073, 15.562550012602378 ], [ -87.981346129232207, 15.561621860509629 ], [ -87.981914572545932, 15.564487867408003 ], [ -87.983163553208385, 15.569674648065039 ], [ -87.98405768057998, 15.572884168570523 ], [ -87.98568103881027, 15.580321106342989 ], [ -87.984608807932077, 15.580318859255241 ], [ -87.982180544019627, 15.580195247952524 ], [ -87.980122223880329, 15.580514954092248 ], [ -87.973652015691144, 15.58083823013259 ], [ -87.973367757530184, 15.577486542484824 ], [ -87.972995815243038, 15.574050754005086 ], [ -87.973095267324922, 15.573075457778391 ], [ -87.973097245988242, 15.572393705376664 ], [ -87.973093898090497, 15.571682000228833 ], [ -87.973046254507835, 15.571013625343204 ], [ -87.972977072058953, 15.570496316493196 ], [ -87.973017614919542, 15.569655013601704 ], [ -87.972445652774539, 15.564851384027476 ], [ -87.972396526752789, 15.563679786673246 ], [ -87.975542876098018, 15.563930062589634 ], [ -87.977396232630284, 15.563978573084674 ], [ -87.979296777217073, 15.562550012602378 ] ] ] ] } },
{ "type": "Feature", "properties": { "fid": 30, "qgs_fid": 890, "dialgeo": 201135, "sede": "SAN PEDRO SULA", "subsede": "SAN PEDRO SULA", "dial": 6, "DIAL_1": 5 }, "geometry": { "type": "MultiPolygon", "coordinates": [ [ [ [ -87.991537414342545, 15.477543317368317 ], [ -87.999509227574421, 15.478368038774299 ], [ -88.000282912844881, 15.478431851237076 ], [ -88.003100143201451, 15.478734137405015 ], [ -88.007642909818102, 15.478755427762142 ], [ -88.007639176881455, 15.479132871688302 ], [ -88.008296698388648, 15.47943181903427 ], [ -88.009115731390636, 15.479786642052639 ], [ -88.009066411613588, 15.479935141696457 ], [ -88.008897960792638, 15.480458839976425 ], [ -88.00881659474733, 15.480804159399069 ], [ -88.008693514909538, 15.48123740843619 ], [ -88.008615755768659, 15.481559875043477 ], [ -88.008545164788046, 15.481827021042987 ], [ -88.008529326583513, 15.481883583047971 ], [ -88.008503858700564, 15.481999082586453 ], [ -88.008447813920213, 15.482198855242533 ], [ -88.008420349522737, 15.482288915736454 ], [ -88.009538099599155, 15.482326954295983 ], [ -88.010189929305326, 15.482335454869967 ], [ -88.00991787671903, 15.482926819753787 ], [ -88.009805042955549, 15.483172524436815 ], [ -88.009706021692409, 15.483454207904645 ], [ -88.009596977870231, 15.483753044674774 ], [ -88.009500728919818, 15.484009803417663 ], [ -88.009314505687172, 15.484477070603816 ], [ -88.009226840613238, 15.484716982249745 ], [ -88.00916476590173, 15.48487273793072 ], [ -88.008943619064397, 15.484840130689463 ], [ -88.00677512632592, 15.484501491540005 ], [ -88.005843156274381, 15.484316641324705 ], [ -88.005503548657884, 15.48425490818903 ], [ -88.005295361251655, 15.484213834411822 ], [ -88.005078548489948, 15.484181203542699 ], [ -88.004908396773985, 15.484165168432199 ], [ -88.004696635330717, 15.484118579661255 ], [ -88.004477048679803, 15.484072304392843 ], [ -88.004228259950182, 15.484035615850244 ], [ -88.003906306217957, 15.483989804528449 ], [ -88.003447726186678, 15.483916249021286 ], [ -88.003096479394173, 15.483861114898691 ], [ -88.002918968396528, 15.48382963240069 ], [ -88.002658785746561, 15.483788791729792 ], [ -88.00243326719665, 15.483747793725545 ], [ -88.002173084709312, 15.483706952471451 ], [ -88.001803615392703, 15.483691817496249 ], [ -88.001248667656043, 15.48362709752845 ], [ -88.000198738075738, 15.483475749996334 ], [ -87.999404544943445, 15.483320285606196 ], [ -87.997978081790791, 15.483137634177465 ], [ -87.997345142223892, 15.483073255962916 ], [ -87.996816295427536, 15.483029416954288 ], [ -87.996276616289322, 15.482985625434855 ], [ -87.9947938481113, 15.482807408636848 ], [ -87.994074089562801, 15.482709795362499 ], [ -87.991628839866877, 15.482418222811415 ], [ -87.991425444596587, 15.482430812964315 ], [ -87.991445266211286, 15.478314571553712 ], [ -87.991537414342545, 15.477543317368317 ] ] ] ] } },
{ "type": "Feature", "properties": { "fid": 31, "qgs_fid": 891, "dialgeo": 201136, "sede": "SAN PEDRO SULA", "subsede": "SAN PEDRO SULA", "dial": 4, "DIAL_1": 3 }, "geometry": { "type": "MultiPolygon", "coordinates": [ [ [ [ -88.013453524023092, 15.485621682962895 ], [ -88.013699050889826, 15.485668613394338 ], [ -88.014058669396491, 15.485739048261166 ], [ -88.01442332552098, 15.485826278724808 ], [ -88.014415656355709, 15.485872939471921 ], [ -88.014090380356492, 15.487509248473428 ], [ -88.01436459488778, 15.487570490681019 ], [ -88.014628350761342, 15.487647405316924 ], [ -88.01477181179078, 15.487683005311652 ], [ -88.015055236079561, 15.487753618965506 ], [ -88.015395233853738, 15.487833788571461 ], [ -88.015737663740154, 15.487904331206595 ], [ -88.016296753018167, 15.488052002173131 ], [ -88.016609519780673, 15.488139506394344 ], [ -88.016648538990083, 15.488166608655453 ], [ -88.016794456765723, 15.488192742367369 ], [ -88.01692160068886, 15.488181307968354 ], [ -88.017243811102318, 15.488277915976301 ], [ -88.017426959537133, 15.488347981700928 ], [ -88.01799585524428, 15.488548043133212 ], [ -88.017198903330168, 15.491057121978058 ], [ -88.016622315165563, 15.491961382828014 ], [ -88.01642742057966, 15.492417933245431 ], [ -88.016273620415888, 15.492840954111294 ], [ -88.016115365395905, 15.493525163303987 ], [ -88.015825779876252, 15.49477064066703 ], [ -88.01575264002291, 15.495052717142897 ], [ -88.01563412014346, 15.495660060179942 ], [ -88.015529625647417, 15.495853915476637 ], [ -88.015500739498563, 15.496040755416596 ], [ -88.015453429217473, 15.496209898311777 ], [ -88.01533616323195, 15.496716104762088 ], [ -88.01519081889883, 15.497910449118368 ], [ -88.014652737777482, 15.500548744458008 ], [ -88.014453008873645, 15.50140339689383 ], [ -88.013880866527259, 15.50393784652149 ], [ -88.013802210124126, 15.504054195126329 ], [ -88.011523700002613, 15.503447818256745 ], [ -88.01084413774808, 15.503233101726483 ], [ -88.010623910051223, 15.503198545416508 ], [ -88.008937380443157, 15.502731648552745 ], [ -88.008715311586997, 15.502695565681806 ], [ -88.008853818273863, 15.502068005283689 ], [ -88.009116454415363, 15.501003996100565 ], [ -88.00930793244342, 15.500255630516691 ], [ -88.009646148746327, 15.499000229534756 ], [ -88.010043390026979, 15.497295692625768 ], [ -88.010510675103546, 15.495835670994458 ], [ -88.010833702687847, 15.494606305357209 ], [ -88.011227733802187, 15.493031618586011 ], [ -88.011355112564345, 15.492478300454124 ], [ -88.011709844555085, 15.491083709986412 ], [ -88.011769842812285, 15.490834889962613 ], [ -88.011841209000067, 15.490563760110856 ], [ -88.011912647206827, 15.490307468453944 ], [ -88.011952056336696, 15.490151483468884 ], [ -88.011438852896148, 15.490031412576002 ], [ -88.008957326709861, 15.489497427899845 ], [ -88.005917192777304, 15.488943697490718 ], [ -88.005965811056797, 15.488713478601905 ], [ -88.006017949697579, 15.488420179776915 ], [ -88.006207199540924, 15.486808887882662 ], [ -88.006399449710131, 15.485598881870439 ], [ -88.006557204533266, 15.4844850851205 ], [ -88.009165925438921, 15.484860301307767 ], [ -88.009830551266418, 15.483314906049934 ], [ -88.01068873539279, 15.48342871998117 ], [ -88.01167672283664, 15.483790159402391 ], [ -88.011528756781246, 15.484657083012229 ], [ -88.011853276270244, 15.48472887097261 ], [ -88.01236706120298, 15.484864982437259 ], [ -88.012773421936927, 15.484987021212124 ], [ -88.012762620796821, 15.485021342863423 ], [ -88.012932434540119, 15.485106837010777 ], [ -88.01281869356616, 15.485514062876774 ], [ -88.013453524023092, 15.485621682962895 ] ] ] ] } },
{ "type": "Feature", "properties": { "fid": 32, "qgs_fid": 893, "dialgeo": 201138, "sede": "SAN PEDRO SULA", "subsede": "SAN PEDRO SULA", "dial": 2, "DIAL_1": 1 }, "geometry": { "type": "MultiPolygon", "coordinates": [ [ [ [ -88.037151578714258, 15.516169131137255 ], [ -88.039834203147848, 15.519355544211445 ], [ -88.039719168968261, 15.519861608924657 ], [ -88.039187291601223, 15.520268379232514 ], [ -88.038754800558365, 15.520558190782907 ], [ -88.038384418122433, 15.520734186515861 ], [ -88.03564816803113, 15.520887290623941 ], [ -88.034905807474658, 15.521073961306945 ], [ -88.034224157791982, 15.521131423096094 ], [ -88.033410971505049, 15.521158609511668 ], [ -88.032444012824342, 15.521353872225164 ], [ -88.032111308837713, 15.521412941209235 ], [ -88.031857020346266, 15.521537786168626 ], [ -88.031481380115878, 15.521626326757707 ], [ -88.031228356585288, 15.521735553631311 ], [ -88.031156391421973, 15.522243152317934 ], [ -88.031161115711697, 15.522413378142645 ], [ -88.031229744659171, 15.522578216822758 ], [ -88.031306294095231, 15.522830284747709 ], [ -88.031402281439483, 15.52306003216998 ], [ -88.031447279278908, 15.523201010349926 ], [ -88.031496337542308, 15.523357157692558 ], [ -88.031613225821232, 15.523698890891874 ], [ -88.03154505301454, 15.524366446825457 ], [ -88.031289294366502, 15.524977428338733 ], [ -88.031179387623709, 15.52533310690975 ], [ -88.031148697840806, 15.525526996846514 ], [ -88.031097240010098, 15.52563991179168 ], [ -88.031095441544537, 15.525738299896469 ], [ -88.031090181335202, 15.525857661118886 ], [ -88.031083253017911, 15.526313234383947 ], [ -88.031182035828706, 15.526573764202436 ], [ -88.031266570932132, 15.527031966529504 ], [ -88.031085903637887, 15.527347073657184 ], [ -88.03110607300215, 15.527391906169489 ], [ -88.030865228338754, 15.527753447751216 ], [ -88.030725034960241, 15.527982417478475 ], [ -88.030745269503313, 15.528146160845356 ], [ -88.030761776757643, 15.528268856059041 ], [ -88.030788268511074, 15.52844241229263 ], [ -88.030815887623106, 15.528982962105584 ], [ -88.030836783613708, 15.529508566486271 ], [ -88.030820867798411, 15.530042442791945 ], [ -88.030885298716399, 15.530574715167118 ], [ -88.030887022343748, 15.531184654892328 ], [ -88.030910047523506, 15.531792797225153 ], [ -88.030931460114942, 15.533683272822806 ], [ -88.030973923203106, 15.534269088803276 ], [ -88.03101585520136, 15.534730865153017 ], [ -88.03106962085397, 15.536504845178435 ], [ -88.03111220464038, 15.538155671795183 ], [ -88.031126034711633, 15.539519389318849 ], [ -88.030305127516399, 15.539628460610441 ], [ -88.027781346109975, 15.539334569047373 ], [ -88.025830893822302, 15.539218791720105 ], [ -88.024676216085382, 15.538847967669048 ], [ -88.023949196769536, 15.538744960869769 ], [ -88.023414623743179, 15.538621352642666 ], [ -88.022922816558932, 15.538497744341404 ], [ -88.022559306901002, 15.538271128929857 ], [ -88.021639841295681, 15.537426469291328 ], [ -88.021447395006234, 15.537323461781485 ], [ -88.021254948716731, 15.537117446607343 ], [ -88.021126651190428, 15.536890829677922 ], [ -88.020934204900925, 15.536726017209096 ], [ -88.020848673216719, 15.536581806190757 ], [ -88.02065622692723, 15.536334587067392 ], [ -88.020356866032458, 15.536169774153734 ], [ -88.020121653900873, 15.535922554536132 ], [ -88.020036122216652, 15.53569593629282 ], [ -88.019651229637688, 15.53538691101401 ], [ -88.019458783348185, 15.535160292181741 ], [ -88.01958708087453, 15.534954274845276 ], [ -88.019715378400832, 15.534727655537328 ], [ -88.019822293006115, 15.534562841338685 ], [ -88.019950590532446, 15.534377425207687 ], [ -88.020121653900873, 15.534212610728998 ], [ -88.020228568506155, 15.533924185074182 ], [ -88.020549312321961, 15.533512147724364 ], [ -88.020827290295642, 15.533100109550944 ], [ -88.021212182874606, 15.53244084676037 ], [ -88.021618458374647, 15.531884592140905 ], [ -88.022046116795721, 15.531451948621433 ], [ -88.02228132892732, 15.531225325463165 ], [ -88.022345477690493, 15.530854487030492 ], [ -88.02223856308521, 15.530689669735191 ], [ -88.022133564047749, 15.530609286219084 ], [ -88.02210553937374, 15.53059613788084 ], [ -88.022080044621319, 15.530551754964863 ], [ -88.022035425335204, 15.530488798478405 ], [ -88.021987979941542, 15.530462346694495 ], [ -88.021829498729531, 15.530452527190052 ], [ -88.021256672586034, 15.530303909151097 ], [ -88.020839869203655, 15.530154567947305 ], [ -88.022102170806747, 15.527731581818701 ], [ -88.023530947724879, 15.524809855126536 ], [ -88.024072251707778, 15.523843001836537 ], [ -88.024252358689282, 15.523454538272807 ], [ -88.025889696855188, 15.518400109073184 ], [ -88.028391498618518, 15.518564936189168 ], [ -88.029995217697575, 15.518152868152329 ], [ -88.03082915161869, 15.51712269446017 ], [ -88.031513405092412, 15.516277948195091 ], [ -88.034485631118926, 15.514691464157385 ], [ -88.034725352642795, 15.514594976555051 ], [ -88.036527700079588, 15.515484707700653 ], [ -88.037151578714258, 15.516169131137255 ] ] ] ] } },
{ "type": "Feature", "properties": { "fid": 33, "qgs_fid": 894, "dialgeo": 201141, "sede": "SAN PEDRO SULA", "subsede": "SAN PEDRO SULA", "dial": 3, "DIAL_1": 2 }, "geometry": { "type": "MultiPolygon", "coordinates": [ [ [ [ -87.996276938132652, 15.483052855609365 ], [ -87.997417808625244, 15.483163497442655 ], [ -87.997858314606646, 15.483134817288589 ], [ -87.997921162892624, 15.483194881829329 ], [ -87.998581412338353, 15.483296308470017 ], [ -87.999125133019135, 15.483374579116505 ], [ -87.999551695160733, 15.483462727778381 ], [ -88.000052812736357, 15.483544590376781 ], [ -88.000368208004105, 15.48359039786995 ], [ -88.000705836646631, 15.48364467357103 ], [ -88.000825790652371, 15.483665588207259 ], [ -88.000999930361772, 15.483692277048185 ], [ -88.001566816239531, 15.483789279974928 ], [ -88.006513588814414, 15.484502233957057 ], [ -88.00640381409508, 15.485296579094387 ], [ -88.006336739356655, 15.48588449956566 ], [ -88.006282577190404, 15.486130527333327 ], [ -88.006268516683249, 15.486235119016396 ], [ -88.006242953624167, 15.486370838823463 ], [ -88.006217458847473, 15.486520683687003 ], [ -88.006220918543193, 15.486633670910365 ], [ -88.006166441880552, 15.486814723382279 ], [ -88.006141069967143, 15.486989993343483 ], [ -88.006109775955423, 15.487145514714605 ], [ -88.006092802105073, 15.487250119633977 ], [ -88.006064626164118, 15.487448002927731 ], [ -88.006024879244379, 15.48766288927548 ], [ -88.006008470340035, 15.487844300902921 ], [ -88.005986809447734, 15.488111493653074 ], [ -88.005957784704492, 15.488438074159168 ], [ -88.005901614672311, 15.488680476301568 ], [ -88.005854980392982, 15.488933778845473 ], [ -88.005851244655418, 15.488952344042136 ], [ -88.008711394705088, 15.489467944908393 ], [ -88.01000571201206, 15.489734697721005 ], [ -88.01057253319324, 15.489867510825412 ], [ -88.01117947696838, 15.489990864943833 ], [ -88.011629452296063, 15.490088967795586 ], [ -88.011919567215813, 15.490157196545297 ], [ -88.011894336527135, 15.490278802536713 ], [ -88.011871871131405, 15.490379065470018 ], [ -88.011820169070177, 15.490563856351006 ], [ -88.011399782597664, 15.492223986148892 ], [ -88.011322875596591, 15.492535947209948 ], [ -88.011195262246247, 15.493041041135893 ], [ -88.010936605129814, 15.494132856466475 ], [ -88.010683251214658, 15.495135616051673 ], [ -88.010265106044386, 15.49647299551356 ], [ -88.00992240438481, 15.497591161262468 ], [ -88.009277336464251, 15.50025762501285 ], [ -88.00910814581367, 15.500868632342335 ], [ -88.009003702132276, 15.501419989889094 ], [ -88.008646431547092, 15.502692170355802 ], [ -88.004201734213538, 15.502172969252829 ], [ -88.002931700508697, 15.501936170210092 ], [ -87.997593994792624, 15.501927471236408 ], [ -87.997196642740818, 15.499680227463433 ], [ -87.99541268206508, 15.499375900242274 ], [ -87.99371184041361, 15.498488100576735 ], [ -87.992345718553281, 15.497984037254932 ], [ -87.991903735585268, 15.497621592608427 ], [ -87.99144888156718, 15.496811478999859 ], [ -87.991274101469159, 15.496187528996465 ], [ -87.991207293572387, 15.495688041564085 ], [ -87.991123756734467, 15.495206585224972 ], [ -87.991153594115332, 15.493001280074948 ], [ -87.991048650547114, 15.492542925994391 ], [ -87.991008429316153, 15.492374968698666 ], [ -87.990968109187577, 15.492097818741332 ], [ -87.990780801157513, 15.491892760865174 ], [ -87.990587233870556, 15.491738154592332 ], [ -87.990371960946845, 15.491575241358721 ], [ -87.990078771157613, 15.491429484587865 ], [ -87.989761649320556, 15.491262824588055 ], [ -87.98918281911169, 15.490735964196826 ], [ -87.988982143977566, 15.489997312696161 ], [ -87.988968744135548, 15.489771532283994 ], [ -87.989053661195584, 15.489391514799959 ], [ -87.989135767623381, 15.488420428124103 ], [ -87.989933650857765, 15.488426470438586 ], [ -87.990295300277452, 15.488403226970574 ], [ -87.990547939801814, 15.48838287379003 ], [ -87.991330990436353, 15.488396185788641 ], [ -87.991328445643816, 15.48578198318036 ], [ -87.991370718247765, 15.482531432081435 ], [ -87.991690022276345, 15.482527200187135 ], [ -87.993636426187592, 15.482730436302878 ], [ -87.99425667742446, 15.48283503449712 ], [ -87.99492436016692, 15.482916073360968 ], [ -87.995378540550462, 15.482976593800625 ], [ -87.996276938132652, 15.483052855609365 ] ] ] ] } },
{ "type": "Feature", "properties": { "fid": 34, "qgs_fid": 895, "dialgeo": 201144, "sede": "SAN PEDRO SULA", "subsede": "SAN PEDRO SULA", "dial": 3, "DIAL_1": 2 }, "geometry": { "type": "MultiPolygon", "coordinates": [ [ [ [ -88.005450874283596, 15.509271507469521 ], [ -88.00700284748018, 15.509326913172734 ], [ -88.007049453334361, 15.508972686932303 ], [ -88.00814557541446, 15.509138187995418 ], [ -88.008739334338756, 15.509233092286323 ], [ -88.009384182346892, 15.509344681345695 ], [ -88.010007352044994, 15.509414718920929 ], [ -88.009002462199746, 15.510345992652352 ], [ -88.00895851674484, 15.51097092323535 ], [ -88.009052590515822, 15.51099392098968 ], [ -88.009101517917543, 15.51139456585387 ], [ -88.009082686094487, 15.511662765086236 ], [ -88.009078025095945, 15.511808556667361 ], [ -88.009083025704342, 15.512008967977165 ], [ -88.009077743250614, 15.512303135720151 ], [ -88.009070990278218, 15.512847202082391 ], [ -88.009586729766724, 15.512906017241349 ], [ -88.010177498875763, 15.512935854670278 ], [ -88.010189700104277, 15.512684605524951 ], [ -88.012232629282778, 15.512666143921196 ], [ -88.012371982324396, 15.513256711819045 ], [ -88.012675627287436, 15.514164369751091 ], [ -88.013084166744335, 15.5149626170387 ], [ -88.013610492901122, 15.515711476177515 ], [ -88.01452930688032, 15.516593278501263 ], [ -88.014946694403918, 15.516866584141072 ], [ -88.015465182954841, 15.517142156840844 ], [ -88.01613743177785, 15.51739638283814 ], [ -88.016821953681884, 15.51753822352595 ], [ -88.017665945504376, 15.517614353441461 ], [ -88.019756534353007, 15.517818093243374 ], [ -88.022801056893542, 15.518088516471138 ], [ -88.025611718881478, 15.518379505674421 ], [ -88.024948848328819, 15.520872501987627 ], [ -88.024820550802488, 15.521490595586958 ], [ -88.02431452885169, 15.522809653699053 ], [ -88.020710160963048, 15.530218196854412 ], [ -88.021960386636081, 15.530628402205442 ], [ -88.020008277358031, 15.53380971197622 ], [ -88.019188275461261, 15.53538100159412 ], [ -88.018502578198905, 15.534609426883799 ], [ -88.018301662311018, 15.534490832591839 ], [ -88.017696695465716, 15.534186915584629 ], [ -88.017005177648386, 15.534078486344693 ], [ -88.016480216128684, 15.533871742361697 ], [ -88.01614017398677, 15.533664145564114 ], [ -88.015366462432297, 15.53301033760334 ], [ -88.014901682242538, 15.532504508230858 ], [ -88.013907910563461, 15.531526220346224 ], [ -88.012876508079032, 15.530641876462091 ], [ -88.011917607928908, 15.529579378682881 ], [ -88.011254586492441, 15.529013405918924 ], [ -88.010179213651298, 15.527909641921338 ], [ -88.00930739648544, 15.527237360196706 ], [ -88.005708433209747, 15.528665642048773 ], [ -88.002274584226967, 15.521218590775595 ], [ -88.00207730421613, 15.520597071393226 ], [ -88.002057962534934, 15.51943794442562 ], [ -88.002193523963896, 15.518412577066607 ], [ -88.002258037726008, 15.517637023236041 ], [ -88.002357658183996, 15.516881794583911 ], [ -88.002387794574403, 15.516237182600356 ], [ -88.002559200444523, 15.515385508269276 ], [ -88.003469257362781, 15.515306563880696 ], [ -88.003286871872888, 15.514786783525125 ], [ -88.004014342120627, 15.514770463001375 ], [ -88.004576148747418, 15.514361833991124 ], [ -88.004465188502692, 15.513623074186228 ], [ -88.004322416809202, 15.512967756261174 ], [ -88.004859525711723, 15.513004359498401 ], [ -88.005071747685619, 15.513032027568594 ], [ -88.005110933347083, 15.512807987555639 ], [ -88.005146628128756, 15.512417368636024 ], [ -88.005161224031113, 15.512104937005676 ], [ -88.005218988798404, 15.511282112404567 ], [ -88.005270639562994, 15.510860184318632 ], [ -88.005273337417478, 15.510585550923233 ], [ -88.005315157412852, 15.510073862528667 ], [ -88.0053885614374, 15.50970910239189 ], [ -88.005450874283596, 15.509271507469521 ] ] ] ] } },
{ "type": "Feature", "properties": { "fid": 35, "qgs_fid": 896, "dialgeo": 201145, "sede": "SAN PEDRO SULA", "subsede": "SAN PEDRO SULA", "dial": 6, "DIAL_1": 5 }, "geometry": { "type": "MultiPolygon", "coordinates": [ [ [ [ -88.017647022494344, 15.477892675313893 ], [ -88.01777592688785, 15.47789448651001 ], [ -88.018254951727485, 15.478022089724542 ], [ -88.018557688996879, 15.478089205751424 ], [ -88.018783451242399, 15.478129031734046 ], [ -88.019288406443806, 15.478236681817117 ], [ -88.020592428238885, 15.478528746624812 ], [ -88.020762340681017, 15.478552602276508 ], [ -88.021156283954596, 15.478642130298894 ], [ -88.021950514279141, 15.478787801964927 ], [ -88.021982772937847, 15.478794864475713 ], [ -88.021977968923935, 15.478826136245166 ], [ -88.021932808962788, 15.478968169801568 ], [ -88.021879598836904, 15.479237642687496 ], [ -88.020981477478244, 15.482484533282689 ], [ -88.020874127784253, 15.482834783511654 ], [ -88.020726141971437, 15.483491707475466 ], [ -88.020656188929706, 15.483759454478994 ], [ -88.020584155606102, 15.483982139538302 ], [ -88.020564561178958, 15.484030306195022 ], [ -88.020545061051095, 15.48409770293075 ], [ -88.020416053219364, 15.48464426421098 ], [ -88.020373623370929, 15.48483796692633 ], [ -88.020359147435812, 15.484855761809227 ], [ -88.020212438976472, 15.484825789628145 ], [ -88.020152865637513, 15.48480923758313 ], [ -88.020055136800138, 15.484783847109711 ], [ -88.019977630586681, 15.484775190079901 ], [ -88.019834271648548, 15.484733183128423 ], [ -88.019632887263299, 15.48467431628109 ], [ -88.019368596492811, 15.484614236656535 ], [ -88.019240799759288, 15.484589272104449 ], [ -88.019084647239524, 15.484556375695446 ], [ -88.019000420008851, 15.484536906985198 ], [ -88.01893159847539, 15.484530012449737 ], [ -88.018723765057572, 15.484482893044413 ], [ -88.018425311936468, 15.484412342894764 ], [ -88.018362029612291, 15.484392011166925 ], [ -88.018130677409999, 15.484351008961717 ], [ -88.017996038895745, 15.484317974967443 ], [ -88.017892458664846, 15.484299821876485 ], [ -88.017839749299966, 15.484292852879774 ], [ -88.017693327881517, 15.48425393536635 ], [ -88.017484851696921, 15.484206144753166 ], [ -88.017163003390337, 15.484130315103833 ], [ -88.016928765235292, 15.484078867255835 ], [ -88.01692880614506, 15.484045241233122 ], [ -88.016939179672946, 15.483739666163652 ], [ -88.017096252524482, 15.482884742817069 ], [ -88.016299141202225, 15.482599957456094 ], [ -88.017445331165092, 15.47821331016474 ], [ -88.017478282600067, 15.477854989877285 ], [ -88.017647022494344, 15.477892675313893 ] ] ] ] } },
{ "type": "Feature", "properties": { "fid": 36, "qgs_fid": 900, "dialgeo": 201149, "sede": "SAN PEDRO SULA", "subsede": "SAN PEDRO SULA", "dial": 5, "DIAL_1": 4 }, "geometry": { "type": "MultiPolygon", "coordinates": [ [ [ [ -88.012346881732284, 15.554141052396323 ], [ -88.014073367046393, 15.556183657130925 ], [ -88.014509534128806, 15.556736304212405 ], [ -88.014910121256449, 15.557104229301688 ], [ -88.015939557279381, 15.558128749997925 ], [ -88.016843395163264, 15.558876933156371 ], [ -88.017172264523779, 15.558504935562217 ], [ -88.017556088772821, 15.558204359761728 ], [ -88.020775330320859, 15.554800184984334 ], [ -88.021282871151428, 15.555125776596617 ], [ -88.023574720886856, 15.556275325118255 ], [ -88.026514988411293, 15.557561463684081 ], [ -88.027605034047852, 15.558346497368886 ], [ -88.028788114336734, 15.559085027262812 ], [ -88.02772542442051, 15.56001067261791 ], [ -88.027052044749198, 15.560580604207548 ], [ -88.025616662076743, 15.562048898258416 ], [ -88.023527794181433, 15.564783727665512 ], [ -88.021321587382801, 15.564060690380897 ], [ -88.018960718814625, 15.56355401587161 ], [ -88.01574090649801, 15.562935290644489 ], [ -88.015438379990655, 15.562898868094862 ], [ -88.01512340668981, 15.562921340275201 ], [ -88.014173538125931, 15.56015244325881 ], [ -88.011884773964098, 15.555115445267923 ], [ -88.011319286667572, 15.553721131557188 ], [ -88.011554603647141, 15.553447169257289 ], [ -88.011675639716699, 15.55337938278034 ], [ -88.01188897170853, 15.553571692381272 ], [ -88.011971757324659, 15.553659552878258 ], [ -88.01206758742623, 15.553755757305323 ], [ -88.012346881732284, 15.554141052396323 ] ] ] ] } },
{ "type": "Feature", "properties": { "fid": 37, "qgs_fid": 901, "dialgeo": 201152, "sede": "SAN PEDRO SULA", "subsede": "SAN PEDRO SULA", "dial": 3, "DIAL_1": 2 }, "geometry": { "type": "MultiPolygon", "coordinates": [ [ [ [ -88.008966799689233, 15.502770464789609 ], [ -88.013820706441109, 15.504085705441597 ], [ -88.013540223647553, 15.50569428972384 ], [ -88.013490486364717, 15.50580787827089 ], [ -88.013427378666549, 15.506078883739049 ], [ -88.013396231007562, 15.506297681859374 ], [ -88.013279585202639, 15.506600169251948 ], [ -88.013238207036835, 15.506923135826989 ], [ -88.013121509933285, 15.507215211230193 ], [ -88.013079979151243, 15.50750694200863 ], [ -88.013016895918526, 15.507783153343487 ], [ -88.012991954387431, 15.508173723540683 ], [ -88.012934087664931, 15.508418674471638 ], [ -88.012859682123633, 15.508575197870913 ], [ -88.012723359980058, 15.509247406755263 ], [ -88.012692541227111, 15.509533882288331 ], [ -88.012565611407013, 15.509930125911032 ], [ -88.012524460166759, 15.510299946016444 ], [ -88.012418930037711, 15.510680473270213 ], [ -88.012293419907337, 15.511368250608665 ], [ -88.012262498944665, 15.511633902236905 ], [ -88.012276408743475, 15.512284598176038 ], [ -88.012267471860071, 15.51265427060137 ], [ -88.012095683491722, 15.51266026374816 ], [ -88.011408352374119, 15.51264779326986 ], [ -88.010868648344967, 15.512629439124542 ], [ -88.010160131615308, 15.512676931608281 ], [ -88.010142466210453, 15.512908682939349 ], [ -88.009624212868658, 15.512885021620171 ], [ -88.009093695511424, 15.512823671006876 ], [ -88.009083997670899, 15.512485320008421 ], [ -88.00914462111767, 15.511701527813518 ], [ -88.009073978566761, 15.510975602021229 ], [ -88.008966469307211, 15.510950062589572 ], [ -88.009029402653582, 15.510365392433638 ], [ -88.010077030098941, 15.509389671529661 ], [ -88.007022525856613, 15.508955889870883 ], [ -88.006989317476837, 15.509304848967624 ], [ -88.005410473735367, 15.509244359336348 ], [ -88.005255396446046, 15.510484113840128 ], [ -88.005259548555443, 15.510787349554967 ], [ -88.005033986933597, 15.512995756751014 ], [ -88.004292810685953, 15.512952272588521 ], [ -88.004541097619835, 15.514330756866569 ], [ -88.003998202916392, 15.514764028747381 ], [ -88.00326398968663, 15.514773872231606 ], [ -88.00345982341868, 15.51529879760575 ], [ -88.002543354800068, 15.515371939749885 ], [ -88.002468090021821, 15.514512052345912 ], [ -88.002353503834101, 15.51451924045354 ], [ -88.002251345946249, 15.514447232607809 ], [ -88.002061888880448, 15.51430242422286 ], [ -88.001736833186982, 15.513960048047684 ], [ -88.001005461374135, 15.513274241934514 ], [ -88.000374230523434, 15.512621818949899 ], [ -87.999940925780493, 15.512235332591004 ], [ -87.999492501884447, 15.511908674921374 ], [ -87.999108898596987, 15.511552100137049 ], [ -87.998818549331034, 15.511305389663246 ], [ -87.998455403772667, 15.510927303501829 ], [ -87.998053389153611, 15.510637783659691 ], [ -87.997368364342847, 15.509972297588723 ], [ -87.99477011621093, 15.507208973335388 ], [ -87.9954510099668, 15.507036313510847 ], [ -87.999428862961622, 15.50491258586122 ], [ -87.997594755001288, 15.501971279646231 ], [ -88.002920733622602, 15.501961746271617 ], [ -88.003502269474453, 15.502095213516304 ], [ -88.004038409558788, 15.502252309485456 ], [ -88.004210265428569, 15.502261941032732 ], [ -88.005390222762557, 15.502496788819563 ], [ -88.008966799689233, 15.502770464789609 ] ] ] ] } },
{ "type": "Feature", "properties": { "fid": 38, "qgs_fid": 902, "dialgeo": 201153, "sede": "SAN PEDRO SULA", "subsede": "SAN PEDRO SULA", "dial": 6, "DIAL_1": 5 }, "geometry": { "type": "MultiPolygon", "coordinates": [ [ [ [ -88.025528828014274, 15.475724204897816 ], [ -88.02622340128967, 15.47583156184365 ], [ -88.026451274966689, 15.475864480586006 ], [ -88.028004542686745, 15.476207750798949 ], [ -88.027487580714322, 15.479666249138207 ], [ -88.027102557328718, 15.482424510517584 ], [ -88.026532176339629, 15.485566682782773 ], [ -88.026342191192143, 15.486394671671256 ], [ -88.026075308265035, 15.487785390678818 ], [ -88.025756223308377, 15.489573827375899 ], [ -88.025513631111977, 15.490600455319525 ], [ -88.025369523584317, 15.490500621985536 ], [ -88.022870367825348, 15.489992232155371 ], [ -88.020895909050964, 15.489736933678085 ], [ -88.019760598622867, 15.48974217014884 ], [ -88.019405656978975, 15.489742258203218 ], [ -88.017295936464095, 15.490962131864704 ], [ -88.018112940969928, 15.488566413107268 ], [ -88.01713138940697, 15.488216388428562 ], [ -88.015776705240157, 15.487904151958793 ], [ -88.015132769706298, 15.487767686130544 ], [ -88.014648820419666, 15.487641959359106 ], [ -88.014604345009815, 15.48762955746145 ], [ -88.014539906187821, 15.487610797289982 ], [ -88.014387375913415, 15.487571315493399 ], [ -88.014096956893056, 15.487495829863734 ], [ -88.014100070097371, 15.487462930566036 ], [ -88.014449163907585, 15.485858221140001 ], [ -88.014470355084455, 15.485816452083426 ], [ -88.012843341955261, 15.485487519726183 ], [ -88.012965472623208, 15.485126547116357 ], [ -88.012775991550029, 15.48501419086319 ], [ -88.012792195809226, 15.484987622503095 ], [ -88.013238125029517, 15.484107843466035 ], [ -88.014235369842041, 15.482227695505507 ], [ -88.014527816514658, 15.482216739807122 ], [ -88.01524224708632, 15.482325842106489 ], [ -88.015996602453882, 15.482488844669154 ], [ -88.01672749891209, 15.482793994290645 ], [ -88.017059552905209, 15.48290162546685 ], [ -88.016960852910742, 15.483487877436032 ], [ -88.016934483135131, 15.4836022140947 ], [ -88.016904682398419, 15.483805850970265 ], [ -88.016885597840144, 15.484080295135012 ], [ -88.017121375556982, 15.484139306957307 ], [ -88.017533913385847, 15.484227553507349 ], [ -88.018443430290304, 15.48443670808645 ], [ -88.018810672490247, 15.484513141577834 ], [ -88.019001730026261, 15.484551323844485 ], [ -88.019094822707544, 15.484579139963877 ], [ -88.019686014089899, 15.484703217728239 ], [ -88.019912828150098, 15.484766474469225 ], [ -88.020285976117634, 15.484846483947051 ], [ -88.020373538951077, 15.484883940265362 ], [ -88.020875998001145, 15.482963378957553 ], [ -88.021007262678211, 15.482435136127892 ], [ -88.02112312060008, 15.482104650582432 ], [ -88.022310663080361, 15.48234258178617 ], [ -88.02272695835245, 15.4824392147303 ], [ -88.02373584609694, 15.482693560919698 ], [ -88.024039050855947, 15.480838818572488 ], [ -88.024118007177535, 15.480512736609345 ], [ -88.024116271086172, 15.480411784501758 ], [ -88.024168996062045, 15.48029615752046 ], [ -88.024245207174417, 15.479916002431651 ], [ -88.024505485453446, 15.478910004091015 ], [ -88.024534425529055, 15.478746410864497 ], [ -88.024598055642002, 15.478580253255336 ], [ -88.024792684059321, 15.477834170298124 ], [ -88.024806716135188, 15.477663434615858 ], [ -88.024867772391289, 15.477478058355329 ], [ -88.025239091056818, 15.475849335432928 ], [ -88.025321087129029, 15.475719072474488 ], [ -88.025528828014274, 15.475724204897816 ] ] ] ] } },
{ "type": "Feature", "properties": { "fid": 39, "qgs_fid": 903, "dialgeo": 201158, "sede": "SAN PEDRO SULA", "subsede": "SAN PEDRO SULA", "dial": 5, "DIAL_1": 4 }, "geometry": { "type": "MultiPolygon", "coordinates": [ [ [ [ -88.010468363461598, 15.528744972160402 ], [ -88.011515163508278, 15.529794602845836 ], [ -88.012362632381141, 15.530573107892108 ], [ -88.013909822699119, 15.531917406724121 ], [ -88.014572512755876, 15.532412245598151 ], [ -88.015126207294642, 15.53312096281565 ], [ -88.016267500946441, 15.533969225497671 ], [ -88.017885136963756, 15.534708595218946 ], [ -88.017899367723061, 15.534710965822901 ], [ -88.017960291843423, 15.534761107946954 ], [ -88.018195506189727, 15.534999532796549 ], [ -88.018343813016699, 15.535192137244108 ], [ -88.018552755653943, 15.535376057789128 ], [ -88.018887819968768, 15.53564763627625 ], [ -88.019206512268426, 15.535924978086268 ], [ -88.019471373030015, 15.536212201288967 ], [ -88.019870276823539, 15.536633173244198 ], [ -88.020059780116384, 15.536881790363893 ], [ -88.02015570885645, 15.536999000831159 ], [ -88.020295002360527, 15.537218000869416 ], [ -88.020408657542148, 15.537317177645475 ], [ -88.020530673996703, 15.537451074970335 ], [ -88.020571602849017, 15.537519007921642 ], [ -88.020876065683055, 15.53789101185937 ], [ -88.021498844446256, 15.539526636023721 ], [ -88.021511921681764, 15.540377485452208 ], [ -88.021563435346337, 15.541585177301021 ], [ -88.025285605303694, 15.54250257006451 ], [ -88.025210503690019, 15.544355429272237 ], [ -88.021229971415181, 15.544328247342321 ], [ -88.021222106035509, 15.544743957639383 ], [ -88.02130695195109, 15.546279689607946 ], [ -88.021039802991922, 15.546796363061016 ], [ -88.020398011239536, 15.547908642627817 ], [ -88.020252747897302, 15.548140887698391 ], [ -88.01943173668154, 15.548850609200018 ], [ -88.018709139786623, 15.549103488908665 ], [ -88.018333693874609, 15.548860592517794 ], [ -88.017340762099195, 15.548983356027829 ], [ -88.016651409904469, 15.549139841840388 ], [ -88.016324255633151, 15.549208581176378 ], [ -88.016074046346247, 15.549254555117912 ], [ -88.015935420375669, 15.549270134197979 ], [ -88.015707906299653, 15.549230097008408 ], [ -88.015387596668063, 15.549123256108423 ], [ -88.014967042570447, 15.549001936062798 ], [ -88.014689333381128, 15.548939718578941 ], [ -88.014372948089502, 15.548840015777678 ], [ -88.014140349554495, 15.548768147434206 ], [ -88.013936785421379, 15.548685462462629 ], [ -88.013026404468732, 15.54845807432655 ], [ -88.012787625546139, 15.548477846639836 ], [ -88.011064402395533, 15.549354950437474 ], [ -88.010818201477178, 15.54949021312355 ], [ -88.010304919336164, 15.549728924959046 ], [ -88.009880667217828, 15.549232937041669 ], [ -88.009286275125334, 15.547706442000027 ], [ -88.008989342341252, 15.546996537209553 ], [ -88.008805232060951, 15.546855126879356 ], [ -88.008693450368355, 15.546500006302685 ], [ -88.008043940726651, 15.545644236256205 ], [ -88.007511280238489, 15.544798377055708 ], [ -88.007213321227013, 15.543875094487738 ], [ -88.006879546036956, 15.543129790961206 ], [ -88.006618793493729, 15.542313026999972 ], [ -88.005730297940218, 15.540645608104892 ], [ -88.003774373737954, 15.537397693924772 ], [ -88.003337952616278, 15.536777790825409 ], [ -88.003629987371596, 15.53622180525473 ], [ -88.004147230167334, 15.535631178891999 ], [ -88.00438871767885, 15.535377962786569 ], [ -88.004525942662269, 15.535074797785077 ], [ -88.004801612989084, 15.534720578893735 ], [ -88.005214750155332, 15.534113616604879 ], [ -88.005541937640018, 15.533658315451131 ], [ -88.005782932171286, 15.533304253502523 ], [ -88.006277117937756, 15.531537182566087 ], [ -88.006274508841756, 15.530999345163988 ], [ -88.006236820445864, 15.530377628719346 ], [ -88.006129707574303, 15.529739420927408 ], [ -88.005848504369283, 15.528950736298377 ], [ -88.006575383051967, 15.528695305639921 ], [ -88.007302259813017, 15.52843987268778 ], [ -88.008340278441281, 15.527998130603764 ], [ -88.0092743604025, 15.527573666909644 ], [ -88.010360278496023, 15.528700646224786 ], [ -88.010468363461598, 15.528744972160402 ] ] ] ] } },
{ "type": "Feature", "properties": { "fid": 40, "qgs_fid": 904, "dialgeo": 201160, "sede": "SAN PEDRO SULA", "subsede": "SAN PEDRO SULA", "dial": 5, "DIAL_1": 4 }, "geometry": { "type": "MultiPolygon", "coordinates": [ [ [ [ -88.021235275433611, 15.538483152092761 ], [ -88.021200143089629, 15.538280046453441 ], [ -88.022007086313209, 15.538767934881596 ], [ -88.022569352270224, 15.53907732217453 ], [ -88.02278928059836, 15.539180300208983 ], [ -88.02311206313675, 15.539271848493973 ], [ -88.023453429345096, 15.539385215016649 ], [ -88.023991775448906, 15.539536689597549 ], [ -88.02434187091481, 15.539589086263717 ], [ -88.024840078412296, 15.539682151611075 ], [ -88.02536697972009, 15.53982068153873 ], [ -88.025827370564656, 15.539886724613126 ], [ -88.026030477537759, 15.539893230788945 ], [ -88.026690642166514, 15.539942468740861 ], [ -88.02711349128154, 15.540001642192648 ], [ -88.027769954216993, 15.540056963556184 ], [ -88.02833350028942, 15.540203952751979 ], [ -88.028973142660888, 15.54029039640927 ], [ -88.029533631977841, 15.540330714677816 ], [ -88.030283537312073, 15.540388860440087 ], [ -88.030674924704613, 15.540391564750914 ], [ -88.031084946974104, 15.540400055686634 ], [ -88.031316250027857, 15.540428854582515 ], [ -88.031650107316366, 15.540387005712461 ], [ -88.032024900401922, 15.540380719528596 ], [ -88.032564334856602, 15.540393135012732 ], [ -88.033269051107311, 15.540407790450113 ], [ -88.036505156302795, 15.539594480677835 ], [ -88.038424722865514, 15.538184364880587 ], [ -88.040788127549291, 15.536231012198755 ], [ -88.045671157742234, 15.532771700142506 ], [ -88.044706014917836, 15.53809493498137 ], [ -88.043862329726224, 15.542797225137093 ], [ -88.043547540991057, 15.543820139653659 ], [ -88.043064772056397, 15.546199087886574 ], [ -88.043006252994246, 15.548350737621067 ], [ -88.042886161707727, 15.548603419728684 ], [ -88.042664245981484, 15.549293580982106 ], [ -88.042353781921648, 15.549614393563598 ], [ -88.04233788217627, 15.549900197947192 ], [ -88.041805834808585, 15.550978399516117 ], [ -88.041564801234131, 15.551315690597844 ], [ -88.041289260935571, 15.551686759669497 ], [ -88.041308626166639, 15.552090050631152 ], [ -88.041188953294949, 15.552426768003015 ], [ -88.04115579890113, 15.552729461444022 ], [ -88.041053294107641, 15.5530324824557 ], [ -88.040904823966756, 15.553329407822883 ], [ -88.040384388888711, 15.5544810948149 ], [ -88.039455238607914, 15.555897317983982 ], [ -88.039076504953243, 15.556436947491642 ], [ -88.038768132840104, 15.557177936026967 ], [ -88.038630778155266, 15.557447505190195 ], [ -88.038459421491467, 15.557851695381332 ], [ -88.038253219573036, 15.558222434445886 ], [ -88.037978338753135, 15.558727957756364 ], [ -88.037629306490757, 15.559498551489927 ], [ -88.037188458293386, 15.560320170574078 ], [ -88.036570055703066, 15.561228892140504 ], [ -88.035435736937444, 15.561298927282039 ], [ -88.033743765173924, 15.561080420305375 ], [ -88.031950283141995, 15.560582005178116 ], [ -88.030792052512311, 15.560317840327787 ], [ -88.030055467224685, 15.561156717123438 ], [ -88.029940392951801, 15.561303120533839 ], [ -88.029730163935412, 15.561530556475171 ], [ -88.029350682501857, 15.561996658403832 ], [ -88.029235939074553, 15.562123143562262 ], [ -88.028828619500047, 15.562583629710021 ], [ -88.028672127979803, 15.562494719775069 ], [ -88.02781767930658, 15.562100927156973 ], [ -88.027094829302868, 15.561762728460909 ], [ -88.026369676592353, 15.561335960536573 ], [ -88.026771742432615, 15.560970354344358 ], [ -88.026813587765915, 15.560861843315019 ], [ -88.026965964711053, 15.560704261616344 ], [ -88.027115470240886, 15.560550428244149 ], [ -88.027350425668729, 15.560340170820094 ], [ -88.02751923245448, 15.560193717262631 ], [ -88.028106284837691, 15.559697954132156 ], [ -88.028819905597885, 15.559085812574635 ], [ -88.02658214507629, 15.557545545664857 ], [ -88.026469040757263, 15.557488920281795 ], [ -88.023473594789095, 15.556070908161834 ], [ -88.020717330902258, 15.554656388400801 ], [ -88.020139683330484, 15.555248855033268 ], [ -88.01925100613461, 15.55613336197912 ], [ -88.019091882029059, 15.55632227019121 ], [ -88.017428318381761, 15.558077958262908 ], [ -88.016817180535156, 15.558598109041071 ], [ -88.016492417775879, 15.558157482960993 ], [ -88.016246634611235, 15.557942946142989 ], [ -88.015922667724453, 15.557664068332766 ], [ -88.015732134520775, 15.557373791424059 ], [ -88.015604511828187, 15.55719265709414 ], [ -88.015176853407112, 15.556780666289972 ], [ -88.014749194986024, 15.556327475452845 ], [ -88.014546670763195, 15.556085228754066 ], [ -88.01430115615301, 15.555924605917093 ], [ -88.01404355859124, 15.555709486339504 ], [ -88.013776070651716, 15.555463330044937 ], [ -88.01345116111581, 15.554990348791344 ], [ -88.012869354094605, 15.554302876963003 ], [ -88.012130239492819, 15.55329261949462 ], [ -88.010671226080078, 15.550348869771621 ], [ -88.010324533493957, 15.549751289164716 ], [ -88.011111872809579, 15.549339960289011 ], [ -88.012810868614054, 15.54851376900648 ], [ -88.013910454983531, 15.548714844007858 ], [ -88.014618728031834, 15.548922504465601 ], [ -88.015024929406124, 15.549050392593729 ], [ -88.015934137650319, 15.549330101908238 ], [ -88.017317881941139, 15.549009756493636 ], [ -88.018347196174318, 15.5488794388228 ], [ -88.018715179872387, 15.5491185402509 ], [ -88.019446171590246, 15.548888043490894 ], [ -88.020262777705668, 15.548202912927144 ], [ -88.021308054387291, 15.546381132441718 ], [ -88.021297290757929, 15.544409628701628 ], [ -88.025081722145103, 15.544375249851148 ], [ -88.025227911893523, 15.544367362021411 ], [ -88.025225326525856, 15.544345749411956 ], [ -88.025295471260534, 15.542492913249898 ], [ -88.021582978086187, 15.541527421032129 ], [ -88.021604508656679, 15.539816682476713 ], [ -88.021564731410351, 15.539562883534575 ], [ -88.021525285540505, 15.5393763138813 ], [ -88.021235275433611, 15.538483152092761 ] ] ] ] } },
{ "type": "Feature", "properties": { "fid": 41, "qgs_fid": 905, "dialgeo": 201161, "sede": "SAN PEDRO SULA", "subsede": "SAN PEDRO SULA", "dial": 5, "DIAL_1": 4 }, "geometry": { "type": "MultiPolygon", "coordinates": [ [ [ [ -88.034401478767293, 15.561357703345628 ], [ -88.034940026682023, 15.561381046365561 ], [ -88.039167145362114, 15.561961775603695 ], [ -88.040200960505231, 15.565307166575804 ], [ -88.041551176590389, 15.578964701866713 ], [ -88.041503255928461, 15.579568474635559 ], [ -88.04078513739951, 15.581588779510962 ], [ -88.040268744014099, 15.582347561719541 ], [ -88.039858924152014, 15.583610066088273 ], [ -88.038408177303708, 15.584776640104147 ], [ -88.036051973852466, 15.586930714700539 ], [ -88.034121127748662, 15.585729654219813 ], [ -88.030895441550953, 15.585669159580657 ], [ -88.030404131882136, 15.586251323603477 ], [ -88.030046014629448, 15.587463148066474 ], [ -88.028980576203352, 15.587669825891524 ], [ -88.027496078301382, 15.587298593965155 ], [ -88.026292820680041, 15.585942794022341 ], [ -88.02546465134408, 15.584166098269211 ], [ -88.024205352054281, 15.582485199865788 ], [ -88.022981619591818, 15.582054774604792 ], [ -88.020928859170638, 15.581601639464296 ], [ -88.019132693802106, 15.580077450294148 ], [ -88.017978016065186, 15.577605768148938 ], [ -88.016264616363813, 15.572931956332734 ], [ -88.017635889328318, 15.572250354863577 ], [ -88.018320142802054, 15.572044374643301 ], [ -88.01511270464394, 15.563434216869371 ], [ -88.016010787328213, 15.563434216869371 ], [ -88.01793525022309, 15.563557810200628 ], [ -88.023662244374449, 15.564977205825452 ], [ -88.025475711836805, 15.56276893700041 ], [ -88.026531184486814, 15.561621506146885 ], [ -88.028768352711296, 15.562737408963546 ], [ -88.030803525419657, 15.560387879287358 ], [ -88.034401478767293, 15.561357703345628 ] ] ] ] } },
{ "type": "Feature", "properties": { "fid": 42, "qgs_fid": 906, "dialgeo": 201162, "sede": "SAN PEDRO SULA", "subsede": "SAN PEDRO SULA", "dial": 5, "DIAL_1": 4 }, "geometry": { "type": "MultiPolygon", "coordinates": [ [ [ [ -88.024297688643131, 15.583129461157485 ], [ -88.024632403524265, 15.58354364826595 ], [ -88.025051532584399, 15.584139300548539 ], [ -88.025315342092711, 15.584496633983161 ], [ -88.02578101268405, 15.585151828133862 ], [ -88.026045269822191, 15.585598799081705 ], [ -88.02640416222026, 15.58647859117762 ], [ -88.026946538742891, 15.587058723864017 ], [ -88.027256448341262, 15.587385959058489 ], [ -88.027550202200558, 15.587563868227692 ], [ -88.028167721401218, 15.587755203950763 ], [ -88.028799911684231, 15.587797068311827 ], [ -88.029354735251729, 15.587779532536546 ], [ -88.029678425673183, 15.587778017540183 ], [ -88.030047761779116, 15.587656767607735 ], [ -88.03026154414583, 15.587252384011785 ], [ -88.030320964698035, 15.586803903025091 ], [ -88.030686945723588, 15.586010363855477 ], [ -88.031517793633569, 15.585707667855061 ], [ -88.032504715880478, 15.585792678527179 ], [ -88.033263662058985, 15.585910162978472 ], [ -88.033569454154502, 15.586026719908297 ], [ -88.033784377878916, 15.586008562118574 ], [ -88.03435724147333, 15.586131926181965 ], [ -88.035296527416193, 15.586707369158981 ], [ -88.036075045060699, 15.587208981480876 ], [ -88.036045303836062, 15.587942342107773 ], [ -88.036129714488709, 15.589406070727131 ], [ -88.034880590198995, 15.592370084674172 ], [ -88.033929262035286, 15.593757581518798 ], [ -88.032353035283307, 15.597005816459317 ], [ -88.030528966739155, 15.60015858214862 ], [ -88.025845810614342, 15.607081900526598 ], [ -88.021246135147209, 15.605655756586181 ], [ -88.026288037202079, 15.592834989006437 ], [ -88.025646336673546, 15.592821175315658 ], [ -88.025143447555678, 15.592823520287418 ], [ -88.024744521025426, 15.592808572046692 ], [ -88.024033373039416, 15.592778269632737 ], [ -88.02320133755218, 15.592849373173348 ], [ -88.022923631562492, 15.592800242296459 ], [ -88.022420908440324, 15.592836195520727 ], [ -88.02202189861174, 15.592804435086824 ], [ -88.021605547839485, 15.592772754484058 ], [ -88.02143205452289, 15.592756752790239 ], [ -88.021223879184902, 15.592740912024219 ], [ -88.020946007520692, 15.592658164114692 ], [ -88.020677121842652, 15.592578399001132 ], [ -88.019554661441148, 15.591841044922287 ], [ -88.019066130044934, 15.591238234093932 ], [ -88.018242004446989, 15.590424438625307 ], [ -88.017436502273483, 15.589522353020818 ], [ -88.015869384846695, 15.587588566896287 ], [ -88.014514125247828, 15.585308654777474 ], [ -88.014312357816607, 15.583713566062407 ], [ -88.01458287300099, 15.582300473889177 ], [ -88.014296194269974, 15.580419335321139 ], [ -88.014010593333708, 15.578756690736256 ], [ -88.013518156478284, 15.577347113178325 ], [ -88.012624600392172, 15.57476036100509 ], [ -88.014802511740584, 15.574232722813475 ], [ -88.016135146642114, 15.573752100946578 ], [ -88.018066137763867, 15.578334583489996 ], [ -88.018872714573959, 15.580146078611158 ], [ -88.019500268862259, 15.580815478527178 ], [ -88.02012716374459, 15.581350418208061 ], [ -88.020700298823456, 15.581532644595631 ], [ -88.02148218034651, 15.581848361665227 ], [ -88.021968866488649, 15.582081408838798 ], [ -88.022628788764777, 15.582280034521082 ], [ -88.022924070053193, 15.582379507820015 ], [ -88.023237024534566, 15.582546129075135 ], [ -88.023671693588611, 15.582779414164134 ], [ -88.023845428278833, 15.582845836343889 ], [ -88.024106113778515, 15.582962276589821 ], [ -88.024297688643131, 15.583129461157485 ] ] ] ] } },
{ "type": "Feature", "properties": { "fid": 43, "qgs_fid": 908, "dialgeo": 201166, "sede": "SAN PEDRO SULA", "subsede": "SAN PEDRO SULA", "dial": 5, "DIAL_1": 4 }, "geometry": { "type": "MultiPolygon", "coordinates": [ [ [ [ -88.008488292373116, 15.575210691004447 ], [ -88.011695706346487, 15.574666790946713 ], [ -88.012581454142691, 15.579580792783181 ], [ -88.01403846372979, 15.586302994233154 ], [ -88.01534444893629, 15.592451211670507 ], [ -87.995454076445995, 15.593901682808065 ], [ -87.995496518715498, 15.587239585205236 ], [ -87.995291255529537, 15.581699989263614 ], [ -87.995277662458321, 15.578876345923431 ], [ -87.994967985475427, 15.57682505256672 ], [ -88.000617772637739, 15.57645436683517 ], [ -88.008488292373116, 15.575210691004447 ] ] ] ] } },
{ "type": "Feature", "properties": { "fid": 44, "qgs_fid": 909, "dialgeo": 201172, "sede": "SAN PEDRO SULA", "subsede": "SAN PEDRO SULA", "dial": 6, "DIAL_1": 5 }, "geometry": { "type": "MultiPolygon", "coordinates": [ [ [ [ -88.00996597192983, 15.472520879093572 ], [ -88.008409158893571, 15.472196973566364 ], [ -88.008270169906709, 15.472877036593959 ], [ -88.008227404064613, 15.473299498864744 ], [ -88.00816325530144, 15.47353648951715 ], [ -88.008124071357727, 15.473922171712546 ], [ -88.008152757267339, 15.474105362811127 ], [ -88.008153227122705, 15.474202413339233 ], [ -88.008143047452464, 15.474396565022079 ], [ -88.00807888910434, 15.474925254982439 ], [ -88.008013947465102, 15.475292194049548 ], [ -88.007992191933027, 15.475793039092014 ], [ -88.007687629138999, 15.479125513556475 ], [ -88.009162906860723, 15.479785732046405 ], [ -88.008981152031751, 15.480280305423406 ], [ -88.008927797849452, 15.480588182688139 ], [ -88.008831471584372, 15.480970645451807 ], [ -88.008681791136993, 15.481496126615799 ], [ -88.008553493610677, 15.482248283606165 ], [ -88.010269473025232, 15.482294649358549 ], [ -88.009905963367302, 15.483242569128908 ], [ -88.010659711334455, 15.483391969131199 ], [ -88.011744894577959, 15.483716527385013 ], [ -88.01165437138134, 15.484182855279309 ], [ -88.011573831286825, 15.484602620335023 ], [ -88.01272316321618, 15.484968390164592 ], [ -88.013925952525469, 15.482696485443817 ], [ -88.014039193857514, 15.482379165591784 ], [ -88.014118398814958, 15.482243131855265 ], [ -88.014210488541849, 15.482208578979568 ], [ -88.014624149630762, 15.48219961636145 ], [ -88.014939266236894, 15.48224563642286 ], [ -88.016270905300161, 15.482533378575413 ], [ -88.016296939633463, 15.482456425882443 ], [ -88.016556687841913, 15.481447823563071 ], [ -88.016819856739374, 15.480581540836077 ], [ -88.016896853742878, 15.480296034239005 ], [ -88.016897793655744, 15.480234732572756 ], [ -88.01710691254533, 15.479404454667884 ], [ -88.017354946358068, 15.478485356975289 ], [ -88.017449336997927, 15.478018582522038 ], [ -88.017440984557638, 15.477831123130159 ], [ -88.017423398680506, 15.477783127601564 ], [ -88.017416009579648, 15.477539174057206 ], [ -88.017412423702112, 15.477439432098135 ], [ -88.017348137625063, 15.4765946133373 ], [ -88.017354895301864, 15.476430871239005 ], [ -88.017317276690036, 15.476229546991455 ], [ -88.01726191315484, 15.475977789309251 ], [ -88.018638793351428, 15.47430040974065 ], [ -88.00996597192983, 15.472520879093572 ] ] ] ] } },
{ "type": "Feature", "properties": { "fid": 45, "qgs_fid": 912, "dialgeo": 201180, "sede": "SAN PEDRO SULA", "subsede": "SAN PEDRO SULA", "dial": 15, "DIAL_1": 14 }, "geometry": { "type": "MultiPolygon", "coordinates": [ [ [ [ -88.19878363546772, 15.386551335690637 ], [ -88.1992009700664, 15.386826403708071 ], [ -88.200369104137636, 15.386618421218587 ], [ -88.20136835954716, 15.388680295917679 ], [ -88.201286394034, 15.397798269642806 ], [ -88.200850887991649, 15.407187635268002 ], [ -88.200175232799026, 15.407191284529652 ], [ -88.199459677732079, 15.407161226737289 ], [ -88.198446194485385, 15.40716669350838 ], [ -88.197042476533397, 15.407098625898808 ], [ -88.195483270454872, 15.407107017415866 ], [ -88.194546882579786, 15.406960788218889 ], [ -88.192675834694285, 15.406970835635727 ], [ -88.191441375241027, 15.406834902130637 ], [ -88.189309741709621, 15.406720264624521 ], [ -88.182877173659875, 15.402104776543196 ], [ -88.17607711350152, 15.39775262195521 ], [ -88.173539612438447, 15.393361108041452 ], [ -88.172551522661919, 15.39232570894764 ], [ -88.171389561521394, 15.389004004459386 ], [ -88.170306579626597, 15.385858351009874 ], [ -88.170713368037724, 15.385415022211912 ], [ -88.171576782492139, 15.385309635509552 ], [ -88.172251598236755, 15.385167422750801 ], [ -88.172588829330508, 15.385064803051749 ], [ -88.17310823206634, 15.385011644331305 ], [ -88.173341807868937, 15.384959991458217 ], [ -88.178872009160429, 15.385681838304444 ], [ -88.181689814765065, 15.386171109140864 ], [ -88.18257316841661, 15.38614645844418 ], [ -88.186764228889672, 15.386421596540313 ], [ -88.191712052889017, 15.385908628817893 ], [ -88.193426002908112, 15.385722969903076 ], [ -88.195475872011116, 15.385207755708509 ], [ -88.196595922190284, 15.385680738222623 ], [ -88.19878363546772, 15.386551335690637 ] ] ] ] } },
{ "type": "Feature", "properties": { "fid": 46, "qgs_fid": 914, "dialgeo": 201183, "sede": "SAN PEDRO SULA", "subsede": "SAN PEDRO SULA", "dial": 18, "DIAL_1": 17 }, "geometry": { "type": "MultiPolygon", "coordinates": [ [ [ [ -87.95236440989396, 15.643985942094613 ], [ -87.952204593634747, 15.641379614066812 ], [ -87.961256784358071, 15.640462090952772 ], [ -87.964017696083559, 15.6436259348619 ], [ -87.962839378047036, 15.6568499801007 ], [ -87.962872736468412, 15.663974281719975 ], [ -87.96142846101219, 15.68478865759514 ], [ -87.941909708811977, 15.681077743338303 ], [ -87.944374828961585, 15.674942025207447 ], [ -87.943880864930151, 15.671601234357269 ], [ -87.947543881548896, 15.667013158282105 ], [ -87.952575114539997, 15.667099164814635 ], [ -87.955842512648516, 15.666908682260821 ], [ -87.955431848296243, 15.666299516184624 ], [ -87.954736636711147, 15.665191837980185 ], [ -87.953492723292314, 15.663364045364826 ], [ -87.952417775041923, 15.661966853874084 ], [ -87.950493204796459, 15.659753789897767 ], [ -87.947895943603626, 15.658880787036594 ], [ -87.946405732369769, 15.65790496055285 ], [ -87.945881214617984, 15.6576170272831 ], [ -87.944356232548103, 15.657569687751261 ], [ -87.943619512002897, 15.652245745669207 ], [ -87.946505543118533, 15.646833231984328 ], [ -87.94657306850182, 15.645571756378583 ], [ -87.947279911544484, 15.645596393652378 ], [ -87.950507687501627, 15.645720078233504 ], [ -87.950640053563745, 15.645732191161615 ], [ -87.952370080789777, 15.645807481007521 ], [ -87.95237191656372, 15.645608489932659 ], [ -87.95236440989396, 15.643985942094613 ] ] ] ] } },
{ "type": "Feature", "properties": { "fid": 47, "qgs_fid": 915, "dialgeo": 201184, "sede": "SAN PEDRO SULA", "subsede": "SAN PEDRO SULA", "dial": 18, "DIAL_1": 17 }, "geometry": { "type": "MultiPolygon", "coordinates": [ [ [ [ -87.944315700397553, 15.658437944805318 ], [ -87.944429490010648, 15.657768869154971 ], [ -87.945798239647544, 15.657725221782357 ], [ -87.946366513447074, 15.657951797924621 ], [ -87.948052601790579, 15.659063430689285 ], [ -87.950381909324022, 15.659754272777361 ], [ -87.952753863417001, 15.662439870820643 ], [ -87.953369946203793, 15.663289094632709 ], [ -87.955620943976442, 15.666752823600072 ], [ -87.947525655406153, 15.666914008835162 ], [ -87.943735875044013, 15.671537157741666 ], [ -87.944063772703274, 15.67507277052078 ], [ -87.94216774344919, 15.679092446949159 ], [ -87.935385586414512, 15.675886452938753 ], [ -87.942945749337639, 15.665434379259295 ], [ -87.942613473257765, 15.661728258668189 ], [ -87.943265248276973, 15.66114916201529 ], [ -87.943808720091269, 15.660737043033492 ], [ -87.944763960017198, 15.660317755434635 ], [ -87.945171368782923, 15.659361646877954 ], [ -87.94426680591792, 15.658696962706351 ], [ -87.944315700397553, 15.658437944805318 ] ] ] ] } },
{ "type": "Feature", "properties": { "fid": 48, "qgs_fid": 916, "dialgeo": 201185, "sede": "SAN PEDRO SULA", "subsede": "SAN PEDRO SULA", "dial": 18, "DIAL_1": 17 }, "geometry": { "type": "MultiPolygon", "coordinates": [ [ [ [ -87.989845027888293, 15.639495211806594 ], [ -87.991177571528354, 15.63889609977748 ], [ -87.992598402575837, 15.639299447649547 ], [ -87.992983524900097, 15.639545725155429 ], [ -87.993420026144207, 15.640061357061841 ], [ -87.994044358343302, 15.640295765315152 ], [ -87.994769315975077, 15.640626766872751 ], [ -87.99610708011005, 15.641108648137134 ], [ -87.996428368279354, 15.64081064210148 ], [ -87.998740380987314, 15.641393217076613 ], [ -87.998775675431418, 15.641786653995537 ], [ -87.999094836736347, 15.642197668811372 ], [ -88.00172618333562, 15.64322087872659 ], [ -88.00342120734588, 15.643930229955547 ], [ -88.00498551615091, 15.644191215766105 ], [ -88.048717255463643, 15.681719179005158 ], [ -87.999719320374581, 15.683781081041694 ], [ -87.982528372914274, 15.684858527942598 ], [ -87.982375454621305, 15.661869323916706 ], [ -87.982247593073154, 15.641744803727107 ], [ -87.989845027888293, 15.639495211806594 ] ] ] ] } },
{ "type": "Feature", "properties": { "fid": 49, "qgs_fid": 919, "dialgeo": 201190, "sede": "SAN PEDRO SULA", "subsede": "SAN PEDRO SULA", "dial": 11, "DIAL_1": 10 }, "geometry": { "type": "MultiPolygon", "coordinates": [ [ [ [ -87.880363499198012, 15.598132902445492 ], [ -87.887156045572979, 15.598618421958346 ], [ -87.894738034424407, 15.602831050087147 ], [ -87.927620855049781, 15.615289001484539 ], [ -87.931686203122695, 15.617152130902731 ], [ -87.934069825393379, 15.618493742836908 ], [ -87.935606131525617, 15.620705853224772 ], [ -87.936376587351702, 15.622316132446706 ], [ -87.93510796985943, 15.634053052630458 ], [ -87.932780102320066, 15.637088393736065 ], [ -87.927275260007889, 15.645318223043377 ], [ -87.923936849263654, 15.651178776146095 ], [ -87.920216179281496, 15.657043604557467 ], [ -87.910817552605096, 15.669426396388939 ], [ -87.89392762718812, 15.668357966482466 ], [ -87.869446876439312, 15.658064052946473 ], [ -87.870140485169827, 15.64979167873334 ], [ -87.87125291749463, 15.642122729935297 ], [ -87.87237724133297, 15.63727750281609 ], [ -87.872476188135778, 15.636066919687126 ], [ -87.87225459206347, 15.632891052523043 ], [ -87.872452484928942, 15.630469885445086 ], [ -87.87139345220821, 15.626137576627251 ], [ -87.867713313590798, 15.617176562090004 ], [ -87.862416282310335, 15.608460609085675 ], [ -87.865607121905086, 15.601738561928082 ], [ -87.866837630391544, 15.600750792106584 ], [ -87.872693444412448, 15.598676311410616 ], [ -87.875029125582373, 15.598367877627064 ], [ -87.876043815102776, 15.598492043212884 ], [ -87.880363499198012, 15.598132902445492 ] ] ] ] } },
{ "type": "Feature", "properties": { "fid": 50, "qgs_fid": 920, "dialgeo": 201191, "sede": "SAN PEDRO SULA", "subsede": "SAN PEDRO SULA", "dial": 11, "DIAL_1": 10 }, "geometry": { "type": "MultiPolygon", "coordinates": [ [ [ [ -87.879957090141517, 15.566009821033376 ], [ -87.887876004975496, 15.568801823058072 ], [ -87.893929384506578, 15.573214698620925 ], [ -87.8971722037316, 15.575754250491418 ], [ -87.900744957240207, 15.579376526670014 ], [ -87.903050203011063, 15.583098489154708 ], [ -87.906174555162252, 15.58970384564301 ], [ -87.898935067795819, 15.599818441881926 ], [ -87.896450045175158, 15.602652359110792 ], [ -87.888148423118622, 15.597903084892163 ], [ -87.884154046949618, 15.597775806159305 ], [ -87.880447649564132, 15.597732362110468 ], [ -87.877464798439945, 15.597744287800321 ], [ -87.873442551251685, 15.598029236887333 ], [ -87.865615702018331, 15.600883983587025 ], [ -87.861971380371699, 15.608630112234881 ], [ -87.868810279522719, 15.62021907236071 ], [ -87.871199385322853, 15.629466371949279 ], [ -87.87132264596687, 15.634004096667445 ], [ -87.868455995300835, 15.657058739503302 ], [ -87.854309795285729, 15.65970248194926 ], [ -87.837326394934522, 15.643549059579385 ], [ -87.828558891388994, 15.633057239170276 ], [ -87.821950869154989, 15.628078335675646 ], [ -87.817830351784366, 15.621709614284688 ], [ -87.812999971518536, 15.615861061490618 ], [ -87.809766103355969, 15.608453610789924 ], [ -87.809930596119926, 15.605002119992459 ], [ -87.812577197945657, 15.602070801703967 ], [ -87.81755156233065, 15.596908969741889 ], [ -87.822837029901905, 15.591544168776956 ], [ -87.829366758544566, 15.585166057530943 ], [ -87.839827661411491, 15.573326878717403 ], [ -87.846697888372603, 15.563698503892192 ], [ -87.84533048283761, 15.533939952778599 ], [ -87.875819699490208, 15.526142884801555 ], [ -87.887792010507809, 15.537525993954244 ], [ -87.891390319367062, 15.54009152800824 ], [ -87.895203670122982, 15.543491875525081 ], [ -87.896062107628836, 15.546507871448881 ], [ -87.894962042258143, 15.549359279615272 ], [ -87.879957090141517, 15.566009821033376 ] ] ] ] } },
{ "type": "Feature", "properties": { "fid": 51, "qgs_fid": 921, "dialgeo": 201192, "sede": "SAN PEDRO SULA", "subsede": "SAN PEDRO SULA", "dial": 10, "DIAL_1": 9 }, "geometry": { "type": "MultiPolygon", "coordinates": [ [ [ [ -87.895968372051811, 15.470619252181995 ], [ -87.892268221088472, 15.485662940014699 ], [ -87.888888728048244, 15.496205722515644 ], [ -87.886324636150206, 15.500284877969404 ], [ -87.884438993251607, 15.506267794513121 ], [ -87.877844836247334, 15.505651164881392 ], [ -87.875309193242771, 15.505547764968755 ], [ -87.87316262309767, 15.505215885956861 ], [ -87.871797059601278, 15.505107819845367 ], [ -87.860444655527189, 15.504509383573144 ], [ -87.861723507742553, 15.500051269375877 ], [ -87.864059175603543, 15.49205284530735 ], [ -87.868047093001536, 15.483052612157897 ], [ -87.873794630763754, 15.465100171369285 ], [ -87.895968372051811, 15.470619252181995 ] ] ] ] } },
{ "type": "Feature", "properties": { "fid": 52, "qgs_fid": 924, "dialgeo": 201195, "sede": "SAN PEDRO SULA", "subsede": "SAN PEDRO SULA", "dial": 7, "DIAL_1": 6 }, "geometry": { "type": "MultiPolygon", "coordinates": [ [ [ [ -87.962808328188345, 15.486832008837743 ], [ -87.964125333077192, 15.485736528848092 ], [ -87.965151832001126, 15.484719232075149 ], [ -87.965891249130095, 15.482927168398472 ], [ -87.969117446101862, 15.484206140635457 ], [ -87.970196618679168, 15.484650064921389 ], [ -87.971039011532525, 15.48556399166837 ], [ -87.970663954807435, 15.486279591149176 ], [ -87.960261639407165, 15.500104277161885 ], [ -87.959824871466765, 15.501240716313134 ], [ -87.959312075292317, 15.50280608962642 ], [ -87.959288983788952, 15.50343649119003 ], [ -87.959347619307792, 15.504873323646104 ], [ -87.959406023419376, 15.506259732774723 ], [ -87.959546158927552, 15.508452572140698 ], [ -87.959550816799577, 15.509461033495931 ], [ -87.95950160840934, 15.510066336093066 ], [ -87.959192382679021, 15.510672767608137 ], [ -87.959143871664565, 15.511429339324152 ], [ -87.958827784590923, 15.512427637277003 ], [ -87.956631869632801, 15.517412333513038 ], [ -87.953831790278201, 15.521274354276446 ], [ -87.951208783107575, 15.524846899366624 ], [ -87.936963665227481, 15.523009871521415 ], [ -87.935121838547587, 15.531113099382194 ], [ -87.933105734562488, 15.530618647721244 ], [ -87.931052974141295, 15.530194831068059 ], [ -87.923355122561844, 15.528252326927642 ], [ -87.917416779914831, 15.527157452893858 ], [ -87.918032570377335, 15.525375568185227 ], [ -87.918736411614177, 15.523343007634061 ], [ -87.919623685492482, 15.520226056693678 ], [ -87.927853045886437, 15.516659609395981 ], [ -87.928503092013273, 15.514380780283473 ], [ -87.925149563667333, 15.505072279298858 ], [ -87.930928241564629, 15.494683629580729 ], [ -87.942819625270118, 15.49502968964139 ], [ -87.943787097287071, 15.494318364393463 ], [ -87.945986384582795, 15.490566165837921 ], [ -87.946895497547075, 15.488694607928879 ], [ -87.950177110174778, 15.487744422814572 ], [ -87.952197450236099, 15.486959305207021 ], [ -87.953811631109602, 15.487028828825856 ], [ -87.955325633915507, 15.48709990451839 ], [ -87.961644259739771, 15.486489478127895 ], [ -87.961988393740768, 15.4868202146982 ], [ -87.962808328188345, 15.486832008837743 ] ] ] ] } },
{ "type": "Feature", "properties": { "fid": 53, "qgs_fid": 926, "dialgeo": 201197, "sede": "SAN PEDRO SULA", "subsede": "SAN PEDRO SULA", "dial": 7, "DIAL_1": 6 }, "geometry": { "type": "MultiPolygon", "coordinates": [ [ [ [ -87.966468803906182, 15.512896980346163 ], [ -87.969706882079024, 15.50994614842674 ], [ -87.971563397981114, 15.509383329914225 ], [ -87.97318825262677, 15.50932575572331 ], [ -87.974324737570441, 15.51086702177933 ], [ -87.97814458377664, 15.515164465062295 ], [ -87.981811474086967, 15.520384668901546 ], [ -87.980710856140661, 15.522556254756719 ], [ -87.980943120342445, 15.524708520093297 ], [ -87.980957371197334, 15.527723072023351 ], [ -87.977758341014322, 15.532259190867794 ], [ -87.972563785094806, 15.537557729813242 ], [ -87.971262586070225, 15.53736306939407 ], [ -87.969995359550978, 15.537015678182598 ], [ -87.964235184936058, 15.535509828829927 ], [ -87.965064053026552, 15.534800270345661 ], [ -87.966098955715125, 15.53366120396643 ], [ -87.967031357608676, 15.532850337633514 ], [ -87.96790625787753, 15.531444613167151 ], [ -87.968248587906587, 15.530501865880057 ], [ -87.968886130692539, 15.529085623861665 ], [ -87.969291711324871, 15.526839980845056 ], [ -87.969361651760522, 15.525059098916167 ], [ -87.968269358452574, 15.524567842476877 ], [ -87.964371471876191, 15.523484965673873 ], [ -87.963419830965748, 15.522141156709655 ], [ -87.962591995095494, 15.521109530854192 ], [ -87.962053139399941, 15.520033507741461 ], [ -87.962224293783336, 15.518566176747726 ], [ -87.966468803906182, 15.512896980346163 ] ] ] ] } },
{ "type": "Feature", "properties": { "fid": 54, "qgs_fid": 927, "dialgeo": 201198, "sede": "SAN PEDRO SULA", "subsede": "SAN PEDRO SULA", "dial": 7, "DIAL_1": 6 }, "geometry": { "type": "MultiPolygon", "coordinates": [ [ [ [ -87.972728757476332, 15.494946450946955 ], [ -87.972951159264554, 15.494782645202024 ], [ -87.976249243379257, 15.493944520016575 ], [ -87.977873087413187, 15.491499316084576 ], [ -87.981913279021285, 15.495220359537418 ], [ -87.982883839382481, 15.498863371832936 ], [ -87.982972731478228, 15.499333598982661 ], [ -87.983133183580108, 15.500274130126908 ], [ -87.983276462843691, 15.50124835325304 ], [ -87.983327996061504, 15.501475813591149 ], [ -87.983584191982843, 15.502423839754677 ], [ -87.98352692706888, 15.502894416584535 ], [ -87.983702650712885, 15.503397872592034 ], [ -87.983862075917415, 15.50411990401973 ], [ -87.983986675479315, 15.50480847441704 ], [ -87.98407589180151, 15.505345930869455 ], [ -87.984936662040582, 15.506992522358605 ], [ -87.985096295450575, 15.507196937846157 ], [ -87.985875912128563, 15.508488325110788 ], [ -87.986111962886966, 15.508849710129256 ], [ -87.986701389267111, 15.509689761164777 ], [ -87.986554107963741, 15.509772706683123 ], [ -87.985891806829031, 15.509694305793325 ], [ -87.984625822874719, 15.509756711812855 ], [ -87.984355517714405, 15.509914966511721 ], [ -87.98416142750095, 15.510025606081344 ], [ -87.984052756452272, 15.510112628039101 ], [ -87.983011529199118, 15.510815976829507 ], [ -87.982983599303196, 15.510851357301199 ], [ -87.982501697447134, 15.511176415617779 ], [ -87.982415921081767, 15.511212053252445 ], [ -87.982329871854276, 15.511190000078988 ], [ -87.982292495813809, 15.510975423843439 ], [ -87.982364952181655, 15.510569655206369 ], [ -87.982006101625743, 15.509363828774264 ], [ -87.980876756302109, 15.508814183031177 ], [ -87.967973079914501, 15.508945271262597 ], [ -87.96842136438417, 15.504707693171017 ], [ -87.971855131968482, 15.505045589080144 ], [ -87.974193767536761, 15.505471648858464 ], [ -87.974712840439039, 15.505267664676769 ], [ -87.975022480806274, 15.505203158128271 ], [ -87.976025490729853, 15.504807706760365 ], [ -87.976289200702809, 15.504652696448954 ], [ -87.976754072902452, 15.50439743834176 ], [ -87.97732534969974, 15.504276323753635 ], [ -87.977945754228728, 15.504058836880924 ], [ -87.978208223560245, 15.503962211673096 ], [ -87.978593168950582, 15.503805034172338 ], [ -87.978796504723263, 15.503732700059755 ], [ -87.97961585668034, 15.503421561378342 ], [ -87.979977416159798, 15.503277855034026 ], [ -87.980232811563241, 15.503217894802436 ], [ -87.980405732776731, 15.50312888619308 ], [ -87.980456980730793, 15.502968983404648 ], [ -87.980432086795247, 15.502789814967183 ], [ -87.980578469633016, 15.502289167812462 ], [ -87.980597787695203, 15.502180108226712 ], [ -87.980024584509508, 15.5011327097286 ], [ -87.980108059663223, 15.501041942821319 ], [ -87.979907509597055, 15.500282535784679 ], [ -87.97956785417928, 15.500189490067536 ], [ -87.978864020241247, 15.499796775575398 ], [ -87.977761398883828, 15.499343351758069 ], [ -87.977353988106699, 15.499207304118411 ], [ -87.97667821226527, 15.498892983607238 ], [ -87.976141712866408, 15.498674199646322 ], [ -87.975654703913435, 15.498435965224113 ], [ -87.974730990011906, 15.498113117000571 ], [ -87.974586972644659, 15.498063271183089 ], [ -87.974388530504527, 15.498037703518101 ], [ -87.974174978005337, 15.497961721590938 ], [ -87.973902695930548, 15.498049459314332 ], [ -87.973486127575882, 15.497979060709783 ], [ -87.972757891039038, 15.497931841747169 ], [ -87.972029536814077, 15.497859408900446 ], [ -87.971639300911363, 15.497810700084701 ], [ -87.971405418590109, 15.497836939695283 ], [ -87.970989418286891, 15.497838766891253 ], [ -87.969923182024289, 15.497793022545958 ], [ -87.970092549594554, 15.49754457461594 ], [ -87.970456843240783, 15.497003856631355 ], [ -87.97122721506976, 15.496331306045951 ], [ -87.971865873146996, 15.495757028351537 ], [ -87.972193946010677, 15.49548665842465 ], [ -87.972306022016227, 15.4953601057484 ], [ -87.972504606286066, 15.495199556631659 ], [ -87.972728757476332, 15.494946450946955 ] ] ] ] } },
{ "type": "Feature", "properties": { "fid": 55, "qgs_fid": 928, "dialgeo": 201199, "sede": "SAN PEDRO SULA", "subsede": "SAN PEDRO SULA", "dial": 7, "DIAL_1": 6 }, "geometry": { "type": "MultiPolygon", "coordinates": [ [ [ [ -87.974542283216394, 15.510989015175365 ], [ -87.97375541399262, 15.509208752820122 ], [ -87.980480631848366, 15.509078166363599 ], [ -87.981375844093179, 15.50914457555047 ], [ -87.981967750375631, 15.509679799699972 ], [ -87.982329388368768, 15.511766968707306 ], [ -87.983251175358916, 15.513782040574974 ], [ -87.98331780221298, 15.513890717718205 ], [ -87.983437682164407, 15.514076080380564 ], [ -87.983604614254304, 15.514424693999409 ], [ -87.983734335550579, 15.514593987098438 ], [ -87.983837703688053, 15.514782628131448 ], [ -87.984144215103996, 15.515287669819553 ], [ -87.984304097725612, 15.515543366042845 ], [ -87.984404298060937, 15.515760866825856 ], [ -87.984597419549587, 15.516054875937625 ], [ -87.984704626808167, 15.516355678095378 ], [ -87.985017883240786, 15.516887931598417 ], [ -87.985283973191002, 15.517232896242168 ], [ -87.9855772391372, 15.517731584326608 ], [ -87.984592328378611, 15.518466741613407 ], [ -87.98306942739724, 15.519380571277551 ], [ -87.982595236429134, 15.519767294610521 ], [ -87.982173206164575, 15.519999939825761 ], [ -87.982120801064497, 15.520102736362247 ], [ -87.981909724791308, 15.520206238479016 ], [ -87.981853292686722, 15.520083122149034 ], [ -87.980678032383452, 15.518740566491836 ], [ -87.980569963738063, 15.518606431735568 ], [ -87.980471539653237, 15.518414562119458 ], [ -87.980358543156896, 15.518286859337145 ], [ -87.980158723157004, 15.51797364543012 ], [ -87.980072232518935, 15.517858645281285 ], [ -87.980025258028789, 15.517711418642955 ], [ -87.979932186615457, 15.517602857849063 ], [ -87.979859243708589, 15.517468140936659 ], [ -87.979705983615247, 15.517302580942554 ], [ -87.979591214443033, 15.517149244671685 ], [ -87.979411230342834, 15.516835941960332 ], [ -87.979268092019751, 15.516625039277653 ], [ -87.979071656508737, 15.516327834721171 ], [ -87.978882150035403, 15.516097906596814 ], [ -87.978475545963548, 15.515394583453556 ], [ -87.977374073853412, 15.51419683959034 ], [ -87.974542283216394, 15.510989015175365 ] ] ] ] } },
{ "type": "Feature", "properties": { "fid": 56, "qgs_fid": 929, "dialgeo": 201200, "sede": "SAN PEDRO SULA", "subsede": "SAN PEDRO SULA", "dial": 7, "DIAL_1": 6 }, "geometry": { "type": "MultiPolygon", "coordinates": [ [ [ [ -87.986069110596773, 15.509729673275539 ], [ -87.986181026452087, 15.50973821346955 ], [ -87.986516769638158, 15.50979314894481 ], [ -87.986649262766321, 15.509850249296788 ], [ -87.988526343755254, 15.511696265453473 ], [ -87.988959678078146, 15.511985738385967 ], [ -87.989873831826884, 15.512366256934284 ], [ -87.990722245236412, 15.512823988801005 ], [ -87.992945531905406, 15.513509684231739 ], [ -87.995328299140937, 15.51409301349495 ], [ -87.997358283892154, 15.514624336158228 ], [ -87.996242078199515, 15.517730422689684 ], [ -87.994441887269446, 15.524621353372828 ], [ -87.994052926267457, 15.524850011109715 ], [ -87.991274366081598, 15.525523690011932 ], [ -87.986261836313659, 15.526072206501196 ], [ -87.981304197583739, 15.526785640531832 ], [ -87.981204409721613, 15.524499948812158 ], [ -87.980932434244039, 15.522447605598032 ], [ -87.981922657247864, 15.520505236876165 ], [ -87.982034208901382, 15.520612405670651 ], [ -87.982735605759629, 15.520090385873289 ], [ -87.98372268237523, 15.519111638420144 ], [ -87.98570021604219, 15.51787206016826 ], [ -87.985329680656804, 15.517224563015954 ], [ -87.984032293941866, 15.515038170016505 ], [ -87.983783490782898, 15.514510468751054 ], [ -87.983357347364503, 15.513864900817355 ], [ -87.982961175148205, 15.512952603605994 ], [ -87.982361667717612, 15.511622548619478 ], [ -87.98232394292026, 15.511334256412802 ], [ -87.983614197101261, 15.510427880254603 ], [ -87.98445176330344, 15.509908928781922 ], [ -87.984834682585429, 15.509798248702985 ], [ -87.985167921460089, 15.509754295492698 ], [ -87.986069110596773, 15.509729673275539 ] ] ] ] } },
{ "type": "Feature", "properties": { "fid": 57, "qgs_fid": 930, "dialgeo": 201201, "sede": "SAN PEDRO SULA", "subsede": "SAN PEDRO SULA", "dial": 7, "DIAL_1": 6 }, "geometry": { "type": "MultiPolygon", "coordinates": [ [ [ [ -87.969199647528569, 15.498754251217004 ], [ -87.969806358321804, 15.497831352962461 ], [ -87.973590954094945, 15.498155082982667 ], [ -87.973425613293955, 15.498937382134111 ], [ -87.973932548708589, 15.499209322766708 ], [ -87.974520896578312, 15.499303944043504 ], [ -87.975116463579965, 15.499431125510787 ], [ -87.975552629605232, 15.499760375950897 ], [ -87.975556115400011, 15.499878704010554 ], [ -87.975443480150247, 15.500177277088209 ], [ -87.975368897569595, 15.500339727124398 ], [ -87.975230461774146, 15.500638647794972 ], [ -87.975202749124321, 15.500693008215297 ], [ -87.974906680289862, 15.501173417918979 ], [ -87.974738393686593, 15.501366281172544 ], [ -87.974743056221286, 15.502008085785985 ], [ -87.974874930787905, 15.50263971401548 ], [ -87.974905340669778, 15.502780605138653 ], [ -87.974967303271413, 15.503305971352829 ], [ -87.975035095125676, 15.503664645625616 ], [ -87.975030493948637, 15.504289038982767 ], [ -87.975128626196465, 15.50475528867498 ], [ -87.974879810030288, 15.505012309086105 ], [ -87.973805815359697, 15.505168315379946 ], [ -87.972452666293975, 15.504938961490161 ], [ -87.971490294083807, 15.504870709207008 ], [ -87.970631322320699, 15.504672787250316 ], [ -87.96953963812166, 15.504753214614043 ], [ -87.968186768974803, 15.504582660953002 ], [ -87.968337957822115, 15.503548306872226 ], [ -87.968735962566726, 15.501743964197546 ], [ -87.968839052795758, 15.499486979642901 ], [ -87.969199647528569, 15.498754251217004 ] ] ] ] } },
{ "type": "Feature", "properties": { "fid": 58, "qgs_fid": 931, "dialgeo": 201202, "sede": "SAN PEDRO SULA", "subsede": "SAN PEDRO SULA", "dial": 3, "DIAL_1": 2 }, "geometry": { "type": "MultiPolygon", "coordinates": [ [ [ [ -87.989431373643768, 15.501858013646173 ], [ -87.99152731083305, 15.504105101364969 ], [ -87.992314613451256, 15.504786329736573 ], [ -87.995410624135658, 15.507913920594591 ], [ -87.997333642104735, 15.509961249076113 ], [ -87.998450402894179, 15.511069813969305 ], [ -88.000262024433667, 15.512781777933762 ], [ -88.001829177287064, 15.514236958565133 ], [ -88.002316248279612, 15.514587713571734 ], [ -88.002107590031812, 15.515353416658613 ], [ -87.999788510535993, 15.514327486421514 ], [ -87.996943625203926, 15.513557858541999 ], [ -87.994015815609316, 15.512907627090474 ], [ -87.993201785514557, 15.512629323696627 ], [ -87.992780540911923, 15.512551714137512 ], [ -87.987883735727863, 15.510836937544049 ], [ -87.987191236022042, 15.510214580754106 ], [ -87.986395371448111, 15.508902528869434 ], [ -87.985443359560065, 15.507494116819519 ], [ -87.984242506952057, 15.505202547395994 ], [ -87.984013344477304, 15.503780123441926 ], [ -87.983897131049076, 15.502723841035916 ], [ -87.983960283398631, 15.501968702934649 ], [ -87.984498549392313, 15.501440602467691 ], [ -87.984858650717342, 15.501158623083679 ], [ -87.985011864940716, 15.500634932479946 ], [ -87.985188240083772, 15.500305244640369 ], [ -87.985465264538277, 15.500093728434196 ], [ -87.986578917032077, 15.499247635615085 ], [ -87.987016140375104, 15.498814337546872 ], [ -87.987699222175806, 15.498633356681264 ], [ -87.987837853505695, 15.498845714715594 ], [ -87.989431373643768, 15.501858013646173 ] ] ] ] } },
{ "type": "Feature", "properties": { "fid": 59, "qgs_fid": 935, "dialgeo": 201212, "sede": "SAN PEDRO SULA", "subsede": "SAN PEDRO SULA", "dial": 11, "DIAL_1": 10 }, "geometry": { "type": "MultiPolygon", "coordinates": [ [ [ [ -87.925122275577806, 15.420022719843335 ], [ -87.925012778313885, 15.420400612672099 ], [ -87.924935962983554, 15.42062739464153 ], [ -87.924937108354285, 15.420886203672282 ], [ -87.924728274607205, 15.421426268655498 ], [ -87.924518962790785, 15.421858496378162 ], [ -87.924377477701483, 15.422165820076494 ], [ -87.924283678994215, 15.422280498031496 ], [ -87.924115727568648, 15.422382572007514 ], [ -87.923632122918747, 15.422737558131718 ], [ -87.923135720620152, 15.423137768790721 ], [ -87.922306120710743, 15.423620252465888 ], [ -87.922086308636338, 15.423873289888553 ], [ -87.921464299541753, 15.424279271178706 ], [ -87.921257092314804, 15.424444011919215 ], [ -87.920959137584035, 15.424659553792269 ], [ -87.920829236780989, 15.424672698731206 ], [ -87.920518396686646, 15.424913505948805 ], [ -87.919832734866347, 15.425622296465887 ], [ -87.919729157717825, 15.425710969161965 ], [ -87.919651238972307, 15.425723898128355 ], [ -87.919443862421289, 15.425850819291812 ], [ -87.919275528249628, 15.425990184874738 ], [ -87.919081146928121, 15.426117051919162 ], [ -87.918873714179966, 15.426231366577493 ], [ -87.918562758606399, 15.426446959255477 ], [ -87.918407197449653, 15.426535846428074 ], [ -87.918277406056589, 15.426574201964746 ], [ -87.918082441884962, 15.426568705077758 ], [ -87.917913303084191, 15.426525282534691 ], [ -87.917796064320314, 15.426462735972981 ], [ -87.917626704178474, 15.426368889152501 ], [ -87.917366152530334, 15.426224994005333 ], [ -87.917144726789644, 15.426112452534396 ], [ -87.916866760736781, 15.426072104948251 ], [ -87.916294395327682, 15.425948405191095 ], [ -87.91608532508215, 15.426060097770563 ], [ -87.915669903356275, 15.42616266128184 ], [ -87.915150901661548, 15.426353894715582 ], [ -87.914735644383597, 15.426494274601074 ], [ -87.9141905390033, 15.426660400905137 ], [ -87.913684254679922, 15.426788547403326 ], [ -87.913333864210614, 15.426903445301424 ], [ -87.912762764836856, 15.427069675129349 ], [ -87.912008154462072, 15.426877379055444 ], [ -87.911370122564335, 15.426596358039097 ], [ -87.910719206427046, 15.426340600467409 ], [ -87.910002928619164, 15.425996864929555 ], [ -87.909115541806287, 15.425155879975017 ], [ -87.908358611949581, 15.424427813903593 ], [ -87.90700238386367, 15.423355520820905 ], [ -87.906180326033692, 15.422589893645418 ], [ -87.90567164162259, 15.422163355047124 ], [ -87.905332938506035, 15.421975641731242 ], [ -87.905471340617765, 15.421933920294835 ], [ -87.894639907670154, 15.421433576783842 ], [ -87.87567073939681, 15.429928806483909 ], [ -87.876452976152294, 15.436180451526612 ], [ -87.874088852343945, 15.439791639456143 ], [ -87.868602465749817, 15.451912865859859 ], [ -87.845180137598788, 15.442189875262757 ], [ -87.834481829413164, 15.436018725794009 ], [ -87.826105466518513, 15.432081501675821 ], [ -87.821963571298056, 15.422067611373175 ], [ -87.819080777384968, 15.409849007149889 ], [ -87.818016537311379, 15.406342674437555 ], [ -87.818868410710678, 15.40387535165897 ], [ -87.822622623648712, 15.401666912500108 ], [ -87.894339066530236, 15.410879956468532 ], [ -87.903183740163954, 15.39962884903977 ], [ -87.924044905470936, 15.397596646754835 ], [ -87.92861374439002, 15.40516949537184 ], [ -87.929161871079344, 15.408445513895964 ], [ -87.929840153271243, 15.410987679201169 ], [ -87.929534265916857, 15.41219675617176 ], [ -87.929406046118388, 15.413361954111995 ], [ -87.9292778252684, 15.414527151936975 ], [ -87.9280389081447, 15.415912669943264 ], [ -87.92693260908456, 15.417125085902779 ], [ -87.925751250569292, 15.418963276367265 ], [ -87.925353149605215, 15.419439427096529 ], [ -87.925122275577806, 15.420022719843335 ] ] ] ] } },
{ "type": "Feature", "properties": { "fid": 60, "qgs_fid": 936, "dialgeo": 201213, "sede": "SAN PEDRO SULA", "subsede": "SAN PEDRO SULA", "dial": 11, "DIAL_1": 10 }, "geometry": { "type": "MultiPolygon", "coordinates": [ [ [ [ -87.905810970956679, 15.42247158912016 ], [ -87.911056087191042, 15.426939446756005 ], [ -87.912800190788303, 15.427377630565926 ], [ -87.914296523582706, 15.427008219029283 ], [ -87.915285640643688, 15.426512681598558 ], [ -87.915656697921705, 15.426732623176536 ], [ -87.915709565132275, 15.426934105098331 ], [ -87.915710811026685, 15.427683734478418 ], [ -87.915698752705921, 15.428123634387532 ], [ -87.915666014517129, 15.429426498191763 ], [ -87.915705499315379, 15.430267696835871 ], [ -87.915711884652026, 15.43092187089942 ], [ -87.915715515342114, 15.431255921339684 ], [ -87.915720556691724, 15.431417680646707 ], [ -87.915738740475604, 15.432106746825527 ], [ -87.913399438421422, 15.432116385577931 ], [ -87.913362978644372, 15.431208885704793 ], [ -87.907454275837082, 15.431275140511204 ], [ -87.907464108418566, 15.431544034005892 ], [ -87.907415099637618, 15.432178131913455 ], [ -87.90715308304658, 15.434042921859866 ], [ -87.908750157091035, 15.435179779271982 ], [ -87.909783514298127, 15.435917315116464 ], [ -87.909840161538213, 15.435992720400119 ], [ -87.910045374150016, 15.436359561339508 ], [ -87.909634855758355, 15.436598662285707 ], [ -87.909417884254935, 15.436746157204025 ], [ -87.907206656331937, 15.436655550212283 ], [ -87.902465591378842, 15.436603247388698 ], [ -87.902523281243703, 15.437922469562773 ], [ -87.901913409393842, 15.437922035130306 ], [ -87.900471781021622, 15.438095939299085 ], [ -87.899187566692845, 15.43807625726842 ], [ -87.898166290228559, 15.438025230268879 ], [ -87.892648037531487, 15.43776385681578 ], [ -87.892738003159238, 15.436674820929541 ], [ -87.892438414117507, 15.431987870268282 ], [ -87.892587454232455, 15.431243286887119 ], [ -87.892848112722973, 15.43054069903728 ], [ -87.893682677343151, 15.42978585467505 ], [ -87.894661398526168, 15.428929873818666 ], [ -87.897438078704511, 15.427166848062649 ], [ -87.900505427768621, 15.422071956074976 ], [ -87.905810970956679, 15.42247158912016 ] ] ] ] } },
{ "type": "Feature", "properties": { "fid": 61, "qgs_fid": 937, "dialgeo": 201214, "sede": "SAN PEDRO SULA", "subsede": "SAN PEDRO SULA", "dial": 11, "DIAL_1": 10 }, "geometry": { "type": "MultiPolygon", "coordinates": [ [ [ [ -87.917094906563293, 15.426605352316825 ], [ -87.917416465323683, 15.426830936268139 ], [ -87.918145337168639, 15.427080048225472 ], [ -87.918544318317288, 15.427179247882076 ], [ -87.918111577603426, 15.427714468432782 ], [ -87.91918151379781, 15.428252342925301 ], [ -87.919702384406321, 15.42848550215324 ], [ -87.920657193261391, 15.428884944054136 ], [ -87.920935031938328, 15.429018258120308 ], [ -87.921782157876862, 15.429556810083758 ], [ -87.922442530035752, 15.429986880740033 ], [ -87.922330677697929, 15.430163832617406 ], [ -87.921685181009352, 15.431141394982436 ], [ -87.921272088214749, 15.431773421076985 ], [ -87.920878830961641, 15.432114336887389 ], [ -87.916923791940448, 15.435927333559334 ], [ -87.916386741108013, 15.436478938420059 ], [ -87.916227462989767, 15.436578422636813 ], [ -87.915978092044881, 15.436719174863692 ], [ -87.915869150399018, 15.436800702764376 ], [ -87.912849245559102, 15.436878163359159 ], [ -87.909593397501737, 15.436755571582962 ], [ -87.909579628770317, 15.436708417144782 ], [ -87.910054075051619, 15.43636792982606 ], [ -87.909896396782543, 15.435973580448382 ], [ -87.90975937634002, 15.435845978628985 ], [ -87.907367662060196, 15.434101441645652 ], [ -87.907214059540195, 15.433983275654498 ], [ -87.907454959880255, 15.43223294684821 ], [ -87.907513802179849, 15.431611459213959 ], [ -87.907520581258922, 15.431330547116513 ], [ -87.907877855245147, 15.431301772571995 ], [ -87.911070579742471, 15.4312928934227 ], [ -87.913332852020503, 15.431254182057998 ], [ -87.913348752857701, 15.432165968619632 ], [ -87.91575827150416, 15.432115070407617 ], [ -87.915735246812744, 15.431400073318944 ], [ -87.915714636675403, 15.431095665645438 ], [ -87.91572206595589, 15.430905994804395 ], [ -87.915711349400354, 15.429850034818504 ], [ -87.915685394232071, 15.429333130572978 ], [ -87.9157284210401, 15.428533356873443 ], [ -87.915722515328497, 15.426800110316137 ], [ -87.915683049106889, 15.426691018940783 ], [ -87.915933877150025, 15.426593336477781 ], [ -87.916453155094572, 15.426465131308477 ], [ -87.916756205194801, 15.426421859453656 ], [ -87.917094906563293, 15.426605352316825 ] ] ] ] } },
{ "type": "Feature", "properties": { "fid": 62, "qgs_fid": 938, "dialgeo": 201215, "sede": "SAN PEDRO SULA", "subsede": "SAN PEDRO SULA", "dial": 10, "DIAL_1": 9 }, "geometry": { "type": "MultiPolygon", "coordinates": [ [ [ [ -87.921030414250438, 15.43205247766555 ], [ -87.921347740492351, 15.431845606218964 ], [ -87.922493460852692, 15.432410858899397 ], [ -87.922594552664208, 15.435017079170988 ], [ -87.922427279508298, 15.436584530559713 ], [ -87.922186522889078, 15.436589796524313 ], [ -87.920741563650637, 15.436756055773351 ], [ -87.920287110921109, 15.43673523759788 ], [ -87.920827298223486, 15.444796776247742 ], [ -87.921915365265818, 15.445661442198867 ], [ -87.920601353999388, 15.449621354145263 ], [ -87.92050578483574, 15.451206202384547 ], [ -87.915974335323313, 15.451042416231671 ], [ -87.910603359793399, 15.45131870810882 ], [ -87.900851010080004, 15.450963100088973 ], [ -87.900871270466681, 15.446041014488358 ], [ -87.900822319835456, 15.443734265576513 ], [ -87.900777778909529, 15.442448606519466 ], [ -87.90080024767316, 15.440879033988161 ], [ -87.90077098798443, 15.438069735947048 ], [ -87.902562390283478, 15.437965713762701 ], [ -87.902640310588538, 15.441066733206016 ], [ -87.903082217327167, 15.441069136857598 ], [ -87.903905251940316, 15.4410447745426 ], [ -87.903875091334342, 15.440082619012294 ], [ -87.903870706110936, 15.439069933303923 ], [ -87.903874474255431, 15.438939653171731 ], [ -87.903917796209257, 15.438939476683126 ], [ -87.904649900723271, 15.438928088717223 ], [ -87.905087415873965, 15.438917900237513 ], [ -87.905377709277047, 15.438925120045143 ], [ -87.907024179691817, 15.438973022542539 ], [ -87.907552816728739, 15.438996073364942 ], [ -87.907580088783035, 15.439290107827539 ], [ -87.907595349154448, 15.440806998309675 ], [ -87.907609204665107, 15.441004439634598 ], [ -87.908584030292729, 15.441017257707154 ], [ -87.90997030788165, 15.441003171693863 ], [ -87.909918778958087, 15.439120849740897 ], [ -87.910025488162589, 15.438993918593834 ], [ -87.911269059024264, 15.438734646214042 ], [ -87.912776330665693, 15.43885553475674 ], [ -87.912903840980107, 15.436961743980762 ], [ -87.915459884932147, 15.436831740156322 ], [ -87.916000357687224, 15.436812032405316 ], [ -87.916518564641734, 15.436398264397454 ], [ -87.917111093050664, 15.435772700853219 ], [ -87.921030414250438, 15.43205247766555 ] ] ] ] } },
{ "type": "Feature", "properties": { "fid": 63, "qgs_fid": 939, "dialgeo": 201216, "sede": "SAN PEDRO SULA", "subsede": "SAN PEDRO SULA", "dial": 10, "DIAL_1": 9 }, "geometry": { "type": "MultiPolygon", "coordinates": [ [ [ [ -87.932020176671458, 15.43119833983982 ], [ -87.934040059551776, 15.430413410646974 ], [ -87.935394428188673, 15.432456643197879 ], [ -87.936247859540032, 15.434351005468192 ], [ -87.936626838971151, 15.434992971949608 ], [ -87.937250341781791, 15.436010184883671 ], [ -87.937518325834773, 15.436267865540115 ], [ -87.937753587417703, 15.436665874291176 ], [ -87.937960837823425, 15.437015473773638 ], [ -87.938178770440985, 15.437267973132226 ], [ -87.938430395886044, 15.437595816750047 ], [ -87.938586721892264, 15.437746129544619 ], [ -87.93882727938518, 15.43808480330865 ], [ -87.939129639981573, 15.438568797212916 ], [ -87.939549053727333, 15.4391223900067 ], [ -87.940041148022374, 15.439767336658848 ], [ -87.940417407350523, 15.440612274267385 ], [ -87.941342676568922, 15.442393076584777 ], [ -87.943316392246416, 15.446137467681831 ], [ -87.945860197560549, 15.450537218494203 ], [ -87.942795665639267, 15.452927592966478 ], [ -87.935824833375662, 15.454493941094574 ], [ -87.914784039058475, 15.478812037255311 ], [ -87.908796821163349, 15.474278371544234 ], [ -87.90447747111044, 15.47131082748094 ], [ -87.909973544209606, 15.465499107706115 ], [ -87.920858450999617, 15.452686011879015 ], [ -87.923337207480088, 15.451402453151678 ], [ -87.928156418030952, 15.446573061695609 ], [ -87.92812258153397, 15.446601693723158 ], [ -87.926815490571954, 15.446411309532762 ], [ -87.922219624830234, 15.445645533164249 ], [ -87.922109901508307, 15.445566086927332 ], [ -87.921973600824487, 15.445604472189569 ], [ -87.920903917532428, 15.44467583769139 ], [ -87.920841561801396, 15.441321687033975 ], [ -87.920692854721054, 15.440072284127444 ], [ -87.920579379729446, 15.438069517297679 ], [ -87.920413990882423, 15.436782789076872 ], [ -87.921025207495262, 15.436758885146929 ], [ -87.922616517943723, 15.43663766334098 ], [ -87.922732282866363, 15.435159787716534 ], [ -87.923854776525232, 15.435068846506402 ], [ -87.923864080954559, 15.434659019654665 ], [ -87.92617590864414, 15.434509193211687 ], [ -87.926420494391436, 15.434508172362291 ], [ -87.927165416938792, 15.434515845441393 ], [ -87.927184683221398, 15.43384716378656 ], [ -87.927265095537052, 15.433178226648314 ], [ -87.927320072277865, 15.433040502355574 ], [ -87.928192587352029, 15.431740092612269 ], [ -87.92873516899995, 15.431249852120107 ], [ -87.92888412616891, 15.430995807464765 ], [ -87.929209520890012, 15.430417507591763 ], [ -87.929407233152432, 15.429877485512115 ], [ -87.929582565993115, 15.429305205330017 ], [ -87.930174337326235, 15.428628733680354 ], [ -87.930476039094486, 15.428972553756511 ], [ -87.930756228162224, 15.429478221829642 ], [ -87.931550410579391, 15.43056406278021 ], [ -87.932020176671458, 15.43119833983982 ] ] ] ] } },
{ "type": "Feature", "properties": { "fid": 64, "qgs_fid": 940, "dialgeo": 201218, "sede": "SAN PEDRO SULA", "subsede": "SAN PEDRO SULA", "dial": 8, "DIAL_1": 7 }, "geometry": { "type": "MultiPolygon", "coordinates": [ [ [ [ -87.944262974821982, 15.474077159383011 ], [ -87.94448349378041, 15.474078621656664 ], [ -87.944621061556219, 15.47409125021813 ], [ -87.944771028338252, 15.474106228590065 ], [ -87.94496930325036, 15.474119799295879 ], [ -87.945057285975551, 15.474125430791586 ], [ -87.945205975815355, 15.474132004511945 ], [ -87.945458867459436, 15.474169369629559 ], [ -87.945825707834175, 15.474201442130958 ], [ -87.95752072826329, 15.475376600916578 ], [ -87.957356447847829, 15.476290372868963 ], [ -87.95948002709693, 15.47687226660519 ], [ -87.959699078439016, 15.47709237397677 ], [ -87.960333520691208, 15.478135443766634 ], [ -87.960633236278568, 15.478897532995884 ], [ -87.963471744843616, 15.478780766168017 ], [ -87.962086937770295, 15.481243641783912 ], [ -87.960171144827882, 15.480598402157971 ], [ -87.957967023316399, 15.479752558787924 ], [ -87.956338664715361, 15.479106040373049 ], [ -87.954392399323368, 15.478172922663175 ], [ -87.954471182066783, 15.478181816397921 ], [ -87.954316318041847, 15.478158827521177 ], [ -87.952639120739889, 15.477825505014083 ], [ -87.951694527526158, 15.477607611622094 ], [ -87.951363646626021, 15.477525700062884 ], [ -87.951052947340784, 15.477520624785541 ], [ -87.950857762032769, 15.477479796341722 ], [ -87.950672521059587, 15.477445335308886 ], [ -87.948939352621224, 15.477509894225363 ], [ -87.948840250108773, 15.47957522326678 ], [ -87.94879561371593, 15.479867404532829 ], [ -87.947939579197637, 15.479914207422597 ], [ -87.945516520700139, 15.480161814771021 ], [ -87.943392502066018, 15.480261318353596 ], [ -87.943421582779393, 15.478647039761009 ], [ -87.943416916337469, 15.478322534595119 ], [ -87.94346665200969, 15.477628407346568 ], [ -87.943514854516167, 15.477325315091848 ], [ -87.943550933577015, 15.477264263441086 ], [ -87.943653399875743, 15.476172472567702 ], [ -87.943736976120917, 15.475652881735028 ], [ -87.943759413664012, 15.475498938803264 ], [ -87.943769052574041, 15.47543799983025 ], [ -87.943768202746185, 15.475250502066237 ], [ -87.943774456778414, 15.475171949185057 ], [ -87.943794003317407, 15.47510936540157 ], [ -87.943835478830366, 15.474780660523308 ], [ -87.943859052994981, 15.474512929835285 ], [ -87.943987877439653, 15.474060311369305 ], [ -87.944262974821982, 15.474077159383011 ] ] ] ] } },
{ "type": "Feature", "properties": { "fid": 65, "qgs_fid": 941, "dialgeo": 201219, "sede": "SAN PEDRO SULA", "subsede": "SAN PEDRO SULA", "dial": 8, "DIAL_1": 7 }, "geometry": { "type": "MultiPolygon", "coordinates": [ [ [ [ -87.964899994370512, 15.47859658843527 ], [ -87.965236833984903, 15.478351403234148 ], [ -87.96679630112088, 15.478260557646738 ], [ -87.967682407196008, 15.478727310904381 ], [ -87.971027278319752, 15.48053633363752 ], [ -87.971794402377256, 15.480921126960826 ], [ -87.972052215352221, 15.481036075184598 ], [ -87.976666799517176, 15.48255973762635 ], [ -87.977696775870783, 15.482847571783466 ], [ -87.978043479451216, 15.482931862297917 ], [ -87.978258450938753, 15.483151749373151 ], [ -87.979722643448056, 15.484888739760637 ], [ -87.98041540080078, 15.485646183379798 ], [ -87.980415943727564, 15.48576141004636 ], [ -87.984158211705278, 15.490626089978134 ], [ -87.98487318668505, 15.492488484339358 ], [ -87.98762028511122, 15.498605993324954 ], [ -87.986958903268004, 15.498763370636254 ], [ -87.986423302688024, 15.499264505449698 ], [ -87.98596934477402, 15.499687093407312 ], [ -87.985680970465424, 15.499850134287575 ], [ -87.985448353235043, 15.500045277301837 ], [ -87.985149265990572, 15.500294634644005 ], [ -87.984972763048034, 15.500597363849378 ], [ -87.984786467044017, 15.501180511986988 ], [ -87.983950054842992, 15.501863607661905 ], [ -87.983913656428427, 15.501373562815656 ], [ -87.982759937566883, 15.495128738085336 ], [ -87.976844060000289, 15.490586928845056 ], [ -87.974315697388832, 15.486210612007419 ], [ -87.972284470637362, 15.485329874476399 ], [ -87.971345485000626, 15.484838558468443 ], [ -87.970453888306281, 15.484547438897971 ], [ -87.968455061062116, 15.483568661789137 ], [ -87.967810686786549, 15.483348214138545 ], [ -87.966926987233052, 15.483040681432264 ], [ -87.966301033382635, 15.483017025051298 ], [ -87.966098518901617, 15.482857344409048 ], [ -87.965865320408341, 15.482869172609005 ], [ -87.965579205181584, 15.483035151910451 ], [ -87.965266890760688, 15.483872575329814 ], [ -87.965046009321298, 15.484706873079949 ], [ -87.964493129268803, 15.48522210478327 ], [ -87.964059052522742, 15.485698356046459 ], [ -87.962860557751341, 15.486690755683604 ], [ -87.962517061001776, 15.486743532372708 ], [ -87.962252650156671, 15.486744682461753 ], [ -87.961952567859612, 15.486758791110294 ], [ -87.961601139894967, 15.486437936095891 ], [ -87.957645194132326, 15.486823910858552 ], [ -87.954818874866177, 15.486911455399968 ], [ -87.952375214271441, 15.486756016470599 ], [ -87.946687357271045, 15.488404534237802 ], [ -87.944805660218293, 15.492484559188208 ], [ -87.943025168427781, 15.494784488546712 ], [ -87.942325241376039, 15.494751204920213 ], [ -87.930992293217386, 15.494380300955944 ], [ -87.931334419954254, 15.490918498527199 ], [ -87.931387325445911, 15.488622324572434 ], [ -87.931199599885659, 15.486713681337491 ], [ -87.930888020178898, 15.48541546408017 ], [ -87.931205412719237, 15.485247751787071 ], [ -87.934841219007112, 15.483582582770554 ], [ -87.943165327792386, 15.482714028889527 ], [ -87.943464692569279, 15.480323612124982 ], [ -87.948962657728316, 15.47992060738094 ], [ -87.949061580645761, 15.478700252439465 ], [ -87.949039501863354, 15.477702009373113 ], [ -87.950958459807097, 15.477629592934324 ], [ -87.952183395740846, 15.477752690463049 ], [ -87.956448521197274, 15.479288178019297 ], [ -87.957322252788828, 15.47963040312915 ], [ -87.958335002578735, 15.480029689784956 ], [ -87.959238206459474, 15.480314112377609 ], [ -87.960419622841201, 15.480751102703934 ], [ -87.962127291659314, 15.481397244892129 ], [ -87.9625380995992, 15.480486002932963 ], [ -87.963491944230611, 15.478862373080265 ], [ -87.964621470700692, 15.478683073452341 ], [ -87.964899994370512, 15.47859658843527 ] ] ] ] } },
{ "type": "Feature", "properties": { "fid": 66, "qgs_fid": 943, "dialgeo": 201221, "sede": "SAN PEDRO SULA", "subsede": "SAN PEDRO SULA", "dial": 8, "DIAL_1": 7 }, "geometry": { "type": "MultiPolygon", "coordinates": [ [ [ [ -87.952526094047656, 15.458972078719334 ], [ -87.953162708170439, 15.45809285738609 ], [ -87.954305182039718, 15.458712668674981 ], [ -87.954782522890412, 15.459727138287507 ], [ -87.954974580297176, 15.460037260911355 ], [ -87.955114262282166, 15.460263568497737 ], [ -87.955831990995804, 15.461298039455382 ], [ -87.955932808976698, 15.461662991192911 ], [ -87.956098430196377, 15.462106189308725 ], [ -87.956183649805553, 15.462312553462255 ], [ -87.957030829495025, 15.463897751442319 ], [ -87.958420600314668, 15.466180233726119 ], [ -87.958546891301623, 15.466401071041554 ], [ -87.95896367641339, 15.467182596702713 ], [ -87.958336825065516, 15.47452949983537 ], [ -87.958175329707572, 15.475484297423083 ], [ -87.956707602220021, 15.475295930144295 ], [ -87.956524184334384, 15.475298325204124 ], [ -87.956241611637381, 15.4752379614647 ], [ -87.955230211838511, 15.475126993202128 ], [ -87.953762445987039, 15.474912263606617 ], [ -87.950360433277083, 15.474603715955155 ], [ -87.948000731223203, 15.474392774248194 ], [ -87.945368167119739, 15.474110888274325 ], [ -87.943984172652492, 15.474044444236338 ], [ -87.943796883414549, 15.47465101638649 ], [ -87.943820265105828, 15.474705404303229 ], [ -87.943792016710489, 15.475035655374709 ], [ -87.943732479962321, 15.475390078445633 ], [ -87.943700911893913, 15.475717138496137 ], [ -87.943531993489188, 15.477096073707752 ], [ -87.943364550676051, 15.478186196762191 ], [ -87.943385220904489, 15.47825696406904 ], [ -87.94338255493976, 15.478398002090882 ], [ -87.943349914586818, 15.478853272677586 ], [ -87.943325883768495, 15.480165329934673 ], [ -87.943133850878127, 15.481962091413395 ], [ -87.943069183045679, 15.482415286674049 ], [ -87.942958959851723, 15.482631432378152 ], [ -87.938606747825702, 15.483041474470888 ], [ -87.93664548457177, 15.483262136602404 ], [ -87.934622497220943, 15.483464798310344 ], [ -87.934142129774727, 15.483670090982065 ], [ -87.932735697933495, 15.484260667934695 ], [ -87.931637271972406, 15.484752732259432 ], [ -87.929982701103896, 15.485696013498771 ], [ -87.929017084460483, 15.485822278463012 ], [ -87.928272212650342, 15.48555811081085 ], [ -87.926601348322365, 15.485202376198725 ], [ -87.923937002701706, 15.484289928313826 ], [ -87.921399544197214, 15.482635961781334 ], [ -87.920032453221964, 15.480916241026017 ], [ -87.91921149215618, 15.479736193178148 ], [ -87.918645026085258, 15.475939468344723 ], [ -87.91861483894057, 15.475494042340404 ], [ -87.918827910533139, 15.475217988995078 ], [ -87.924367879974596, 15.47017793827194 ], [ -87.926620057812784, 15.469935045156465 ], [ -87.927653495010631, 15.469951771838002 ], [ -87.928200950141829, 15.469985355388783 ], [ -87.932834408631095, 15.469581890533217 ], [ -87.933508308531003, 15.469579051147537 ], [ -87.934118401823028, 15.469505132228587 ], [ -87.937732983567926, 15.466914707931045 ], [ -87.937952232239567, 15.466929884446275 ], [ -87.938878586724812, 15.467094378823765 ], [ -87.9394356378494, 15.467280771959221 ], [ -87.940051948722285, 15.467513471647807 ], [ -87.940432567988225, 15.467650469867948 ], [ -87.94070742638803, 15.467783821583561 ], [ -87.942059328829529, 15.468271344735612 ], [ -87.942777710457861, 15.468623134126588 ], [ -87.943458323323298, 15.469009490188059 ], [ -87.944425078474154, 15.469663737940941 ], [ -87.945115083519696, 15.4686742835078 ], [ -87.945971068826935, 15.467619585887654 ], [ -87.946411396711156, 15.466776702520459 ], [ -87.946454827024183, 15.466794521958233 ], [ -87.946980291010959, 15.467113066243185 ], [ -87.947965538377545, 15.467749182442974 ], [ -87.948520690865621, 15.468059169917538 ], [ -87.948904379786526, 15.468256958932209 ], [ -87.948965243844242, 15.468292740179589 ], [ -87.949015705177601, 15.46822043997483 ], [ -87.949677281972612, 15.467031199926138 ], [ -87.950034622613956, 15.466530676301989 ], [ -87.95051982878374, 15.466515988744211 ], [ -87.951054899346602, 15.466509490109194 ], [ -87.951955834120895, 15.466446791817969 ], [ -87.952048484700413, 15.466350284460022 ], [ -87.952602567020733, 15.465088613325312 ], [ -87.95307072993819, 15.461275760887789 ], [ -87.950703789675913, 15.46093825932727 ], [ -87.950862363030424, 15.460748904063367 ], [ -87.951041322165807, 15.460581240433878 ], [ -87.952526094047656, 15.458972078719334 ] ] ] ] } },
{ "type": "Feature", "properties": { "fid": 67, "qgs_fid": 944, "dialgeo": 201222, "sede": "SAN PEDRO SULA", "subsede": "SAN PEDRO SULA", "dial": 10, "DIAL_1": 9 }, "geometry": { "type": "MultiPolygon", "coordinates": [ [ [ [ -87.941971102396238, 15.459548751829505 ], [ -87.943038187459351, 15.459938273589486 ], [ -87.94446634602069, 15.460473372415683 ], [ -87.945611489468561, 15.460849984548613 ], [ -87.946497601258471, 15.461211427487923 ], [ -87.947242041629366, 15.461472554679709 ], [ -87.947862435428604, 15.461695765106702 ], [ -87.948030203829404, 15.461541268036674 ], [ -87.94814741707377, 15.461165929383586 ], [ -87.948353599765127, 15.460742153887923 ], [ -87.948408428074643, 15.460511926379183 ], [ -87.948528363783666, 15.460208866431453 ], [ -87.949837679601814, 15.460575034385172 ], [ -87.950308319190384, 15.460711906413376 ], [ -87.950768430901846, 15.460955660925197 ], [ -87.951568624808743, 15.461080409836439 ], [ -87.953055991528615, 15.461303456469917 ], [ -87.952946241532942, 15.462225401958172 ], [ -87.952768862464282, 15.463528481829314 ], [ -87.952569970355825, 15.46478014791527 ], [ -87.952555351615601, 15.465057579963226 ], [ -87.952399544364113, 15.465411185187998 ], [ -87.952262473143563, 15.465756340918404 ], [ -87.951966612376594, 15.466343205237969 ], [ -87.951922258506087, 15.466396257414656 ], [ -87.951698038009283, 15.466447899523589 ], [ -87.951142042140447, 15.466497185183059 ], [ -87.949956442215438, 15.466488991261317 ], [ -87.949324741492589, 15.467634652267877 ], [ -87.948957712699155, 15.468271147244154 ], [ -87.94829954413558, 15.467918351587402 ], [ -87.947741843743671, 15.467592756212822 ], [ -87.94640627505909, 15.466741867754578 ], [ -87.946506936878393, 15.466539602295093 ], [ -87.946166161707481, 15.466342211090828 ], [ -87.945586289537516, 15.466008146038103 ], [ -87.944588393692541, 15.465399862815632 ], [ -87.944080638978093, 15.465177666427776 ], [ -87.943916710129258, 15.46506262325998 ], [ -87.943245205977561, 15.464764554901 ], [ -87.942457415503199, 15.464329869662862 ], [ -87.942427894556701, 15.464297943682261 ], [ -87.942381399279768, 15.464266117319667 ], [ -87.940880377897003, 15.463542405987569 ], [ -87.940655775852051, 15.463408030806583 ], [ -87.940050508787763, 15.463545928626312 ], [ -87.938282735147922, 15.463539844744842 ], [ -87.938013065695401, 15.464175327832887 ], [ -87.937434785417409, 15.463950710108444 ], [ -87.936722721258093, 15.463726656478959 ], [ -87.931526866243772, 15.461295052228355 ], [ -87.932381658101349, 15.459846855983448 ], [ -87.932734663074086, 15.459219907097498 ], [ -87.933258882849145, 15.458739509379468 ], [ -87.933773939892973, 15.457899900879642 ], [ -87.934305417069609, 15.457401603968597 ], [ -87.935233101603714, 15.455995791238985 ], [ -87.937328352263293, 15.457086892630537 ], [ -87.937796598904299, 15.457365291729978 ], [ -87.938777085194658, 15.457814062038224 ], [ -87.940183026442668, 15.45860002772571 ], [ -87.941971102396238, 15.459548751829505 ] ] ] ] } },
{ "type": "Feature", "properties": { "fid": 68, "qgs_fid": 948, "dialgeo": 201226, "sede": "SAN PEDRO SULA", "subsede": "SAN PEDRO SULA", "dial": 5, "DIAL_1": 4 }, "geometry": { "type": "MultiPolygon", "coordinates": [ [ [ [ -87.994254714260293, 15.555346959678277 ], [ -87.994900762573252, 15.555086324338777 ], [ -87.994971514239936, 15.555377340211745 ], [ -87.994961032215102, 15.555601491600921 ], [ -87.994978297573738, 15.556789165112841 ], [ -87.995005632118747, 15.557127775441028 ], [ -87.995306359516405, 15.558370194510591 ], [ -87.995550550039994, 15.558671631688537 ], [ -87.996082809595549, 15.559322152407431 ], [ -87.996056999727244, 15.55993196272486 ], [ -87.995956266992721, 15.561913702268852 ], [ -87.995858057525766, 15.563124307172638 ], [ -87.995801253523666, 15.563931337856131 ], [ -87.995252556294261, 15.565211209804461 ], [ -87.99445787654453, 15.565819879808613 ], [ -87.993645046071663, 15.566260551109885 ], [ -87.99347222141148, 15.566378985337611 ], [ -87.993175726599375, 15.56655889559471 ], [ -87.992899019821877, 15.566709545906161 ], [ -87.99272874248571, 15.566819340607729 ], [ -87.992295751061363, 15.566922138756119 ], [ -87.991984051726618, 15.567007581968541 ], [ -87.991689771683482, 15.567109754116348 ], [ -87.991170486348935, 15.567296977697538 ], [ -87.990539837987754, 15.567463304535407 ], [ -87.989783995147931, 15.567596106050472 ], [ -87.988632869529525, 15.567843082739287 ], [ -87.983673481817377, 15.569604902043045 ], [ -87.982191972140512, 15.5643422563692 ], [ -87.981425778348779, 15.561824493722385 ], [ -87.982295655761462, 15.561160081615787 ], [ -87.984153253591387, 15.560434656414284 ], [ -87.984844768358869, 15.560005767625098 ], [ -87.985294821962341, 15.559846882207223 ], [ -87.985640470789292, 15.55961002641236 ], [ -87.98614794396758, 15.55937244587162 ], [ -87.986309395466066, 15.55929328660843 ], [ -87.986447942520272, 15.559259050678486 ], [ -87.98725498394009, 15.558818432269051 ], [ -87.989988228601817, 15.557506363446958 ], [ -87.990876059407043, 15.557042959070289 ], [ -87.991348897027578, 15.556816728106345 ], [ -87.991579589701175, 15.556714843241407 ], [ -87.991821840901579, 15.556612906122913 ], [ -87.992075435886818, 15.556466096837706 ], [ -87.992490477046218, 15.556240123741663 ], [ -87.992744285930954, 15.556138133604819 ], [ -87.993032663277219, 15.556013577000771 ], [ -87.993401682546633, 15.555832630491329 ], [ -87.994254714260293, 15.555346959678277 ] ] ] ] } },
{ "type": "Feature", "properties": { "fid": 69, "qgs_fid": 949, "dialgeo": 201228, "sede": "SAN PEDRO SULA", "subsede": "SAN PEDRO SULA", "dial": 5, "DIAL_1": 4 }, "geometry": { "type": "MultiPolygon", "coordinates": [ [ [ [ -87.992190948861207, 15.529651253184383 ], [ -87.993220803008512, 15.527495215947189 ], [ -87.993907146480751, 15.526013035611779 ], [ -87.99471989396632, 15.524581786249422 ], [ -87.997049097531416, 15.516048621893709 ], [ -87.997784557613713, 15.513977934991457 ], [ -87.999832542690882, 15.514489718356112 ], [ -88.001952105351904, 15.515463372910196 ], [ -88.002073812917544, 15.515538456051376 ], [ -88.001364563003477, 15.519441089687684 ], [ -88.001613416066832, 15.520717356049277 ], [ -88.00172294214471, 15.521859791356407 ], [ -88.002891326284498, 15.523493157212346 ], [ -88.004799731764706, 15.527274507571885 ], [ -88.005097470536057, 15.528693636779135 ], [ -88.005589877568923, 15.530136864404957 ], [ -88.00566476175004, 15.531279453191782 ], [ -88.005517838441747, 15.532263378580561 ], [ -88.004968134197199, 15.533307965930881 ], [ -88.003544309226882, 15.535603983252532 ], [ -88.002032183130225, 15.53750173374967 ], [ -88.000169965778824, 15.539609059347182 ], [ -87.999589867120307, 15.540651672000173 ], [ -87.995945675604787, 15.540493047367615 ], [ -87.995065252295802, 15.54046541313684 ], [ -87.994925887027676, 15.540522014452421 ], [ -87.994255340203864, 15.541543735212212 ], [ -87.993616025073067, 15.542141470890858 ], [ -87.993267086583032, 15.542588450210538 ], [ -87.992535259908678, 15.543195095697788 ], [ -87.987668531729184, 15.547311224124815 ], [ -87.986325083251145, 15.546146902110509 ], [ -87.985004025581034, 15.544445200704976 ], [ -87.984287519726109, 15.543370441922528 ], [ -87.984018830030493, 15.542788280915374 ], [ -87.984346244197397, 15.542497661144088 ], [ -87.985513536710329, 15.54179964885301 ], [ -87.986841919890168, 15.540415464426456 ], [ -87.988324232531284, 15.538593578839947 ], [ -87.988721052055837, 15.538188412020203 ], [ -87.98932366361818, 15.537311701775943 ], [ -87.989720077663037, 15.536822495891942 ], [ -87.990098148828366, 15.535887013293701 ], [ -87.990367259664296, 15.535234274283225 ], [ -87.991072790004139, 15.532407322449632 ], [ -87.991615659599333, 15.53079677293392 ], [ -87.992190948861207, 15.529651253184383 ] ] ] ] } },
{ "type": "Feature", "properties": { "fid": 70, "qgs_fid": 950, "dialgeo": 201229, "sede": "SAN PEDRO SULA", "subsede": "SAN PEDRO SULA", "dial": 9, "DIAL_1": 8 }, "geometry": { "type": "MultiPolygon", "coordinates": [ [ [ [ -87.996166346327925, 15.462940701467589 ], [ -87.996255303898266, 15.461547217184338 ], [ -87.996574162270647, 15.457338596259287 ], [ -87.998909814964165, 15.45854345502306 ], [ -88.001132758094315, 15.459943682720827 ], [ -88.005239154875298, 15.46408646472935 ], [ -88.00883850387396, 15.468974571086283 ], [ -88.008240876394495, 15.47214785644978 ], [ -88.006814811641476, 15.471866538793801 ], [ -88.006528121747778, 15.471828540302473 ], [ -88.006184632811369, 15.471744404070483 ], [ -88.002840781687041, 15.471421565800354 ], [ -88.002571989673356, 15.471389167065416 ], [ -88.001297556448364, 15.471268873825277 ], [ -87.999639185580591, 15.471187214992899 ], [ -87.997497033355657, 15.471138955872378 ], [ -87.995918788188135, 15.470910748136168 ], [ -87.995478931208424, 15.470781939087258 ], [ -87.995586245996506, 15.470231522303971 ], [ -87.995738206994375, 15.469390442744402 ], [ -87.995874001058269, 15.467043151617084 ], [ -87.996166346327925, 15.462940701467589 ] ] ] ] } },
{ "type": "Feature", "properties": { "fid": 71, "qgs_fid": 951, "dialgeo": 201230, "sede": "SAN PEDRO SULA", "subsede": "SAN PEDRO SULA", "dial": 6, "DIAL_1": 5 }, "geometry": { "type": "MultiPolygon", "coordinates": [ [ [ [ -87.997419526853363, 15.47124015247805 ], [ -88.000857064455715, 15.471332024399649 ], [ -88.006563977523214, 15.471871932582857 ], [ -88.008235271669605, 15.472294375697212 ], [ -88.00756102768176, 15.477920069354674 ], [ -88.007509030703986, 15.478664376321962 ], [ -88.003069507980058, 15.478646379805269 ], [ -88.000592600928073, 15.478364069526727 ], [ -87.999310237306645, 15.478224707424825 ], [ -87.998541763992961, 15.478213752244478 ], [ -87.998134838467891, 15.47812904956837 ], [ -87.994908138467721, 15.477804245745421 ], [ -87.995452677950681, 15.474135128702555 ], [ -87.995955889560221, 15.471120951788711 ], [ -87.997419526853363, 15.47124015247805 ] ] ] ] } },
{ "type": "Feature", "properties": { "fid": 72, "qgs_fid": 952, "dialgeo": 201231, "sede": "SAN PEDRO SULA", "subsede": "SAN PEDRO SULA", "dial": 6, "DIAL_1": 5 }, "geometry": { "type": "MultiPolygon", "coordinates": [ [ [ [ -87.987995565339304, 15.477472188331394 ], [ -87.990277926807863, 15.477486455342717 ], [ -87.99147292181928, 15.477533990885 ], [ -87.991367951628874, 15.479353938994519 ], [ -87.99130245746916, 15.480108361768082 ], [ -87.991327041524983, 15.481946442372436 ], [ -87.991298053218387, 15.483042960616331 ], [ -87.991308125409034, 15.485157353866631 ], [ -87.991269789104862, 15.487512240626362 ], [ -87.991311053908618, 15.488372247421854 ], [ -87.990339785496644, 15.488379000134245 ], [ -87.989968236539255, 15.488404690741504 ], [ -87.989757627295518, 15.488405633065444 ], [ -87.989203848803513, 15.488408109866766 ], [ -87.988596490161754, 15.488345949879115 ], [ -87.988218506793544, 15.488321208097197 ], [ -87.988316922598656, 15.487131396339345 ], [ -87.988331886557532, 15.486891052283347 ], [ -87.988332353462994, 15.486807607818326 ], [ -87.988328404438349, 15.486679623886753 ], [ -87.988324072067641, 15.486289192750412 ], [ -87.988123439306207, 15.484722102221989 ], [ -87.987996640572149, 15.477698761254381 ], [ -87.987995565339304, 15.477472188331394 ] ] ] ] } },
{ "type": "Feature", "properties": { "fid": 73, "qgs_fid": 953, "dialgeo": 201232, "sede": "SAN PEDRO SULA", "subsede": "SAN PEDRO SULA", "dial": 9, "DIAL_1": 8 }, "geometry": { "type": "MultiPolygon", "coordinates": [ [ [ [ -87.984939862406421, 15.450909096528832 ], [ -87.989526615155114, 15.453376254440453 ], [ -87.993001807857397, 15.455310438792594 ], [ -87.996339066677535, 15.457379648453726 ], [ -87.995959088207186, 15.462459854212053 ], [ -87.995477826684393, 15.470550835048643 ], [ -87.995357152606829, 15.470685840870035 ], [ -87.988162949274354, 15.468645559280588 ], [ -87.985993631257529, 15.468237879587956 ], [ -87.983173113500925, 15.467692926958192 ], [ -87.976103382022458, 15.466075401774505 ], [ -87.974496225455866, 15.463359577152225 ], [ -87.974078408867669, 15.46281575341612 ], [ -87.967683194214416, 15.451724639990902 ], [ -87.967203529853961, 15.448605157377663 ], [ -87.975694839042305, 15.445436933787608 ], [ -87.984939862406421, 15.450909096528832 ] ] ] ] } },
{ "type": "Feature", "properties": { "fid": 74, "qgs_fid": 954, "dialgeo": 201233, "sede": "SAN PEDRO SULA", "subsede": "SAN PEDRO SULA", "dial": 6, "DIAL_1": 5 }, "geometry": { "type": "MultiPolygon", "coordinates": [ [ [ [ -87.995512213068267, 15.472743985981593 ], [ -87.995675929121589, 15.472553270368767 ], [ -87.995669544286969, 15.472761416190739 ], [ -87.994847435157595, 15.477745920810088 ], [ -87.992224722564643, 15.47749329268415 ], [ -87.991284678903725, 15.477405842835537 ], [ -87.991594953811386, 15.475670734438841 ], [ -87.991994522099873, 15.475386307007625 ], [ -87.994763523168771, 15.473193479073968 ], [ -87.995573581092827, 15.472590211804844 ], [ -87.995512213068267, 15.472743985981593 ] ] ] ] } },
{ "type": "Feature", "properties": { "fid": 75, "qgs_fid": 955, "dialgeo": 201234, "sede": "SAN PEDRO SULA", "subsede": "SAN PEDRO SULA", "dial": 10, "DIAL_1": 9 }, "geometry": { "type": "MultiPolygon", "coordinates": [ [ [ [ -87.951104064531989, 15.451611181981376 ], [ -87.951461486527705, 15.451725033890739 ], [ -87.951799607912093, 15.451954353536197 ], [ -87.952236077693641, 15.452010172037152 ], [ -87.952474429539521, 15.452101849025953 ], [ -87.952950836583469, 15.452218640921895 ], [ -87.953426962263691, 15.452274286572381 ], [ -87.954141195137908, 15.452367368363925 ], [ -87.954935179170491, 15.452556258798724 ], [ -87.956006133998457, 15.45260933587843 ], [ -87.957280747191334, 15.452956915565482 ], [ -87.959415671274954, 15.454114104945008 ], [ -87.960272199671408, 15.455423130621888 ], [ -87.963341915164875, 15.455914053473931 ], [ -87.965165484930893, 15.456437719833973 ], [ -87.965564382133124, 15.45723507181912 ], [ -87.965581360443764, 15.458512549861812 ], [ -87.965180732219906, 15.45973097757892 ], [ -87.962120229291713, 15.46161261536483 ], [ -87.960488371348347, 15.462841264785283 ], [ -87.955980115367154, 15.460156494195409 ], [ -87.955659662656984, 15.459932029425545 ], [ -87.955575795331129, 15.459872694233812 ], [ -87.955254308728598, 15.45961565574679 ], [ -87.954325001470252, 15.458712583330069 ], [ -87.953181978242924, 15.457972634519894 ], [ -87.952538280099915, 15.4589022787299 ], [ -87.952034951048489, 15.459410352926705 ], [ -87.951576692975053, 15.459918616742913 ], [ -87.950715081051229, 15.460882149108151 ], [ -87.950267933331133, 15.460662911701768 ], [ -87.949083357799907, 15.460326710094128 ], [ -87.948540280367766, 15.460103001781899 ], [ -87.948235394019505, 15.459981487647326 ], [ -87.948110509150467, 15.459754008659088 ], [ -87.948409156632451, 15.458521820144016 ], [ -87.948527053993033, 15.458285736844127 ], [ -87.948787020477553, 15.45767885018676 ], [ -87.948855412366697, 15.457457401850077 ], [ -87.948901582326627, 15.457405943996436 ], [ -87.94912833034445, 15.457205541365774 ], [ -87.949396609027389, 15.456609476760523 ], [ -87.949626172251314, 15.454716024205222 ], [ -87.950327737269092, 15.45167273107462 ], [ -87.951104064531989, 15.451611181981376 ] ] ] ] } },
{ "type": "Feature", "properties": { "fid": 76, "qgs_fid": 956, "dialgeo": 201235, "sede": "SAN PEDRO SULA", "subsede": "SAN PEDRO SULA", "dial": 8, "DIAL_1": 7 }, "geometry": { "type": "MultiPolygon", "coordinates": [ [ [ [ -87.96571915046367, 15.452028774789689 ], [ -87.967438502357595, 15.451744616943794 ], [ -87.967824950383786, 15.452396344222345 ], [ -87.968463023098408, 15.453670657158671 ], [ -87.972597550594429, 15.460526586384123 ], [ -87.975961251769803, 15.466125604044798 ], [ -87.975480646016422, 15.46687654391855 ], [ -87.974994097899952, 15.467029860902237 ], [ -87.973816030811932, 15.469485793290715 ], [ -87.973733835950114, 15.469647284790373 ], [ -87.973639161234701, 15.469728361617328 ], [ -87.972804121849023, 15.469017608338465 ], [ -87.971873230613596, 15.468134427910945 ], [ -87.971479371654439, 15.467755898322055 ], [ -87.971123521499607, 15.467884211238257 ], [ -87.970459184318315, 15.468106059046129 ], [ -87.968501754370536, 15.468759912389878 ], [ -87.966850045312299, 15.469366322799848 ], [ -87.977589808924961, 15.482377534421582 ], [ -87.977676496007618, 15.482492380673214 ], [ -87.977709375007095, 15.482535446366661 ], [ -87.977757296226414, 15.482618775811403 ], [ -87.978042787448018, 15.482925334606586 ], [ -87.97664383220237, 15.482521371055112 ], [ -87.972505718344593, 15.481069274768267 ], [ -87.971278747796532, 15.480568846305749 ], [ -87.968509906513418, 15.479053024299397 ], [ -87.966789921355172, 15.478169717039268 ], [ -87.965247942497697, 15.478294102385743 ], [ -87.964651848968231, 15.478667501105429 ], [ -87.960647565080137, 15.478869929781338 ], [ -87.96035506164263, 15.478093192981 ], [ -87.959677044912908, 15.476967084982579 ], [ -87.959404032775922, 15.476780088457728 ], [ -87.957399557882383, 15.476236123593848 ], [ -87.957532115133262, 15.475428211730831 ], [ -87.958213915345539, 15.475523776515701 ], [ -87.95826245055386, 15.475302509491165 ], [ -87.958417479511709, 15.474532944672301 ], [ -87.959166092818663, 15.467138106085583 ], [ -87.957214065762273, 15.463896959843842 ], [ -87.956232654841088, 15.462275718553999 ], [ -87.955867181474119, 15.461313256255719 ], [ -87.955126462959697, 15.460153349304818 ], [ -87.954863894424321, 15.4596909438647 ], [ -87.954406199137154, 15.458828848976879 ], [ -87.955393007646961, 15.459803358486415 ], [ -87.960466602935824, 15.462923911761784 ], [ -87.962746632339972, 15.461343994262064 ], [ -87.964968855729595, 15.460032364721656 ], [ -87.965233932731479, 15.459828378221461 ], [ -87.965620904411693, 15.458569521692812 ], [ -87.96567355881777, 15.457216881263014 ], [ -87.965296439405577, 15.456361361986046 ], [ -87.963831984421546, 15.455880923046136 ], [ -87.960450465098674, 15.455383409831287 ], [ -87.959542346999839, 15.454094066800605 ], [ -87.958865197879177, 15.453443147085951 ], [ -87.958882340085097, 15.452790274113021 ], [ -87.960327131326594, 15.452282966745345 ], [ -87.962110900168256, 15.45212138603941 ], [ -87.96381499991881, 15.451883214061246 ], [ -87.96571915046367, 15.452028774789689 ] ] ] ] } },
{ "type": "Feature", "properties": { "fid": 77, "qgs_fid": 957, "dialgeo": 201236, "sede": "SAN PEDRO SULA", "subsede": "SAN PEDRO SULA", "dial": 6, "DIAL_1": 5 }, "geometry": { "type": "MultiPolygon", "coordinates": [ [ [ [ -87.976043778657456, 15.466123639339934 ], [ -87.982996888913021, 15.467788900383399 ], [ -87.98322064094701, 15.46944423550352 ], [ -87.980890338798432, 15.470673017201893 ], [ -87.979219635470812, 15.470139022388912 ], [ -87.977213588602368, 15.469451783172603 ], [ -87.976295997534038, 15.470399525903634 ], [ -87.975283656561558, 15.471391952026888 ], [ -87.974089518800213, 15.470118161342453 ], [ -87.97370785673165, 15.469808720212864 ], [ -87.974984279755731, 15.467100859410515 ], [ -87.975493778898766, 15.4669082332756 ], [ -87.976043778657456, 15.466123639339934 ] ] ] ] } },
{ "type": "Feature", "properties": { "fid": 78, "qgs_fid": 958, "dialgeo": 201237, "sede": "SAN PEDRO SULA", "subsede": "SAN PEDRO SULA", "dial": 6, "DIAL_1": 5 }, "geometry": { "type": "MultiPolygon", "coordinates": [ [ [ [ -87.982964721836595, 15.473725588973936 ], [ -87.982983546003041, 15.474212683714374 ], [ -87.982992040517729, 15.475312002235981 ], [ -87.983017444741236, 15.47579265743966 ], [ -87.983020652701171, 15.476472128594846 ], [ -87.983048735919795, 15.477520077985801 ], [ -87.981821380602341, 15.477443794279807 ], [ -87.978672048587711, 15.477222012373153 ], [ -87.978147425186492, 15.475451834837779 ], [ -87.97839322838189, 15.4753337746774 ], [ -87.978658133356447, 15.475265296290468 ], [ -87.982019789909728, 15.474050293920575 ], [ -87.982072260766742, 15.474007393024323 ], [ -87.9821261948493, 15.474011961483392 ], [ -87.982231507712754, 15.473973417396836 ], [ -87.982359111826383, 15.473937351494714 ], [ -87.982837739060344, 15.473780439382697 ], [ -87.982964721836595, 15.473725588973936 ] ] ] ] } },
{ "type": "Feature", "properties": { "fid": 79, "qgs_fid": 959, "dialgeo": 201239, "sede": "SAN PEDRO SULA", "subsede": "SAN PEDRO SULA", "dial": 17, "DIAL_1": 16 }, "geometry": { "type": "MultiPolygon", "coordinates": [ [ [ [ -87.926466449216392, 15.56116115062405 ], [ -87.926715021327141, 15.558588467725158 ], [ -87.927628643306463, 15.556940478651784 ], [ -87.929011006516234, 15.555129990691141 ], [ -87.931035906154392, 15.553578253878184 ], [ -87.933361034507001, 15.554691408814367 ], [ -87.936281008173026, 15.556258980351732 ], [ -87.937983977853222, 15.557092140664361 ], [ -87.939443916263201, 15.557859091188051 ], [ -87.94073536684192, 15.559702464840504 ], [ -87.941884459758086, 15.560739653012533 ], [ -87.942928153091614, 15.561474741335957 ], [ -87.943470482151156, 15.562531324385494 ], [ -87.94364494378523, 15.562765889309869 ], [ -87.943907020222937, 15.563201774804352 ], [ -87.944309496661958, 15.564006834271554 ], [ -87.945306341524343, 15.565868246865067 ], [ -87.947484005360991, 15.566499832593951 ], [ -87.947988574338552, 15.567711561258465 ], [ -87.948142352969015, 15.568198344921287 ], [ -87.948244576464859, 15.568558481011422 ], [ -87.948304590665728, 15.568809585188035 ], [ -87.948515319005764, 15.56961500517148 ], [ -87.948529426569195, 15.569687059636305 ], [ -87.949089346943978, 15.571086553506738 ], [ -87.949178145041429, 15.571222388347131 ], [ -87.949352145353075, 15.571680868618291 ], [ -87.949311120740219, 15.571903236997382 ], [ -87.949045804646119, 15.572031250162205 ], [ -87.948511727256786, 15.572813130539609 ], [ -87.948487801158365, 15.572828752073399 ], [ -87.948143143085758, 15.573064975080488 ], [ -87.94664185479283, 15.573966893200886 ], [ -87.94635645177074, 15.573335461264744 ], [ -87.946137200159527, 15.572829066503418 ], [ -87.946020738419733, 15.572506007121758 ], [ -87.94571023605944, 15.571548965795625 ], [ -87.945426987236459, 15.570732219785643 ], [ -87.94535648860213, 15.57046396721409 ], [ -87.945123556657464, 15.570335718159155 ], [ -87.944366844862472, 15.569959691822463 ], [ -87.944140292724796, 15.56982711646852 ], [ -87.943521622037423, 15.569509255743384 ], [ -87.941100038848418, 15.5698999480203 ], [ -87.941155379381385, 15.570572980105366 ], [ -87.939969886671634, 15.573766050657678 ], [ -87.938997391758477, 15.574933392454177 ], [ -87.937830462568044, 15.575100051280765 ], [ -87.937426185650963, 15.575049447740863 ], [ -87.93694071431571, 15.574939335072179 ], [ -87.936278796620201, 15.574808604314695 ], [ -87.935622925132208, 15.574651875271332 ], [ -87.935145506589024, 15.5745278436567 ], [ -87.934820021866102, 15.57444938792878 ], [ -87.934672499499172, 15.574420600279009 ], [ -87.93447293838932, 15.574387831427064 ], [ -87.934394908698309, 15.574388162644471 ], [ -87.933960613476344, 15.574213521234332 ], [ -87.933639331810582, 15.574105631811356 ], [ -87.932113145981702, 15.573676413755567 ], [ -87.931451701710799, 15.573493001097269 ], [ -87.93100811552263, 15.573420291738879 ], [ -87.930045185956516, 15.573298301418227 ], [ -87.927806533680197, 15.57290435382054 ], [ -87.926869165490402, 15.572681393248747 ], [ -87.926865720098817, 15.571912438610587 ], [ -87.926871375305254, 15.571723324022711 ], [ -87.926895916422453, 15.571395463350628 ], [ -87.926947483710634, 15.571294397838653 ], [ -87.926960008382977, 15.571187193663963 ], [ -87.926953251823207, 15.571130494872794 ], [ -87.926926931635293, 15.571061272389027 ], [ -87.926947293194019, 15.569800581333649 ], [ -87.927048619545943, 15.569195064167747 ], [ -87.926994003019686, 15.568615415567736 ], [ -87.926939725713765, 15.568111401817285 ], [ -87.926990275748039, 15.567783431581265 ], [ -87.926950979716864, 15.567720566706377 ], [ -87.926911006111794, 15.567506431995167 ], [ -87.926858705621299, 15.567443621832421 ], [ -87.926746388687832, 15.567047003695487 ], [ -87.926455407721775, 15.565957803842103 ], [ -87.926547969158619, 15.565804942693909 ], [ -87.926358531814046, 15.563004863025693 ], [ -87.926466449216392, 15.56116115062405 ] ] ] ] } },
{ "type": "Feature", "properties": { "fid": 80, "qgs_fid": 961, "dialgeo": 201241, "sede": "SAN PEDRO SULA", "subsede": "SAN PEDRO SULA", "dial": 18, "DIAL_1": 17 }, "geometry": { "type": "MultiPolygon", "coordinates": [ [ [ [ -87.97476836033475, 15.601200137198521 ], [ -87.977313528910088, 15.60295734461439 ], [ -87.978251825018987, 15.603729588694399 ], [ -87.9791450083749, 15.604372626296065 ], [ -87.98030482330924, 15.60492820196724 ], [ -87.980903373515389, 15.605356416174978 ], [ -87.984503328340224, 15.607458096692099 ], [ -87.990296871428114, 15.611289438326509 ], [ -87.999785074364141, 15.620549517980507 ], [ -87.997534558542597, 15.623206966799104 ], [ -87.991089529489273, 15.628924418396974 ], [ -87.986483902136811, 15.630305445200223 ], [ -87.982274637359197, 15.630712978685738 ], [ -87.980158896365069, 15.63070914428037 ], [ -87.977867564820926, 15.627554409447036 ], [ -87.971890512110065, 15.62213311148434 ], [ -87.970189343912935, 15.62136537570988 ], [ -87.96842983059922, 15.620635700998266 ], [ -87.966807885052205, 15.62011340267029 ], [ -87.965869912977652, 15.619814989929846 ], [ -87.965087858504845, 15.619478070120898 ], [ -87.964090738143724, 15.619047547677647 ], [ -87.962351569314649, 15.618487912104912 ], [ -87.962544697833835, 15.618061616842782 ], [ -87.967345906755114, 15.611483667313928 ], [ -87.967862881550133, 15.610775460834557 ], [ -87.971005906441746, 15.605573370015614 ], [ -87.97476836033475, 15.601200137198521 ] ] ] ] } },
{ "type": "Feature", "properties": { "fid": 81, "qgs_fid": 962, "dialgeo": 201242, "sede": "SAN PEDRO SULA", "subsede": "SAN PEDRO SULA", "dial": 18, "DIAL_1": 17 }, "geometry": { "type": "MultiPolygon", "coordinates": [ [ [ [ -87.956137277088828, 15.60625484617359 ], [ -87.954553192955814, 15.601664987104332 ], [ -87.953080280377719, 15.600907625636529 ], [ -87.952493938906485, 15.600683260368688 ], [ -87.952114134231365, 15.599255225582914 ], [ -87.951756911088083, 15.597396301462657 ], [ -87.954082873000573, 15.597629848258139 ], [ -87.962794236894354, 15.59867085534384 ], [ -87.965968184782795, 15.599128295824441 ], [ -87.971044761688006, 15.599975735112809 ], [ -87.97440416408935, 15.600755038769289 ], [ -87.971214759053396, 15.604525867730532 ], [ -87.967354796456235, 15.611351441326326 ], [ -87.966420717118226, 15.612517220104055 ], [ -87.965076378602035, 15.614321570500659 ], [ -87.963801311626824, 15.616108801752691 ], [ -87.963416297901531, 15.616761795354144 ], [ -87.962485522632932, 15.618001254042303 ], [ -87.962205410039743, 15.618526370300655 ], [ -87.962058015723542, 15.618300110118296 ], [ -87.961965709049764, 15.61810858096969 ], [ -87.961611937210662, 15.617559673215087 ], [ -87.96115350000143, 15.616880961987267 ], [ -87.9607736196985, 15.616311157040267 ], [ -87.960765954308059, 15.616040926861039 ], [ -87.960740085116413, 15.615664440942471 ], [ -87.960699916584375, 15.614916426801514 ], [ -87.960696122332095, 15.614657698028033 ], [ -87.956939845783666, 15.614107861967705 ], [ -87.956566010984517, 15.614060460938935 ], [ -87.956611544160737, 15.612847282954405 ], [ -87.956567028767395, 15.611568106521752 ], [ -87.956333728234313, 15.608802049383279 ], [ -87.956137277088828, 15.60625484617359 ] ] ] ] } },
{ "type": "Feature", "properties": { "fid": 82, "qgs_fid": 963, "dialgeo": 201243, "sede": "SAN PEDRO SULA", "subsede": "SAN PEDRO SULA", "dial": 19, "DIAL_1": 18 }, "geometry": { "type": "MultiPolygon", "coordinates": [ [ [ [ -87.930750085932672, 15.605756209946941 ], [ -87.936043268772153, 15.605817993805232 ], [ -87.936824995817531, 15.60818313192042 ], [ -87.937342902766375, 15.609518101440559 ], [ -87.937268375169666, 15.610564437938125 ], [ -87.937336043062558, 15.610763647586337 ], [ -87.939244558515185, 15.610975934164436 ], [ -87.939823576976238, 15.610898599293094 ], [ -87.940078735076852, 15.610730360353919 ], [ -87.940708586679875, 15.610986472560841 ], [ -87.941076772728522, 15.61112610481846 ], [ -87.941510169328254, 15.611322791635777 ], [ -87.941582284485236, 15.611448542161876 ], [ -87.941590937074565, 15.611710590942828 ], [ -87.941589433926893, 15.612600251208189 ], [ -87.941569788408415, 15.613171870570254 ], [ -87.941549331039127, 15.613490849157381 ], [ -87.940996454010758, 15.614905086152344 ], [ -87.940657109963055, 15.615558975054979 ], [ -87.940326156956687, 15.616244189005849 ], [ -87.939565342903862, 15.61772038533697 ], [ -87.936929238016575, 15.622864683880454 ], [ -87.935566325509782, 15.620055764840764 ], [ -87.934440683641583, 15.618522629373985 ], [ -87.934231303623974, 15.618246188805919 ], [ -87.93397035012147, 15.618070815197134 ], [ -87.932666159202299, 15.617319999509574 ], [ -87.932880685384333, 15.614691706024495 ], [ -87.932887884677086, 15.61443825841371 ], [ -87.934948871849656, 15.614359400612095 ], [ -87.934975480058753, 15.612251074158991 ], [ -87.934894756623962, 15.611625963104602 ], [ -87.935097282620745, 15.61089180941272 ], [ -87.935270621411007, 15.609855836178351 ], [ -87.935389302168574, 15.609035769560434 ], [ -87.931260554651288, 15.608902337308793 ], [ -87.931255851939142, 15.610325807290501 ], [ -87.929113332837233, 15.610205474563916 ], [ -87.926894436604428, 15.609802370322949 ], [ -87.920681244103619, 15.610697138412323 ], [ -87.918491608660815, 15.610700962449883 ], [ -87.897906979414032, 15.603139747885555 ], [ -87.901413018740456, 15.600839230763526 ], [ -87.904560099646403, 15.59789311080101 ], [ -87.906996340648718, 15.595251828860775 ], [ -87.914596729940556, 15.603027792018679 ], [ -87.920169061346286, 15.60503187655495 ], [ -87.922573196338377, 15.605194336312017 ], [ -87.924664028688156, 15.605546861342754 ], [ -87.929956101543354, 15.605695469051216 ], [ -87.930750085932672, 15.605756209946941 ] ] ] ] } },
{ "type": "Feature", "properties": { "fid": 83, "qgs_fid": 964, "dialgeo": 201244, "sede": "SAN PEDRO SULA", "subsede": "SAN PEDRO SULA", "dial": 18, "DIAL_1": 17 }, "geometry": { "type": "MultiPolygon", "coordinates": [ [ [ [ -87.95665298006783, 15.614114707768396 ], [ -87.958319054710898, 15.614351158778295 ], [ -87.959573175925627, 15.614513882838116 ], [ -87.960234557964696, 15.614611718357358 ], [ -87.960668460289057, 15.614679153306554 ], [ -87.960693527472031, 15.615284039129714 ], [ -87.960736882428577, 15.616308145592217 ], [ -87.962186710186586, 15.618602383030204 ], [ -87.967072443959268, 15.620358052052289 ], [ -87.971411851292757, 15.622002868550585 ], [ -87.966743506237918, 15.625011362357776 ], [ -87.961804720723535, 15.629577742549275 ], [ -87.961605928555542, 15.62990212213173 ], [ -87.953165224624399, 15.627257587755759 ], [ -87.952685748126555, 15.625284532463954 ], [ -87.952869156074271, 15.622970957858611 ], [ -87.952790798894185, 15.622795964876293 ], [ -87.952405117767867, 15.621906820396374 ], [ -87.952283922676429, 15.62165475296476 ], [ -87.952116945861192, 15.621475267187961 ], [ -87.952168511523908, 15.621374196204094 ], [ -87.95262586981886, 15.620884783345563 ], [ -87.953152968737285, 15.620350911600244 ], [ -87.953724751277548, 15.619730778505424 ], [ -87.955210034450019, 15.616927091526684 ], [ -87.95665298006783, 15.614114707768396 ] ] ] ] } },
{ "type": "Feature", "properties": { "fid": 84, "qgs_fid": 965, "dialgeo": 201245, "sede": "SAN PEDRO SULA", "subsede": "SAN PEDRO SULA", "dial": 19, "DIAL_1": 18 }, "geometry": { "type": "MultiPolygon", "coordinates": [ [ [ [ -87.94585240801112, 15.60631404867646 ], [ -87.946803937628204, 15.606724429493323 ], [ -87.947790226061528, 15.607000139550575 ], [ -87.949236240905421, 15.60741323261497 ], [ -87.949801998240758, 15.6075843978004 ], [ -87.951148968098778, 15.608032627986178 ], [ -87.952777477405263, 15.608573111135481 ], [ -87.953313933508412, 15.608726624163705 ], [ -87.953902650527439, 15.60893206665388 ], [ -87.954331341460147, 15.609076748804737 ], [ -87.954465131945739, 15.609265256468845 ], [ -87.954685599476122, 15.609474659889898 ], [ -87.954928044269678, 15.609689876561223 ], [ -87.955797210609774, 15.610185249954585 ], [ -87.956455250521785, 15.610641784166267 ], [ -87.956587403939949, 15.612373816844203 ], [ -87.956536405999913, 15.61375384599679 ], [ -87.956541754973856, 15.613972325190348 ], [ -87.956514001016501, 15.614064889420543 ], [ -87.956390328143158, 15.61447216501573 ], [ -87.955986502384732, 15.615319373477238 ], [ -87.955604190206486, 15.616112860317514 ], [ -87.955199956460177, 15.616814495745333 ], [ -87.954907492388003, 15.617328408208188 ], [ -87.954512171846389, 15.618103289695032 ], [ -87.954323182277747, 15.61849069252505 ], [ -87.95410817668045, 15.618878208263906 ], [ -87.9537387492677, 15.61962776421027 ], [ -87.953333732881362, 15.620104402185149 ], [ -87.951830208015025, 15.621583270248237 ], [ -87.950437318207349, 15.623151125794394 ], [ -87.94799020982046, 15.620787193256577 ], [ -87.945412146774373, 15.619777228684875 ], [ -87.946036554191238, 15.617924440050375 ], [ -87.946260208697311, 15.617496102264701 ], [ -87.946405430172405, 15.617016450676774 ], [ -87.946636596633923, 15.616368349330159 ], [ -87.946820385448063, 15.615762954612915 ], [ -87.947416058911116, 15.613442023 ], [ -87.947684467191451, 15.612519018151932 ], [ -87.947709854855276, 15.612393303142651 ], [ -87.946284312843531, 15.612119073618528 ], [ -87.946332974570538, 15.611811529379557 ], [ -87.946343854222917, 15.61175756415687 ], [ -87.945168884434864, 15.611528078045078 ], [ -87.945109069323493, 15.61183027827045 ], [ -87.94481549330807, 15.613327775918377 ], [ -87.94436465369489, 15.613591218868324 ], [ -87.942293835289163, 15.613341304445843 ], [ -87.941692530634796, 15.613246830140715 ], [ -87.941629217079452, 15.611564847131232 ], [ -87.941522034527665, 15.611241796048658 ], [ -87.94095921340228, 15.611044709431779 ], [ -87.940056186423405, 15.610665754717562 ], [ -87.93972333626489, 15.610877460746128 ], [ -87.939206178884305, 15.610933590872243 ], [ -87.937358125481353, 15.610725810428729 ], [ -87.937312809417719, 15.610548072810547 ], [ -87.937385994915715, 15.60951252573096 ], [ -87.94122847847639, 15.610310265300374 ], [ -87.941293884448825, 15.610245908602662 ], [ -87.94260637694272, 15.607459834770662 ], [ -87.943009204490124, 15.606624598502075 ], [ -87.943126205605267, 15.606488693545758 ], [ -87.94378239517205, 15.606499884922931 ], [ -87.94585240801112, 15.60631404867646 ] ] ] ] } },
{ "type": "Feature", "properties": { "fid": 85, "qgs_fid": 966, "dialgeo": 201246, "sede": "SAN PEDRO SULA", "subsede": "SAN PEDRO SULA", "dial": 18, "DIAL_1": 17 }, "geometry": { "type": "MultiPolygon", "coordinates": [ [ [ [ -87.950366171846653, 15.623796323647957 ], [ -87.950458196005115, 15.623240567336179 ], [ -87.951682695800699, 15.621804903940669 ], [ -87.952051848414115, 15.621462943577482 ], [ -87.952212899524952, 15.621596708237092 ], [ -87.952344259081201, 15.621873468630255 ], [ -87.952800286488653, 15.622972406501463 ], [ -87.952731837508864, 15.624111437817534 ], [ -87.952585611506152, 15.625309634188566 ], [ -87.952970043847301, 15.627017298977277 ], [ -87.953097898072642, 15.62732015389691 ], [ -87.961317106293279, 15.630011223744532 ], [ -87.959096235286793, 15.632752371450527 ], [ -87.958980807606991, 15.634038676107668 ], [ -87.95919880690802, 15.636155511027784 ], [ -87.959587875151485, 15.637758957758134 ], [ -87.961246802329555, 15.640138405097687 ], [ -87.952197117493313, 15.641169548263921 ], [ -87.952064120574406, 15.638665753999978 ], [ -87.951505055411474, 15.636390713778416 ], [ -87.951206214805367, 15.635525500607962 ], [ -87.951200000092342, 15.635399929076231 ], [ -87.950867145880721, 15.634322386756134 ], [ -87.95036165267328, 15.632933247590573 ], [ -87.950284765267057, 15.632687790629578 ], [ -87.949956730703818, 15.63153536158026 ], [ -87.949927816880532, 15.631298246636552 ], [ -87.949892469159352, 15.630872445789201 ], [ -87.949840802505463, 15.630527592876666 ], [ -87.949841126388947, 15.63007395920177 ], [ -87.949722460958924, 15.62878866929918 ], [ -87.949839449438016, 15.627534691027677 ], [ -87.950131476133919, 15.625332877185951 ], [ -87.950366171846653, 15.623796323647957 ] ] ] ] } },
{ "type": "Feature", "properties": { "fid": 86, "qgs_fid": 967, "dialgeo": 201247, "sede": "SAN PEDRO SULA", "subsede": "SAN PEDRO SULA", "dial": 18, "DIAL_1": 17 }, "geometry": { "type": "MultiPolygon", "coordinates": [ [ [ [ -87.950483039063968, 15.633452570124261 ], [ -87.950766221428708, 15.634363055282376 ], [ -87.951335050894713, 15.635968314157125 ], [ -87.952051018607975, 15.639049492010932 ], [ -87.952064120108091, 15.641010451024325 ], [ -87.952279177863801, 15.64405379917541 ], [ -87.952357375984974, 15.645787461342088 ], [ -87.950427690074122, 15.6457070704746 ], [ -87.946671344510762, 15.64543808684985 ], [ -87.944172475940348, 15.645417319431736 ], [ -87.941991824136053, 15.645556103515803 ], [ -87.940300048057949, 15.645520231352403 ], [ -87.939098923496928, 15.645697918119042 ], [ -87.938164102187429, 15.645701920427292 ], [ -87.936827857460983, 15.645535095839547 ], [ -87.935447295183081, 15.645411586757799 ], [ -87.934913307701308, 15.645456999180867 ], [ -87.933532942013855, 15.645376611805267 ], [ -87.932373981139037, 15.645036466006347 ], [ -87.930188056055613, 15.644010517622352 ], [ -87.929114457365245, 15.642684631474282 ], [ -87.93549797568636, 15.634401985777547 ], [ -87.936592621232748, 15.623170759419567 ], [ -87.943216581833454, 15.621373876442172 ], [ -87.945346633091134, 15.619962838434569 ], [ -87.947843138388677, 15.620814767868891 ], [ -87.950402359279494, 15.623197674492728 ], [ -87.95011538116384, 15.624913516884048 ], [ -87.94989387348943, 15.626348700721467 ], [ -87.949678324751531, 15.627870127694221 ], [ -87.94967549587237, 15.629671008687625 ], [ -87.949816437352183, 15.631277161520634 ], [ -87.950483039063968, 15.633452570124261 ] ] ] ] } },
{ "type": "Feature", "properties": { "fid": 87, "qgs_fid": 968, "dialgeo": 201248, "sede": "SAN PEDRO SULA", "subsede": "SAN PEDRO SULA", "dial": 19, "DIAL_1": 18 }, "geometry": { "type": "MultiPolygon", "coordinates": [ [ [ [ -87.951719905202168, 15.597328712016283 ], [ -87.952416423042948, 15.600797049724539 ], [ -87.954430129063823, 15.601695942218509 ], [ -87.955181741026323, 15.603905017716686 ], [ -87.956071081106856, 15.60635930566052 ], [ -87.956285000054905, 15.608653300159576 ], [ -87.956388699203472, 15.610165699018083 ], [ -87.956458936828071, 15.610586115707362 ], [ -87.955769169453944, 15.610154213593166 ], [ -87.955309355281798, 15.609872580381404 ], [ -87.955128347682816, 15.609771495388642 ], [ -87.954927891131391, 15.609656786680112 ], [ -87.9548225347488, 15.609552063937334 ], [ -87.954703666501544, 15.609426127359445 ], [ -87.954528552338346, 15.609267344541037 ], [ -87.954351984006365, 15.609057750248306 ], [ -87.953311451011629, 15.608717180488981 ], [ -87.951118443915774, 15.607987354420713 ], [ -87.950193518411794, 15.607693061036812 ], [ -87.946658558972402, 15.606623075557669 ], [ -87.946593528624689, 15.606578791848166 ], [ -87.946799482020893, 15.606284816128325 ], [ -87.947229907689064, 15.606211961474013 ], [ -87.9479293123281, 15.60608074090262 ], [ -87.948478204176567, 15.605927761319885 ], [ -87.949096585039086, 15.605161643689549 ], [ -87.949343851323377, 15.604836760377934 ], [ -87.94949401170561, 15.604609204608694 ], [ -87.949622744552826, 15.604528809542101 ], [ -87.949965747754035, 15.604312930764571 ], [ -87.950233364170515, 15.604164012956776 ], [ -87.950440060889946, 15.604033120325262 ], [ -87.950787759333977, 15.603804709344461 ], [ -87.95080495229297, 15.603649794329167 ], [ -87.951030881720357, 15.603039845845462 ], [ -87.951152580735027, 15.60253718527375 ], [ -87.951157181758447, 15.602339516902292 ], [ -87.95119416351848, 15.601992136581263 ], [ -87.951495370895032, 15.601118795432241 ], [ -87.95103866157713, 15.600704252845389 ], [ -87.951018414451823, 15.599931960175732 ], [ -87.950907660853616, 15.599439086434861 ], [ -87.951106797980898, 15.598285720188326 ], [ -87.95147789230937, 15.597325715685308 ], [ -87.951719905202168, 15.597328712016283 ] ] ] ] } },
{ "type": "Feature", "properties": { "fid": 88, "qgs_fid": 969, "dialgeo": 201249, "sede": "SAN PEDRO SULA", "subsede": "SAN PEDRO SULA", "dial": 19, "DIAL_1": 18 }, "geometry": { "type": "MultiPolygon", "coordinates": [ [ [ [ -87.950886575593387, 15.599390651130751 ], [ -87.95100816968214, 15.600425357351261 ], [ -87.951022065175493, 15.600724544031586 ], [ -87.951478755873296, 15.601135042857175 ], [ -87.951202540579402, 15.601860092039299 ], [ -87.951143353409989, 15.602328893046277 ], [ -87.951135608168556, 15.602550488676531 ], [ -87.951013540372585, 15.603052103127645 ], [ -87.950799416002539, 15.603644476431318 ], [ -87.950772571084414, 15.603799506226325 ], [ -87.949484169630963, 15.604590338215122 ], [ -87.948447672032174, 15.605904632787304 ], [ -87.946788092653847, 15.606254896857465 ], [ -87.946577692690553, 15.606582405492725 ], [ -87.945878679482263, 15.606254509364568 ], [ -87.945083848388109, 15.606305201741845 ], [ -87.943861709777792, 15.606416091239666 ], [ -87.943589170172572, 15.606481364069717 ], [ -87.942270973303351, 15.606015954105972 ], [ -87.942101203532417, 15.605914358207048 ], [ -87.941048263186531, 15.604985855662731 ], [ -87.940286028197932, 15.604332069278923 ], [ -87.938207016649471, 15.602887967186403 ], [ -87.937675171199984, 15.60266623747421 ], [ -87.942671704823454, 15.597310810287054 ], [ -87.951142803374893, 15.597044094293549 ], [ -87.951222887553584, 15.592689839682867 ], [ -87.954310031153142, 15.59261176225483 ], [ -87.954782625769539, 15.597368002455163 ], [ -87.951494022621645, 15.597204329582457 ], [ -87.951081708097831, 15.59827369710818 ], [ -87.950886575593387, 15.599390651130751 ] ] ] ] } },
{ "type": "Feature", "properties": { "fid": 89, "qgs_fid": 970, "dialgeo": 201250, "sede": "SAN PEDRO SULA", "subsede": "SAN PEDRO SULA", "dial": 19, "DIAL_1": 18 }, "geometry": { "type": "MultiPolygon", "coordinates": [ [ [ [ -87.936041895531176, 15.601427782849226 ], [ -87.937709721805206, 15.60275590770107 ], [ -87.938717199383603, 15.603347239462318 ], [ -87.939323820326507, 15.603741735853751 ], [ -87.939862071737139, 15.60411761388438 ], [ -87.940054098013277, 15.604236907968708 ], [ -87.940356862354989, 15.604454629051336 ], [ -87.941591240175939, 15.605603185715303 ], [ -87.942612732278832, 15.606298589918737 ], [ -87.943128559011868, 15.606450692693192 ], [ -87.943010928194482, 15.606592019095805 ], [ -87.942591614521632, 15.607431534683384 ], [ -87.941222316205128, 15.610239912262132 ], [ -87.93749828707368, 15.609431168853213 ], [ -87.936845780782392, 15.607859532316915 ], [ -87.936119402152102, 15.605934668784437 ], [ -87.936038614809306, 15.605611874619735 ], [ -87.934391867329524, 15.605618883115138 ], [ -87.924692068966323, 15.60408414151102 ], [ -87.919338001863395, 15.603309955091103 ], [ -87.916646404870448, 15.593529542637127 ], [ -87.91607879117025, 15.588785701365358 ], [ -87.914052104171276, 15.583359107778687 ], [ -87.911356019259799, 15.577482341086656 ], [ -87.911002937939287, 15.575306823779291 ], [ -87.910457540129443, 15.572720968095243 ], [ -87.921134045536576, 15.571900125527156 ], [ -87.925582459206083, 15.571536389178494 ], [ -87.926326906454108, 15.57877994394155 ], [ -87.925552344589235, 15.584692699922485 ], [ -87.927214991867345, 15.588265902433678 ], [ -87.932410826435088, 15.595663142570755 ], [ -87.936041895531176, 15.601427782849226 ] ] ] ] } },
{ "type": "Feature", "properties": { "fid": 90, "qgs_fid": 972, "dialgeo": 201252, "sede": "SAN PEDRO SULA", "subsede": "SAN PEDRO SULA", "dial": 17, "DIAL_1": 16 }, "geometry": { "type": "MultiPolygon", "coordinates": [ [ [ [ -87.942789810311979, 15.548939695775321 ], [ -87.944769533216146, 15.549637157941476 ], [ -87.947140522896973, 15.550585041113909 ], [ -87.949544359465889, 15.551602089106726 ], [ -87.951523895865577, 15.552249064756456 ], [ -87.952743578048256, 15.553082094678118 ], [ -87.954675422627716, 15.554662089728767 ], [ -87.952401275999861, 15.557823426614682 ], [ -87.950315938345099, 15.561053261324798 ], [ -87.950240373219017, 15.561589341892574 ], [ -87.95048164332951, 15.561739572948477 ], [ -87.950840269156998, 15.56195863015909 ], [ -87.951804978255822, 15.562477612551147 ], [ -87.952958919794085, 15.563140740665967 ], [ -87.954047498818937, 15.563728509562747 ], [ -87.95497833765539, 15.564194127076679 ], [ -87.95637597258154, 15.565047291315626 ], [ -87.956608751449238, 15.565593630983862 ], [ -87.957048169768456, 15.566473128840048 ], [ -87.957389931260323, 15.567088628125022 ], [ -87.957554826255347, 15.56729357277181 ], [ -87.957634384230744, 15.56744146339978 ], [ -87.957789540947914, 15.567736219568333 ], [ -87.957623549265392, 15.568077191610332 ], [ -87.957521909811987, 15.568144406793918 ], [ -87.956280292848703, 15.569924980357007 ], [ -87.953985180348397, 15.573191789912251 ], [ -87.953883935957961, 15.573345473229763 ], [ -87.953657743882971, 15.573293034568161 ], [ -87.953446897628169, 15.573281928630216 ], [ -87.952849140087551, 15.573172337531419 ], [ -87.952645705339023, 15.573125141170008 ], [ -87.952351753526727, 15.573018240243451 ], [ -87.951704854755462, 15.572858110831293 ], [ -87.951297315930475, 15.572767725028392 ], [ -87.95040207714753, 15.572531875307343 ], [ -87.950138313269591, 15.572472917788847 ], [ -87.949783634806465, 15.572267450848853 ], [ -87.949755087122099, 15.572276254533783 ], [ -87.949578379339997, 15.572123438087948 ], [ -87.949468749760712, 15.572026755690874 ], [ -87.949455639360409, 15.571871898088892 ], [ -87.949234144593973, 15.571341337346771 ], [ -87.949227963047321, 15.571270250385677 ], [ -87.949194653003701, 15.571216975313707 ], [ -87.949161171419803, 15.571126307901386 ], [ -87.949111219237935, 15.571097041293006 ], [ -87.948621064773306, 15.569841579075378 ], [ -87.948556490685604, 15.569580105668651 ], [ -87.9484052877431, 15.56905458280932 ], [ -87.948141283536629, 15.568094163068142 ], [ -87.948061634370134, 15.567720595019566 ], [ -87.947932341363469, 15.567466077251726 ], [ -87.947552732242883, 15.566402007481065 ], [ -87.945323143262854, 15.565750518735914 ], [ -87.943972349085939, 15.563137469739109 ], [ -87.94329290692697, 15.562122743758749 ], [ -87.943184745265611, 15.561533277458341 ], [ -87.941817351794526, 15.56053020302118 ], [ -87.94046952636063, 15.559204778533845 ], [ -87.939580006727425, 15.557670898211429 ], [ -87.933409582215489, 15.554473812526886 ], [ -87.931032818032918, 15.552891236657381 ], [ -87.933463635801402, 15.549805078024933 ], [ -87.935690429404602, 15.54762739708784 ], [ -87.938253464309796, 15.546488263933874 ], [ -87.942789810311979, 15.548939695775321 ] ] ] ] } },
{ "type": "Feature", "properties": { "fid": 91, "qgs_fid": 973, "dialgeo": 201253, "sede": "SAN PEDRO SULA", "subsede": "SAN PEDRO SULA", "dial": 17, "DIAL_1": 16 }, "geometry": { "type": "MultiPolygon", "coordinates": [ [ [ [ -87.954547448847663, 15.55511015650416 ], [ -87.954650809908017, 15.554964739971476 ], [ -87.954780032826505, 15.554787696395882 ], [ -87.958737198675522, 15.550185838390657 ], [ -87.966554719013274, 15.553479671392212 ], [ -87.971518355776411, 15.556282407931619 ], [ -87.972066107531859, 15.556620352441048 ], [ -87.973107070448663, 15.557555705215147 ], [ -87.974067679551112, 15.558325087523981 ], [ -87.976303683009363, 15.559804560034458 ], [ -87.980719287954813, 15.561448025123516 ], [ -87.977298433803469, 15.563922280466434 ], [ -87.972213699177189, 15.563516716749199 ], [ -87.972912113459216, 15.571001545050756 ], [ -87.965198083644751, 15.572091987132803 ], [ -87.962409824586885, 15.574025175896907 ], [ -87.961805921491944, 15.576891046098366 ], [ -87.961859351719596, 15.578899347265471 ], [ -87.961736231395804, 15.580865684916441 ], [ -87.961233332555395, 15.583358889645163 ], [ -87.9571396772577, 15.581079814267833 ], [ -87.955336982738217, 15.581001378484967 ], [ -87.952711514564328, 15.581034328367119 ], [ -87.952795926383033, 15.57834109721594 ], [ -87.953248867557065, 15.575032171179988 ], [ -87.953460334911284, 15.574403661173562 ], [ -87.953744241578221, 15.573825510434292 ], [ -87.954051793331942, 15.57335630138785 ], [ -87.955401708299377, 15.574429632325989 ], [ -87.957095854252302, 15.576355911608022 ], [ -87.957184993820491, 15.576318244085021 ], [ -87.960285477377568, 15.574648765716024 ], [ -87.957056673592618, 15.571662373157235 ], [ -87.957028560430984, 15.570946018778955 ], [ -87.957018894988053, 15.570643578118849 ], [ -87.957036712748987, 15.569730043026038 ], [ -87.956761639105437, 15.569502025227827 ], [ -87.957876780380559, 15.567779597721051 ], [ -87.957756202575524, 15.567641253318007 ], [ -87.957640823134014, 15.567418732503739 ], [ -87.957104648109919, 15.566471547940088 ], [ -87.956462709280345, 15.564995976846792 ], [ -87.955121909772018, 15.564257606921091 ], [ -87.950357583594709, 15.561626654258761 ], [ -87.950413497661629, 15.561059143466919 ], [ -87.951691742839884, 15.55906187925531 ], [ -87.952867093872868, 15.557317173255502 ], [ -87.95418523389236, 15.555521419600693 ], [ -87.954288711577973, 15.555401214684277 ], [ -87.954392189144713, 15.555281009724743 ], [ -87.954437353430606, 15.55520517822101 ], [ -87.954482691976182, 15.555167163908351 ], [ -87.954547448847663, 15.55511015650416 ] ] ] ] } },
{ "type": "Feature", "properties": { "fid": 92, "qgs_fid": 974, "dialgeo": 201254, "sede": "SAN PEDRO SULA", "subsede": "SAN PEDRO SULA", "dial": 19, "DIAL_1": 18 }, "geometry": { "type": "MultiPolygon", "coordinates": [ [ [ [ -87.937507305675524, 15.57740350750286 ], [ -87.937607383091191, 15.577392297477378 ], [ -87.938026214677421, 15.577751767682253 ], [ -87.938121121011093, 15.577826849252213 ], [ -87.938204779926664, 15.577875019411671 ], [ -87.938321520798155, 15.577858346157337 ], [ -87.938390346336249, 15.577805541860384 ], [ -87.938672173068198, 15.577636145268405 ], [ -87.939180337575635, 15.578179409154288 ], [ -87.93943420796947, 15.57840418724061 ], [ -87.939663978111298, 15.578780443189496 ], [ -87.940011053740278, 15.579331600919959 ], [ -87.940454447130719, 15.579803054597022 ], [ -87.941053739174919, 15.580213771114581 ], [ -87.941842075230156, 15.580765440902104 ], [ -87.941416235266459, 15.581428027808135 ], [ -87.941283873296669, 15.581757775010962 ], [ -87.941181389133789, 15.582116227720237 ], [ -87.941071178038953, 15.582411039746491 ], [ -87.940796076521949, 15.582969661312367 ], [ -87.940526144631832, 15.58357511471012 ], [ -87.941129245406401, 15.58427534907001 ], [ -87.942278977060127, 15.58633681824918 ], [ -87.942319297778027, 15.586480812286981 ], [ -87.942659494964019, 15.586581567956385 ], [ -87.944515490739036, 15.586977178493212 ], [ -87.944994282968608, 15.58705201106855 ], [ -87.946384067124043, 15.587387230608275 ], [ -87.947307018650051, 15.585388953638008 ], [ -87.948032716498474, 15.585517980278075 ], [ -87.94891737145457, 15.583822612228452 ], [ -87.949317256530421, 15.583990282869722 ], [ -87.949368278715809, 15.584034514060772 ], [ -87.949542405268431, 15.584164713889244 ], [ -87.949740214369029, 15.584323644638326 ], [ -87.950123120926065, 15.584302769183234 ], [ -87.950463785302233, 15.584308412536867 ], [ -87.950544456314958, 15.584282928427298 ], [ -87.950761093640622, 15.584243025633082 ], [ -87.951592911055641, 15.58415930157229 ], [ -87.951697684672268, 15.584172203030185 ], [ -87.95141305371618, 15.58634854115027 ], [ -87.951180015772124, 15.588796195056897 ], [ -87.95122418506034, 15.589346894188688 ], [ -87.951103476930157, 15.596960690973537 ], [ -87.949033912379349, 15.596948067070798 ], [ -87.946936284365549, 15.597029484776709 ], [ -87.94334670905225, 15.597082734349357 ], [ -87.942547386623048, 15.597051539904308 ], [ -87.937440363387111, 15.602515967318899 ], [ -87.93600589597051, 15.600104925986821 ], [ -87.93506348651762, 15.598797913356893 ], [ -87.933699413010956, 15.59628251087539 ], [ -87.931316686501589, 15.592838569307235 ], [ -87.929665775476167, 15.590147866274787 ], [ -87.928958466248545, 15.589041524615332 ], [ -87.927650831391858, 15.58747759255877 ], [ -87.926709891609164, 15.586473075754462 ], [ -87.926341662787976, 15.585566991922807 ], [ -87.925974115087286, 15.584812176857961 ], [ -87.926153030835849, 15.584105485505479 ], [ -87.926137031746947, 15.583437432680935 ], [ -87.926248094360545, 15.582100724734882 ], [ -87.926384488981569, 15.580612637483492 ], [ -87.926700750315717, 15.57903448426868 ], [ -87.92796874021434, 15.578964438919709 ], [ -87.931985470729117, 15.578863356684952 ], [ -87.935207591618308, 15.579348970904476 ], [ -87.935897650385584, 15.579410739797559 ], [ -87.936058771356073, 15.579366919634099 ], [ -87.936175171525989, 15.579274762819816 ], [ -87.936313333762712, 15.579074676081524 ], [ -87.93696906313302, 15.578926305028082 ], [ -87.937447310804629, 15.578587276997004 ], [ -87.937506754336937, 15.578508841779824 ], [ -87.937461153507058, 15.578266402191087 ], [ -87.937343312456775, 15.578040445845803 ], [ -87.937331063014284, 15.5777924723017 ], [ -87.937452559892463, 15.577597847764615 ], [ -87.937507305675524, 15.57740350750286 ] ] ] ] } },
{ "type": "Feature", "properties": { "fid": 93, "qgs_fid": 975, "dialgeo": 201255, "sede": "SAN PEDRO SULA", "subsede": "SAN PEDRO SULA", "dial": 17, "DIAL_1": 16 }, "geometry": { "type": "MultiPolygon", "coordinates": [ [ [ [ -87.949487897703563, 15.574493762526672 ], [ -87.949607427591033, 15.574562579821212 ], [ -87.949781538142389, 15.574661283482213 ], [ -87.950107516396429, 15.574841500188093 ], [ -87.951444574239531, 15.575578244187495 ], [ -87.952176018070332, 15.575990666114944 ], [ -87.952903475110759, 15.576279556318928 ], [ -87.952860193779472, 15.576765073376531 ], [ -87.95261161053179, 15.581083287447857 ], [ -87.952590602133199, 15.581352970459763 ], [ -87.952542749284277, 15.581833051478524 ], [ -87.952004951110723, 15.581676696761573 ], [ -87.951899519874573, 15.581610971567919 ], [ -87.951774537176874, 15.58153587641447 ], [ -87.95173433100625, 15.58151293938181 ], [ -87.95169249917798, 15.581490009372187 ], [ -87.951670409343336, 15.581475038621317 ], [ -87.95111895889066, 15.581168574122463 ], [ -87.950583008090092, 15.580871745765226 ], [ -87.948575642761654, 15.57968917222118 ], [ -87.948331986740371, 15.579557944988878 ], [ -87.948254192632362, 15.579500027166057 ], [ -87.947561708082489, 15.578987747177429 ], [ -87.94736803014726, 15.578790734543688 ], [ -87.94713472234632, 15.578540199695246 ], [ -87.946972541244989, 15.578309174349707 ], [ -87.946918312506483, 15.578217947940029 ], [ -87.946800335170721, 15.578028819201258 ], [ -87.946701748334775, 15.577889631723368 ], [ -87.946408304266257, 15.577565762778015 ], [ -87.946128300291633, 15.577195706725529 ], [ -87.945981574900202, 15.577046765054837 ], [ -87.946028241096244, 15.577007835933216 ], [ -87.946994694326349, 15.576243799191609 ], [ -87.948436519850532, 15.57519058548702 ], [ -87.949010365417791, 15.574742066462479 ], [ -87.949403157749487, 15.574470608535675 ], [ -87.949441770901018, 15.574478454800326 ], [ -87.949487897703563, 15.574493762526672 ] ] ] ] } },
{ "type": "Feature", "properties": { "fid": 94, "qgs_fid": 976, "dialgeo": 201256, "sede": "SAN PEDRO SULA", "subsede": "SAN PEDRO SULA", "dial": 17, "DIAL_1": 16 }, "geometry": { "type": "MultiPolygon", "coordinates": [ [ [ [ -87.943521719477445, 15.569530622829529 ], [ -87.944458475716061, 15.570054975937182 ], [ -87.944684330728904, 15.570150653066966 ], [ -87.944816851630122, 15.570217316465634 ], [ -87.945062864579498, 15.570319953040437 ], [ -87.94530573542454, 15.570479944098276 ], [ -87.945708125076081, 15.57163128320191 ], [ -87.945853605085347, 15.572111426728055 ], [ -87.946497758993644, 15.573780663870346 ], [ -87.94664199575621, 15.573988376607659 ], [ -87.947004847012721, 15.573797179643526 ], [ -87.947197239127163, 15.573689514559479 ], [ -87.947579083757603, 15.573434132552297 ], [ -87.947985720254621, 15.573177307705031 ], [ -87.948518677077047, 15.572826455266705 ], [ -87.94906177870044, 15.572031545277264 ], [ -87.949254960927547, 15.571974592743222 ], [ -87.949338848080203, 15.571940844378789 ], [ -87.94957805943271, 15.572128781334357 ], [ -87.949666606965366, 15.572209862874853 ], [ -87.949812885623885, 15.572336768920946 ], [ -87.950119363569499, 15.572471664101602 ], [ -87.951649149420916, 15.572878383618276 ], [ -87.951937325589626, 15.572927885458846 ], [ -87.952034657411403, 15.572971534951703 ], [ -87.952122941909195, 15.572995191541485 ], [ -87.952327714190574, 15.573033702087036 ], [ -87.952472561999159, 15.57307380716837 ], [ -87.952646560258316, 15.573161195039642 ], [ -87.952898025222424, 15.573217939122596 ], [ -87.95359381236382, 15.573322024000804 ], [ -87.953861249885094, 15.573399146939089 ], [ -87.95354323451366, 15.574001409025952 ], [ -87.952975282254258, 15.575869551544415 ], [ -87.952914128674948, 15.576239591305129 ], [ -87.952169418849081, 15.575969684713613 ], [ -87.952044119397129, 15.575906421406676 ], [ -87.94941028329751, 15.574429200742991 ], [ -87.949130161687364, 15.574615842851033 ], [ -87.948860751227528, 15.574842996699511 ], [ -87.948513089398261, 15.57509254702776 ], [ -87.948310125626861, 15.575263602239856 ], [ -87.948143710328395, 15.57536936894949 ], [ -87.948006013740553, 15.575460018356788 ], [ -87.947813494142181, 15.575630062419968 ], [ -87.947664153770887, 15.575726502551204 ], [ -87.947579592402946, 15.575800577946367 ], [ -87.947255834376946, 15.576020298707853 ], [ -87.947113250803028, 15.576123861132816 ], [ -87.946955590765839, 15.576248498307644 ], [ -87.94679786320556, 15.5763584286856 ], [ -87.946444155434065, 15.576625182414228 ], [ -87.946150197190903, 15.576828754724781 ], [ -87.945907103311427, 15.577031059505039 ], [ -87.946127075294299, 15.577229098671532 ], [ -87.946171554263145, 15.577314377370097 ], [ -87.946270126002361, 15.577478216064554 ], [ -87.946631479084559, 15.577861276693691 ], [ -87.946700764052324, 15.57794778403621 ], [ -87.946894841774636, 15.578207365185355 ], [ -87.947049332829366, 15.578439557961049 ], [ -87.947199458922782, 15.578637785254941 ], [ -87.947357887056498, 15.578833041851496 ], [ -87.947386991287843, 15.578870309632725 ], [ -87.947701590569096, 15.579165673240153 ], [ -87.947853703139231, 15.579249058014366 ], [ -87.947955349660518, 15.579325927240658 ], [ -87.948408712955796, 15.579641814898741 ], [ -87.949414630522654, 15.580270488323743 ], [ -87.951425653829247, 15.581347536064937 ], [ -87.952154957650052, 15.581772693432178 ], [ -87.952208691182406, 15.581769795228873 ], [ -87.952581837026443, 15.581865233314595 ], [ -87.952639523148733, 15.581104733977096 ], [ -87.956828768303041, 15.581210570434113 ], [ -87.961301388782246, 15.583638967391771 ], [ -87.964976097269329, 15.589100972552512 ], [ -87.96712676580178, 15.592197213179777 ], [ -87.966689156812834, 15.598539912257658 ], [ -87.955246824778953, 15.597597834656542 ], [ -87.954626384553336, 15.592451330092635 ], [ -87.951287867841913, 15.592304042196723 ], [ -87.951378096495418, 15.588642593477058 ], [ -87.951678241877261, 15.584138900518314 ], [ -87.950873833512418, 15.584211824671035 ], [ -87.950653363493942, 15.584246416255647 ], [ -87.950454058212742, 15.584301339777429 ], [ -87.950140434786249, 15.584294284700141 ], [ -87.949870319630918, 15.584314673251585 ], [ -87.949738847939074, 15.584296018622368 ], [ -87.949639265677476, 15.584203941625889 ], [ -87.949318440818246, 15.583978263882297 ], [ -87.948902365534011, 15.583793843637748 ], [ -87.948585318717974, 15.584391099206924 ], [ -87.948465107915652, 15.584665533920006 ], [ -87.94798805136503, 15.585508561645646 ], [ -87.947314224216399, 15.5853384643064 ], [ -87.946744755256105, 15.586573540107876 ], [ -87.946378845096859, 15.5873295864379 ], [ -87.946093560017246, 15.587286362248971 ], [ -87.945190192849068, 15.587066787428975 ], [ -87.94460464020537, 15.586956372085401 ], [ -87.944081051271965, 15.586843286452028 ], [ -87.943345922049687, 15.586714843081461 ], [ -87.94239340918331, 15.586424029503858 ], [ -87.942258690743557, 15.586237189804148 ], [ -87.941253438455021, 15.584328880339699 ], [ -87.940545921401224, 15.583563016265302 ], [ -87.941103469564439, 15.58242531832099 ], [ -87.941377125344459, 15.581549535553998 ], [ -87.941834879355767, 15.5808183328743 ], [ -87.94186934307119, 15.580765324194228 ], [ -87.94143663679337, 15.580464425407891 ], [ -87.941128204267372, 15.580235077699381 ], [ -87.940849759595793, 15.580058462504324 ], [ -87.940698033683674, 15.579946180397712 ], [ -87.940556278123083, 15.57984586947266 ], [ -87.940297436031528, 15.579618711323111 ], [ -87.940138044662163, 15.579456003125557 ], [ -87.939821217335961, 15.579015244442759 ], [ -87.939446547727897, 15.57839212065559 ], [ -87.938918692935289, 15.577880177635359 ], [ -87.93873903682578, 15.577621443397737 ], [ -87.938605367297413, 15.577584846841029 ], [ -87.938277933706757, 15.57775339066567 ], [ -87.938149774187622, 15.577705410218396 ], [ -87.938071237666648, 15.577560164676415 ], [ -87.937675072304813, 15.577292259648477 ], [ -87.937352296614279, 15.577261283319528 ], [ -87.937308724740461, 15.577466359693121 ], [ -87.937165906035077, 15.577865965762069 ], [ -87.937345766297909, 15.578274981443681 ], [ -87.937347086149472, 15.578566136427574 ], [ -87.936591646456861, 15.57880659457939 ], [ -87.936180599029626, 15.578937748214548 ], [ -87.933931937519276, 15.578645357539392 ], [ -87.933834388433866, 15.574289141610404 ], [ -87.936384646418958, 15.574860630157113 ], [ -87.937876889189624, 15.575183181188773 ], [ -87.938622388129588, 15.575206962968476 ], [ -87.939062084630521, 15.574971290489039 ], [ -87.940011046066829, 15.573925143532762 ], [ -87.940524172812957, 15.572368210856428 ], [ -87.940704061665343, 15.571888413969296 ], [ -87.940858322472749, 15.571492766534615 ], [ -87.941042669034132, 15.571040263383537 ], [ -87.941183685006337, 15.570592147324739 ], [ -87.941147266392349, 15.570209920704722 ], [ -87.94113728729252, 15.569922126131408 ], [ -87.941436164620228, 15.569870424455585 ], [ -87.941852102607456, 15.56982242370716 ], [ -87.942090367818466, 15.569787788418106 ], [ -87.94233291039636, 15.569740528563589 ], [ -87.942631787069772, 15.569688825294923 ], [ -87.942857009031229, 15.569645841022428 ], [ -87.943190564368123, 15.569593988516855 ], [ -87.943385480303974, 15.569559537526038 ], [ -87.943521719477445, 15.569530622829529 ] ] ] ] } },
{ "type": "Feature", "properties": { "fid": 95, "qgs_fid": 977, "dialgeo": 201260, "sede": "SAN PEDRO SULA", "subsede": "SAN PEDRO SULA", "dial": 9, "DIAL_1": 8 }, "geometry": { "type": "MultiPolygon", "coordinates": [ [ [ [ -88.025917718172821, 15.423532389097847 ], [ -88.027716793907203, 15.422930543146974 ], [ -88.03062720061196, 15.422816208442454 ], [ -88.032189102238277, 15.423313189436177 ], [ -88.033127492992833, 15.423863484140474 ], [ -88.033864951766091, 15.425826567213294 ], [ -88.034030378738208, 15.427741888231498 ], [ -88.03387895217277, 15.428655468029378 ], [ -88.034159683301169, 15.429360088702307 ], [ -88.034338283395599, 15.430434956643172 ], [ -88.033062539898111, 15.431751907151039 ], [ -88.031263133118514, 15.432298125033368 ], [ -88.029092778421798, 15.431693359966083 ], [ -88.028098673744921, 15.430110978380633 ], [ -88.028111368204435, 15.429169680455903 ], [ -88.027660692108924, 15.429138151480684 ], [ -88.026985091297988, 15.429174893612306 ], [ -88.024929661347429, 15.429451226409457 ], [ -88.024556150522159, 15.428551620238999 ], [ -88.025157801286312, 15.427569785105176 ], [ -88.024995176645888, 15.426209099313937 ], [ -88.024403253002461, 15.425640363685897 ], [ -88.024104656123015, 15.424818155626872 ], [ -88.024897987813389, 15.424058141510544 ], [ -88.025917718172821, 15.423532389097847 ] ] ] ] } },
{ "type": "Feature", "properties": { "fid": 96, "qgs_fid": 978, "dialgeo": 201261, "sede": "SAN PEDRO SULA", "subsede": "SAN PEDRO SULA", "dial": 5, "DIAL_1": 4 }, "geometry": { "type": "MultiPolygon", "coordinates": [ [ [ [ -88.009049376662645, 15.548074794201257 ], [ -88.009055264913343, 15.548097177589648 ], [ -88.009197405352722, 15.548425414467673 ], [ -88.009718461850852, 15.550178302106803 ], [ -88.010561157382242, 15.552325831588496 ], [ -88.012438468447925, 15.556535947944553 ], [ -88.016994091552419, 15.569211771702255 ], [ -88.017928801872785, 15.572007669626579 ], [ -88.015419143385728, 15.572935857559623 ], [ -88.011004780313797, 15.573993980346557 ], [ -88.008174275075973, 15.574694519782613 ], [ -88.003287971357793, 15.575668039602384 ], [ -87.998836123703342, 15.576117385110047 ], [ -87.995366199048107, 15.576348775065107 ], [ -87.994787911768114, 15.576394523673265 ], [ -87.995064704482616, 15.574822958944853 ], [ -87.995773095174201, 15.568889761772061 ], [ -87.995724101610492, 15.56591500556709 ], [ -87.995911351664347, 15.565191424136216 ], [ -87.995890454269869, 15.564451975999624 ], [ -87.995987693195104, 15.563039682118744 ], [ -87.996138402859074, 15.561929686541694 ], [ -87.996187183268859, 15.56125715434025 ], [ -87.996149109459466, 15.560551399254885 ], [ -87.996180147028582, 15.559794908249012 ], [ -87.99615875113885, 15.559489887005959 ], [ -87.996151551652815, 15.559257188144104 ], [ -87.995452367466058, 15.558203414746604 ], [ -87.995218096062501, 15.556103746874962 ], [ -87.995202526407908, 15.555342681496116 ], [ -87.995097044596193, 15.55504061733129 ], [ -87.99630768575301, 15.554407656350392 ], [ -87.99816392604771, 15.553424405090858 ], [ -88.001491615803815, 15.551803499765523 ], [ -88.002168644211508, 15.551462571812456 ], [ -88.003522952461992, 15.550834053706826 ], [ -88.004776456880137, 15.550223768789502 ], [ -88.005693708021099, 15.549692467421401 ], [ -88.007527122813258, 15.548787681932984 ], [ -88.008749517335303, 15.54821062843652 ], [ -88.009049376662645, 15.548074794201257 ] ] ] ] } },
{ "type": "Feature", "properties": { "fid": 97, "qgs_fid": 979, "dialgeo": 201262, "sede": "SAN PEDRO SULA", "subsede": "SAN PEDRO SULA", "dial": 5, "DIAL_1": 4 }, "geometry": { "type": "MultiPolygon", "coordinates": [ [ [ [ -87.9867057269866, 15.546773844733595 ], [ -87.987578968497345, 15.54778143109214 ], [ -87.989651001178316, 15.546482591467631 ], [ -87.990360211294245, 15.547954294824427 ], [ -87.991698471376367, 15.550444241823332 ], [ -87.992964848007631, 15.552339962912686 ], [ -87.994345408396399, 15.554976778707747 ], [ -87.985650776165031, 15.559346657488904 ], [ -87.981137061988676, 15.561271120521353 ], [ -87.976499834942004, 15.559634047045183 ], [ -87.975276413080593, 15.559026503437313 ], [ -87.974957386352472, 15.558706432875375 ], [ -87.974793817147855, 15.558506628108592 ], [ -87.974526700805612, 15.558196115069686 ], [ -87.97444263650722, 15.558061691289293 ], [ -87.974357313028875, 15.557990409668925 ], [ -87.971211313354047, 15.555237484548437 ], [ -87.980704990451301, 15.546348419382211 ], [ -87.983638186295053, 15.543146533842856 ], [ -87.9867057269866, 15.546773844733595 ] ] ] ] } },
{ "type": "Feature", "properties": { "fid": 98, "qgs_fid": 980, "dialgeo": 201264, "sede": "SAN PEDRO SULA", "subsede": "SAN PEDRO SULA", "dial": 6, "DIAL_1": 5 }, "geometry": { "type": "MultiPolygon", "coordinates": [ [ [ [ -87.977233397844117, 15.469489772335754 ], [ -87.980706967579479, 15.470661008602415 ], [ -87.980757385841741, 15.4706837461836 ], [ -87.980865518134394, 15.470742093177151 ], [ -87.983175939688209, 15.469488422781957 ], [ -87.983146479060224, 15.473604951815414 ], [ -87.982859837312944, 15.47373587024479 ], [ -87.982795414278229, 15.473740963879251 ], [ -87.98157674809778, 15.474188676405641 ], [ -87.980839858252537, 15.474444285455025 ], [ -87.978136598242401, 15.475404747787707 ], [ -87.976838026807044, 15.473436899235352 ], [ -87.975331344676789, 15.471426310813133 ], [ -87.975485049434198, 15.471264312700157 ], [ -87.975863369523069, 15.470859343179221 ], [ -87.976313550870344, 15.470442717735931 ], [ -87.976373190453572, 15.47034269523696 ], [ -87.977233397844117, 15.469489772335754 ] ] ] ] } },
{ "type": "Feature", "properties": { "fid": 99, "qgs_fid": 986, "dialgeo": 201284, "sede": "SAN PEDRO SULA", "subsede": "SAN PEDRO SULA", "dial": 5, "DIAL_1": 4 }, "geometry": { "type": "MultiPolygon", "coordinates": [ [ [ [ -88.003390304454058, 15.537744000913987 ], [ -88.004926344486393, 15.539888405542595 ], [ -88.006275392892974, 15.543325271463871 ], [ -88.007209723493887, 15.545315527861812 ], [ -88.007898353432054, 15.546690617758319 ], [ -88.008713424330551, 15.547919459157052 ], [ -88.001367780181155, 15.551460169472323 ], [ -87.995002960268863, 15.554704886022272 ], [ -87.994656792761518, 15.554829705888576 ], [ -87.992999486908246, 15.551913046915487 ], [ -87.990591521682759, 15.547016138033202 ], [ -87.989742019995902, 15.54581079822481 ], [ -87.990910792192295, 15.544738647839464 ], [ -87.99187230698206, 15.544021528550369 ], [ -87.993641189402183, 15.54265278068552 ], [ -87.994170967951675, 15.542172585689499 ], [ -87.995293077159943, 15.54060148647069 ], [ -87.999030056565019, 15.540801908443576 ], [ -87.999729226657422, 15.540718796855025 ], [ -88.001382840496035, 15.538492665876712 ], [ -88.002624897250925, 15.537209631459618 ], [ -88.003390304454058, 15.537744000913987 ] ] ] ] } },
{ "type": "Feature", "properties": { "fid": 100, "qgs_fid": 989, "dialgeo": 201300, "sede": "SAN PEDRO SULA", "subsede": "SAN PEDRO SULA", "dial": 18, "DIAL_1": 17 }, "geometry": { "type": "MultiPolygon", "coordinates": [ [ [ [ -87.992298961428631, 15.627967319601071 ], [ -87.99302743268693, 15.627292766757817 ], [ -87.99343919162412, 15.627706893966177 ], [ -87.993875479201179, 15.628149272210464 ], [ -87.99399346416871, 15.6283378244859 ], [ -87.994184620086827, 15.628526045206289 ], [ -87.994370989540485, 15.628733196088302 ], [ -87.994723806602011, 15.629062498645496 ], [ -87.995420373011541, 15.629862957889262 ], [ -87.995714793721774, 15.630220886505526 ], [ -87.995990022987229, 15.630645082049002 ], [ -87.995147031828239, 15.631336251145347 ], [ -87.994668474891384, 15.631747778770372 ], [ -87.993931196038417, 15.632620918157391 ], [ -87.993371518426443, 15.633117280577943 ], [ -87.992571327576698, 15.633875046224231 ], [ -87.993662709355362, 15.634510931851306 ], [ -87.994856087247754, 15.635012712539687 ], [ -87.995386728100215, 15.63530944476892 ], [ -87.995765038080378, 15.635475194420952 ], [ -87.997368295243589, 15.636129713034263 ], [ -87.998849204618608, 15.636796298960174 ], [ -87.999318524537131, 15.637002156145089 ], [ -87.999949559115535, 15.637254463577277 ], [ -88.000413730265478, 15.63750769637303 ], [ -88.000863815850863, 15.637770363637443 ], [ -88.001176024307313, 15.637768938745394 ], [ -88.004578114591595, 15.639152619101308 ], [ -88.00711833554378, 15.63985949495194 ], [ -88.0059963626057, 15.641868954343567 ], [ -88.005679630311349, 15.642644736586263 ], [ -88.005283113580134, 15.643487666109706 ], [ -88.004862757612841, 15.644007199946781 ], [ -88.00362531461883, 15.643846312717118 ], [ -88.003035789316414, 15.643627360061934 ], [ -87.999997614771829, 15.642476620340767 ], [ -87.999233929100072, 15.642194339147922 ], [ -87.998803522623987, 15.641791918906135 ], [ -87.998762507006788, 15.641366157558268 ], [ -87.997893525453748, 15.641170618903063 ], [ -87.996383750437204, 15.64078927781947 ], [ -87.996067843846348, 15.641049517077155 ], [ -87.994757992253739, 15.640586380075931 ], [ -87.993436575588987, 15.640031627430407 ], [ -87.993081731481979, 15.639568968522026 ], [ -87.992637325641212, 15.639293879725338 ], [ -87.992052102764632, 15.639091640850754 ], [ -87.991165940280993, 15.63885201538718 ], [ -87.991199610564166, 15.638752592753779 ], [ -87.991341362939352, 15.637797064724072 ], [ -87.991100654572818, 15.636436728768428 ], [ -87.990965966670885, 15.635723830598932 ], [ -87.990362918080706, 15.635192088692296 ], [ -87.989966946696228, 15.6349247228676 ], [ -87.989224278817332, 15.634682260305423 ], [ -87.983361898981016, 15.632607314333384 ], [ -87.983184373707445, 15.630730271433501 ], [ -87.986237924412677, 15.630528407337641 ], [ -87.991162115636612, 15.62893207240753 ], [ -87.991414728747273, 15.628713481521126 ], [ -87.991649597988584, 15.628520941171283 ], [ -87.992298961428631, 15.627967319601071 ] ] ] ] } },
{ "type": "Feature", "properties": { "fid": 101, "qgs_fid": 991, "dialgeo": 201302, "sede": "SAN PEDRO SULA", "subsede": "SAN PEDRO SULA", "dial": 17, "DIAL_1": 16 }, "geometry": { "type": "MultiPolygon", "coordinates": [ [ [ [ -87.954158455406201, 15.573088443903275 ], [ -87.95655321113118, 15.569628875520165 ], [ -87.956980534012985, 15.56978619474795 ], [ -87.957025678385293, 15.57091865428751 ], [ -87.957022013172306, 15.571764352965584 ], [ -87.957051830020163, 15.571806624346296 ], [ -87.957073848613419, 15.571801186776291 ], [ -87.957112498543225, 15.571817044332777 ], [ -87.95713456656614, 15.571822290255238 ], [ -87.957272658584614, 15.57189113402481 ], [ -87.957369498264015, 15.571977184253363 ], [ -87.957450533009933, 15.572071649817007 ], [ -87.958441167138815, 15.572972783919461 ], [ -87.958586582115856, 15.573135077361929 ], [ -87.958893710111553, 15.573408845318969 ], [ -87.959347570771911, 15.573831545297564 ], [ -87.960004488930664, 15.574443949354578 ], [ -87.960213541987855, 15.574653136666351 ], [ -87.959975782501118, 15.574797041016472 ], [ -87.959141161831568, 15.575237685332116 ], [ -87.95877362440379, 15.575440981648402 ], [ -87.95864818282385, 15.575500355748851 ], [ -87.958410421207489, 15.575644258513458 ], [ -87.958129270493501, 15.575779945936878 ], [ -87.957956221539973, 15.575856334815031 ], [ -87.957705492957643, 15.57600869725956 ], [ -87.957095718126467, 15.576326498310042 ], [ -87.956616186413598, 15.575748708978088 ], [ -87.956341938054891, 15.575453857020639 ], [ -87.955844816080003, 15.574869642860774 ], [ -87.955642364126263, 15.574630242856571 ], [ -87.955467894612511, 15.57444136424475 ], [ -87.954860884693431, 15.573957879810919 ], [ -87.954477954975829, 15.573644391323507 ], [ -87.954038730380503, 15.573343752031739 ], [ -87.954085794475489, 15.573209084436542 ], [ -87.954158455406201, 15.573088443903275 ] ] ] ] } },
{ "type": "Feature", "properties": { "fid": 102, "qgs_fid": 992, "dialgeo": 201303, "sede": "SAN PEDRO SULA", "subsede": "SAN PEDRO SULA", "dial": 19, "DIAL_1": 18 }, "geometry": { "type": "MultiPolygon", "coordinates": [ [ [ [ -87.939996604722069, 15.617125437151088 ], [ -87.941759736073038, 15.613343595129145 ], [ -87.944431712350408, 15.613655632576338 ], [ -87.94483240614818, 15.61337622969406 ], [ -87.945202413521329, 15.611560284796781 ], [ -87.946313378716766, 15.611784654623563 ], [ -87.946251055531263, 15.61214617606273 ], [ -87.947671145655548, 15.612444692565102 ], [ -87.947629258547849, 15.612535013766797 ], [ -87.94751453769284, 15.613046049331484 ], [ -87.947447111696476, 15.613302333221606 ], [ -87.947392887635502, 15.613497544640945 ], [ -87.947020937777836, 15.614960002074493 ], [ -87.946046311684441, 15.617800257992711 ], [ -87.945528723672155, 15.619079481650232 ], [ -87.945118305570347, 15.619996996728164 ], [ -87.943077436225821, 15.621249559187333 ], [ -87.93697791352146, 15.622964874913707 ], [ -87.939479537043255, 15.61805684434054 ], [ -87.939996604722069, 15.617125437151088 ] ] ] ] } },
{ "type": "Feature", "properties": { "fid": 103, "qgs_fid": 994, "dialgeo": 201305, "sede": "SAN PEDRO SULA", "subsede": "SAN PEDRO SULA", "dial": 19, "DIAL_1": 18 }, "geometry": { "type": "MultiPolygon", "coordinates": [ [ [ [ -87.925544169452564, 15.610099970588744 ], [ -87.925942872072127, 15.610036303098877 ], [ -87.926516265113378, 15.609971081948675 ], [ -87.926951468696373, 15.609868835598137 ], [ -87.927172761187563, 15.609905719795295 ], [ -87.927524295867869, 15.609979871943088 ], [ -87.928227195766411, 15.610090357211332 ], [ -87.928527904761523, 15.610127238205225 ], [ -87.929158644807828, 15.610232505568918 ], [ -87.92938059793677, 15.610252870781233 ], [ -87.929658820029843, 15.61026247729305 ], [ -87.929665999729593, 15.610279999787281 ], [ -87.930020506328731, 15.610274426053964 ], [ -87.930760678806607, 15.610322513959222 ], [ -87.93136160653107, 15.610336142673365 ], [ -87.931321922733446, 15.608939820170809 ], [ -87.93531156080978, 15.609068451644658 ], [ -87.935215206848369, 15.609904598743192 ], [ -87.93505314132284, 15.610972875064368 ], [ -87.934883189850794, 15.611528959022841 ], [ -87.934867012425684, 15.611642256733013 ], [ -87.934884362593365, 15.611787762854791 ], [ -87.934918794249199, 15.612019465875719 ], [ -87.934954521061741, 15.612536931421779 ], [ -87.934951523295979, 15.61310308841451 ], [ -87.934890332156854, 15.614332690555436 ], [ -87.933980810134202, 15.614363519411906 ], [ -87.932857211848628, 15.61442221313966 ], [ -87.932529593035412, 15.617323730989487 ], [ -87.932474866197907, 15.617446871729809 ], [ -87.932064384029815, 15.617284736599713 ], [ -87.93162768786803, 15.617078590925667 ], [ -87.931380058674819, 15.616972490439242 ], [ -87.93108025690799, 15.616835095899241 ], [ -87.930526238056629, 15.616572718365795 ], [ -87.930265517080329, 15.616447763043366 ], [ -87.930043932910138, 15.616347853637205 ], [ -87.929783269312523, 15.61623550346112 ], [ -87.92960065155151, 15.616122822608689 ], [ -87.929431126780429, 15.616028995174256 ], [ -87.929131441138537, 15.615916809327365 ], [ -87.928831727418682, 15.615798320174104 ], [ -87.928512389172553, 15.615654701568268 ], [ -87.928245166689734, 15.615529771203875 ], [ -87.928108275313591, 15.615461016755193 ], [ -87.927749745296325, 15.615279744601366 ], [ -87.927450033208117, 15.615161253461817 ], [ -87.926909285502617, 15.614955537277995 ], [ -87.926720421443179, 15.614899607263213 ], [ -87.926544338506091, 15.614793199140264 ], [ -87.926420512272912, 15.614736994468929 ], [ -87.926303303079735, 15.614705973828164 ], [ -87.926127475200303, 15.614656291303985 ], [ -87.925971158666428, 15.614606526374242 ], [ -87.925677952213277, 15.61448800528002 ], [ -87.92540428560379, 15.614375704451794 ], [ -87.925104378153065, 15.614213089754669 ], [ -87.924583287466533, 15.614038799817001 ], [ -87.923931671185741, 15.613764209589769 ], [ -87.923071768096193, 15.613452674727126 ], [ -87.921846814320446, 15.612953578432906 ], [ -87.920921542692966, 15.612566672981981 ], [ -87.918315572360456, 15.61156910060093 ], [ -87.918441566291875, 15.611382634855424 ], [ -87.918699804557747, 15.610952949882634 ], [ -87.918751384726335, 15.610851885898358 ], [ -87.918790182091143, 15.610801299500363 ], [ -87.918832104951846, 15.61072233644876 ], [ -87.920708462761667, 15.610727086367671 ], [ -87.924727332660964, 15.610243345688499 ], [ -87.925544169452564, 15.610099970588744 ] ] ] ] } },
{ "type": "Feature", "properties": { "fid": 104, "qgs_fid": 996, "dialgeo": 201307, "sede": "SAN PEDRO SULA", "subsede": "SAN PEDRO SULA", "dial": 18, "DIAL_1": 17 }, "geometry": { "type": "MultiPolygon", "coordinates": [ [ [ [ -87.937192856017475, 15.652370375818069 ], [ -87.943442137640517, 15.652397480275944 ], [ -87.943624754511717, 15.653388788771746 ], [ -87.944347182608524, 15.658022639294009 ], [ -87.944199979349918, 15.658686467106197 ], [ -87.945065861120497, 15.659410628400815 ], [ -87.944702499542615, 15.660264102359953 ], [ -87.944091560025754, 15.660525543400357 ], [ -87.942715986942318, 15.661512778314984 ], [ -87.942469211756247, 15.661895419844358 ], [ -87.942756110116619, 15.66563118884055 ], [ -87.938705800766229, 15.667115543396772 ], [ -87.938226920861226, 15.66695687044971 ], [ -87.929739621413319, 15.663173472230195 ], [ -87.930928292399955, 15.654148871052797 ], [ -87.937192856017475, 15.652370375818069 ] ] ] ] } },
{ "type": "Feature", "properties": { "fid": 105, "qgs_fid": 1004, "dialgeo": 201320, "sede": "SAN PEDRO SULA", "subsede": "SAN PEDRO SULA", "dial": 11, "DIAL_1": 10 }, "geometry": { "type": "MultiPolygon", "coordinates": [ [ [ [ -87.920811699907745, 15.425485348237935 ], [ -87.921873353075952, 15.424436065052353 ], [ -87.923025520702893, 15.423525430479586 ], [ -87.924575501303437, 15.422073939181468 ], [ -87.925104719747608, 15.421079615956266 ], [ -87.928332743957057, 15.419809822994882 ], [ -87.929808284005674, 15.421318788611584 ], [ -87.931417785520253, 15.423571269676241 ], [ -87.932427085917226, 15.425222360564318 ], [ -87.935105726128995, 15.430053056317318 ], [ -87.93203062027888, 15.431047321671253 ], [ -87.930178074101576, 15.428531663039449 ], [ -87.929967687385243, 15.428721262455079 ], [ -87.929427116470634, 15.429348991746158 ], [ -87.929252286920487, 15.4300345005471 ], [ -87.929136994548216, 15.430358499783585 ], [ -87.92907110619096, 15.430542101655464 ], [ -87.928894284286812, 15.430780087189634 ], [ -87.928695443086809, 15.431066692221995 ], [ -87.928457738536721, 15.431364243545062 ], [ -87.927402040401248, 15.432722035107263 ], [ -87.927220490273527, 15.433226087637362 ], [ -87.927160644037812, 15.43401160594464 ], [ -87.927148180517065, 15.434305465865583 ], [ -87.927140548225054, 15.434447059713593 ], [ -87.926503469571102, 15.434419435264925 ], [ -87.925879762631538, 15.434447250588217 ], [ -87.92553334557914, 15.434482312087107 ], [ -87.92501782842001, 15.43448446136817 ], [ -87.923818251791133, 15.43458190354435 ], [ -87.923746502589537, 15.435010813459501 ], [ -87.923499592047762, 15.435016043136827 ], [ -87.922668201996828, 15.435103542686971 ], [ -87.922659339346424, 15.43407827387435 ], [ -87.92263870625591, 15.433330390706395 ], [ -87.922637592317784, 15.433078270962563 ], [ -87.922583107041234, 15.432389882713355 ], [ -87.921358802879226, 15.431789869451864 ], [ -87.9225104013898, 15.42998735670013 ], [ -87.920966018894859, 15.428969775512618 ], [ -87.919258137038526, 15.428184334415203 ], [ -87.918156734316838, 15.427701908877488 ], [ -87.918746598911795, 15.427075321077943 ], [ -87.920811699907745, 15.425485348237935 ] ] ] ] } },
{ "type": "Feature", "properties": { "fid": 106, "qgs_fid": 1005, "dialgeo": 201321, "sede": "SAN PEDRO SULA", "subsede": "SAN PEDRO SULA", "dial": 11, "DIAL_1": 10 }, "geometry": { "type": "MultiPolygon", "coordinates": [ [ [ [ -87.953669395457609, 15.397538027400074 ], [ -87.959761946121489, 15.400007835734941 ], [ -87.961606276853331, 15.399823382281449 ], [ -87.964207305343677, 15.405938695125389 ], [ -87.994070508196216, 15.405101967940242 ], [ -87.994868534335396, 15.406913664809867 ], [ -87.992652863229537, 15.414404030784988 ], [ -87.987879993053994, 15.420636737231588 ], [ -87.97843133906342, 15.427350026498438 ], [ -87.974476251646593, 15.428937818796234 ], [ -87.969184666407358, 15.429684041274857 ], [ -87.968053354387393, 15.429677587409328 ], [ -87.965643012787737, 15.429571046337909 ], [ -87.963797607263601, 15.429816437975164 ], [ -87.961067908979743, 15.42970221142809 ], [ -87.958832399300206, 15.429661453865108 ], [ -87.956546291408017, 15.42992343856425 ], [ -87.95498794417226, 15.430182270372686 ], [ -87.951298268378736, 15.430450235351259 ], [ -87.95015600684323, 15.430757674774549 ], [ -87.949012252339386, 15.430737355244652 ], [ -87.944436434985178, 15.430479535295303 ], [ -87.941264863180734, 15.43036694455399 ], [ -87.936561242851468, 15.430588537945196 ], [ -87.935749394663816, 15.429230494062473 ], [ -87.932818221008418, 15.421830386702625 ], [ -87.932525909613801, 15.420394507251295 ], [ -87.932314048238368, 15.419512962378805 ], [ -87.931484199459319, 15.418206005357174 ], [ -87.930372960051145, 15.414227235876291 ], [ -87.93009180361318, 15.413485629560594 ], [ -87.932892438899884, 15.412069872562299 ], [ -87.934906078418109, 15.411210491355845 ], [ -87.943856218164129, 15.405693022428801 ], [ -87.953669395457609, 15.397538027400074 ] ] ] ] } },
{ "type": "Feature", "properties": { "fid": 107, "qgs_fid": 1006, "dialgeo": 201322, "sede": "SAN PEDRO SULA", "subsede": "SAN PEDRO SULA", "dial": 10, "DIAL_1": 9 }, "geometry": { "type": "MultiPolygon", "coordinates": [ [ [ [ -87.900907609792313, 15.455476951731386 ], [ -87.907773014813827, 15.455543797919598 ], [ -87.90776148249671, 15.458002578673442 ], [ -87.907232095562023, 15.458996866853781 ], [ -87.906924613636818, 15.459882406705479 ], [ -87.90692808575308, 15.460680402412553 ], [ -87.907242139898131, 15.46130458399665 ], [ -87.907622628558215, 15.46186378940404 ], [ -87.907780737725787, 15.462423905228345 ], [ -87.908141435403195, 15.46354395401719 ], [ -87.907567936737635, 15.464624695238463 ], [ -87.906193939555877, 15.465730278975089 ], [ -87.90508238802893, 15.465821094461107 ], [ -87.900396822219392, 15.46225992328935 ], [ -87.899911121012664, 15.463081475412867 ], [ -87.899068671684986, 15.463688795887206 ], [ -87.897735485512001, 15.463953016416315 ], [ -87.89604536790749, 15.463959858349181 ], [ -87.892931806343697, 15.463929293114239 ], [ -87.892791706732169, 15.459883128830015 ], [ -87.891449897222827, 15.459917439422847 ], [ -87.891037255066252, 15.459953221537736 ], [ -87.890036628743331, 15.460007667784616 ], [ -87.888672005134126, 15.460050963242912 ], [ -87.887790921529373, 15.46000668511663 ], [ -87.887163973660265, 15.459993974122202 ], [ -87.887171713763848, 15.458758526103782 ], [ -87.887220539885249, 15.458014559107268 ], [ -87.887081282290978, 15.455834226767958 ], [ -87.887070445493848, 15.455641487969753 ], [ -87.88707860492427, 15.45526799365307 ], [ -87.890208234949526, 15.455359449062493 ], [ -87.892879637228219, 15.455438524324945 ], [ -87.893318551040025, 15.45549348417474 ], [ -87.893892451266922, 15.45551691920612 ], [ -87.894239127459073, 15.455532329272531 ], [ -87.894508079648773, 15.455545415332397 ], [ -87.894766428302788, 15.455549099978402 ], [ -87.894941815460129, 15.455529482518877 ], [ -87.895292833229945, 15.455546974449076 ], [ -87.895546246817332, 15.455536496057615 ], [ -87.895672953595337, 15.455531256753725 ], [ -87.895955672766476, 15.45553484153718 ], [ -87.896204313739418, 15.455548018449619 ], [ -87.89663815088214, 15.455555718672858 ], [ -87.89702816162773, 15.455573050111445 ], [ -87.897310799405332, 15.455557724085605 ], [ -87.897549631123525, 15.455556757138179 ], [ -87.897783588708734, 15.45555580967495 ], [ -87.897924938075334, 15.455555237129618 ], [ -87.898129712028108, 15.455568589570296 ], [ -87.898607436484966, 15.455580835454455 ], [ -87.898938835572665, 15.455570037024533 ], [ -87.899270254986291, 15.455563965367404 ], [ -87.899538290478091, 15.455553423098236 ], [ -87.899669871150209, 15.455548161734077 ], [ -87.899957382621636, 15.455532812562341 ], [ -87.900347209554468, 15.455507592761347 ], [ -87.900634741289537, 15.455496969981297 ], [ -87.900907609792313, 15.455476951731386 ] ] ] ] } },
{ "type": "Feature", "properties": { "fid": 108, "qgs_fid": 1009, "dialgeo": 201327, "sede": "SAN PEDRO SULA", "subsede": "SAN PEDRO SULA", "dial": 7, "DIAL_1": 6 }, "geometry": { "type": "MultiPolygon", "coordinates": [ [ [ [ -87.971452754070484, 15.485988540417194 ], [ -87.972595505856418, 15.486373907712782 ], [ -87.973651648393258, 15.486705947948343 ], [ -87.973964654510013, 15.486923074294122 ], [ -87.974954036889272, 15.487571602259944 ], [ -87.976058141315619, 15.489713013344105 ], [ -87.97655189023385, 15.490659800184252 ], [ -87.977366230151631, 15.491538672610078 ], [ -87.976258314740349, 15.493833623028351 ], [ -87.972735189527, 15.494584525598848 ], [ -87.969923888298382, 15.497479970469323 ], [ -87.969252903551634, 15.498558624760619 ], [ -87.968862962518088, 15.499038311341531 ], [ -87.967350806375649, 15.509326176115353 ], [ -87.962828180487094, 15.50969889728321 ], [ -87.959761624785699, 15.510065206826937 ], [ -87.959571384195741, 15.502653691810778 ], [ -87.962441951214771, 15.497419168310978 ], [ -87.963511634257841, 15.496338796088086 ], [ -87.965956872986865, 15.4928656761206 ], [ -87.97071660357166, 15.486313295112248 ], [ -87.971452754070484, 15.485988540417194 ] ] ] ] } },
{ "type": "Feature", "properties": { "fid": 109, "qgs_fid": 1011, "dialgeo": 201330, "sede": "SAN PEDRO SULA", "subsede": "SAN PEDRO SULA", "dial": 7, "DIAL_1": 6 }, "geometry": { "type": "MultiPolygon", "coordinates": [ [ [ [ -87.973619746628358, 15.498057259804485 ], [ -87.973694481947362, 15.498053779212585 ], [ -87.973788820608107, 15.498072272737767 ], [ -87.973929419413778, 15.498073102666293 ], [ -87.974026870299042, 15.498062168413778 ], [ -87.974176419662427, 15.498072014563141 ], [ -87.974349822082814, 15.498085957495329 ], [ -87.974432391828017, 15.498136017562882 ], [ -87.974621000388368, 15.498158297253321 ], [ -87.974853060586511, 15.498205597175401 ], [ -87.974996425343917, 15.498282701934112 ], [ -87.975213407745443, 15.498348976923925 ], [ -87.975334977872976, 15.498398864617768 ], [ -87.975460940545972, 15.498461338843073 ], [ -87.975625785083253, 15.49849842946977 ], [ -87.975756120684721, 15.49856928820898 ], [ -87.975921182324271, 15.498652599571388 ], [ -87.976064478705354, 15.498714996924013 ], [ -87.976212167711154, 15.498789980762016 ], [ -87.976390111337892, 15.498848022922161 ], [ -87.97664184047656, 15.498930950972747 ], [ -87.976872179460727, 15.499072801117757 ], [ -87.977032809810837, 15.499135121222235 ], [ -87.977206499578045, 15.499209989458416 ], [ -87.977401836500903, 15.499280559864646 ], [ -87.97751044707644, 15.499338907572948 ], [ -87.977653724595953, 15.499397101933276 ], [ -87.977870787932275, 15.49948018180431 ], [ -87.978022732364337, 15.499538337580882 ], [ -87.978235660344779, 15.499663455270216 ], [ -87.97847868480784, 15.49973801566578 ], [ -87.978661160971711, 15.499838055750487 ], [ -87.9788261257534, 15.499900355300255 ], [ -87.979182036031759, 15.500020636958206 ], [ -87.979245887803458, 15.500128254572907 ], [ -87.979442790653465, 15.500179157493996 ], [ -87.979703308015644, 15.500287254891711 ], [ -87.979820586466289, 15.500345562985677 ], [ -87.979920610698642, 15.500420755443768 ], [ -87.979929673628419, 15.500504755030697 ], [ -87.979955436417058, 15.500545142825322 ], [ -87.980070471821563, 15.500978831671869 ], [ -87.980085958830585, 15.501062190354221 ], [ -87.980033137522653, 15.501076046262188 ], [ -87.980000081869008, 15.501166573249622 ], [ -87.980061211339319, 15.501246594192313 ], [ -87.980041953496766, 15.501368473944289 ], [ -87.980104936512319, 15.501406656099851 ], [ -87.980182433588823, 15.501464331471139 ], [ -87.980220533118356, 15.501635916523847 ], [ -87.980261814675785, 15.501729677133605 ], [ -87.980370958939773, 15.502187795423815 ], [ -87.98039043321522, 15.502641523616937 ], [ -87.980235262269488, 15.50281869520591 ], [ -87.980157696514837, 15.502911482863121 ], [ -87.980054367870309, 15.503054808563892 ], [ -87.979933150595457, 15.503080557893355 ], [ -87.979838151810981, 15.503152412796856 ], [ -87.979600248540606, 15.50324591095325 ], [ -87.979353856369258, 15.503377264362312 ], [ -87.979193895189269, 15.503457810795052 ], [ -87.979012326036667, 15.503551058786432 ], [ -87.97885669802676, 15.503631585795807 ], [ -87.9786576364627, 15.503691295069572 ], [ -87.978514889843964, 15.503746552887346 ], [ -87.978384036423819, 15.50377324455147 ], [ -87.978139950410224, 15.50388329876743 ], [ -87.97796838672916, 15.503951365352977 ], [ -87.977704731765385, 15.504117595227775 ], [ -87.97742262533076, 15.504226214305611 ], [ -87.977257611616238, 15.504281430933421 ], [ -87.976916585433685, 15.504337476480089 ], [ -87.976748822391755, 15.504347257590105 ], [ -87.976618536353811, 15.50439483213421 ], [ -87.976324957859802, 15.504524333810346 ], [ -87.976239258246252, 15.504575994225066 ], [ -87.97616351997398, 15.504637225966952 ], [ -87.97606455348037, 15.504679329558382 ], [ -87.975813643525115, 15.504744539804928 ], [ -87.97550299529334, 15.504758731553412 ], [ -87.975273787766056, 15.504752547200873 ], [ -87.975185345121801, 15.504689620686532 ], [ -87.975184472784676, 15.504503727675221 ], [ -87.975196942390227, 15.504343416742676 ], [ -87.975155773613722, 15.504023086535817 ], [ -87.975068780626302, 15.503799112013292 ], [ -87.975100721750636, 15.503561792331322 ], [ -87.975128013020623, 15.503390198089265 ], [ -87.975074405028266, 15.503236588875192 ], [ -87.975032440230081, 15.502905761081429 ], [ -87.974979689124368, 15.502775469546339 ], [ -87.975011419768563, 15.502493279121198 ], [ -87.974997837429072, 15.502416416172128 ], [ -87.974990925983462, 15.502352344274856 ], [ -87.974957751994765, 15.5023268496371 ], [ -87.974754459661312, 15.501972779190359 ], [ -87.974746808050085, 15.501750858410665 ], [ -87.974761283861881, 15.501665858916148 ], [ -87.974757768071484, 15.501621002746202 ], [ -87.974755386409001, 15.501465564952596 ], [ -87.974894834366552, 15.501245399357559 ], [ -87.974986797953207, 15.501119994132342 ], [ -87.975032125987994, 15.501006012479973 ], [ -87.975194793487432, 15.500803372466589 ], [ -87.975288183810278, 15.500629884048147 ], [ -87.975371522610999, 15.50042759386827 ], [ -87.975400639022283, 15.500292850399189 ], [ -87.975553299377822, 15.500071023592779 ], [ -87.975651534277702, 15.499873475272112 ], [ -87.975666069803495, 15.499801295944428 ], [ -87.975673371409698, 15.499772417649179 ], [ -87.975559021674329, 15.499705614743169 ], [ -87.975409684094217, 15.499578870145632 ], [ -87.975205662239105, 15.499421116729188 ], [ -87.975116283172483, 15.499392664868958 ], [ -87.974982124423803, 15.499330756686261 ], [ -87.974763882912995, 15.499312488258633 ], [ -87.974525708072093, 15.499272672912785 ], [ -87.974369396367763, 15.499244515751279 ], [ -87.974237874615341, 15.499216249243821 ], [ -87.974024343450338, 15.499145074827629 ], [ -87.973714041728414, 15.499055095668837 ], [ -87.973483995549032, 15.498911913117011 ], [ -87.97349309628062, 15.498773207197834 ], [ -87.973528079045863, 15.498609175346253 ], [ -87.973534372463476, 15.498565026683471 ], [ -87.973560033122226, 15.49849242927481 ], [ -87.973566149435641, 15.498410463431483 ], [ -87.973591662485049, 15.498306351703333 ], [ -87.973619746628358, 15.498057259804485 ] ] ] ] } },
{ "type": "Feature", "properties": { "fid": 110, "qgs_fid": 1013, "dialgeo": 201332, "sede": "SAN PEDRO SULA", "subsede": "SAN PEDRO SULA", "dial": 6, "DIAL_1": 5 }, "geometry": { "type": "MultiPolygon", "coordinates": [ [ [ [ -88.021727250862142, 15.471127912474429 ], [ -88.022015920305378, 15.471284681262768 ], [ -88.022499327056352, 15.471483402085497 ], [ -88.023200381396606, 15.471695370752805 ], [ -88.023766265128828, 15.47167329069342 ], [ -88.024210724416434, 15.471646794619053 ], [ -88.024613945213446, 15.471735114853759 ], [ -88.024843047939029, 15.471611466514616 ], [ -88.025186702027412, 15.47155847434666 ], [ -88.025970233348914, 15.471905131199476 ], [ -88.025908048700771, 15.47209621087374 ], [ -88.025727384459827, 15.472964970206073 ], [ -88.025544102279341, 15.473812837504042 ], [ -88.025287507327107, 15.475429074932544 ], [ -88.025250850790613, 15.475526225400138 ], [ -88.024829301775554, 15.475446738646564 ], [ -88.024650307600069, 15.475409682190154 ], [ -88.023940675094764, 15.475263928799869 ], [ -88.020031088055759, 15.474628137248851 ], [ -88.018541890486517, 15.474226343926189 ], [ -88.019054816846989, 15.473685528676553 ], [ -88.01928177053901, 15.473463332843503 ], [ -88.019665991940855, 15.47296156983967 ], [ -88.020696288606089, 15.471437033910586 ], [ -88.020696288606047, 15.470993223711018 ], [ -88.020760437369233, 15.470333026678571 ], [ -88.02112700173015, 15.470783462340288 ], [ -88.021727250862142, 15.471127912474429 ] ] ] ] } },
{ "type": "Feature", "properties": { "fid": 111, "qgs_fid": 1014, "dialgeo": 201333, "sede": "SAN PEDRO SULA", "subsede": "SAN PEDRO SULA", "dial": 6, "DIAL_1": 5 }, "geometry": { "type": "MultiPolygon", "coordinates": [ [ [ [ -88.018638555292569, 15.474391662398585 ], [ -88.018939558236042, 15.474445665450528 ], [ -88.01955685225316, 15.47458154049453 ], [ -88.019852836155067, 15.47467222708285 ], [ -88.020541946139161, 15.474787282194963 ], [ -88.021450551351194, 15.474929289585898 ], [ -88.022935741483892, 15.475239427893111 ], [ -88.023198622133251, 15.475267058933799 ], [ -88.023441838886669, 15.475328433958154 ], [ -88.023660150890393, 15.475365885714943 ], [ -88.023941549825452, 15.475441806994466 ], [ -88.024161409698863, 15.475478950609274 ], [ -88.024479081678848, 15.475559210538433 ], [ -88.024662621665698, 15.475582399299153 ], [ -88.024885235156489, 15.475635347001285 ], [ -88.025243246270918, 15.475704709599572 ], [ -88.025204415999269, 15.475873156332076 ], [ -88.02516530162481, 15.475983912859412 ], [ -88.025068166417256, 15.476393010861681 ], [ -88.025034482624449, 15.476599894749278 ], [ -88.024995628393327, 15.476763533935625 ], [ -88.024976224925467, 15.476850161043304 ], [ -88.024927361192354, 15.47699461605808 ], [ -88.024903852295523, 15.477254336707219 ], [ -88.024830532815258, 15.477466211691162 ], [ -88.02481378541431, 15.47758888368605 ], [ -88.024733526587269, 15.477901750915322 ], [ -88.024685171235902, 15.478149567492167 ], [ -88.024573008294809, 15.478527485304456 ], [ -88.024461389147817, 15.479015975949707 ], [ -88.0244029114223, 15.479221772595535 ], [ -88.024378763029304, 15.479351690251185 ], [ -88.024349302313908, 15.479409518100843 ], [ -88.024310825662226, 15.479650077452568 ], [ -88.024227731918344, 15.479890843261005 ], [ -88.024194259834047, 15.480140994688488 ], [ -88.024106255640973, 15.48039139843333 ], [ -88.024072404922535, 15.480564629584302 ], [ -88.024062821132631, 15.480631980687178 ], [ -88.02401924462923, 15.48084371783585 ], [ -88.023956500377992, 15.481190157174961 ], [ -88.023918023071431, 15.481430716467901 ], [ -88.023869843562963, 15.481714589268618 ], [ -88.023835945202393, 15.481878205355871 ], [ -88.023782500583437, 15.482099603364787 ], [ -88.023715885976088, 15.482667211312675 ], [ -88.023462051850217, 15.482590862385177 ], [ -88.023334206794772, 15.482552992575783 ], [ -88.023015963691137, 15.482484753331098 ], [ -88.022854053607745, 15.482450646420659 ], [ -88.022614021458708, 15.482408487037006 ], [ -88.022313705437384, 15.48233114961765 ], [ -88.021930912053122, 15.482242173571416 ], [ -88.021599668109502, 15.482176396081149 ], [ -88.021471959255862, 15.482166168395739 ], [ -88.021197519175175, 15.482086733429032 ], [ -88.021920934293178, 15.479326392993666 ], [ -88.022004077783507, 15.47909524293134 ], [ -88.022099343216865, 15.478808749137336 ], [ -88.022075807253131, 15.478811261626605 ], [ -88.022021210676897, 15.47879829273055 ], [ -88.021819931943313, 15.478759859494717 ], [ -88.020708346233306, 15.478536024548003 ], [ -88.02056133241382, 15.478506053743804 ], [ -88.01977783190064, 15.47833658985866 ], [ -88.01904209172595, 15.478175917580097 ], [ -88.018373929602433, 15.478021542410787 ], [ -88.018110898779383, 15.477963858778335 ], [ -88.017459474981976, 15.477810605694311 ], [ -88.017443853858751, 15.477784235496632 ], [ -88.017418503027443, 15.477161763195765 ], [ -88.017360014510245, 15.476279957554349 ], [ -88.01731679674235, 15.476003075339994 ], [ -88.018191529272116, 15.474999304821791 ], [ -88.018273963141269, 15.474873209657643 ], [ -88.018417618517731, 15.474689227731197 ], [ -88.018638555292569, 15.474391662398585 ] ] ] ] } },
{ "type": "Feature", "properties": { "fid": 112, "qgs_fid": 1015, "dialgeo": 201334, "sede": "SAN PEDRO SULA", "subsede": "SAN PEDRO SULA", "dial": 6, "DIAL_1": 5 }, "geometry": { "type": "MultiPolygon", "coordinates": [ [ [ [ -87.984477197608598, 15.477496410376087 ], [ -87.984629502790824, 15.477483459032753 ], [ -87.984938592719473, 15.477483459032751 ], [ -87.985198407442113, 15.477487776147287 ], [ -87.985494058678228, 15.477496410376091 ], [ -87.985655322988819, 15.477492093261736 ], [ -87.98567324124555, 15.477483459032753 ], [ -87.985830025991973, 15.477483459032747 ], [ -87.985906178583093, 15.477496410376091 ], [ -87.985968892481651, 15.477496410376094 ], [ -87.986054004201151, 15.477496410376094 ], [ -87.986174952434084, 15.477492093261731 ], [ -87.986327257616324, 15.477505044604532 ], [ -87.986461644541819, 15.47751367883261 ], [ -87.986578113210598, 15.477500727490357 ], [ -87.986701301225665, 15.477507203161585 ], [ -87.987023829846848, 15.477498568933232 ], [ -87.98723884892766, 15.477498568933228 ], [ -87.987444908880093, 15.477489934704529 ], [ -87.987686805345987, 15.477489934704533 ], [ -87.987930547859918, 15.47750881323363 ], [ -87.987976399404175, 15.477772913781138 ], [ -87.987975900045953, 15.478081063192013 ], [ -87.988093956499526, 15.484790890414555 ], [ -87.988226471960388, 15.485563991416676 ], [ -87.988315051349517, 15.486476649280293 ], [ -87.98813348334842, 15.486393230101537 ], [ -87.985794189195673, 15.484968140513224 ], [ -87.9857802658005, 15.484905730413525 ], [ -87.984957630867257, 15.484392885540025 ], [ -87.984765224341118, 15.484298743807086 ], [ -87.984310615600251, 15.48404967641434 ], [ -87.981975832316138, 15.482844244253126 ], [ -87.981625695259169, 15.482680005972954 ], [ -87.981611221339804, 15.482644685133275 ], [ -87.981146641638205, 15.482009904156186 ], [ -87.98147588960569, 15.481582518721991 ], [ -87.981478129387781, 15.481528555851856 ], [ -87.981415415489209, 15.481329972368558 ], [ -87.981395257450401, 15.481271692397051 ], [ -87.981372859629488, 15.481222046482452 ], [ -87.981321344641358, 15.481150815366782 ], [ -87.981291590229745, 15.481091166442448 ], [ -87.981261746770528, 15.481070465476437 ], [ -87.981202636190503, 15.481014828623294 ], [ -87.980779317375166, 15.481077425706793 ], [ -87.980535181127195, 15.481107644981712 ], [ -87.97989684323106, 15.481174559074731 ], [ -87.979625829597978, 15.481204778335449 ], [ -87.979498162018743, 15.481222046482456 ], [ -87.979513091067133, 15.481089476605833 ], [ -87.979045935299894, 15.478489738275167 ], [ -87.978713367744206, 15.47726024140751 ], [ -87.978876521383924, 15.477253310118817 ], [ -87.980789056663141, 15.477374652537279 ], [ -87.981713135317179, 15.477442671771135 ], [ -87.982291690056186, 15.477479368073876 ], [ -87.98306507343608, 15.477545588217938 ], [ -87.98319604225216, 15.477539581514693 ], [ -87.983402102204579, 15.477530947287693 ], [ -87.98358128477193, 15.477513678832613 ], [ -87.983715671697425, 15.477487776147283 ], [ -87.98410091421718, 15.477479141918128 ], [ -87.984477197608598, 15.477496410376087 ] ] ] ] } },
{ "type": "Feature", "properties": { "fid": 113, "qgs_fid": 1016, "dialgeo": 201335, "sede": "SAN PEDRO SULA", "subsede": "SAN PEDRO SULA", "dial": 10, "DIAL_1": 9 }, "geometry": { "type": "MultiPolygon", "coordinates": [ [ [ [ -87.938721327976808, 15.463554806539483 ], [ -87.940023301462702, 15.463560098957826 ], [ -87.940647001523558, 15.46341808907648 ], [ -87.940725800775581, 15.463464714075858 ], [ -87.940884329089741, 15.463578069353046 ], [ -87.941475330079484, 15.463875909453616 ], [ -87.942605052590906, 15.464496621929483 ], [ -87.94379715203327, 15.465015055315476 ], [ -87.943904027480784, 15.465100070768763 ], [ -87.944621942321902, 15.4655101195147 ], [ -87.945739179681681, 15.466117893079943 ], [ -87.946471878518025, 15.466547459345467 ], [ -87.945910372316334, 15.46761144102231 ], [ -87.945084446656551, 15.468644523885436 ], [ -87.944365159377782, 15.469563075729544 ], [ -87.943522718091984, 15.469004410271197 ], [ -87.942302201257931, 15.468327510122746 ], [ -87.940796618332428, 15.467765451424087 ], [ -87.940670503152077, 15.46776296818374 ], [ -87.940433732884671, 15.467623205165898 ], [ -87.939413680468448, 15.467215733413287 ], [ -87.938131631057175, 15.466845562037895 ], [ -87.937863862349161, 15.466803445373145 ], [ -87.934576205142875, 15.469036318404493 ], [ -87.934092283018828, 15.469413197996566 ], [ -87.933190619449945, 15.469455443859939 ], [ -87.932476949663851, 15.469429615984406 ], [ -87.929415398411564, 15.469605875724309 ], [ -87.924818294042126, 15.469913457043877 ], [ -87.923688771710516, 15.469975838291067 ], [ -87.924694079721633, 15.468722179792726 ], [ -87.927402369411141, 15.465304451892294 ], [ -87.928915734256663, 15.463674242733243 ], [ -87.930076856414644, 15.462375440904326 ], [ -87.931122760358406, 15.461352255780788 ], [ -87.932312185447316, 15.461953964399243 ], [ -87.933245870833503, 15.462430596001676 ], [ -87.93412962273851, 15.462820932792605 ], [ -87.934645803141379, 15.463010980743245 ], [ -87.935420075397346, 15.463296050310101 ], [ -87.935866801712706, 15.463467166040296 ], [ -87.936162228491554, 15.463600475242984 ], [ -87.936340684054755, 15.463616540785644 ], [ -87.936566482106628, 15.463692476273524 ], [ -87.937392721905297, 15.463962902124763 ], [ -87.938013146813987, 15.464193348546127 ], [ -87.938285282965751, 15.463555452203879 ], [ -87.938721327976808, 15.463554806539483 ] ] ] ] } },
{ "type": "Feature", "properties": { "fid": 114, "qgs_fid": 1017, "dialgeo": 201336, "sede": "SAN PEDRO SULA", "subsede": "SAN PEDRO SULA", "dial": 10, "DIAL_1": 9 }, "geometry": { "type": "MultiPolygon", "coordinates": [ [ [ [ -87.945186198911856, 15.451745168259333 ], [ -87.945521942397022, 15.451484233646362 ], [ -87.945886236317008, 15.450963673754149 ], [ -87.946370487203311, 15.450673270687536 ], [ -87.946687673831221, 15.45069113906446 ], [ -87.946875689800152, 15.450632668889048 ], [ -87.94713368211228, 15.450708456731824 ], [ -87.947550137000988, 15.450764344674468 ], [ -87.947986498151167, 15.450839369147838 ], [ -87.948423209197884, 15.450991280980864 ], [ -87.950123425804406, 15.451597372130884 ], [ -87.949340723502672, 15.45551524888665 ], [ -87.949295053232987, 15.456760060580002 ], [ -87.949206246830357, 15.456988297862951 ], [ -87.949168234472268, 15.457098532055539 ], [ -87.948996597049131, 15.45730582131872 ], [ -87.948827568461994, 15.457381884598538 ], [ -87.948791051830341, 15.457570701349354 ], [ -87.948799612749909, 15.457591567154443 ], [ -87.948777775995538, 15.457634396007363 ], [ -87.948719625640592, 15.457766412331079 ], [ -87.948657932981064, 15.457926934052349 ], [ -87.948603114061171, 15.457984149188906 ], [ -87.948498022980502, 15.458290869143504 ], [ -87.948356222171483, 15.458560303806921 ], [ -87.94833934119832, 15.458659123911858 ], [ -87.948251374495882, 15.458846490962962 ], [ -87.948191502375366, 15.459019030652131 ], [ -87.948135819382131, 15.459160037127866 ], [ -87.948088686776885, 15.45927579479007 ], [ -87.948028814417, 15.459448334443223 ], [ -87.947988448088694, 15.459622891659237 ], [ -87.947945581001221, 15.459723923919444 ], [ -87.948085370063168, 15.459975448115987 ], [ -87.948432731887323, 15.460165142698811 ], [ -87.948386775447446, 15.460410425208421 ], [ -87.94834531467265, 15.460554770778622 ], [ -87.948308852487202, 15.460708706159357 ], [ -87.948227686685797, 15.460838804812717 ], [ -87.948158787852236, 15.460942420127234 ], [ -87.948026491362128, 15.46126976727469 ], [ -87.94798721258816, 15.461349227793869 ], [ -87.947916294986925, 15.461553769373291 ], [ -87.947904268272509, 15.461633113295518 ], [ -87.947832345205413, 15.461616601349133 ], [ -87.947623942919293, 15.461552617046355 ], [ -87.947259110886804, 15.461412411644234 ], [ -87.947182167487114, 15.461381504125288 ], [ -87.946904200089492, 15.46127456602049 ], [ -87.946544476661785, 15.461167976800464 ], [ -87.946316157268356, 15.461082451069455 ], [ -87.946082904939544, 15.461001751760994 ], [ -87.945934039123401, 15.460954331229198 ], [ -87.945586562254434, 15.460816451668402 ], [ -87.945244084322027, 15.460688161429184 ], [ -87.945000944746766, 15.460612308717815 ], [ -87.94481228761309, 15.460531417831831 ], [ -87.944613699014042, 15.460445763503953 ], [ -87.944340634500051, 15.460326787117374 ], [ -87.943755084695269, 15.460137057271151 ], [ -87.943343174959224, 15.459994642821764 ], [ -87.943005676223621, 15.459871133386008 ], [ -87.942777250842809, 15.459761576243119 ], [ -87.942583618621413, 15.459675898922267 ], [ -87.942186618612354, 15.459543030034888 ], [ -87.941806874346824, 15.459390864624252 ], [ -87.940917887933935, 15.458938107582746 ], [ -87.940162795156184, 15.458508806868545 ], [ -87.939556951859373, 15.458155840028409 ], [ -87.938732124674388, 15.457706414107388 ], [ -87.937795531741031, 15.45712805176799 ], [ -87.937215807901637, 15.456785420990771 ], [ -87.935075989628999, 15.455672938638402 ], [ -87.936267295394089, 15.454451184088642 ], [ -87.937357031046233, 15.454246611573035 ], [ -87.938576385187318, 15.454093540571129 ], [ -87.939566813769261, 15.453968661094558 ], [ -87.941125665932844, 15.453777158552507 ], [ -87.943600542014991, 15.452962682436928 ], [ -87.943763897252822, 15.452779628489687 ], [ -87.944139238524585, 15.452508916021026 ], [ -87.944297049905813, 15.452344853071796 ], [ -87.944652832029675, 15.452131890453666 ], [ -87.944909475666762, 15.45190973862316 ], [ -87.945186198911856, 15.451745168259333 ] ] ] ] } },
{ "type": "Feature", "properties": { "fid": 115, "qgs_fid": 1018, "dialgeo": 201337, "sede": "SAN PEDRO SULA", "subsede": "SAN PEDRO SULA", "dial": 10, "DIAL_1": 9 }, "geometry": { "type": "MultiPolygon", "coordinates": [ [ [ [ -87.92266892415077, 15.445735903805431 ], [ -87.925443870430541, 15.446189040459508 ], [ -87.926661174631917, 15.446397808379793 ], [ -87.927061665354856, 15.446445872419423 ], [ -87.928075926216366, 15.446644891224718 ], [ -87.927185678370805, 15.447395776813725 ], [ -87.926665353537786, 15.448049670187018 ], [ -87.925322201136481, 15.44945487141772 ], [ -87.924652543183299, 15.449970492773755 ], [ -87.924443962841352, 15.450131621194814 ], [ -87.921763664219185, 15.451825497206929 ], [ -87.920927362877279, 15.451949521934782 ], [ -87.920762058090105, 15.451594302233737 ], [ -87.920575093676149, 15.451197983158185 ], [ -87.920655856153886, 15.449618720542048 ], [ -87.921185017734459, 15.4480375955334 ], [ -87.92156017085621, 15.446901478258841 ], [ -87.922003011045874, 15.445642168550494 ], [ -87.922207796385379, 15.445660226446046 ], [ -87.92266892415077, 15.445735903805431 ] ] ] ] } },
{ "type": "Feature", "properties": { "fid": 116, "qgs_fid": 1019, "dialgeo": 201338, "sede": "SAN PEDRO SULA", "subsede": "SAN PEDRO SULA", "dial": 7, "DIAL_1": 6 }, "geometry": { "type": "MultiPolygon", "coordinates": [ [ [ [ -87.92165055780724, 15.507581170208219 ], [ -87.924887044679139, 15.509559236860806 ], [ -87.92667139517043, 15.512453502295273 ], [ -87.927126601375463, 15.5134600818244 ], [ -87.927182660068169, 15.514386326381491 ], [ -87.92692938593791, 15.515881283551948 ], [ -87.924668762149238, 15.517844858797584 ], [ -87.918896774044015, 15.51959184104512 ], [ -87.887700070626337, 15.536836194731469 ], [ -87.877065064027533, 15.526051669011666 ], [ -87.881548457198079, 15.515290058239048 ], [ -87.886000776873388, 15.502256315143249 ], [ -87.88758842608614, 15.499014767606599 ], [ -87.889282965213638, 15.496004086661534 ], [ -87.890785879093428, 15.492718934017823 ], [ -87.900866399018966, 15.498370777171283 ], [ -87.914027861494162, 15.505032281412786 ], [ -87.918216343249256, 15.506567794328936 ], [ -87.92165055780724, 15.507581170208219 ] ] ] ] } },
{ "type": "Feature", "properties": { "fid": 117, "qgs_fid": 1020, "dialgeo": 201340, "sede": "SAN PEDRO SULA", "subsede": "SAN PEDRO SULA", "dial": 11, "DIAL_1": 10 }, "geometry": { "type": "MultiPolygon", "coordinates": [ [ [ [ -87.879013978124775, 15.435285472392977 ], [ -87.880975086901842, 15.435493936768552 ], [ -87.885940524071216, 15.436000508974914 ], [ -87.885161281751266, 15.442120219077767 ], [ -87.884943310337547, 15.443156351792959 ], [ -87.884639683355601, 15.444969273173173 ], [ -87.883393894670348, 15.444844830574878 ], [ -87.882815382350785, 15.444760861990366 ], [ -87.882058796687417, 15.444634464119662 ], [ -87.880990537806596, 15.444423029792995 ], [ -87.88001177210667, 15.444340643184724 ], [ -87.878275880031538, 15.444002435308363 ], [ -87.876228865090241, 15.443708578838114 ], [ -87.876358228247625, 15.44272551682907 ], [ -87.87634137611802, 15.441525976608824 ], [ -87.876482386081292, 15.440537077676622 ], [ -87.876522148448544, 15.439415383130713 ], [ -87.876496561764029, 15.438617467105319 ], [ -87.876558922188167, 15.437581955250081 ], [ -87.876554303849673, 15.436482003791532 ], [ -87.876705153021291, 15.435338302033667 ], [ -87.877260858263242, 15.435292969967213 ], [ -87.877572154587568, 15.435291739201473 ], [ -87.877974403563201, 15.435323204517921 ], [ -87.879013978124775, 15.435285472392977 ] ] ] ] } },
{ "type": "Feature", "properties": { "fid": 118, "qgs_fid": 1021, "dialgeo": 201341, "sede": "SAN PEDRO SULA", "subsede": "SAN PEDRO SULA", "dial": 10, "DIAL_1": 9 }, "geometry": { "type": "MultiPolygon", "coordinates": [ [ [ [ -87.902774566149887, 15.436657599527235 ], [ -87.909608645075707, 15.436773101533383 ], [ -87.912257222364019, 15.436913558570076 ], [ -87.912456500948224, 15.436912739228788 ], [ -87.912855094827805, 15.436919504021262 ], [ -87.912755132850705, 15.438804247452813 ], [ -87.911226469671959, 15.438683239002533 ], [ -87.910216994753682, 15.43886716352462 ], [ -87.909831677237392, 15.43901615484142 ], [ -87.909861406899722, 15.439873257974085 ], [ -87.909835715637684, 15.440936490389577 ], [ -87.909627768606768, 15.440937343111118 ], [ -87.907851645247518, 15.440965628884957 ], [ -87.90776059525642, 15.440949193120398 ], [ -87.907665322689297, 15.440957987105074 ], [ -87.907643571697463, 15.439941171424181 ], [ -87.90760445589865, 15.438916022500941 ], [ -87.90542501710263, 15.438845087321573 ], [ -87.903913172878987, 15.43887226208286 ], [ -87.903813496028533, 15.438864263958772 ], [ -87.903831698133132, 15.439065890121457 ], [ -87.903815606555042, 15.439351697772128 ], [ -87.9038422184137, 15.439494460410486 ], [ -87.903834245415865, 15.439654172293643 ], [ -87.903801843902656, 15.44017536338111 ], [ -87.903804827999878, 15.440864493859408 ], [ -87.903813801809434, 15.440935892815045 ], [ -87.902718000134243, 15.440999183652702 ], [ -87.902725501448202, 15.440730219357244 ], [ -87.902715673849116, 15.440461325566847 ], [ -87.902718879310456, 15.440200782919796 ], [ -87.902704828603646, 15.439957118841049 ], [ -87.902725017670789, 15.439616667358321 ], [ -87.902715444620199, 15.439406601773772 ], [ -87.902713736435459, 15.43901161218767 ], [ -87.902704236144572, 15.438818354657394 ], [ -87.902689676856838, 15.438457034061273 ], [ -87.902679631535676, 15.438137715999042 ], [ -87.90265781489785, 15.43797654949983 ], [ -87.90265291947145, 15.437846304582907 ], [ -87.902638687470287, 15.4375606202606 ], [ -87.90263433188899, 15.437341944868942 ], [ -87.902604474466671, 15.436661511810414 ], [ -87.902774566149887, 15.436657599527235 ] ] ] ] } },
{ "type": "Feature", "properties": { "fid": 119, "qgs_fid": 1022, "dialgeo": 201342, "sede": "SAN PEDRO SULA", "subsede": "SAN PEDRO SULA", "dial": 16, "DIAL_1": 15 }, "geometry": { "type": "MultiPolygon", "coordinates": [ [ [ [ -87.9963502382044, 15.366934414259493 ], [ -88.00469463470175, 15.367713188587613 ], [ -88.010245479496632, 15.367947791714025 ], [ -88.015652005362384, 15.368326602290038 ], [ -88.019395594566362, 15.368712895826439 ], [ -88.021883687455386, 15.368909884916935 ], [ -88.028016053441149, 15.37084022145593 ], [ -88.032636950882491, 15.372494015293217 ], [ -88.036821839273571, 15.374434800222334 ], [ -88.038318906557691, 15.37756418551225 ], [ -88.03847172315939, 15.38122255823207 ], [ -88.038113464965235, 15.382404717304542 ], [ -88.036596417357899, 15.383322204703067 ], [ -88.035168682799323, 15.383773565920469 ], [ -88.033681345974017, 15.384284714500007 ], [ -88.031709767131701, 15.384966177602024 ], [ -88.03011813927597, 15.385410555104311 ], [ -88.027281172192787, 15.386264063071561 ], [ -88.024959828705661, 15.386726478801258 ], [ -88.022526185856094, 15.38680687336756 ], [ -88.017887697008533, 15.386152871767614 ], [ -88.004109925054607, 15.385393843913716 ], [ -88.001618266828885, 15.385654842736345 ], [ -87.994430631783416, 15.385940597070107 ], [ -87.993377900220835, 15.385710254999371 ], [ -87.99105638504966, 15.385087450112316 ], [ -87.990341068541753, 15.384249500471778 ], [ -87.988702097480157, 15.380816763803743 ], [ -87.989577787191905, 15.379669468295415 ], [ -87.995894809757672, 15.367312204834702 ], [ -87.9963502382044, 15.366934414259493 ] ] ] ] } },
{ "type": "Feature", "properties": { "fid": 120, "qgs_fid": 1023, "dialgeo": 201344, "sede": "SAN PEDRO SULA", "subsede": "SAN PEDRO SULA", "dial": 13, "DIAL_1": 12 }, "geometry": { "type": "MultiPolygon", "coordinates": [ [ [ [ -87.972892164016145, 15.312436292859308 ], [ -87.974899403219638, 15.312062222077587 ], [ -87.97527153709585, 15.312026728050563 ], [ -87.975795541034728, 15.312053855605617 ], [ -87.976722381996851, 15.312121242668372 ], [ -87.978233781839037, 15.312202876615226 ], [ -87.97817712000959, 15.312587612950896 ], [ -87.97816600038378, 15.31392181515141 ], [ -87.978070135155306, 15.315653482554612 ], [ -87.977933472342642, 15.317923191591653 ], [ -87.97185055733371, 15.322005189180951 ], [ -87.970598026014812, 15.323116359707424 ], [ -87.969834870985622, 15.326632599094896 ], [ -87.969263906669283, 15.335111326538797 ], [ -87.966194778643811, 15.334650141178834 ], [ -87.964103130068835, 15.334098422471643 ], [ -87.96495514229332, 15.325890729581426 ], [ -87.965369931647501, 15.323309129408882 ], [ -87.964004987503145, 15.320556433635236 ], [ -87.963934701757466, 15.320382039679554 ], [ -87.963810402430155, 15.319929652188517 ], [ -87.963619114851923, 15.319407458151222 ], [ -87.96349402700065, 15.318782531368919 ], [ -87.962891008361183, 15.318127312753392 ], [ -87.961977027357406, 15.317505782884984 ], [ -87.962752938067823, 15.31709265291402 ], [ -87.962968940283091, 15.316946139499173 ], [ -87.963143914170914, 15.316855178858949 ], [ -87.964824491963427, 15.316046634370794 ], [ -87.965256019245174, 15.315777480062 ], [ -87.965999893906215, 15.315361412438687 ], [ -87.966220200277533, 15.315251206239346 ], [ -87.966652133888161, 15.315026628692337 ], [ -87.96740812643057, 15.314657777513016 ], [ -87.968289228366586, 15.314191734337815 ], [ -87.968846887915731, 15.314004426656469 ], [ -87.969443976539452, 15.313917796237728 ], [ -87.969980915810126, 15.31393227490422 ], [ -87.970500924361247, 15.314030867121613 ], [ -87.970595689761424, 15.313925403951032 ], [ -87.970912819437473, 15.313218079444178 ], [ -87.971358746515961, 15.312274879184518 ], [ -87.972892164016145, 15.312436292859308 ] ] ] ] } },
{ "type": "Feature", "properties": { "fid": 121, "qgs_fid": 1024, "dialgeo": 201346, "sede": "SAN PEDRO SULA", "subsede": "SAN PEDRO SULA", "dial": 12, "DIAL_1": 11 }, "geometry": { "type": "MultiPolygon", "coordinates": [ [ [ [ -87.967218635322993, 15.30236433849125 ], [ -87.969879633579595, 15.296822300767554 ], [ -87.977972264547077, 15.299683844699389 ], [ -87.979638631661942, 15.300789548508371 ], [ -87.979275968404195, 15.304037082165948 ], [ -87.979267464536889, 15.304597880677582 ], [ -87.979138699946859, 15.30557977670024 ], [ -87.978261661367398, 15.303991180739995 ], [ -87.974789581014818, 15.303339554415265 ], [ -87.974507500953393, 15.306009794912111 ], [ -87.976923838432199, 15.30639435626799 ], [ -87.976795722765431, 15.30707819846084 ], [ -87.976604724704544, 15.307294060205958 ], [ -87.976592451099634, 15.308750151806898 ], [ -87.976485968473355, 15.309222853375067 ], [ -87.975704399404449, 15.309119630175479 ], [ -87.975676775878384, 15.309112140285478 ], [ -87.97513013806649, 15.309073294885259 ], [ -87.974465263176782, 15.308959434008493 ], [ -87.973319768118657, 15.308814849091807 ], [ -87.970785204453449, 15.308545934987846 ], [ -87.968978598880966, 15.308284839657507 ], [ -87.968094625292125, 15.308120586160108 ], [ -87.966878563420494, 15.307999786166414 ], [ -87.967218635322993, 15.30236433849125 ] ] ] ] } },
{ "type": "Feature", "properties": { "fid": 122, "qgs_fid": 1027, "dialgeo": 201093, "sede": "SAN PEDRO SULA", "subsede": "SAN PEDRO SULA", "dial": 15, "DIAL_1": 14 }, "geometry": { "type": "MultiPolygon", "coordinates": [ [ [ [ -88.187522871359377, 15.40591782538038 ], [ -88.188633512189043, 15.406623039240989 ], [ -88.186003443220002, 15.410267421133506 ], [ -88.184718076328664, 15.412744920938927 ], [ -88.183428114285789, 15.414415698292762 ], [ -88.182999782901504, 15.414883326092841 ], [ -88.182588540320182, 15.415692256561202 ], [ -88.182113728416908, 15.416797376603263 ], [ -88.181901731766317, 15.418070659618117 ], [ -88.181347422010589, 15.420885580273499 ], [ -88.181131376715584, 15.42189027679929 ], [ -88.181772786609031, 15.425012985051639 ], [ -88.180854670052909, 15.425941953923303 ], [ -88.180000014760807, 15.426475921492058 ], [ -88.177599634086903, 15.42943831451668 ], [ -88.17488049724119, 15.431192259924595 ], [ -88.173794019617034, 15.432105593100827 ], [ -88.172247816886028, 15.432021631847723 ], [ -88.170385572599656, 15.433644945437937 ], [ -88.169672531850381, 15.436270619312106 ], [ -88.170013811989222, 15.441512647168198 ], [ -88.169753130465551, 15.444854439673071 ], [ -88.170622213755578, 15.451505474331348 ], [ -88.170672040008128, 15.46037936528964 ], [ -88.172013912598615, 15.477112128008605 ], [ -88.172558191874046, 15.492966704902001 ], [ -88.147693908044104, 15.499084240100741 ], [ -88.131970581248879, 15.494665605938222 ], [ -88.119269281756274, 15.492108313322115 ], [ -88.106527487430682, 15.481886304150429 ], [ -88.10423012882562, 15.480082578633951 ], [ -88.102940618821918, 15.472223135132211 ], [ -88.103341592871388, 15.469397489873284 ], [ -88.102601446079973, 15.467081749998192 ], [ -88.101748807248185, 15.463153050990625 ], [ -88.10204901090367, 15.460932975062745 ], [ -88.099538659454538, 15.458121792584166 ], [ -88.111503838768556, 15.446207303760854 ], [ -88.133729343606191, 15.433861374342168 ], [ -88.134928793385683, 15.432770237778152 ], [ -88.135652963434069, 15.432111047922163 ], [ -88.137431498530418, 15.430576676822358 ], [ -88.137773191000065, 15.430083311696656 ], [ -88.139526218146997, 15.427452379363425 ], [ -88.144738196130675, 15.418510137747868 ], [ -88.14321567542197, 15.413988255620472 ], [ -88.142899731101778, 15.412232831647616 ], [ -88.137379847669806, 15.410129473020943 ], [ -88.133521661097831, 15.408146256176931 ], [ -88.133663216463091, 15.407114392503646 ], [ -88.135731947703746, 15.403596985550504 ], [ -88.13559599485788, 15.402707781755662 ], [ -88.125198998629145, 15.374304756408515 ], [ -88.128767746653281, 15.373337093557769 ], [ -88.134002263590688, 15.372680863773164 ], [ -88.141749927615521, 15.371443713005831 ], [ -88.145994938968997, 15.370807885605046 ], [ -88.154211464846554, 15.369428335502993 ], [ -88.155098150732215, 15.368992408551337 ], [ -88.157750121774484, 15.372935821139791 ], [ -88.162964011540708, 15.378946716617499 ], [ -88.165909687796116, 15.382898113822634 ], [ -88.170247248946055, 15.38608046499647 ], [ -88.172282939450525, 15.392542909948034 ], [ -88.176018924258813, 15.39810657575385 ], [ -88.187522871359377, 15.40591782538038 ] ] ] ] } },
{ "type": "Feature", "properties": { "fid": 123, "qgs_fid": 1028, "dialgeo": 201073, "sede": "SAN PEDRO SULA", "subsede": "SAN PEDRO SULA", "dial": 16, "DIAL_1": 15 }, "geometry": { "type": "MultiPolygon", "coordinates": [ [ [ [ -87.994217716417282, 15.386076240011519 ], [ -88.003975717194308, 15.385881462793945 ], [ -88.003435479264212, 15.389119016557117 ], [ -88.002025158362841, 15.391713466084127 ], [ -87.999180434300598, 15.39420651823111 ], [ -87.999461097606755, 15.397116864048195 ], [ -87.998005393743412, 15.399538956269481 ], [ -87.993729656192968, 15.404557670964813 ], [ -87.979452004316627, 15.404882398411534 ], [ -87.970159035729196, 15.405315197393179 ], [ -87.964304990151803, 15.405705858448069 ], [ -87.96171073676193, 15.399655146571259 ], [ -87.959652544212616, 15.399864787237332 ], [ -87.953890320756003, 15.39752384181322 ], [ -87.953693518934088, 15.39548250677533 ], [ -87.956237891773185, 15.388053471098132 ], [ -87.959733707211583, 15.379667933635016 ], [ -87.965480459430751, 15.378835089094286 ], [ -87.970850067772389, 15.377957031876894 ], [ -87.972478954653837, 15.377778982103051 ], [ -87.973756666783729, 15.377858868951442 ], [ -87.979569450187967, 15.377576960813919 ], [ -87.985316824607679, 15.380637664211331 ], [ -87.98867710262401, 15.38081957074934 ], [ -87.989033664310284, 15.381597114466826 ], [ -87.98933693823794, 15.382269752498484 ], [ -87.99046475711927, 15.384550895506992 ], [ -87.991033870733233, 15.385218243021329 ], [ -87.994217716417282, 15.386076240011519 ] ] ] ] } },
{ "type": "Feature", "properties": { "fid": 124, "qgs_fid": 1029, "dialgeo": 201319, "sede": "SAN PEDRO SULA", "subsede": "SAN PEDRO SULA", "dial": 7, "DIAL_1": 6 }, "geometry": { "type": "MultiPolygon", "coordinates": [ [ [ [ -87.922914309175198, 15.562184546015008 ], [ -87.920242443662801, 15.562160706975876 ], [ -87.916325131814276, 15.56183195456892 ], [ -87.898230590598558, 15.563027994861063 ], [ -87.893318684706117, 15.55907950961684 ], [ -87.893191908889577, 15.55160950282521 ], [ -87.898820950121362, 15.546539778026807 ], [ -87.899832989023281, 15.545206540144296 ], [ -87.900360547349507, 15.543737782486684 ], [ -87.90133228334561, 15.542094667264543 ], [ -87.901505379782606, 15.540972438925161 ], [ -87.901411516898094, 15.539851301539139 ], [ -87.902025785763612, 15.537864560974587 ], [ -87.902375719077824, 15.536482796233937 ], [ -87.903175076171749, 15.536134441935054 ], [ -87.903884694280194, 15.53561391085865 ], [ -87.904772276387945, 15.53509264794971 ], [ -87.905658723721402, 15.534312573906877 ], [ -87.906768753583023, 15.533790390275382 ], [ -87.907478543053458, 15.53331298305328 ], [ -87.908323692316543, 15.533266370362478 ], [ -87.908989930024191, 15.533004814656408 ], [ -87.909879379525464, 15.532914878228054 ], [ -87.910943367145308, 15.532534335878248 ], [ -87.915770687041189, 15.530346101219408 ], [ -87.918943235190994, 15.530332914273172 ], [ -87.923187828814306, 15.53160868046443 ], [ -87.925609253153397, 15.532416054515194 ], [ -87.929090859207022, 15.534024982624462 ], [ -87.931174719458639, 15.53478937130398 ], [ -87.932766381320135, 15.535613073460448 ], [ -87.934063411472039, 15.535962697685473 ], [ -87.935043590701724, 15.536260491384008 ], [ -87.937590017334983, 15.523783644624993 ], [ -87.941063683260865, 15.524545297105853 ], [ -87.947118143918658, 15.52538210651436 ], [ -87.950860380691452, 15.52648752872248 ], [ -87.941775650135114, 15.544168697468701 ], [ -87.938070734981366, 15.546337768868879 ], [ -87.936987477818676, 15.54689704095281 ], [ -87.935780797551473, 15.547482043962447 ], [ -87.934731685162092, 15.548406736162931 ], [ -87.934006738521646, 15.549128353737093 ], [ -87.933437316608916, 15.549735856157779 ], [ -87.932997414872503, 15.550229354592737 ], [ -87.931768098213482, 15.55157079642014 ], [ -87.931057550350744, 15.552607495826487 ], [ -87.930153695585673, 15.554035797016928 ], [ -87.929090786114173, 15.554796644181232 ], [ -87.926376917716624, 15.558589889479922 ], [ -87.926235492663324, 15.560405757779755 ], [ -87.925987590405981, 15.563129710092971 ], [ -87.922914309175198, 15.562184546015008 ] ] ] ] } },
{ "type": "Feature", "properties": { "fid": 125, "qgs_fid": 1030, "dialgeo": 201326, "sede": "SAN PEDRO SULA", "subsede": "SAN PEDRO SULA", "dial": 7, "DIAL_1": 6 }, "geometry": { "type": "MultiPolygon", "coordinates": [ [ [ [ -87.969246291508483, 15.525118940134863 ], [ -87.969157339459613, 15.527157452893865 ], [ -87.968735790444541, 15.529152944759039 ], [ -87.96816761568509, 15.530530352657015 ], [ -87.967406958037017, 15.532186352706276 ], [ -87.964370159547784, 15.53529231108195 ], [ -87.95928563492329, 15.539693472816575 ], [ -87.951229617923417, 15.548786686953816 ], [ -87.942756074137733, 15.544509588047115 ], [ -87.950874762980277, 15.528382381450866 ], [ -87.952572624103965, 15.524366345376084 ], [ -87.953628920174552, 15.522218761419955 ], [ -87.954713169469912, 15.520499657058348 ], [ -87.955191237308256, 15.519987650249444 ], [ -87.955686099195518, 15.519493171916004 ], [ -87.956437556135398, 15.518751452193911 ], [ -87.95704238733093, 15.518451231548381 ], [ -87.957922141797155, 15.518239310829722 ], [ -87.95887520913557, 15.518186330616055 ], [ -87.959901589346146, 15.518239310829722 ], [ -87.960616389849974, 15.518574851867085 ], [ -87.960927969556749, 15.518928052369581 ], [ -87.961129579955269, 15.519175292361588 ], [ -87.961624441842531, 15.519581471705322 ], [ -87.962430883436539, 15.521206181083979 ], [ -87.963431904073801, 15.52234599450723 ], [ -87.963835254319662, 15.522980472932744 ], [ -87.964238857604883, 15.523668867879643 ], [ -87.965753480085738, 15.524093595845631 ], [ -87.967178326424587, 15.524346167240127 ], [ -87.967891354205889, 15.524601851104761 ], [ -87.969246291508483, 15.525118940134863 ] ] ] ] } },
{ "type": "Feature", "properties": { "fid": 126, "qgs_fid": 1031, "dialgeo": 201263, "sede": "SAN PEDRO SULA", "subsede": "SAN PEDRO SULA", "dial": 6, "DIAL_1": 5 }, "geometry": { "type": "MultiPolygon", "coordinates": [ [ [ [ -87.991012530785156, 15.477466371517924 ], [ -87.990945813105199, 15.477466670178035 ], [ -87.990626836210026, 15.477478152358534 ], [ -87.989892361797061, 15.477470932866732 ], [ -87.988880572407055, 15.477462848878966 ], [ -87.987857970519343, 15.477459010497842 ], [ -87.987106184055051, 15.477456060989663 ], [ -87.986549357688077, 15.477448038191286 ], [ -87.986040302549512, 15.47746291215754 ], [ -87.98582554642779, 15.477448922113219 ], [ -87.985682200373944, 15.477461873458719 ], [ -87.985158091364482, 15.477444604997874 ], [ -87.984410004145829, 15.477470507688608 ], [ -87.984078516396281, 15.477453239228476 ], [ -87.983581284771944, 15.477470507688603 ], [ -87.98317812399543, 15.477487776147283 ], [ -87.983169164867036, 15.475216961465215 ], [ -87.983164167763306, 15.473538436269163 ], [ -87.983174051718976, 15.472878679261527 ], [ -87.983239791908005, 15.469365519461679 ], [ -87.983058709830274, 15.467719140759238 ], [ -87.985513717071186, 15.468279702559148 ], [ -87.988914024781479, 15.468995693345374 ], [ -87.992910208827368, 15.470165296221083 ], [ -87.988945936191669, 15.471970542777678 ], [ -87.989745196797884, 15.474026655394004 ], [ -87.98993653401368, 15.474511065687977 ], [ -87.990128590044421, 15.475146444052264 ], [ -87.990180063584688, 15.47544815688317 ], [ -87.990797914601899, 15.475596364267497 ], [ -87.991499265494653, 15.475765763299808 ], [ -87.991233870545088, 15.477244315220949 ], [ -87.991173816510965, 15.477476433117868 ], [ -87.991012530785156, 15.477466371517924 ] ] ] ] } },
{ "type": "Feature", "properties": { "fid": 127, "qgs_fid": 1032, "dialgeo": 201079, "sede": "SAN PEDRO SULA", "subsede": "SAN PEDRO SULA", "dial": 14, "DIAL_1": 13 }, "geometry": { "type": "MultiPolygon", "coordinates": [ [ [ [ -87.909940613051134, 15.196273559432399 ], [ -87.902249357593305, 15.18953367084775 ], [ -87.904179570858531, 15.17944068974192 ], [ -87.915498184887952, 15.179294128010902 ], [ -87.919031504886348, 15.179884854906064 ], [ -87.92132570279874, 15.182094228227458 ], [ -87.931416826790368, 15.186187649028481 ], [ -87.933207933628466, 15.192029628581384 ], [ -87.932798294310416, 15.193342397198336 ], [ -87.929073795358391, 15.196585053773763 ], [ -87.922954397774618, 15.198425564344429 ], [ -87.914954633107442, 15.19775226761522 ], [ -87.909940613051134, 15.196273559432399 ] ] ] ] } },
{ "type": "Feature", "properties": { "fid": 128, "qgs_fid": 1034, "dialgeo": 201238, "sede": "SAN PEDRO SULA", "subsede": "SAN PEDRO SULA", "dial": 7, "DIAL_1": 6 }, "geometry": { "type": "MultiPolygon", "coordinates": [ [ [ [ -87.999249680394243, 15.504843521180762 ], [ -87.994877625751272, 15.507122643441166 ], [ -87.991175616089947, 15.503680931494811 ], [ -87.986955508924609, 15.496918591097339 ], [ -87.98426074169852, 15.490334207026105 ], [ -87.98164224146943, 15.48700388149201 ], [ -87.980650770508888, 15.485834454205227 ], [ -87.980116279455515, 15.485209638021876 ], [ -87.969872636329967, 15.472913699855079 ], [ -87.966933269116581, 15.469377482442395 ], [ -87.971488873743382, 15.467882609115039 ], [ -87.97488967738667, 15.470990383924924 ], [ -87.978130571043295, 15.475446988919529 ], [ -87.978662360117184, 15.477357443907378 ], [ -87.979504881365031, 15.481232839073593 ], [ -87.979919241051988, 15.481189668705644 ], [ -87.980891306693863, 15.481088218633161 ], [ -87.981191437280032, 15.481036413826642 ], [ -87.981372859629488, 15.481239314628006 ], [ -87.981470640726229, 15.481563502375234 ], [ -87.981317984968243, 15.481763833862521 ], [ -87.981129843272527, 15.482022855216165 ], [ -87.981578685638596, 15.482656662665041 ], [ -87.984966589995608, 15.484461957054759 ], [ -87.988285947055502, 15.486516824066397 ], [ -87.988232192285295, 15.487824848524347 ], [ -87.988173957950906, 15.488209052156032 ], [ -87.988160519258344, 15.488351509500962 ], [ -87.989038513838295, 15.488403312147508 ], [ -87.989011636453185, 15.489409144295427 ], [ -87.988937723644156, 15.489830038269915 ], [ -87.989072110569666, 15.490727942551642 ], [ -87.989815718224094, 15.491358199958434 ], [ -87.99036222505444, 15.491574041094385 ], [ -87.990944568384165, 15.492128751697679 ], [ -87.990921392766708, 15.494312802034401 ], [ -87.991201038422247, 15.497160103254396 ], [ -87.992090820053491, 15.498253263544221 ], [ -87.993260247340274, 15.498507486867437 ], [ -87.995497412584555, 15.499651491821892 ], [ -87.997073597188475, 15.499829448148136 ], [ -87.9974040999507, 15.50182191880395 ], [ -87.999249680394243, 15.504843521180762 ] ] ] ] } },
{ "type": "Feature", "properties": { "fid": 129, "qgs_fid": 1036, "dialgeo": 201001, "sede": "SAN PEDRO SULA", "subsede": "QUIMISTAN", "dial": 2, "DIAL_1": 1 }, "geometry": { "type": "MultiPolygon", "coordinates": [ [ [ [ -88.446229574768111, 15.362248857968353 ], [ -88.442514459269731, 15.361311023652215 ], [ -88.437801876401195, 15.360738038720823 ], [ -88.434155960344441, 15.36024429632694 ], [ -88.423218867855567, 15.358848904531916 ], [ -88.406066085794961, 15.357923290994149 ], [ -88.405183508223715, 15.358796310746463 ], [ -88.404133663600334, 15.361227488955112 ], [ -88.403756812944408, 15.362167360339049 ], [ -88.40323771616039, 15.364255753162858 ], [ -88.402911479172687, 15.365292287327193 ], [ -88.402781891552735, 15.365842670672578 ], [ -88.402668961294353, 15.366392949098161 ], [ -88.40138617136661, 15.372198420426392 ], [ -88.401157403319573, 15.374527439344927 ], [ -88.400890834949166, 15.377848072046904 ], [ -88.399924312483336, 15.379470526112879 ], [ -88.399067541547382, 15.380898322153415 ], [ -88.397443561060655, 15.382828085040595 ], [ -88.394132524288509, 15.381798109104718 ], [ -88.393419419547953, 15.381666507192248 ], [ -88.392274019804788, 15.381452769241061 ], [ -88.391189535982576, 15.381423063519344 ], [ -88.39020434160912, 15.381445454300561 ], [ -88.388212906241861, 15.381203348389546 ], [ -88.385899408537256, 15.380700521674717 ], [ -88.384854293877794, 15.380534611635046 ], [ -88.384231070218391, 15.380344521790102 ], [ -88.384072595613318, 15.379892919653436 ], [ -88.384317993465274, 15.364183354312146 ], [ -88.388171616764268, 15.358972003286157 ], [ -88.392824063011247, 15.350322268411936 ], [ -88.394503371602369, 15.343045264517116 ], [ -88.40397467205625, 15.336350420933879 ], [ -88.40838565595557, 15.337738649369209 ], [ -88.411565146888051, 15.339765015069144 ], [ -88.416886308686671, 15.345306369488737 ], [ -88.420866074616967, 15.347153465793316 ], [ -88.422715755933069, 15.347411466854007 ], [ -88.424327892180543, 15.348038408728025 ], [ -88.432572169053145, 15.349478760592772 ], [ -88.438079330405913, 15.35006827298748 ], [ -88.439512340403667, 15.350068272987487 ], [ -88.440812417579352, 15.35032650514073 ], [ -88.449453847263058, 15.352531258921118 ], [ -88.447886492578007, 15.357322886101091 ], [ -88.446229574768111, 15.362248857968353 ] ] ] ] } },
{ "type": "Feature", "properties": { "fid": 130, "qgs_fid": 1037, "dialgeo": 201009, "sede": "SAN PEDRO SULA", "subsede": "QUIMISTAN", "dial": 4, "DIAL_1": 3 }, "geometry": { "type": "MultiPolygon", "coordinates": [ [ [ [ -88.451491408353448, 15.342752085225491 ], [ -88.449341893356817, 15.351350145211986 ], [ -88.442624658992372, 15.349558882714799 ], [ -88.430776437170394, 15.348575787477179 ], [ -88.416321695486559, 15.343914489419793 ], [ -88.410087355327889, 15.33814168343107 ], [ -88.403817936587728, 15.336059340778087 ], [ -88.394100337540507, 15.342709402798892 ], [ -88.392264293480878, 15.350814865598672 ], [ -88.383755796619269, 15.363801518703276 ], [ -88.375026550768496, 15.362147130429438 ], [ -88.364263253261186, 15.360144292552466 ], [ -88.346299523905287, 15.355467389485069 ], [ -88.305921483184804, 15.335255422066608 ], [ -88.301610286467977, 15.333233561742484 ], [ -88.302308660328777, 15.331246658898113 ], [ -88.32068219425409, 15.265059000368915 ], [ -88.325545559781162, 15.254642007054759 ], [ -88.331129678398312, 15.245944855545483 ], [ -88.338780521848875, 15.22012266298572 ], [ -88.34082689469858, 15.220800139854568 ], [ -88.344523158285739, 15.22263155965913 ], [ -88.35400147233922, 15.233092163903079 ], [ -88.362171083528153, 15.242622610768567 ], [ -88.373786442371426, 15.258058650637221 ], [ -88.380776880061035, 15.267843434702813 ], [ -88.386516782575328, 15.27642877860854 ], [ -88.388763567359675, 15.280466622142699 ], [ -88.392622545980345, 15.288478930696556 ], [ -88.394951187226681, 15.296629175058754 ], [ -88.398175459721628, 15.302092525675182 ], [ -88.400414537843119, 15.306391555668426 ], [ -88.403280557838627, 15.309257575663922 ], [ -88.411699491575391, 15.313287916282597 ], [ -88.415282016569776, 15.314452236905769 ], [ -88.417431531566393, 15.314452236905764 ], [ -88.424315630221187, 15.310932810795393 ], [ -88.430866000295282, 15.306481118793288 ], [ -88.443209702642406, 15.298581960866866 ], [ -88.446999140056278, 15.302154717623342 ], [ -88.451379984128806, 15.307138081364815 ], [ -88.455848159359675, 15.311074475264165 ], [ -88.4588475880945, 15.313727280266974 ], [ -88.451491408353448, 15.342752085225491 ] ] ] ] } },
{ "type": "Feature", "properties": { "fid": 131, "qgs_fid": 1038, "dialgeo": 201019, "sede": "SAN PEDRO SULA", "subsede": "QUIMISTAN", "dial": 9, "DIAL_1": 8 }, "geometry": { "type": "MultiPolygon", "coordinates": [ [ [ [ -88.559737526240227, 15.339930314944644 ], [ -88.552063916042187, 15.340453226045167 ], [ -88.551331202078728, 15.343341942368189 ], [ -88.5505013437499, 15.343211795952376 ], [ -88.548455386116458, 15.34288293135328 ], [ -88.547289666069474, 15.342645029302906 ], [ -88.547418413061465, 15.341637444148231 ], [ -88.546265287828916, 15.341156042352107 ], [ -88.546248494742969, 15.340803387547975 ], [ -88.545576771306514, 15.340624261298256 ], [ -88.545901437634129, 15.343087247231884 ], [ -88.545487208181655, 15.345830117930708 ], [ -88.54312498076348, 15.34837147159859 ], [ -88.542177009346261, 15.3492003174996 ], [ -88.541326487078777, 15.348301075048161 ], [ -88.538666297297837, 15.34592733185896 ], [ -88.532643388514458, 15.339223453438752 ], [ -88.527998758750968, 15.335720996783111 ], [ -88.508282200354529, 15.320726409049687 ], [ -88.506274521356843, 15.319446902391073 ], [ -88.518765403764178, 15.296389176138135 ], [ -88.521062903209398, 15.294778806518943 ], [ -88.523029954334973, 15.293777849013384 ], [ -88.525269032456464, 15.29292699932722 ], [ -88.5268363871415, 15.292747873077499 ], [ -88.527687236827674, 15.292568746827783 ], [ -88.529523280887275, 15.292703091515071 ], [ -88.53126976182206, 15.293195688701793 ], [ -88.532613208694954, 15.293643504326093 ], [ -88.533464058381114, 15.294136101512816 ], [ -88.536285296814185, 15.295121295886275 ], [ -88.536733112438483, 15.295389985260851 ], [ -88.537360054312515, 15.29565867463543 ], [ -88.538703501185381, 15.295927364010009 ], [ -88.540046948058276, 15.296196053384586 ], [ -88.541659084305749, 15.297002121508321 ], [ -88.544614667426103, 15.297897752756912 ], [ -88.545778988049278, 15.298211223693922 ], [ -88.546607446954226, 15.299039682598869 ], [ -88.548555444919927, 15.300047267753543 ], [ -88.550167581167386, 15.301390714626427 ], [ -88.551208752493849, 15.30205124267226 ], [ -88.563646290705691, 15.306553476020936 ], [ -88.570058627261574, 15.30892217530533 ], [ -88.576834087267187, 15.312322529557676 ], [ -88.570522576447061, 15.320512997836905 ], [ -88.566126048252556, 15.326491764686981 ], [ -88.561901694481193, 15.332649979127726 ], [ -88.559737526240227, 15.339930314944644 ] ] ] ] } },
{ "type": "Feature", "properties": { "fid": 132, "qgs_fid": 1039, "dialgeo": 201033, "sede": "SAN PEDRO SULA", "subsede": "QUIMISTAN", "dial": 10, "DIAL_1": 9 }, "geometry": { "type": "MultiPolygon", "coordinates": [ [ [ [ -88.594040509937074, 15.270974997659591 ], [ -88.591816194877651, 15.276661684803098 ], [ -88.585541443781437, 15.28915908097915 ], [ -88.576817302233437, 15.310081418072457 ], [ -88.551779717414846, 15.301435496188851 ], [ -88.544614667426103, 15.297046903070747 ], [ -88.528761994326004, 15.291762678704048 ], [ -88.529657625574586, 15.28079119590878 ], [ -88.528582868076285, 15.269058426552204 ], [ -88.524015148708457, 15.265207212183247 ], [ -88.522313449336124, 15.263863765310363 ], [ -88.522332156618475, 15.262481741472579 ], [ -88.522884264375904, 15.261039378705533 ], [ -88.523314045011304, 15.260113585145639 ], [ -88.524110266381413, 15.25866045378061 ], [ -88.525081444118328, 15.257366490351515 ], [ -88.526161521350389, 15.256703393121729 ], [ -88.529499941885902, 15.256324479479195 ], [ -88.532740173582113, 15.255945565153185 ], [ -88.535784027599803, 15.255566650143709 ], [ -88.537936044137879, 15.255031721592317 ], [ -88.539755293479132, 15.254889933260738 ], [ -88.542166302153007, 15.254524630343687 ], [ -88.544060331002896, 15.25468792729632 ], [ -88.546977555277664, 15.254714088873566 ], [ -88.549015865010219, 15.255408024346334 ], [ -88.549908185377433, 15.256005276192409 ], [ -88.550904318067552, 15.257258742750913 ], [ -88.552377941438053, 15.260776671609136 ], [ -88.553348749042613, 15.262015633865289 ], [ -88.553951900436019, 15.262528667239192 ], [ -88.554931629780896, 15.262931333773299 ], [ -88.556242905818124, 15.263137738919808 ], [ -88.557640274782258, 15.262977178628175 ], [ -88.56740613175829, 15.262736696278182 ], [ -88.579993141967378, 15.262756076162299 ], [ -88.593588571052365, 15.264039043955007 ], [ -88.596654799698754, 15.264405124874232 ], [ -88.594040509937074, 15.270974997659591 ] ] ] ] } },
{ "type": "Feature", "properties": { "fid": 133, "qgs_fid": 1040, "dialgeo": 201065, "sede": "SAN PEDRO SULA", "subsede": "QUIMISTAN", "dial": 12, "DIAL_1": 11 }, "geometry": { "type": "MultiPolygon", "coordinates": [ [ [ [ -88.662658865990693, 15.286786327579035 ], [ -88.672943508937095, 15.295836592476029 ], [ -88.678706183939411, 15.298543196290758 ], [ -88.695835541009131, 15.299999715309756 ], [ -88.699326553077739, 15.300671691623574 ], [ -88.700616268164836, 15.300920477582226 ], [ -88.701780093225537, 15.302075277690731 ], [ -88.704373842874659, 15.304339729240345 ], [ -88.708360542830803, 15.308619116776631 ], [ -88.718008877153778, 15.318849926278682 ], [ -88.706365670922082, 15.325835850017715 ], [ -88.692214697194288, 15.334433910004213 ], [ -88.679317607214543, 15.341419833743238 ], [ -88.67233418078321, 15.334858562705909 ], [ -88.665889442115244, 15.328614326497227 ], [ -88.661957044000403, 15.32554050844502 ], [ -88.656689168467892, 15.322045528831369 ], [ -88.649639821060489, 15.31787398207593 ], [ -88.644739689995461, 15.315927541977659 ], [ -88.642955397678662, 15.314906284789629 ], [ -88.639730706026711, 15.314192643785999 ], [ -88.632191248254003, 15.312657794538511 ], [ -88.626493411821755, 15.31088914987974 ], [ -88.618062203120033, 15.30806005604976 ], [ -88.608192931106643, 15.304470374313606 ], [ -88.604296103679246, 15.302989864889884 ], [ -88.601087249799548, 15.301461257736459 ], [ -88.596633845484916, 15.2997690873395 ], [ -88.592530516441613, 15.297384723944576 ], [ -88.588610081984129, 15.295688584544951 ], [ -88.586463194478711, 15.293634997747763 ], [ -88.592778941505387, 15.283246036546522 ], [ -88.59612462078897, 15.279429378844259 ], [ -88.600879146261349, 15.274051005460256 ], [ -88.604395574568841, 15.269371022622769 ], [ -88.608812893104641, 15.266408537773264 ], [ -88.615524123200373, 15.261533051667378 ], [ -88.62030154953375, 15.259257371353696 ], [ -88.628504588145745, 15.263680314529463 ], [ -88.632965388516311, 15.266406239885024 ], [ -88.635280615808568, 15.267251350078558 ], [ -88.638673392737417, 15.269640142141856 ], [ -88.642600340238829, 15.272197357154802 ], [ -88.645453793731832, 15.273727996153999 ], [ -88.650272875825522, 15.276795696975871 ], [ -88.655852068501389, 15.279979530089731 ], [ -88.662658865990693, 15.286786327579035 ] ] ] ] } },
{ "type": "Feature", "properties": { "fid": 134, "qgs_fid": 1042, "dialgeo": 201053, "sede": "SAN PEDRO SULA", "subsede": "QUIMISTAN", "dial": 11, "DIAL_1": 10 }, "geometry": { "type": "MultiPolygon", "coordinates": [ [ [ [ -88.658051185499787, 15.172976477695197 ], [ -88.663726228492251, 15.169465141677158 ], [ -88.667480709496175, 15.17288534713547 ], [ -88.670704159456434, 15.176481813561447 ], [ -88.671777989203008, 15.177594429203161 ], [ -88.674580858214597, 15.181301694672134 ], [ -88.677724083195542, 15.184622658731683 ], [ -88.683795763457525, 15.191401599603829 ], [ -88.689259114073948, 15.198924902092013 ], [ -88.691517872850639, 15.201603988456908 ], [ -88.693853872483984, 15.205120510306079 ], [ -88.696456933319354, 15.208721182185446 ], [ -88.691403013243587, 15.211317657217046 ], [ -88.684878209033798, 15.215014486199836 ], [ -88.675858074181491, 15.219391827079624 ], [ -88.668069471638034, 15.222380523690157 ], [ -88.660643824103786, 15.226400670816137 ], [ -88.655158785616251, 15.228854723182044 ], [ -88.650210290581597, 15.231821904533168 ], [ -88.644730328940526, 15.234965281250629 ], [ -88.633936797867534, 15.239871270983155 ], [ -88.623674091367135, 15.244600544383751 ], [ -88.602422518172745, 15.252166576268486 ], [ -88.597595506085611, 15.247890969908063 ], [ -88.582842086483765, 15.23706951826575 ], [ -88.579630868941976, 15.235066400347085 ], [ -88.582908586035956, 15.228867663940299 ], [ -88.585394151426755, 15.222181764175051 ], [ -88.588065113541248, 15.21960563041768 ], [ -88.600524448119529, 15.21071364840161 ], [ -88.619825301526717, 15.200884095448302 ], [ -88.634983860409122, 15.192151690774503 ], [ -88.638551693802881, 15.18518588908495 ], [ -88.640731323421136, 15.180403532343613 ], [ -88.643173639901761, 15.180689393488949 ], [ -88.64412781139788, 15.18303455371138 ], [ -88.644410379300595, 15.183867101725005 ], [ -88.658051185499787, 15.172976477695197 ] ] ] ] } },
{ "type": "Feature", "properties": { "fid": 135, "qgs_fid": 1043, "dialgeo": 201088, "sede": "SAN PEDRO SULA", "subsede": "QUIMISTAN", "dial": 14, "DIAL_1": 13 }, "geometry": { "type": "MultiPolygon", "coordinates": [ [ [ [ -88.550907612198202, 15.157036184010618 ], [ -88.545898502663547, 15.16983645744893 ], [ -88.546853745547509, 15.174507755177219 ], [ -88.54848827257625, 15.178358969546187 ], [ -88.557575517015067, 15.183168686969076 ], [ -88.562169039898507, 15.18722571890725 ], [ -88.570699927541369, 15.193047322023125 ], [ -88.578021712998577, 15.196002905143461 ], [ -88.591478572508734, 15.19877936201412 ], [ -88.598262979216784, 15.200570624511286 ], [ -88.602466012953656, 15.202449635460205 ], [ -88.605965407954699, 15.204511402005101 ], [ -88.606861039203281, 15.206660917001722 ], [ -88.599377361587258, 15.211430999724213 ], [ -88.585203702970247, 15.220459078202705 ], [ -88.579095939633504, 15.234768457748714 ], [ -88.563592754950704, 15.231959494750937 ], [ -88.554854516376352, 15.232491724036171 ], [ -88.542990376258075, 15.237289126430474 ], [ -88.535811048481804, 15.240585722631632 ], [ -88.52737096083743, 15.239867487142277 ], [ -88.518752423390069, 15.239796664293724 ], [ -88.512003576054738, 15.239669820638237 ], [ -88.505523524791457, 15.239885787048793 ], [ -88.499397361261728, 15.239926794756313 ], [ -88.494252688703426, 15.240650739685572 ], [ -88.484852281238858, 15.242264814112172 ], [ -88.478449908936241, 15.243740050693511 ], [ -88.472317647392458, 15.246125270519675 ], [ -88.46448252566627, 15.253542062558948 ], [ -88.460769435846387, 15.256045107541688 ], [ -88.455784160537789, 15.261420465165253 ], [ -88.448621400024749, 15.251829356568209 ], [ -88.444447674695738, 15.245254234336915 ], [ -88.443186762675552, 15.238424514271824 ], [ -88.443135318274031, 15.230879644836383 ], [ -88.445967261477449, 15.218836269338967 ], [ -88.456920510056705, 15.211304069313206 ], [ -88.462507672711268, 15.206840043251463 ], [ -88.473971752693274, 15.201108003260464 ], [ -88.485236061143297, 15.19489262488719 ], [ -88.500373156772341, 15.186177381004521 ], [ -88.513884611744658, 15.174372291798871 ], [ -88.52825393469297, 15.164253838360706 ], [ -88.540717122964452, 15.156293176196082 ], [ -88.543796263596235, 15.153710319202574 ], [ -88.550907612198202, 15.157036184010618 ] ] ] ] } },
{ "type": "Feature", "properties": { "fid": 136, "qgs_fid": 1044, "dialgeo": 201008, "sede": "SAN PEDRO SULA", "subsede": "QUIMISTAN", "dial": 6, "DIAL_1": 5 }, "geometry": { "type": "MultiPolygon", "coordinates": [ [ [ [ -88.44549067898798, 15.290492001870096 ], [ -88.445960544170575, 15.29398372205555 ], [ -88.444914916165189, 15.2969214742928 ], [ -88.436923150546079, 15.302202159492284 ], [ -88.423689241381354, 15.310247150363253 ], [ -88.419531078887658, 15.312687378062147 ], [ -88.415192453444917, 15.313914858156611 ], [ -88.407972485544789, 15.310950148962021 ], [ -88.401623305654041, 15.306359738450729 ], [ -88.394972145169078, 15.292489696932241 ], [ -88.392980798479769, 15.286687668199368 ], [ -88.390831283483152, 15.280059996959777 ], [ -88.387427884738486, 15.272536694471592 ], [ -88.369720275356983, 15.248755585685636 ], [ -88.350228398166252, 15.22621813987897 ], [ -88.345762846013656, 15.222106881330635 ], [ -88.349861895793794, 15.217470092885604 ], [ -88.356378760400574, 15.209154775154678 ], [ -88.364350195782606, 15.199321826731646 ], [ -88.376327595427455, 15.189799297467989 ], [ -88.380193948112293, 15.18694609997795 ], [ -88.392306281912383, 15.184495171950093 ], [ -88.406432621365113, 15.18937744713465 ], [ -88.413259071670623, 15.193578936490011 ], [ -88.42187111945033, 15.198448443402954 ], [ -88.431697957759653, 15.204332275755402 ], [ -88.443878542740521, 15.213646840740774 ], [ -88.442296091629956, 15.225559698226455 ], [ -88.439579512747272, 15.240157525699136 ], [ -88.445250373939288, 15.248513551015813 ], [ -88.44830891309249, 15.254014363109567 ], [ -88.451015778095098, 15.260034943781116 ], [ -88.449262456725378, 15.263496615929734 ], [ -88.448036282703981, 15.266092289572297 ], [ -88.44467288082015, 15.268011680809551 ], [ -88.440833396495307, 15.273654134396539 ], [ -88.44549067898798, 15.290492001870096 ] ] ] ] } },
{ "type": "Feature", "properties": { "fid": 137, "qgs_fid": 1045, "dialgeo": 201097, "sede": "SAN PEDRO SULA", "subsede": "QUIMISTAN", "dial": 17, "DIAL_1": 16 }, "geometry": { "type": "MultiPolygon", "coordinates": [ [ [ [ -88.260389205353974, 15.210334333164861 ], [ -88.274962489255785, 15.211318199494437 ], [ -88.286518480680925, 15.211030897715451 ], [ -88.301114921714714, 15.212213830743027 ], [ -88.312399875446985, 15.21221383074303 ], [ -88.318490171901118, 15.212569902704884 ], [ -88.328795181063455, 15.213543754656564 ], [ -88.332792473562307, 15.213864932514191 ], [ -88.338659608535878, 15.215037009245412 ], [ -88.33741890446494, 15.219272252700369 ], [ -88.334826482772272, 15.231784909575092 ], [ -88.331296414462983, 15.244219671263133 ], [ -88.326111659759178, 15.252871358514948 ], [ -88.321458228102486, 15.261347399737151 ], [ -88.318398082694941, 15.269038106990216 ], [ -88.316222047108852, 15.276120120148779 ], [ -88.313790995979204, 15.28505713014891 ], [ -88.312416693144385, 15.292565461583401 ], [ -88.311262641922184, 15.292658437218385 ], [ -88.299718857591216, 15.293070626892574 ], [ -88.28462129995323, 15.293330233134467 ], [ -88.263834201511585, 15.292758916843285 ], [ -88.253523045482922, 15.291394423210674 ], [ -88.220039682132281, 15.2885599732199 ], [ -88.214073553011147, 15.289025534614805 ], [ -88.209619878473248, 15.286808111441063 ], [ -88.204798232461812, 15.282351032084662 ], [ -88.204416404688743, 15.277697575471791 ], [ -88.203687227120753, 15.274425393419511 ], [ -88.204115052617738, 15.271578057835621 ], [ -88.205678671787922, 15.265448510946554 ], [ -88.206911127783172, 15.263545187216643 ], [ -88.209044029359291, 15.262548306913983 ], [ -88.214982526560647, 15.261777323926021 ], [ -88.220664034430726, 15.261401608764597 ], [ -88.230516287538848, 15.26048562217979 ], [ -88.240553113541949, 15.260775159196609 ], [ -88.247215403788815, 15.261083043408776 ], [ -88.247468580861977, 15.258840119968784 ], [ -88.256080178487281, 15.22139261528989 ], [ -88.260389205353974, 15.210334333164861 ] ] ] ] } },
{ "type": "Feature", "properties": { "fid": 138, "qgs_fid": 1046, "dialgeo": 201099, "sede": "SAN PEDRO SULA", "subsede": "QUIMISTAN", "dial": 16, "DIAL_1": 15 }, "geometry": { "type": "MultiPolygon", "coordinates": [ [ [ [ -88.169048486922989, 15.249216176200227 ], [ -88.180831645028633, 15.252158984430293 ], [ -88.184617407957035, 15.29676770671861 ], [ -88.18515235590435, 15.305489743648492 ], [ -88.174806903548514, 15.323701537181496 ], [ -88.1644166294775, 15.334131507158602 ], [ -88.161515167846886, 15.336740514697066 ], [ -88.155216591318847, 15.344767255534864 ], [ -88.153425328821669, 15.352200994898194 ], [ -88.15432096007028, 15.363217259255892 ], [ -88.156470475066897, 15.368232794248012 ], [ -88.137572655721527, 15.371457066742954 ], [ -88.133334286576144, 15.37246859686875 ], [ -88.125750323240098, 15.373427455489853 ], [ -88.118945355752714, 15.373744498296073 ], [ -88.114320217404625, 15.372352822218716 ], [ -88.11050641309626, 15.363528946964562 ], [ -88.107911118801951, 15.355288457788641 ], [ -88.107033846056012, 15.350222861128808 ], [ -88.102610841681482, 15.340930187249407 ], [ -88.104513295839482, 15.33302106583273 ], [ -88.108371247094937, 15.327342452651491 ], [ -88.11168891263722, 15.321839095570867 ], [ -88.120295154749897, 15.307828495633665 ], [ -88.121668163893503, 15.291904309308443 ], [ -88.123679110764826, 15.281754304621581 ], [ -88.121092687638665, 15.275046616576239 ], [ -88.119238298524692, 15.268924761372613 ], [ -88.121143413827312, 15.261722953132713 ], [ -88.123306975242159, 15.25746749633611 ], [ -88.126458989396824, 15.256390528841319 ], [ -88.133004936353743, 15.252338110680009 ], [ -88.141782122589959, 15.251979858180576 ], [ -88.150021930077017, 15.252696363179449 ], [ -88.160948631309864, 15.251084226931983 ], [ -88.169048486922989, 15.249216176200227 ] ] ] ] } },
{ "type": "Feature", "properties": { "fid": 139, "qgs_fid": 1047, "dialgeo": 201104, "sede": "SAN PEDRO SULA", "subsede": "QUIMISTAN", "dial": 18, "DIAL_1": 17 }, "geometry": { "type": "MultiPolygon", "coordinates": [ [ [ [ -88.202180609564579, 15.330512148851126 ], [ -88.210007958030559, 15.323446464615509 ], [ -88.220264334029338, 15.31511427509148 ], [ -88.224334332142035, 15.312333218626749 ], [ -88.225929179704622, 15.311634778177792 ], [ -88.229553984952048, 15.308180719029785 ], [ -88.230270489950925, 15.307105961531473 ], [ -88.233136509946434, 15.304060815286256 ], [ -88.236539908691071, 15.300836542791313 ], [ -88.239704727496701, 15.297764880131416 ], [ -88.243884084929547, 15.292596735304258 ], [ -88.252840397415483, 15.293313240303132 ], [ -88.309504827315848, 15.295642977831013 ], [ -88.308647717589437, 15.300648175794105 ], [ -88.30482945412588, 15.315153779254471 ], [ -88.300327821837783, 15.334146241129584 ], [ -88.333484840765792, 15.351537261129167 ], [ -88.328287676325218, 15.372603273879905 ], [ -88.325355171797355, 15.38658659461726 ], [ -88.292145999425983, 15.390402716946562 ], [ -88.280244472775408, 15.391333621867426 ], [ -88.272960260738571, 15.391720261697383 ], [ -88.269923413745531, 15.389151302363732 ], [ -88.267243106441441, 15.38675268695785 ], [ -88.267395784419534, 15.382613707543006 ], [ -88.267377014183381, 15.37951023099451 ], [ -88.270380238823364, 15.376561954174489 ], [ -88.277107724966456, 15.372385370398904 ], [ -88.28134193946714, 15.367360851753054 ], [ -88.282544690379211, 15.360629524744933 ], [ -88.284075331624422, 15.349413364857476 ], [ -88.285639614161795, 15.343714468153939 ], [ -88.285600584106874, 15.337335122037333 ], [ -88.283059033669289, 15.33241883668056 ], [ -88.272916152789193, 15.325855574192111 ], [ -88.270417462290112, 15.323973160455592 ], [ -88.266497560696692, 15.322098777591863 ], [ -88.256541545058155, 15.320948043368981 ], [ -88.252284965480115, 15.322178906050468 ], [ -88.250348147703463, 15.325120948559618 ], [ -88.247199337130013, 15.333414868815664 ], [ -88.241195277262889, 15.339655576657126 ], [ -88.23552492633641, 15.342273399184768 ], [ -88.227771380577764, 15.343813686316569 ], [ -88.217171882940306, 15.344739267058351 ], [ -88.210644190967571, 15.341375239331308 ], [ -88.205615387697293, 15.336270854199258 ], [ -88.203899661947744, 15.333686257659382 ], [ -88.202180609564579, 15.330512148851126 ] ] ] ] } },
{ "type": "Feature", "properties": { "fid": 140, "qgs_fid": 1049, "dialgeo": 201110, "sede": "SAN PEDRO SULA", "subsede": "QUIMISTAN", "dial": 19, "DIAL_1": 18 }, "geometry": { "type": "MultiPolygon", "coordinates": [ [ [ [ -88.185765362777687, 15.346042766724661 ], [ -88.199119044919726, 15.352197390926381 ], [ -88.211098083311853, 15.352197390926381 ], [ -88.212669104740328, 15.344906508568414 ], [ -88.21876162840654, 15.347678057092779 ], [ -88.226732746519019, 15.349558882714831 ], [ -88.231658718386285, 15.352424902710336 ], [ -88.232554349634881, 15.353499660208643 ], [ -88.234076922757481, 15.354305728332374 ], [ -88.235151680255797, 15.355649175205269 ], [ -88.235062117130937, 15.357977816451607 ], [ -88.235689059004955, 15.361022962696831 ], [ -88.235062117130937, 15.364157672066906 ], [ -88.235241243380656, 15.366844565812684 ], [ -88.236136874629253, 15.372755732053397 ], [ -88.23526087635021, 15.377727879209317 ], [ -88.233347190907139, 15.382926133641698 ], [ -88.230339742599298, 15.388130426013287 ], [ -88.22380109674431, 15.392175127377843 ], [ -88.211773771220336, 15.392830473785791 ], [ -88.203368329271768, 15.389339038890382 ], [ -88.201632075906048, 15.387489523833057 ], [ -88.200381525493938, 15.386496750206561 ], [ -88.19930900318009, 15.386606649759528 ], [ -88.195350416217565, 15.384962073631424 ], [ -88.194385683408825, 15.385154663909336 ], [ -88.186042032724075, 15.386115517918373 ], [ -88.180997533366593, 15.385996580103452 ], [ -88.175013964773214, 15.38241639048816 ], [ -88.166729010327032, 15.378569153531968 ], [ -88.162825421509552, 15.375877790057148 ], [ -88.161347641540956, 15.372348388492602 ], [ -88.15942605818725, 15.370561435494357 ], [ -88.158619990063514, 15.366889347375119 ], [ -88.157545232565198, 15.364471143003918 ], [ -88.158129047449805, 15.361635886249084 ], [ -88.157498099653012, 15.357394617570462 ], [ -88.157232991183349, 15.353387253860715 ], [ -88.158307654748825, 15.349962454406921 ], [ -88.159470839749645, 15.34749893084307 ], [ -88.161978607245715, 15.344185095223265 ], [ -88.163232490993735, 15.343199900849818 ], [ -88.164396811616911, 15.342572958975799 ], [ -88.165113316615788, 15.341498201477494 ], [ -88.166098510989244, 15.340692133353757 ], [ -88.166635889738401, 15.340692133353754 ], [ -88.167710647236703, 15.339617375855447 ], [ -88.170397540982492, 15.338453055232279 ], [ -88.172335253341984, 15.337980885683075 ], [ -88.184881663224175, 15.338088829791262 ], [ -88.185765362777687, 15.346042766724661 ] ] ] ] } },
{ "type": "Feature", "properties": { "fid": 141, "qgs_fid": 1050, "dialgeo": 201047, "sede": "SAN PEDRO SULA", "subsede": "QUIMISTAN", "dial": 15, "DIAL_1": 14 }, "geometry": { "type": "MultiPolygon", "coordinates": [ [ [ [ -88.63948790758802, 15.145334377746023 ], [ -88.646820544344223, 15.152521773279604 ], [ -88.652899193771518, 15.158166484914636 ], [ -88.663362467457205, 15.168347240119544 ], [ -88.660974069299201, 15.170089459216481 ], [ -88.644498597851651, 15.183635243405828 ], [ -88.643238070979336, 15.18064962854606 ], [ -88.640686761217466, 15.18036172721567 ], [ -88.635722756189267, 15.190125325074584 ], [ -88.633841930567186, 15.19210690921207 ], [ -88.627370994796081, 15.195465526394303 ], [ -88.623071964802833, 15.197346352016345 ], [ -88.619131187309009, 15.199674993262693 ], [ -88.616086041063795, 15.201376692635018 ], [ -88.612234826694845, 15.203347081381924 ], [ -88.609995748573368, 15.204332275755373 ], [ -88.607577544202158, 15.205317470128829 ], [ -88.602562009210033, 15.20066018763614 ], [ -88.599248173590254, 15.19958543013783 ], [ -88.59253093922581, 15.198241983264939 ], [ -88.588769287981705, 15.197435915141202 ], [ -88.585455452361913, 15.19654028389261 ], [ -88.57829040237317, 15.194838584520284 ], [ -88.570946226134694, 15.191703875150205 ], [ -88.566557633016586, 15.189016981404423 ], [ -88.562975108022215, 15.185613582659769 ], [ -88.5603777774013, 15.18337450453828 ], [ -88.556795252406943, 15.181045863291947 ], [ -88.555003989909764, 15.179254600794769 ], [ -88.551035437099486, 15.17649700191272 ], [ -88.548270518322184, 15.170527512477271 ], [ -88.550884086166192, 15.165014063942134 ], [ -88.553236043324688, 15.161827331471184 ], [ -88.556409606156834, 15.158874548892738 ], [ -88.560474347657774, 15.156432782352795 ], [ -88.565437868594927, 15.155536363307395 ], [ -88.571931420508179, 15.154714304583287 ], [ -88.578827781122314, 15.153012605210977 ], [ -88.595076637930759, 15.152031521192482 ], [ -88.602136584367003, 15.151982629275073 ], [ -88.606604908425425, 15.150829110039 ], [ -88.61085740857942, 15.149850579407586 ], [ -88.613156880619258, 15.148799740718117 ], [ -88.6149271469788, 15.148183672680654 ], [ -88.61652057318652, 15.147655059253017 ], [ -88.617933888045229, 15.146782923282236 ], [ -88.619524672196988, 15.145909506089593 ], [ -88.62252458781775, 15.143713145165854 ], [ -88.625323350321764, 15.141148342492439 ], [ -88.627264402213797, 15.139668951534926 ], [ -88.629735211477467, 15.137840921562029 ], [ -88.631609247069036, 15.13920659425405 ], [ -88.63948790758802, 15.145334377746023 ] ] ] ] } },
{ "type": "Feature", "properties": { "fid": 142, "qgs_fid": 1051, "dialgeo": 201013, "sede": "SAN PEDRO SULA", "subsede": "QUIMISTAN", "dial": 7, "DIAL_1": 6 }, "geometry": { "type": "MultiPolygon", "coordinates": [ [ [ [ -88.453923316201411, 15.308069815328686 ], [ -88.450706357597355, 15.30524593182037 ], [ -88.44854024652382, 15.301934445729211 ], [ -88.448247096370622, 15.294626984730014 ], [ -88.447050776613011, 15.290269826262291 ], [ -88.446074252422761, 15.28385380481985 ], [ -88.442441294729278, 15.272067018980946 ], [ -88.449360651500058, 15.270987891371353 ], [ -88.456092212438634, 15.269818597645035 ], [ -88.460890923422241, 15.268930279107256 ], [ -88.467278440643867, 15.268026490441208 ], [ -88.473842879984318, 15.267035155352131 ], [ -88.481914971339947, 15.2657750541418 ], [ -88.491035019491392, 15.265108923819609 ], [ -88.49795097393681, 15.264237569658619 ], [ -88.505718567129946, 15.263596068324567 ], [ -88.513000355643314, 15.262957581177702 ], [ -88.519692726880109, 15.264798546383743 ], [ -88.523708537272981, 15.265950177855704 ], [ -88.52749942383835, 15.26957894664694 ], [ -88.528392149555103, 15.275467330559103 ], [ -88.528425815995732, 15.285047789318162 ], [ -88.52730163081857, 15.290965178696311 ], [ -88.517784479918561, 15.295835511960821 ], [ -88.511178899906994, 15.303552345367256 ], [ -88.508334464697967, 15.303226735808471 ], [ -88.497273666895808, 15.302773070596999 ], [ -88.49737395964199, 15.301263829149416 ], [ -88.497799934469811, 15.29715551114394 ], [ -88.498642992979057, 15.293938765759084 ], [ -88.500337856619808, 15.291749947361424 ], [ -88.497695355058596, 15.290249112379813 ], [ -88.483694848361893, 15.285919127783208 ], [ -88.477516254058415, 15.285157087548312 ], [ -88.480550487424523, 15.299899583469179 ], [ -88.480803361084, 15.303496949714347 ], [ -88.480995532017261, 15.305564585804621 ], [ -88.475674568865443, 15.30672042878814 ], [ -88.469379579565114, 15.308313578325688 ], [ -88.463166041061953, 15.309148546173288 ], [ -88.459972928340363, 15.309495877322679 ], [ -88.456903820809814, 15.309602106773927 ], [ -88.453923316201411, 15.308069815328686 ] ] ] ] } },
{ "type": "Feature", "properties": { "fid": 143, "qgs_fid": 1052, "dialgeo": 201003, "sede": "SAN PEDRO SULA", "subsede": "QUIMISTAN", "dial": 2, "DIAL_1": 1 }, "geometry": { "type": "MultiPolygon", "coordinates": [ [ [ [ -88.396291928546759, 15.387246122035986 ], [ -88.396795721124079, 15.387394460961531 ], [ -88.397589101138522, 15.387581927777269 ], [ -88.397772518954582, 15.387629564164287 ], [ -88.396776129190556, 15.389700711426656 ], [ -88.397187559795327, 15.391592732439321 ], [ -88.398217535731206, 15.393607902748652 ], [ -88.400295674336036, 15.396408930291228 ], [ -88.40390759300746, 15.400851320471643 ], [ -88.405967544879218, 15.406314671088067 ], [ -88.407131865502407, 15.409270254208426 ], [ -88.408216325301595, 15.412322073617236 ], [ -88.405344904474362, 15.413712038455579 ], [ -88.397854766074346, 15.416415371853875 ], [ -88.389362698337933, 15.41837659826388 ], [ -88.377082792246881, 15.420938527845165 ], [ -88.372378549615007, 15.421969180258287 ], [ -88.367759838667325, 15.423123504889277 ], [ -88.360404113824742, 15.425432134903399 ], [ -88.354416916132109, 15.427740770330127 ], [ -88.344495220560532, 15.428235436842805 ], [ -88.339002922785838, 15.427113724507915 ], [ -88.336435260998044, 15.426693452810246 ], [ -88.33447020143943, 15.425153522982775 ], [ -88.33313804013936, 15.422275960150703 ], [ -88.330316227526765, 15.411760767186975 ], [ -88.32993185713822, 15.402641827279915 ], [ -88.331486498114842, 15.39194707629288 ], [ -88.333156129633181, 15.381863182312546 ], [ -88.339216693763191, 15.354689257378366 ], [ -88.35127799199536, 15.357981982915373 ], [ -88.383528519341453, 15.364766935211328 ], [ -88.383446149180301, 15.372482995153458 ], [ -88.383365362834454, 15.380436110360344 ], [ -88.383722893097669, 15.380757165090969 ], [ -88.385879191740713, 15.381002372319751 ], [ -88.388214476778089, 15.381440407853997 ], [ -88.391076167332599, 15.381702715153388 ], [ -88.392264293480892, 15.381624580550286 ], [ -88.394153893954154, 15.381882813187612 ], [ -88.396193968878961, 15.382502075266093 ], [ -88.397067209346346, 15.382770764640677 ], [ -88.397347094111524, 15.382938695499776 ], [ -88.397268726377263, 15.383112224054194 ], [ -88.397162370166484, 15.383408901905286 ], [ -88.397022427783895, 15.383694384365777 ], [ -88.396904876182518, 15.384052636865219 ], [ -88.396854496924789, 15.384254153896153 ], [ -88.396393993191154, 15.386231483785252 ], [ -88.395684485311449, 15.386868221626049 ], [ -88.396291928546759, 15.387246122035986 ] ] ] ] } },
{ "type": "Feature", "properties": { "fid": 144, "qgs_fid": 1053, "dialgeo": 201004, "sede": "SAN PEDRO SULA", "subsede": "QUIMISTAN", "dial": 3, "DIAL_1": 2 }, "geometry": { "type": "MultiPolygon", "coordinates": [ [ [ [ -88.435409722669718, 15.361701720770583 ], [ -88.458902756935714, 15.366682232648888 ], [ -88.469292079419404, 15.369010873895236 ], [ -88.474665866910954, 15.373847282637636 ], [ -88.480494363664349, 15.379401867005312 ], [ -88.480935285651114, 15.389968645112321 ], [ -88.476098876908708, 15.404119618840099 ], [ -88.46767994317193, 15.420061855065054 ], [ -88.461347094115382, 15.436595721324863 ], [ -88.45508313832849, 15.455946668838786 ], [ -88.449645761174864, 15.492015719610245 ], [ -88.456474111092163, 15.527659256607086 ], [ -88.418629651730953, 15.558422273161815 ], [ -88.253733884795125, 15.501614279971877 ], [ -88.247282352042845, 15.497092888787055 ], [ -88.245906026836451, 15.491160574320119 ], [ -88.229999434873193, 15.429978538595178 ], [ -88.355008111269754, 15.429856766384631 ], [ -88.407033912094334, 15.416490510762225 ], [ -88.410269085722774, 15.415001870391865 ], [ -88.409328237196391, 15.411951022109571 ], [ -88.408815047091096, 15.410796635405108 ], [ -88.407617603512065, 15.408240470601953 ], [ -88.406591687905561, 15.40663933741569 ], [ -88.405069114782947, 15.40234030742244 ], [ -88.404355408631773, 15.400582631097073 ], [ -88.402471784162046, 15.397503898680034 ], [ -88.399742907701466, 15.394402775481776 ], [ -88.397638174267271, 15.391895007985713 ], [ -88.397145577080551, 15.389700711426659 ], [ -88.397903799508782, 15.387857845857999 ], [ -88.397850793393957, 15.38764070357796 ], [ -88.39671306182349, 15.387355221117469 ], [ -88.396275042165954, 15.387220876430177 ], [ -88.395699878973502, 15.386866822202229 ], [ -88.396405188581767, 15.386221687818461 ], [ -88.396729854909367, 15.385195910154073 ], [ -88.396953762721523, 15.3841883249994 ], [ -88.397373589869346, 15.383315084532027 ], [ -88.39769265850164, 15.382654556486179 ], [ -88.398895023950502, 15.381675266350735 ], [ -88.400808037512732, 15.378753762575048 ], [ -88.401175824404376, 15.377739780009504 ], [ -88.401544963035093, 15.372693109426196 ], [ -88.404334022349801, 15.361296269394501 ], [ -88.405486803560706, 15.359311638166812 ], [ -88.40760490969042, 15.35886185092418 ], [ -88.411402767714847, 15.358837834256276 ], [ -88.435409722669718, 15.361701720770583 ] ] ] ] } },
{ "type": "Feature", "properties": { "fid": 145, "qgs_fid": 1055, "dialgeo": 201021, "sede": "SAN PEDRO SULA", "subsede": "QUIMISTAN", "dial": 8, "DIAL_1": 7 }, "geometry": { "type": "MultiPolygon", "coordinates": [ [ [ [ -88.656341381919702, 15.322996287784282 ], [ -88.673952805569527, 15.337346152601059 ], [ -88.677988183680569, 15.342142888756653 ], [ -88.643895391332663, 15.37944497794134 ], [ -88.623287913852067, 15.395991023958103 ], [ -88.605621692180918, 15.386378724535255 ], [ -88.577976931436197, 15.372279927952592 ], [ -88.55894476740356, 15.358755896098836 ], [ -88.550884086166235, 15.352844729858118 ], [ -88.549227168356325, 15.349754802050468 ], [ -88.549092823669042, 15.349542089628933 ], [ -88.54912081214556, 15.349223020996622 ], [ -88.549274748766408, 15.348635262989733 ], [ -88.549414691149011, 15.347966338400939 ], [ -88.549644196656459, 15.34686919012141 ], [ -88.549862506773309, 15.345897989986213 ], [ -88.550002449155912, 15.345136703424911 ], [ -88.550749741478938, 15.34523746194038 ], [ -88.550786126498409, 15.345226266549769 ], [ -88.551052017025341, 15.344364221473002 ], [ -88.551365487962372, 15.343261475498169 ], [ -88.551533418821492, 15.342581355518769 ], [ -88.551737734700083, 15.34184525858633 ], [ -88.552070797570636, 15.340496214018136 ], [ -88.555446207838799, 15.340277903901288 ], [ -88.559851594042811, 15.339930846792463 ], [ -88.562348166148269, 15.333000900006475 ], [ -88.589002775330741, 15.297711514726512 ], [ -88.603256883038313, 15.303557619991006 ], [ -88.615641418234347, 15.308726665198787 ], [ -88.622854874169846, 15.311260396570457 ], [ -88.637856678610063, 15.314565436189071 ], [ -88.649294708800909, 15.319169506652973 ], [ -88.656341381919702, 15.322996287784282 ] ] ] ] } },
{ "type": "Feature", "properties": { "fid": 146, "qgs_fid": 1056, "dialgeo": 201348, "sede": "SAN PEDRO SULA", "subsede": "PUERTO CORTES", "dial": 2, "DIAL_1": 1 }, "geometry": { "type": "MultiPolygon", "coordinates": [ [ [ [ -87.94383951492739, 15.865514208469067 ], [ -87.94289742085968, 15.865373780961285 ], [ -87.944502103531605, 15.856818616327011 ], [ -87.946874752087282, 15.843190132691182 ], [ -87.948733571409434, 15.843476770434009 ], [ -87.950742437445143, 15.84329111072703 ], [ -87.952598634936535, 15.843017674171145 ], [ -87.954212474573083, 15.843010576688313 ], [ -87.959086386637168, 15.843401738316802 ], [ -87.961068039891273, 15.843272707650049 ], [ -87.96332268186417, 15.84417881639339 ], [ -87.963853929034372, 15.845600113898259 ], [ -87.964005869935519, 15.846976032306184 ], [ -87.964045275655209, 15.84886234287266 ], [ -87.963566318911944, 15.850603577014585 ], [ -87.962784381264228, 15.852670396475238 ], [ -87.96133626528605, 15.855536031914895 ], [ -87.959462617611052, 15.85858040248621 ], [ -87.958737616518732, 15.859821619555213 ], [ -87.956220772770109, 15.862102426275994 ], [ -87.953912885070693, 15.863497994458397 ], [ -87.950568039686644, 15.864573854053292 ], [ -87.94770820468483, 15.865175918555865 ], [ -87.945029285080892, 15.865393962851501 ], [ -87.94383951492739, 15.865514208469067 ] ] ] ] } },
{ "type": "Feature", "properties": { "fid": 147, "qgs_fid": 1057, "dialgeo": 201139, "sede": "SAN PEDRO SULA", "subsede": "PUERTO CORTES", "dial": 7, "DIAL_1": 6 }, "geometry": { "type": "MultiPolygon", "coordinates": [ [ [ [ -87.946836483643992, 15.843146085116249 ], [ -87.946006676657589, 15.848042803461047 ], [ -87.94468261295755, 15.855544183741582 ], [ -87.940128050772941, 15.854794869309996 ], [ -87.938177205688817, 15.854443481825124 ], [ -87.937809531190069, 15.855791016121376 ], [ -87.936746494543371, 15.855552999188909 ], [ -87.935756770768847, 15.855314981975608 ], [ -87.936700673998246, 15.851268646386444 ], [ -87.937104295535249, 15.849006617449293 ], [ -87.931430483200359, 15.847932710331735 ], [ -87.930601959443294, 15.84776440131172 ], [ -87.930858554495956, 15.846821109854162 ], [ -87.931124313657648, 15.846724135716109 ], [ -87.931369453574035, 15.845952748867845 ], [ -87.931864315461297, 15.845937321100811 ], [ -87.932957134681232, 15.841073109014049 ], [ -87.935610145024555, 15.841209756954592 ], [ -87.938805778241317, 15.841633492998518 ], [ -87.940819941004392, 15.841937081720747 ], [ -87.943087177543958, 15.842307609455892 ], [ -87.946836483643992, 15.843146085116249 ] ] ] ] } },
{ "type": "Feature", "properties": { "fid": 148, "qgs_fid": 1059, "dialgeo": 201155, "sede": "SAN PEDRO SULA", "subsede": "PUERTO CORTES", "dial": 4, "DIAL_1": 3 }, "geometry": { "type": "MultiPolygon", "coordinates": [ [ [ [ -87.930831062168892, 15.84674176738103 ], [ -87.930580802770578, 15.847826996197337 ], [ -87.929300071125596, 15.854084606076736 ], [ -87.927408932293105, 15.853687654163378 ], [ -87.927311566729358, 15.853773785238921 ], [ -87.927079387308368, 15.854927192685274 ], [ -87.920237584047143, 15.853197081515749 ], [ -87.921654113125797, 15.849916332757447 ], [ -87.922593209311586, 15.848836439403652 ], [ -87.923456034622689, 15.847727390718406 ], [ -87.924150768784784, 15.846486410861491 ], [ -87.925258522013252, 15.845671077578805 ], [ -87.925835266618321, 15.84527068043805 ], [ -87.927142508287034, 15.84473615561941 ], [ -87.927545729084059, 15.844559837149021 ], [ -87.927802324136721, 15.8441366721918 ], [ -87.927835835737255, 15.843257716537083 ], [ -87.927998329000459, 15.842166386169005 ], [ -87.928560439572408, 15.841898689812181 ], [ -87.928985505458414, 15.841857738179531 ], [ -87.929494802252904, 15.841752882957133 ], [ -87.930243768127156, 15.841453296607432 ], [ -87.930946700323901, 15.841004158363887 ], [ -87.931277341033621, 15.840150095986228 ], [ -87.931397175573508, 15.838517350380357 ], [ -87.93135223762107, 15.838082950173291 ], [ -87.927404251256519, 15.83333637894523 ], [ -87.925966236777953, 15.832886999420683 ], [ -87.924761337927606, 15.833079858133271 ], [ -87.92431001965997, 15.833669250223517 ], [ -87.923377742241769, 15.834247149431842 ], [ -87.922441502662338, 15.83395313215641 ], [ -87.920830251221119, 15.832513429385065 ], [ -87.920001589103677, 15.830795158563333 ], [ -87.919108228837175, 15.829893903153913 ], [ -87.917698893938635, 15.829223949203614 ], [ -87.916590036746825, 15.829144599817198 ], [ -87.916250964712958, 15.829047617191485 ], [ -87.915901071635204, 15.828960545824872 ], [ -87.915994692369495, 15.828668449133911 ], [ -87.916394423490715, 15.828550578241945 ], [ -87.91877109469435, 15.827989621887738 ], [ -87.920677229371222, 15.827531155536061 ], [ -87.921208747694564, 15.827337188689583 ], [ -87.921447014529164, 15.827354822046949 ], [ -87.921708191636313, 15.827495888850544 ], [ -87.921844115847406, 15.828237793756212 ], [ -87.922042681615679, 15.828809568731057 ], [ -87.922315964345017, 15.829163857557161 ], [ -87.922532961448439, 15.829285665371509 ], [ -87.925738927294631, 15.829485621288594 ], [ -87.926323767626755, 15.829567489773721 ], [ -87.927422013554676, 15.829492855497513 ], [ -87.927939785772324, 15.829625103958026 ], [ -87.92831093218777, 15.829841110034405 ], [ -87.92881037611977, 15.830189364268739 ], [ -87.929167776389363, 15.830683090662326 ], [ -87.930667939358031, 15.830310938563565 ], [ -87.931658849703524, 15.830096981132694 ], [ -87.932116542202024, 15.830457168822909 ], [ -87.932847166154076, 15.83081093038885 ], [ -87.933726920620344, 15.83188654388335 ], [ -87.933342028041366, 15.833120847395232 ], [ -87.932805231417092, 15.833993596499859 ], [ -87.933942277182325, 15.836343225663327 ], [ -87.935921724731315, 15.841051067566532 ], [ -87.932897568753674, 15.8409805389096 ], [ -87.932847165894998, 15.841240613936201 ], [ -87.931820785943401, 15.845904261596056 ], [ -87.931490878018565, 15.84593511713399 ], [ -87.931348834328702, 15.845913077464512 ], [ -87.931041836676414, 15.846719727799632 ], [ -87.930831062168892, 15.84674176738103 ] ] ] ] } },
{ "type": "Feature", "properties": { "fid": 149, "qgs_fid": 1060, "dialgeo": 201174, "sede": "SAN PEDRO SULA", "subsede": "PUERTO CORTES", "dial": 15, "DIAL_1": 14 }, "geometry": { "type": "MultiPolygon", "coordinates": [ [ [ [ -87.871941398569575, 15.82507396485242 ], [ -87.871920110716431, 15.825435144270063 ], [ -87.872072433117907, 15.825884858526994 ], [ -87.871882251154389, 15.826067736964763 ], [ -87.871723036606454, 15.826160813386398 ], [ -87.871642829036389, 15.826732312025575 ], [ -87.871737725464754, 15.82692784155863 ], [ -87.87190229835619, 15.827087220091643 ], [ -87.872187109843793, 15.827369594149051 ], [ -87.871632229587263, 15.827916786823215 ], [ -87.871689470511384, 15.827971742989831 ], [ -87.871679607292805, 15.828330492400497 ], [ -87.87180284122816, 15.828487277709437 ], [ -87.871744857044035, 15.828878531353396 ], [ -87.871891388711333, 15.829196063473439 ], [ -87.872334299232662, 15.829715020165141 ], [ -87.872488249347143, 15.830112341084032 ], [ -87.872687050613237, 15.830384515556714 ], [ -87.872749402790092, 15.830705636311883 ], [ -87.872851644902212, 15.831143945356187 ], [ -87.873415982418166, 15.833259609943088 ], [ -87.874471639220218, 15.838166318096183 ], [ -87.874666755428123, 15.84009017871629 ], [ -87.873986631106447, 15.84151773254044 ], [ -87.873468410029361, 15.842217241799174 ], [ -87.872809320060014, 15.842906290403493 ], [ -87.872329981900492, 15.843535421737862 ], [ -87.872210147360605, 15.844074677167329 ], [ -87.872000436915812, 15.844673849866725 ], [ -87.872329981900478, 15.845962071170442 ], [ -87.872120271455685, 15.846321574790089 ], [ -87.871910561010893, 15.846561243869854 ], [ -87.871476160803823, 15.846845850902064 ], [ -87.87108669854922, 15.847250292474163 ], [ -87.870614745244225, 15.84767343557934 ], [ -87.869739613680963, 15.849534000484532 ], [ -87.86724498233778, 15.850104061332898 ], [ -87.86635999933101, 15.849665445855118 ], [ -87.866049575282034, 15.848281266320807 ], [ -87.86525974404752, 15.847579837458836 ], [ -87.864450860903318, 15.847519920188901 ], [ -87.862893011884864, 15.848179010158233 ], [ -87.858819063659752, 15.84956704600482 ], [ -87.85842917527431, 15.849676941906747 ], [ -87.85765025076509, 15.85069553549573 ], [ -87.85687132625587, 15.8513246668301 ], [ -87.856109374058832, 15.852447552571416 ], [ -87.853804936286835, 15.854814813144849 ], [ -87.850818127497391, 15.854237021285401 ], [ -87.847263511021168, 15.848945065296935 ], [ -87.842341388295324, 15.845812277995595 ], [ -87.842101719215563, 15.844494098056908 ], [ -87.84180213286588, 15.843715173547684 ], [ -87.841352753341312, 15.843026124943377 ], [ -87.841502546516168, 15.842337076339062 ], [ -87.841442629246217, 15.841618069099773 ], [ -87.841472587881185, 15.840569516875817 ], [ -87.840886623350926, 15.838593925030851 ], [ -87.840394077022253, 15.835985845725379 ], [ -87.840154407942492, 15.830233787811105 ], [ -87.84087341518179, 15.826339165264983 ], [ -87.842910602359723, 15.821186280050114 ], [ -87.845427127697221, 15.816752402074524 ], [ -87.850617198835423, 15.81699148818122 ], [ -87.851778358310924, 15.816452815724826 ], [ -87.85405521456866, 15.814355711276908 ], [ -87.855493229047241, 15.810221419651025 ], [ -87.857949837114788, 15.808363984282872 ], [ -87.859271216004259, 15.807983535345397 ], [ -87.860945700611794, 15.807585059773649 ], [ -87.863102722329657, 15.810101585111138 ], [ -87.865679164937092, 15.811839185939412 ], [ -87.866757675796009, 15.811479682319773 ], [ -87.867361772337958, 15.813657113679115 ], [ -87.867581989905261, 15.814907100787039 ], [ -87.870517444793279, 15.817843060584973 ], [ -87.871941398569575, 15.82507396485242 ] ] ] ] } },
{ "type": "Feature", "properties": { "fid": 150, "qgs_fid": 1061, "dialgeo": 201175, "sede": "SAN PEDRO SULA", "subsede": "PUERTO CORTES", "dial": 16, "DIAL_1": 15 }, "geometry": { "type": "MultiPolygon", "coordinates": [ [ [ [ -87.855852732666875, 15.808184232473053 ], [ -87.853515959139202, 15.81393629038733 ], [ -87.851538689231162, 15.815853643025411 ], [ -87.844768037727917, 15.816512732994768 ], [ -87.841182751799082, 15.821849703468615 ], [ -87.839015979813624, 15.826458999804865 ], [ -87.832425080120188, 15.832330892259014 ], [ -87.830268058402339, 15.831731719559615 ], [ -87.82511517318747, 15.82717800704415 ], [ -87.822438915969656, 15.824869273881706 ], [ -87.820596328741715, 15.820985233284269 ], [ -87.823317655089255, 15.814835049436432 ], [ -87.826038605520282, 15.811531830602323 ], [ -87.829433681705297, 15.807863696863656 ], [ -87.832664749199949, 15.805847458945379 ], [ -87.837458130795184, 15.804049940847159 ], [ -87.842677681295214, 15.800502352481214 ], [ -87.842539813737872, 15.796611881277858 ], [ -87.843138445278029, 15.794133465068976 ], [ -87.8469075475262, 15.79270390375553 ], [ -87.850195900367993, 15.79280897841948 ], [ -87.852270965068755, 15.793979944443318 ], [ -87.854056809846099, 15.799256410638925 ], [ -87.8578300025749, 15.803211099068003 ], [ -87.855852732666875, 15.808184232473053 ] ] ] ] } },
{ "type": "Feature", "properties": { "fid": 151, "qgs_fid": 1062, "dialgeo": 201102, "sede": "SAN PEDRO SULA", "subsede": "PUERTO CORTES", "dial": 16, "DIAL_1": 15 }, "geometry": { "type": "MultiPolygon", "coordinates": [ [ [ [ -87.855941362815912, 15.783560053112197 ], [ -87.853681061456655, 15.789022231650243 ], [ -87.852197014890322, 15.790855643760006 ], [ -87.850950949502135, 15.791361637759183 ], [ -87.848305234252791, 15.792049954155834 ], [ -87.846080075922032, 15.791380646570833 ], [ -87.845467670857474, 15.790528186579877 ], [ -87.845006507270298, 15.789439318297125 ], [ -87.844480068649403, 15.787289518239875 ], [ -87.844017454392613, 15.785846924527617 ], [ -87.84492094936023, 15.783485229492852 ], [ -87.845951202658171, 15.782331609175353 ], [ -87.849261832973426, 15.783318565447807 ], [ -87.850280426562421, 15.782719392748405 ], [ -87.851598606501099, 15.780742122840371 ], [ -87.851568647866131, 15.777304369477543 ], [ -87.850827171650693, 15.776267051741705 ], [ -87.850778488868869, 15.775686603189156 ], [ -87.85067363364648, 15.775285906446427 ], [ -87.850576268082818, 15.774712947552628 ], [ -87.850565033594719, 15.774280419760251 ], [ -87.850437709396019, 15.773185057169147 ], [ -87.850168081681304, 15.77177700132555 ], [ -87.850287916221177, 15.770009441862308 ], [ -87.851362682250794, 15.769179962156571 ], [ -87.853490515671581, 15.768111558713459 ], [ -87.855186809582747, 15.768288426850788 ], [ -87.856794096579904, 15.770405382584553 ], [ -87.857050531802514, 15.771080410237539 ], [ -87.857210565595594, 15.771190151830195 ], [ -87.857297035906683, 15.77139265110084 ], [ -87.858005368439279, 15.771787204025138 ], [ -87.859306555509093, 15.772223559308724 ], [ -87.859514613394765, 15.772907054721779 ], [ -87.859743127935118, 15.77303859990133 ], [ -87.856507933800913, 15.777117038730671 ], [ -87.855941362815912, 15.783560053112197 ] ] ] ] } },
{ "type": "Feature", "properties": { "fid": 152, "qgs_fid": 1063, "dialgeo": 201108, "sede": "SAN PEDRO SULA", "subsede": "PUERTO CORTES", "dial": 17, "DIAL_1": 16 }, "geometry": { "type": "MultiPolygon", "coordinates": [ [ [ [ -87.776319646856962, 15.610852423843239 ], [ -87.779753060611441, 15.617915030856564 ], [ -87.777583436791645, 15.623346711618794 ], [ -87.778578209079839, 15.629002994706688 ], [ -87.780283480055701, 15.629468588555664 ], [ -87.783430965039614, 15.625212522489649 ], [ -87.793188563362861, 15.631308919399835 ], [ -87.798786683100374, 15.631524435769482 ], [ -87.80901599152935, 15.633609371902834 ], [ -87.817092667347239, 15.645134777072098 ], [ -87.815399340031192, 15.647735135656822 ], [ -87.802972474815192, 15.644007826373103 ], [ -87.79638958414759, 15.640966120905004 ], [ -87.788370165177355, 15.644060815825645 ], [ -87.774018267031607, 15.645998550557907 ], [ -87.76816669303382, 15.643189225502127 ], [ -87.765227818766334, 15.638247161541981 ], [ -87.766421839361897, 15.632111522710179 ], [ -87.767855635453429, 15.625031734675584 ], [ -87.770502532745354, 15.617004379960653 ], [ -87.770485796361271, 15.612523744667474 ], [ -87.776319646856962, 15.610852423843239 ] ] ] ] } },
{ "type": "Feature", "properties": { "fid": 153, "qgs_fid": 1066, "dialgeo": 201119, "sede": "SAN PEDRO SULA", "subsede": "PUERTO CORTES", "dial": 19, "DIAL_1": 18 }, "geometry": { "type": "MultiPolygon", "coordinates": [ [ [ [ -87.815918980171631, 15.727499451284089 ], [ -87.816925613077956, 15.725491826531139 ], [ -87.819906195496074, 15.725009006815025 ], [ -87.823200575236172, 15.726883174304646 ], [ -87.824110971166178, 15.726231230416104 ], [ -87.825869452152986, 15.724573836266492 ], [ -87.829088923455473, 15.722969839672977 ], [ -87.830671435070727, 15.722963822953483 ], [ -87.831711421785045, 15.724256876387644 ], [ -87.830985094926334, 15.72526188090441 ], [ -87.829895233039778, 15.726680952220621 ], [ -87.828137484587131, 15.728515240652877 ], [ -87.827961559051175, 15.730166653486345 ], [ -87.829489231993534, 15.731634729941195 ], [ -87.831322707945318, 15.73345536012134 ], [ -87.833707164357847, 15.736040283900172 ], [ -87.835480088113812, 15.737920061488738 ], [ -87.83688685544108, 15.73956540835592 ], [ -87.836347456577059, 15.741630903448124 ], [ -87.83471139082458, 15.743464778737543 ], [ -87.832153092835682, 15.743061873042794 ], [ -87.830136666282456, 15.741182997069378 ], [ -87.829592651131605, 15.742128349140675 ], [ -87.828692000906798, 15.745197439399599 ], [ -87.823086839211612, 15.755145235706983 ], [ -87.817716171456468, 15.751312766265007 ], [ -87.823424887249814, 15.744104522386362 ], [ -87.823079391153499, 15.742153033779312 ], [ -87.823006658542837, 15.739205548836859 ], [ -87.823429194239836, 15.738319625856988 ], [ -87.82355807064431, 15.737885609679877 ], [ -87.823233371819285, 15.73734538973051 ], [ -87.796923666839149, 15.745721863878842 ], [ -87.80641001690968, 15.784510316048545 ], [ -87.805367488370365, 15.809686476226686 ], [ -87.80002507551545, 15.811901482996058 ], [ -87.794539762662581, 15.800769665906605 ], [ -87.794340235181309, 15.796116426557974 ], [ -87.798232668621736, 15.79425814306091 ], [ -87.799307849165146, 15.790917386389244 ], [ -87.799298209561016, 15.788458721940708 ], [ -87.796390076316754, 15.786888797444654 ], [ -87.790409248849713, 15.788052157636507 ], [ -87.786215336850489, 15.782271835374496 ], [ -87.780933827318222, 15.776583136136063 ], [ -87.780918034525044, 15.772456068134325 ], [ -87.782988505660256, 15.768497127830488 ], [ -87.786045856973075, 15.761812463695943 ], [ -87.785037299100708, 15.758918331741439 ], [ -87.783128444883815, 15.757695845186731 ], [ -87.777713476322063, 15.764388904980128 ], [ -87.776268334955034, 15.76588685380016 ], [ -87.773638710340833, 15.765896212685799 ], [ -87.768268298789081, 15.760470915810597 ], [ -87.766866000213852, 15.749235976767455 ], [ -87.75693750992815, 15.736977027536152 ], [ -87.756377294483229, 15.732588375554473 ], [ -87.769712067008442, 15.734517497715272 ], [ -87.772431290348763, 15.73433226234382 ], [ -87.774786360494971, 15.733753134810847 ], [ -87.776911593863062, 15.732340591158874 ], [ -87.777209904833157, 15.727334268404059 ], [ -87.774655157114523, 15.723040580764662 ], [ -87.773642332262312, 15.718917022263327 ], [ -87.773622768599907, 15.713736198161817 ], [ -87.779502891276294, 15.710466257218664 ], [ -87.785762254366617, 15.711585380675633 ], [ -87.79005910710859, 15.721333931249546 ], [ -87.802918086644254, 15.723435642869529 ], [ -87.812647564704505, 15.727178251372585 ], [ -87.814657060861194, 15.727559733799596 ], [ -87.815918980171631, 15.727499451284089 ] ] ] ] } },
{ "type": "Feature", "properties": { "fid": 154, "qgs_fid": 1067, "dialgeo": 201114, "sede": "SAN PEDRO SULA", "subsede": "PUERTO CORTES", "dial": 18, "DIAL_1": 17 }, "geometry": { "type": "MultiPolygon", "coordinates": [ [ [ [ -87.850074460947084, 15.771591632271674 ], [ -87.850344088661799, 15.772804956987962 ], [ -87.850580012912175, 15.774918913168039 ], [ -87.850677378475837, 15.775413230645054 ], [ -87.850767254380756, 15.775720306653499 ], [ -87.850752275063257, 15.776326969011643 ], [ -87.851478771961283, 15.777266921183838 ], [ -87.851523709913721, 15.78069718488792 ], [ -87.85017557134006, 15.782659475478466 ], [ -87.849254343314726, 15.783236179201644 ], [ -87.845449596673475, 15.782127709707739 ], [ -87.845026430954604, 15.781612795669192 ], [ -87.845086348224555, 15.779096270331701 ], [ -87.844868757554352, 15.776396129396927 ], [ -87.844044662393046, 15.775868734773661 ], [ -87.842887064002596, 15.775666879896542 ], [ -87.842492795820675, 15.776022135142417 ], [ -87.842038982779229, 15.776701871296511 ], [ -87.842047255138425, 15.778706300775498 ], [ -87.841290603054219, 15.779770413236314 ], [ -87.839858770195434, 15.779510648633217 ], [ -87.839520641257479, 15.778716064129435 ], [ -87.839550233301708, 15.778509608229218 ], [ -87.839663991423123, 15.776563661477097 ], [ -87.839354126978733, 15.775238374027746 ], [ -87.838834818820374, 15.774798215272066 ], [ -87.836763409590958, 15.774452460425945 ], [ -87.835883773413897, 15.775222253647263 ], [ -87.834825345118162, 15.776936007107249 ], [ -87.833733567375177, 15.77794242548903 ], [ -87.83300599037409, 15.778682147867505 ], [ -87.8326727012997, 15.779066630210394 ], [ -87.832008644079139, 15.780454609946574 ], [ -87.830670780035533, 15.780842928879844 ], [ -87.829492550691924, 15.783058232713842 ], [ -87.827340743833247, 15.785424623601715 ], [ -87.826370295147058, 15.78634211396016 ], [ -87.825762999274588, 15.786727627520218 ], [ -87.824971614897549, 15.78676010833774 ], [ -87.824146094449773, 15.785878914173015 ], [ -87.824962790486197, 15.78457880951615 ], [ -87.825961889199036, 15.783219054653575 ], [ -87.82671791902969, 15.781978129322818 ], [ -87.827501750832752, 15.780088591738652 ], [ -87.827590085634, 15.779351319181734 ], [ -87.82779779281347, 15.778024043152437 ], [ -87.828552955640916, 15.776576773252819 ], [ -87.829490752258309, 15.775128804981337 ], [ -87.829824760712953, 15.774921189420871 ], [ -87.831616914837667, 15.773971070118908 ], [ -87.834082232724995, 15.773873203771826 ], [ -87.834990140160855, 15.772572715441019 ], [ -87.835685438563459, 15.771390949757869 ], [ -87.836260418655769, 15.770563373508937 ], [ -87.836805075188323, 15.769765389881647 ], [ -87.837137374856908, 15.769145086283622 ], [ -87.835306286790228, 15.768002499504298 ], [ -87.834630229662494, 15.766442787402118 ], [ -87.834382860403039, 15.765500456916655 ], [ -87.834288893272088, 15.764852312891458 ], [ -87.833590176842165, 15.761465079974776 ], [ -87.832116875128349, 15.758464010332768 ], [ -87.832596918607095, 15.756752481691812 ], [ -87.83405144106726, 15.755155133804243 ], [ -87.835140209992417, 15.753441269213667 ], [ -87.835804046495142, 15.752023804779764 ], [ -87.837136038916725, 15.750250043248831 ], [ -87.838960075818889, 15.749712434665229 ], [ -87.840243996036989, 15.751063451573094 ], [ -87.840433163463942, 15.7526545046232 ], [ -87.839407498710983, 15.754898744668967 ], [ -87.837724023420193, 15.760034301429052 ], [ -87.837731277029206, 15.761802920361829 ], [ -87.837435109559337, 15.763808525560284 ], [ -87.83872032431367, 15.765454315538905 ], [ -87.840553954748231, 15.767215889885245 ], [ -87.842862969279622, 15.766145777045757 ], [ -87.844814982960642, 15.767081488414449 ], [ -87.845266100034351, 15.768311161742435 ], [ -87.846254734988364, 15.769090086251664 ], [ -87.848022294451596, 15.769898969395854 ], [ -87.849211000539555, 15.770130031375492 ], [ -87.850089440264568, 15.769973865983291 ], [ -87.850074460947084, 15.771591632271674 ] ] ] ] } },
{ "type": "Feature", "properties": { "fid": 155, "qgs_fid": 1068, "dialgeo": 201018, "sede": "SAN PEDRO SULA", "subsede": "PUERTO CORTES", "dial": 5, "DIAL_1": 4 }, "geometry": { "type": "MultiPolygon", "coordinates": [ [ [ [ -87.921282060566753, 15.827196121775216 ], [ -87.919550043961337, 15.827566422215417 ], [ -87.918047130081504, 15.827998438538158 ], [ -87.916958002461854, 15.828379881250386 ], [ -87.915953499246413, 15.828623511181453 ], [ -87.915852388853395, 15.829005483777326 ], [ -87.915403009328841, 15.829069145876637 ], [ -87.914931646828265, 15.829050662376957 ], [ -87.914624492313578, 15.829200268647988 ], [ -87.911141480934361, 15.830473155734762 ], [ -87.910788349896379, 15.830540861297107 ], [ -87.910725743837631, 15.830563198370506 ], [ -87.910471241915786, 15.829742000992619 ], [ -87.910377267726304, 15.829124316430384 ], [ -87.90821557925868, 15.828857448025856 ], [ -87.907293048142492, 15.828690544395679 ], [ -87.90618419095091, 15.828368737508342 ], [ -87.906807350364488, 15.826543686015565 ], [ -87.907881490676857, 15.826805939786768 ], [ -87.910556929932795, 15.827236214220612 ], [ -87.912680136832591, 15.827823298339553 ], [ -87.913216219366717, 15.827876228298335 ], [ -87.913336100644472, 15.8279143536117 ], [ -87.913304451105191, 15.827213629860951 ], [ -87.913286457839078, 15.827015037468191 ], [ -87.913154978180017, 15.82693281243386 ], [ -87.913280113130071, 15.826871581633755 ], [ -87.913341974215413, 15.826683690243877 ], [ -87.913545599788876, 15.826329645275608 ], [ -87.914623623625388, 15.82520483682565 ], [ -87.914945079177215, 15.824683350867131 ], [ -87.915245937573786, 15.824153687088948 ], [ -87.915772001568811, 15.824515692639929 ], [ -87.916617929771363, 15.825019828446909 ], [ -87.917133120498377, 15.825110861231199 ], [ -87.918100202772692, 15.825057710897301 ], [ -87.919035049131381, 15.825053753826021 ], [ -87.919787885559572, 15.825138861073828 ], [ -87.920308735805222, 15.825110861231202 ], [ -87.920828437170115, 15.82501838879301 ], [ -87.921632876256481, 15.8247116234998 ], [ -87.921907777946856, 15.824633395486394 ], [ -87.922342178153926, 15.824483602311537 ], [ -87.922652094865754, 15.824365946004086 ], [ -87.92295633017082, 15.824243933231779 ], [ -87.923210978568065, 15.824213974596805 ], [ -87.923390730377875, 15.824086650398163 ], [ -87.923716350520962, 15.823453504155022 ], [ -87.924194066537638, 15.823208654325997 ], [ -87.924963558713813, 15.822974436074897 ], [ -87.925517793460756, 15.822712298018908 ], [ -87.925923240979714, 15.822390057976973 ], [ -87.927172957780201, 15.821435533501477 ], [ -87.927592428932442, 15.821135724853605 ], [ -87.928416887008396, 15.820464471451007 ], [ -87.928684050380014, 15.820300531602278 ], [ -87.929392962107087, 15.819508346080779 ], [ -87.931664012564283, 15.816289580345677 ], [ -87.934225828046465, 15.813099894727612 ], [ -87.935336419785159, 15.811660294371356 ], [ -87.937662810905152, 15.806882247830814 ], [ -87.937853060708292, 15.806634566448686 ], [ -87.938162659389491, 15.806504829249493 ], [ -87.939111524078498, 15.806287476396516 ], [ -87.939890448587718, 15.806126448733547 ], [ -87.941081118111711, 15.805990881967917 ], [ -87.941720314716079, 15.805856413376114 ], [ -87.942350347211445, 15.805845391356431 ], [ -87.943165952914512, 15.805893888238543 ], [ -87.943225519623169, 15.805999699577375 ], [ -87.944128184362, 15.809054978125449 ], [ -87.945234320100525, 15.811646327226798 ], [ -87.944137349213904, 15.811744290490571 ], [ -87.940416719562648, 15.814072059907382 ], [ -87.937026002861714, 15.817404954920629 ], [ -87.933873546364936, 15.822730421379234 ], [ -87.933433669131816, 15.82414111725789 ], [ -87.933305371605485, 15.824952262930584 ], [ -87.93314041764306, 15.826380576746587 ], [ -87.93314041764306, 15.827191713432562 ], [ -87.932957135462615, 15.828055746756499 ], [ -87.932718868627987, 15.828426045621681 ], [ -87.932590571101656, 15.828708177634985 ], [ -87.932114037432456, 15.829272440479981 ], [ -87.931528244601523, 15.829975394584487 ], [ -87.929181522544965, 15.830616966690345 ], [ -87.928831700782283, 15.830164289041686 ], [ -87.928439229714087, 15.829761760890321 ], [ -87.928113903843752, 15.829554571311657 ], [ -87.927843562627572, 15.829453180589361 ], [ -87.927412849503483, 15.829413505945055 ], [ -87.926986718433881, 15.829422322533352 ], [ -87.926400215456411, 15.829448772295944 ], [ -87.926158159283119, 15.829458608131254 ], [ -87.924418501471948, 15.829318797022747 ], [ -87.923363778280191, 15.829290177209106 ], [ -87.922816164757862, 15.829209728969451 ], [ -87.922435798888074, 15.829024207924183 ], [ -87.922239709959683, 15.828853651800436 ], [ -87.922098764244666, 15.828649724987052 ], [ -87.922050081462828, 15.828544869764656 ], [ -87.921993909022262, 15.828413800736664 ], [ -87.921928130252908, 15.828289387786134 ], [ -87.921847944298946, 15.828168158983715 ], [ -87.921754012181452, 15.82744960131647 ], [ -87.921566147946464, 15.827222571829155 ], [ -87.921282060566753, 15.827196121775216 ] ] ] ] } },
{ "type": "Feature", "properties": { "fid": 156, "qgs_fid": 1069, "dialgeo": 201022, "sede": "SAN PEDRO SULA", "subsede": "PUERTO CORTES", "dial": 6, "DIAL_1": 5 }, "geometry": { "type": "MultiPolygon", "coordinates": [ [ [ [ -87.965756804847018, 15.801969108307269 ], [ -87.953493903783809, 15.805960020331804 ], [ -87.952978627240327, 15.806193855662235 ], [ -87.951853075140377, 15.805769255598527 ], [ -87.951567317150605, 15.805604951906565 ], [ -87.951076253919723, 15.805549745010373 ], [ -87.95097139869732, 15.804845717088575 ], [ -87.951023323960143, 15.804456722705661 ], [ -87.951487707307521, 15.802594948400214 ], [ -87.95148641841439, 15.802319028046519 ], [ -87.951144520166224, 15.802337080490199 ], [ -87.950864930952193, 15.802272081924777 ], [ -87.950855876005193, 15.802774306941302 ], [ -87.950157630359399, 15.803378880286258 ], [ -87.949169316003861, 15.804117163511741 ], [ -87.948452856596788, 15.804484514870204 ], [ -87.948046686958378, 15.804650985961267 ], [ -87.947717141973698, 15.804553620397611 ], [ -87.94732393488971, 15.804355144440935 ], [ -87.946870810535785, 15.804044323603121 ], [ -87.946676079408476, 15.803804654523361 ], [ -87.946442575932679, 15.803632391404387 ], [ -87.945460035162128, 15.803162075789819 ], [ -87.943336604498228, 15.802487007491198 ], [ -87.942414463583972, 15.802261784822404 ], [ -87.941407636159823, 15.801954557163718 ], [ -87.939403620769468, 15.801153315328504 ], [ -87.936974997748592, 15.799854596621559 ], [ -87.934317854856332, 15.797128838311181 ], [ -87.93138801895779, 15.794580805465515 ], [ -87.929771919626546, 15.794420112118964 ], [ -87.924090365372237, 15.794082168243108 ], [ -87.921077660633756, 15.793431256412223 ], [ -87.919605028615649, 15.792239352714745 ], [ -87.918322053352369, 15.790546249610093 ], [ -87.917552268194427, 15.788676765162554 ], [ -87.916965765216943, 15.787265822083008 ], [ -87.91641591867554, 15.786419251519872 ], [ -87.916049354314595, 15.785043566812472 ], [ -87.915792759261947, 15.78190414879564 ], [ -87.916122667186769, 15.779681834743144 ], [ -87.916195980058959, 15.778553030975131 ], [ -87.916122667186769, 15.777000915533552 ], [ -87.916342605803337, 15.776436506972992 ], [ -87.916342605803337, 15.775025478699375 ], [ -87.916195980058959, 15.773967201051821 ], [ -87.916122667186769, 15.773191127267635 ], [ -87.915902728570217, 15.771427312170054 ], [ -87.915682789953649, 15.770721781836954 ], [ -87.915316225592733, 15.76895794526988 ], [ -87.915389538464851, 15.76818185232263 ], [ -87.915316225592733, 15.767405756406927 ], [ -87.914949661231745, 15.767123538974365 ], [ -87.914803035487367, 15.766347439011016 ], [ -87.91403325032941, 15.765783000809751 ], [ -87.913630029532399, 15.765006895719711 ], [ -87.91355671666021, 15.764301343062407 ], [ -87.914363158254247, 15.764019121312723 ], [ -87.915096286976123, 15.764089676786936 ], [ -87.915976041442349, 15.76416023223662 ], [ -87.916415918675469, 15.764089676786936 ], [ -87.917002421652953, 15.764160232236623 ], [ -87.917588924630451, 15.764230787661779 ], [ -87.918102114735746, 15.764160232236623 ], [ -87.918981869201986, 15.764230787661775 ], [ -87.92103462962325, 15.76416023223662 ], [ -87.922647512811352, 15.764089676786936 ], [ -87.924626960360385, 15.764160232236618 ], [ -87.926753033653796, 15.764160232236623 ], [ -87.927486162375658, 15.76430134306241 ], [ -87.929978800029986, 15.76408967678694 ], [ -87.931738308962451, 15.764089676786933 ], [ -87.933644443639309, 15.764230787661775 ], [ -87.934230946616793, 15.764371898438506 ], [ -87.935697204060517, 15.764371898438508 ], [ -87.937383400120822, 15.764301343062407 ], [ -87.938263154587062, 15.76408967678694 ], [ -87.939216221925463, 15.764019121312721 ], [ -87.940535853624823, 15.763807454742935 ], [ -87.942002111068561, 15.763736899170604 ], [ -87.943395055640096, 15.763948565813985 ], [ -87.94486131308382, 15.76394856581398 ], [ -87.945814380422235, 15.764019121312723 ], [ -87.946840760632853, 15.764089676786933 ], [ -87.948048572501349, 15.764148299331255 ], [ -87.953125050775554, 15.764102838928819 ], [ -87.953704678291317, 15.76390446861482 ], [ -87.954245360723675, 15.763886829732469 ], [ -87.954556940430464, 15.763886829732472 ], [ -87.954749386719968, 15.763957385252667 ], [ -87.954884557328143, 15.764102905935619 ], [ -87.956211025108516, 15.76940789895397 ], [ -87.957972842755368, 15.775669198353658 ], [ -87.95867849846374, 15.777860753680557 ], [ -87.959190362959902, 15.780054946650743 ], [ -87.959594909366075, 15.781388256633146 ], [ -87.959888160854831, 15.783328357095742 ], [ -87.960927963788166, 15.786166508184666 ], [ -87.961047798328053, 15.78724501904359 ], [ -87.961167632867927, 15.788203695362641 ], [ -87.961467219217639, 15.789402040761445 ], [ -87.961631991710007, 15.790106068683242 ], [ -87.9617068882974, 15.791019807049828 ], [ -87.962111329869529, 15.791933545416425 ], [ -87.962306060996795, 15.792877242417985 ], [ -87.963003957922751, 15.795092023074627 ], [ -87.963755414862675, 15.797067264327067 ], [ -87.96408859977754, 15.798105024220281 ], [ -87.964283330904848, 15.798494486474892 ], [ -87.9644073796524, 15.798791164364912 ], [ -87.964740145102155, 15.799115040168207 ], [ -87.965308151087825, 15.800491175168144 ], [ -87.965756804847018, 15.801969108307269 ] ] ] ] } },
{ "type": "Feature", "properties": { "fid": 157, "qgs_fid": 1072, "dialgeo": 201020, "sede": "SAN PEDRO SULA", "subsede": "PUERTO CORTES", "dial": 9, "DIAL_1": 8 }, "geometry": { "type": "MultiPolygon", "coordinates": [ [ [ [ -87.952665266714419, 15.806732743661387 ], [ -87.945392173792797, 15.811620819745514 ], [ -87.94396325530802, 15.80831591946731 ], [ -87.943222232568274, 15.805846837555027 ], [ -87.941770352932096, 15.805800648578245 ], [ -87.940712262723537, 15.806023948001398 ], [ -87.940148841814334, 15.806092745269206 ], [ -87.939287243770394, 15.806222344088836 ], [ -87.938550886857016, 15.80635319554289 ], [ -87.937833713000259, 15.806609650331266 ], [ -87.937153706722142, 15.80747347675501 ], [ -87.936194947629318, 15.809696063109472 ], [ -87.935919157160697, 15.810458809845356 ], [ -87.935461641008061, 15.811368580353992 ], [ -87.934866803831738, 15.812165811196156 ], [ -87.933971537595397, 15.813328556448432 ], [ -87.932628366495848, 15.815017483902206 ], [ -87.930853460596794, 15.817033849275594 ], [ -87.930185648990317, 15.81808523437723 ], [ -87.929359891536208, 15.819501517662406 ], [ -87.928800912128736, 15.820047486475877 ], [ -87.928395065485958, 15.820424483524045 ], [ -87.927642477039143, 15.821015425916663 ], [ -87.926833121291338, 15.821659034460216 ], [ -87.925711141214649, 15.822499882150677 ], [ -87.924812767580235, 15.823000381142652 ], [ -87.923793356227975, 15.823208908854133 ], [ -87.923579019838968, 15.82314321296033 ], [ -87.92323334527677, 15.822857592703153 ], [ -87.923257650547257, 15.821889714769553 ], [ -87.923228091503958, 15.82169998998382 ], [ -87.923004724677867, 15.821401115037991 ], [ -87.922652094865754, 15.821112517425192 ], [ -87.922387472021668, 15.820907117678209 ], [ -87.922194645296116, 15.820574540854501 ], [ -87.921955622579986, 15.820019212600295 ], [ -87.921589058219055, 15.819428472855932 ], [ -87.921431853236555, 15.819098720308775 ], [ -87.921304970839316, 15.818714292651732 ], [ -87.921017603157097, 15.818366157458573 ], [ -87.921053078154159, 15.817750149859901 ], [ -87.921182532159449, 15.8167633031176 ], [ -87.921159309109413, 15.816651883657093 ], [ -87.921143284720259, 15.816545835906016 ], [ -87.921198749782519, 15.816119594118028 ], [ -87.921063406972237, 15.815805293952669 ], [ -87.921091432953162, 15.815656998888894 ], [ -87.921043249045766, 15.815578484697873 ], [ -87.921032530962947, 15.815323852358258 ], [ -87.921003080051435, 15.815157279079328 ], [ -87.920993095460247, 15.815064711316053 ], [ -87.921057665086707, 15.814536559764987 ], [ -87.919332113820616, 15.813710380927109 ], [ -87.916598995596857, 15.813599869396155 ], [ -87.916544246079837, 15.812395293101078 ], [ -87.916559225397322, 15.810687650907777 ], [ -87.916544246079837, 15.809519264143942 ], [ -87.917338149906556, 15.808066270347881 ], [ -87.918566453940343, 15.807646849458299 ], [ -87.919465212989451, 15.806957800853993 ], [ -87.924198677314735, 15.795109160723271 ], [ -87.925996195412935, 15.79480957437357 ], [ -87.928273051670672, 15.794749657103635 ], [ -87.929531314339428, 15.794809574373573 ], [ -87.930130487038824, 15.794749657103628 ], [ -87.931089163357882, 15.794929408913454 ], [ -87.933126350535844, 15.7967868442816 ], [ -87.934137014499328, 15.797684523267693 ], [ -87.934923868634058, 15.798704196919692 ], [ -87.9361821313028, 15.800022376858378 ], [ -87.939120739040604, 15.801418046000741 ], [ -87.941153463073732, 15.802203920421844 ], [ -87.942842589527245, 15.802638080207096 ], [ -87.944371621252102, 15.802962551780295 ], [ -87.946289667741894, 15.803594355912793 ], [ -87.946598576593473, 15.803835825437679 ], [ -87.946986900246301, 15.80421284092483 ], [ -87.947844796714136, 15.804625059781133 ], [ -87.948130190893423, 15.804712110866939 ], [ -87.948755971411231, 15.804455526967326 ], [ -87.949954840806726, 15.80364458421381 ], [ -87.950829028914313, 15.802879204492106 ], [ -87.950892757280528, 15.802733633323182 ], [ -87.950884324714011, 15.802514740144092 ], [ -87.950900624890039, 15.802343594666448 ], [ -87.951454481686227, 15.802355405556684 ], [ -87.951353371293209, 15.802804785081234 ], [ -87.951042550455384, 15.803961937356954 ], [ -87.950867922564896, 15.805105757126816 ], [ -87.950972578151323, 15.80554678058656 ], [ -87.951977373266487, 15.805895565030999 ], [ -87.952879938502193, 15.806322052304923 ], [ -87.952665266714419, 15.806732743661387 ] ] ] ] } },
{ "type": "Feature", "properties": { "fid": 158, "qgs_fid": 1073, "dialgeo": 201037, "sede": "SAN PEDRO SULA", "subsede": "PUERTO CORTES", "dial": 10, "DIAL_1": 9 }, "geometry": { "type": "MultiPolygon", "coordinates": [ [ [ [ -88.012975844426904, 15.786392796132807 ], [ -88.008824503039349, 15.786207608326539 ], [ -88.008384625806244, 15.786172334439492 ], [ -88.008494595114513, 15.785413944383059 ], [ -88.008641220858877, 15.784302809640891 ], [ -88.008797010712271, 15.783218124612453 ], [ -88.008946000613776, 15.779304441239487 ], [ -88.015037768957129, 15.773332231812901 ], [ -88.020169670010176, 15.768322960352032 ], [ -88.0238353136195, 15.76380745474294 ], [ -88.026767828506962, 15.761408551525436 ], [ -88.028087460206308, 15.760067975615092 ], [ -88.031178816273268, 15.758097755227503 ], [ -88.036729519919049, 15.755952334852383 ], [ -88.040174920008042, 15.76018263047993 ], [ -88.038415411075576, 15.764521828531311 ], [ -88.036820856105535, 15.769972153169634 ], [ -88.040349496732389, 15.770821158744612 ], [ -88.0458376674042, 15.771978390257384 ], [ -88.046452334689008, 15.77206228737195 ], [ -88.046324037162663, 15.772820727369323 ], [ -88.045884159929543, 15.774690358041761 ], [ -88.045590908440801, 15.775730994063355 ], [ -88.045737534185179, 15.776718711449643 ], [ -88.045865831711509, 15.777194930613449 ], [ -88.046214067854393, 15.777671148658932 ], [ -88.046470662907041, 15.778059177350583 ], [ -88.047020509448444, 15.778411930062287 ], [ -88.048046889659062, 15.77897633312458 ], [ -88.048963300561383, 15.779964034703234 ], [ -88.049109926305746, 15.780581345746516 ], [ -88.049073269869666, 15.780969368868824 ], [ -88.048926644125288, 15.781375028611722 ], [ -88.048532624320174, 15.781854383862509 ], [ -88.039975947441405, 15.784720881306841 ], [ -88.033962330715497, 15.78563249793803 ], [ -88.026538725781379, 15.786533891490665 ], [ -88.012975844426904, 15.786392796132807 ] ] ] ] } },
{ "type": "Feature", "properties": { "fid": 159, "qgs_fid": 1074, "dialgeo": 201031, "sede": "SAN PEDRO SULA", "subsede": "PUERTO CORTES", "dial": 11, "DIAL_1": 10 }, "geometry": { "type": "MultiPolygon", "coordinates": [ [ [ [ -87.985933447650154, 15.741226067190498 ], [ -87.989268294383564, 15.739583404310615 ], [ -87.995939765752524, 15.738524941938037 ], [ -88.001612623339298, 15.739041139202895 ], [ -88.006276880730738, 15.738701352716152 ], [ -88.011262156039408, 15.740818270113508 ], [ -88.017787001664075, 15.747133609351982 ], [ -88.022845589844863, 15.751402526373546 ], [ -88.027500957228753, 15.756870842732388 ], [ -88.028710619619815, 15.75891701357687 ], [ -88.02654788989031, 15.7602575970873 ], [ -88.023725344311131, 15.762444845915638 ], [ -88.019729792776985, 15.768124527157665 ], [ -88.016723965017349, 15.771052499486109 ], [ -88.01067565306198, 15.776590837594814 ], [ -88.008736774961122, 15.779174549652215 ], [ -88.008696205513019, 15.780396152630875 ], [ -88.00869620551299, 15.782680189233904 ], [ -88.008228835952849, 15.786123832834772 ], [ -88.004286917902377, 15.786215788586473 ], [ -87.998066817152775, 15.787261779050306 ], [ -87.996544612441625, 15.787973163790818 ], [ -87.989085012203077, 15.791723486861342 ], [ -87.978440538204325, 15.796796658322409 ], [ -87.976985726919949, 15.797686160366904 ], [ -87.976218603134384, 15.798037241817624 ], [ -87.975668035198154, 15.798465090311993 ], [ -87.974888648519183, 15.798423356135542 ], [ -87.974297061683615, 15.797388787798134 ], [ -87.973393755592525, 15.795170217476439 ], [ -87.972776210043264, 15.794036977005572 ], [ -87.972177505798882, 15.79284191063787 ], [ -87.971229648903119, 15.791969447195838 ], [ -87.970692226355055, 15.791589062731052 ], [ -87.970316916923395, 15.791300211333887 ], [ -87.969888384577544, 15.790889146974658 ], [ -87.969346476802386, 15.79017505895388 ], [ -87.968620693506352, 15.789066982495561 ], [ -87.968278010093883, 15.788068328752795 ], [ -87.967915920359232, 15.786961586193963 ], [ -87.967326727584904, 15.785121412929 ], [ -87.96724658477774, 15.784356199056779 ], [ -87.966833606479781, 15.78332081069885 ], [ -87.966537269255241, 15.781334113688523 ], [ -87.966193067862847, 15.780047812740753 ], [ -87.965961926910566, 15.778323777292913 ], [ -87.965649110799887, 15.776892807010446 ], [ -87.96676124262234, 15.774721224441269 ], [ -87.968007561449511, 15.773874601494954 ], [ -87.971233327825729, 15.769288665794244 ], [ -87.973872591224435, 15.764914292073284 ], [ -87.976878418984072, 15.760539824066784 ], [ -87.978931179405294, 15.75644749446608 ], [ -87.985933447650154, 15.741226067190498 ] ] ] ] } },
{ "type": "Feature", "properties": { "fid": 160, "qgs_fid": 1075, "dialgeo": 201051, "sede": "SAN PEDRO SULA", "subsede": "PUERTO CORTES", "dial": 12, "DIAL_1": 11 }, "geometry": { "type": "MultiPolygon", "coordinates": [ [ [ [ -88.253753438371973, 15.655693689201472 ], [ -88.245953556234568, 15.657872400837642 ], [ -88.23935539773791, 15.659072465810334 ], [ -88.223340955420284, 15.661531924880569 ], [ -88.211699622163962, 15.665393146052617 ], [ -88.20170170476878, 15.669862798511273 ], [ -88.195893211950818, 15.673956004224793 ], [ -88.190814553576985, 15.678221681301338 ], [ -88.186575270354354, 15.685837775840259 ], [ -88.18364821087691, 15.688660716575784 ], [ -88.183868149493478, 15.690495830487109 ], [ -88.185700971298118, 15.692048606285482 ], [ -88.190825861394188, 15.695879879639087 ], [ -88.20380925072817, 15.70559960223539 ], [ -88.212066541515313, 15.712096893744302 ], [ -88.209307716142149, 15.713927371439057 ], [ -88.20074328447987, 15.70853951914761 ], [ -88.179328637251118, 15.693558337853499 ], [ -88.17365331857809, 15.689262583524462 ], [ -88.151753760174344, 15.668365426071974 ], [ -88.1474426514215, 15.663355382166554 ], [ -88.170965083988648, 15.65174319075134 ], [ -88.193892189254427, 15.644096098841064 ], [ -88.205899811104814, 15.63840600253496 ], [ -88.218072662690858, 15.632841505422162 ], [ -88.229688694610005, 15.627174871316779 ], [ -88.248640072070188, 15.619545208183773 ], [ -88.253698660251032, 15.627911787294746 ], [ -88.254221014465358, 15.628286863271391 ], [ -88.255629996227668, 15.629738621459474 ], [ -88.255515444864884, 15.630104868860107 ], [ -88.255694144990912, 15.630458980934906 ], [ -88.254941542537395, 15.631127489911675 ], [ -88.255917233769978, 15.632030690611808 ], [ -88.255877999928217, 15.632057717624802 ], [ -88.255761443916583, 15.632090260350008 ], [ -88.255047788926404, 15.632416790458951 ], [ -88.254113049806037, 15.633016898490482 ], [ -88.253464689092652, 15.633212153849453 ], [ -88.25345323395635, 15.634018545478167 ], [ -88.253618187918761, 15.634437735494283 ], [ -88.262155700987506, 15.642200317579288 ], [ -88.26750754065705, 15.652013158927183 ], [ -88.253753438371973, 15.655693689201472 ] ] ] ] } },
{ "type": "Feature", "properties": { "fid": 161, "qgs_fid": 1076, "dialgeo": 201046, "sede": "SAN PEDRO SULA", "subsede": "PUERTO CORTES", "dial": 14, "DIAL_1": 13 }, "geometry": { "type": "MultiPolygon", "coordinates": [ [ [ [ -88.046612445389684, 15.771853140920252 ], [ -88.038582044655158, 15.770073411169006 ], [ -88.037077451158183, 15.769848684652869 ], [ -88.037975530858191, 15.767238192651197 ], [ -88.040706439397368, 15.760553052342885 ], [ -88.042227680429249, 15.759441782518525 ], [ -88.044720318083577, 15.758595095823816 ], [ -88.048947459436491, 15.757556883723787 ], [ -88.05640216025553, 15.752106719486608 ], [ -88.061458748932168, 15.748667076811161 ], [ -88.063534155516294, 15.746643299552883 ], [ -88.067445047885414, 15.744858300923378 ], [ -88.069429659216055, 15.743380574216506 ], [ -88.071997478643056, 15.741035725521558 ], [ -88.07489873274308, 15.736690146383996 ], [ -88.07617031067997, 15.733185521351402 ], [ -88.077449741215887, 15.731180146260209 ], [ -88.078214053224514, 15.729343899211358 ], [ -88.078838637315926, 15.727143440661486 ], [ -88.081879279425991, 15.723161994047775 ], [ -88.080203748221948, 15.717244269435339 ], [ -88.084455894808741, 15.703835200652103 ], [ -88.088155241952379, 15.696282639832022 ], [ -88.10349842419852, 15.68508073202239 ], [ -88.117024472141793, 15.675211517411022 ], [ -88.123472631196137, 15.671117024187279 ], [ -88.131111144838329, 15.668605298983966 ], [ -88.137207979479015, 15.667324318505569 ], [ -88.141583537038869, 15.66571898083262 ], [ -88.146902323963147, 15.663692157126182 ], [ -88.151919145376326, 15.669163152091535 ], [ -88.167653988964048, 15.684041329621444 ], [ -88.171175858496241, 15.687046155588481 ], [ -88.16996619610515, 15.687707862456479 ], [ -88.168115046082434, 15.686984396171292 ], [ -88.158639357352371, 15.683349380400367 ], [ -88.155010370179141, 15.682078874179632 ], [ -88.151958721874365, 15.681549494253204 ], [ -88.150492464430656, 15.681364210954548 ], [ -88.149365279020785, 15.681337741898146 ], [ -88.145012327234724, 15.681408326040911 ], [ -88.140980119264455, 15.681902414356735 ], [ -88.138634107354505, 15.682449439311094 ], [ -88.138120917249196, 15.682678836436219 ], [ -88.137094537038578, 15.682996462799156 ], [ -88.132897375105898, 15.684019922161156 ], [ -88.127930428015276, 15.685255124899763 ], [ -88.125924293048172, 15.686114255675383 ], [ -88.120099734074927, 15.687645145815491 ], [ -88.115563013296381, 15.691376651973714 ], [ -88.111947586352201, 15.696957548351344 ], [ -88.109968745289166, 15.70182374023651 ], [ -88.108537172277366, 15.706775434771455 ], [ -88.108960722337002, 15.71165138358112 ], [ -88.11022946496378, 15.716302512473057 ], [ -88.108080967870748, 15.721460886215882 ], [ -88.105258110650453, 15.724097545520307 ], [ -88.098171758864652, 15.728547989659106 ], [ -88.088983274331511, 15.73203749430763 ], [ -88.084071954366863, 15.734181005784503 ], [ -88.081354907505144, 15.73754965674676 ], [ -88.079007546305192, 15.741887680793681 ], [ -88.07720428804349, 15.745693232510238 ], [ -88.076314954446119, 15.749935729251 ], [ -88.070130416568503, 15.75279159244044 ], [ -88.057392912584632, 15.757886548637146 ], [ -88.049762248062919, 15.763309412798993 ], [ -88.046224582612908, 15.766858215046877 ], [ -88.045501512628761, 15.768097810451604 ], [ -88.046612445389684, 15.771853140920252 ] ] ] ] } },
{ "type": "Feature", "properties": { "fid": 162, "qgs_fid": 1077, "dialgeo": 201101, "sede": "SAN PEDRO SULA", "subsede": "PUERTO CORTES", "dial": 17, "DIAL_1": 16 }, "geometry": { "type": "MultiPolygon", "coordinates": [ [ [ [ -87.841885318597164, 15.721166506038674 ], [ -87.841518864575932, 15.720726422811273 ], [ -87.84142897442986, 15.721035816648429 ], [ -87.841154769278475, 15.720860274908336 ], [ -87.840790854722911, 15.721038275347766 ], [ -87.839884686668697, 15.722366252608724 ], [ -87.834879491343159, 15.724504638136109 ], [ -87.831843181813227, 15.717628876529462 ], [ -87.830567676386892, 15.717810331228263 ], [ -87.828562897223819, 15.717994547305663 ], [ -87.826329859760477, 15.718091309582393 ], [ -87.823914145696875, 15.718100438938741 ], [ -87.822045207506605, 15.718063333789345 ], [ -87.820732953229609, 15.720452361134416 ], [ -87.818728134863974, 15.72063648851087 ], [ -87.817263051870057, 15.719008433576997 ], [ -87.814794190525134, 15.717119216313636 ], [ -87.812921755251182, 15.716199047433969 ], [ -87.809728067117803, 15.715416214778742 ], [ -87.80868375598051, 15.716435533562317 ], [ -87.808054875168949, 15.718777809143489 ], [ -87.807245573878362, 15.721606399681116 ], [ -87.802877879824678, 15.722935678720463 ], [ -87.800980151112739, 15.716287327920581 ], [ -87.802852975303239, 15.705684443772233 ], [ -87.81414168060283, 15.702022375530243 ], [ -87.826345371814654, 15.69932757997581 ], [ -87.836786626782427, 15.689221707582277 ], [ -87.834234899155518, 15.689319755931805 ], [ -87.826938585649117, 15.688199569858183 ], [ -87.827459835692977, 15.681840013248122 ], [ -87.830887901247493, 15.673085342412929 ], [ -87.830853989579921, 15.664696984844577 ], [ -87.82716809224803, 15.654644737552422 ], [ -87.833271705140575, 15.654091813060017 ], [ -87.8395345414839, 15.670226761485372 ], [ -87.842503810210403, 15.68310709225597 ], [ -87.84100249636856, 15.694856702409542 ], [ -87.831007647883837, 15.702665288339453 ], [ -87.831745460165877, 15.704781670896324 ], [ -87.837065500814703, 15.712884901574025 ], [ -87.842369268485342, 15.716926275709223 ], [ -87.84784898317298, 15.719377442588849 ], [ -87.841885318597164, 15.721166506038674 ] ] ] ] } },
{ "type": "Feature", "properties": { "fid": 163, "qgs_fid": 1079, "dialgeo": 201107, "sede": "SAN PEDRO SULA", "subsede": "PUERTO CORTES", "dial": 18, "DIAL_1": 17 }, "geometry": { "type": "MultiPolygon", "coordinates": [ [ [ [ -87.862609953092729, 15.774836136432532 ], [ -87.859614540421163, 15.772667581486685 ], [ -87.858844711062346, 15.77188196235633 ], [ -87.857485209176104, 15.77137701389624 ], [ -87.856890465582296, 15.770451522353406 ], [ -87.856215624375494, 15.769464488315156 ], [ -87.855667307726719, 15.768183140422389 ], [ -87.855210858678575, 15.765958131609201 ], [ -87.857876150980616, 15.761803321677784 ], [ -87.858505777091622, 15.759635894361907 ], [ -87.86175567256376, 15.757829249334025 ], [ -87.864046926566076, 15.75590265114344 ], [ -87.866843324394154, 15.752613199688655 ], [ -87.870283320934121, 15.750496401095987 ], [ -87.874306787331534, 15.750418441223118 ], [ -87.890303487172915, 15.739359274426191 ], [ -87.892989427919431, 15.741311652634668 ], [ -87.877775092443343, 15.755624913985082 ], [ -87.876110010255886, 15.758463756249592 ], [ -87.875772208160768, 15.759922833610366 ], [ -87.874864612384371, 15.761364609556182 ], [ -87.874553727374675, 15.76334523013246 ], [ -87.888286599058887, 15.759334512043747 ], [ -87.896628430826993, 15.759967133758904 ], [ -87.896869328435287, 15.762559252532942 ], [ -87.897445242339145, 15.771743894239352 ], [ -87.899382436861984, 15.777292554146953 ], [ -87.887993023529788, 15.779784265270687 ], [ -87.881189255829085, 15.781145530474515 ], [ -87.867378533383814, 15.77341170433608 ], [ -87.864573107440577, 15.774580924515465 ], [ -87.862609953092729, 15.774836136432532 ] ] ] ] } },
{ "type": "Feature", "properties": { "fid": 164, "qgs_fid": 1080, "dialgeo": 201066, "sede": "SAN PEDRO SULA", "subsede": "PUERTO CORTES", "dial": 13, "DIAL_1": 12 }, "geometry": { "type": "MultiPolygon", "coordinates": [ [ [ [ -88.414751546981165, 15.561034864731745 ], [ -88.362413493095218, 15.616082118230663 ], [ -88.315209148245685, 15.642503208274679 ], [ -88.267887601750758, 15.651964057654553 ], [ -88.266701099063013, 15.649612939066586 ], [ -88.262668891092815, 15.642341512878607 ], [ -88.257023799934544, 15.63600527792234 ], [ -88.255007695949445, 15.633957873167889 ], [ -88.253669736032066, 15.634416776013859 ], [ -88.253495617960596, 15.634028473672684 ], [ -88.253486453851565, 15.63323421659017 ], [ -88.254100449156113, 15.633057714597868 ], [ -88.254993949785884, 15.632475256943767 ], [ -88.255351350037799, 15.632298754297231 ], [ -88.255762875808642, 15.632094948708295 ], [ -88.255876854414623, 15.632061854412195 ], [ -88.255924106851737, 15.632029587468343 ], [ -88.254977053459825, 15.631133005653234 ], [ -88.2557133323442, 15.630458705146948 ], [ -88.255548378381761, 15.630096870994672 ], [ -88.255658347690044, 15.629726210956299 ], [ -88.253953823411734, 15.627996455240737 ], [ -88.24893332355893, 15.619421648548469 ], [ -88.2500682411859, 15.619029732337545 ], [ -88.265909524086382, 15.611803730227701 ], [ -88.282597066163561, 15.599699575618793 ], [ -88.316011101557152, 15.582550681844511 ], [ -88.343640904448762, 15.573201764781265 ], [ -88.388189692382923, 15.554733206899696 ], [ -88.396547359812033, 15.553179390133414 ], [ -88.412773212296685, 15.560055824732936 ], [ -88.414751546981165, 15.561034864731745 ] ] ] ] } },
{ "type": "Feature", "properties": { "fid": 165, "qgs_fid": 1081, "dialgeo": 201023, "sede": "SAN PEDRO SULA", "subsede": "QUIMISTAN", "dial": 5, "DIAL_1": 4 }, "geometry": { "type": "MultiPolygon", "coordinates": [ [ [ [ -88.46543736649096, 15.518924850959669 ], [ -88.457528905469118, 15.525928219176816 ], [ -88.450852461427317, 15.49301946436217 ], [ -88.453778967792445, 15.47285126719234 ], [ -88.455334461197907, 15.461709654450015 ], [ -88.460511394623737, 15.450856876066565 ], [ -88.463115447756323, 15.444383132209506 ], [ -88.468393974553678, 15.434348388365992 ], [ -88.47269682676739, 15.430697203012404 ], [ -88.476605016238409, 15.426998690652777 ], [ -88.479977408358948, 15.425019881426092 ], [ -88.485402560900653, 15.4203554707866 ], [ -88.48818845004368, 15.417457829613705 ], [ -88.491267590675449, 15.414630823668814 ], [ -88.49731862466038, 15.408278889691255 ], [ -88.500211761082056, 15.405160073562673 ], [ -88.502264521503278, 15.402756978794333 ], [ -88.504317281924472, 15.400071134134388 ], [ -88.506516668090029, 15.398092068508868 ], [ -88.508716054255586, 15.394982070202763 ], [ -88.512381697864839, 15.389186040241116 ], [ -88.514434458286033, 15.386924131108415 ], [ -88.523671880181368, 15.377169366514119 ], [ -88.526897646557543, 15.372928022032537 ], [ -88.531915595917837, 15.363040232141962 ], [ -88.53577946413013, 15.357183335393355 ], [ -88.537187539225826, 15.354713436093332 ], [ -88.539608721799809, 15.351958164722998 ], [ -88.540677862803392, 15.350593393085999 ], [ -88.543208946193005, 15.348365873903282 ], [ -88.545492805876904, 15.34588609488374 ], [ -88.545974207673027, 15.343092844927185 ], [ -88.54580907566158, 15.342257388903109 ], [ -88.545606159206827, 15.340657847470073 ], [ -88.546182721823072, 15.340859364501004 ], [ -88.546247095319089, 15.341133651570885 ], [ -88.54739182400867, 15.341654237234133 ], [ -88.547249082778436, 15.342709402798882 ], [ -88.551306012449857, 15.343347540063496 ], [ -88.550767234276861, 15.345217170294921 ], [ -88.549994752324949, 15.345105216388848 ], [ -88.54969527562622, 15.346569013710759 ], [ -88.549282445597512, 15.348542901017225 ], [ -88.549148100910188, 15.349044594458819 ], [ -88.548947983303052, 15.350066173851749 ], [ -88.550626592182255, 15.353057442279669 ], [ -88.582350037947634, 15.375468670686002 ], [ -88.587522593008117, 15.378060960860131 ], [ -88.60461846252241, 15.386640115542408 ], [ -88.620202446247916, 15.396402496152081 ], [ -88.61397567245389, 15.404535184939645 ], [ -88.59978205377999, 15.417539393618886 ], [ -88.580730997525436, 15.431330015711376 ], [ -88.563956803836248, 15.440109301083439 ], [ -88.542819906369431, 15.456588916057555 ], [ -88.52204126140208, 15.471993773533367 ], [ -88.498754848938631, 15.492414166001298 ], [ -88.46543736649096, 15.518924850959669 ] ] ] ] } },
{ "type": "Feature", "properties": { "fid": 166, "qgs_fid": 1511, "dialgeo": 201143, "sede": "SAN PEDRO SULA", "subsede": "PUERTO CORTES", "dial": 3, "DIAL_1": 2 }, "geometry": { "type": "MultiPolygon", "coordinates": [ [ [ [ -87.942868119370928, 15.865311463097601 ], [ -87.944627628303394, 15.855597076419814 ], [ -87.938231080205156, 15.854530404728477 ], [ -87.93785535173518, 15.855932063059949 ], [ -87.935654265784706, 15.855413848844771 ], [ -87.937067238359219, 15.849020647108679 ], [ -87.930615705606769, 15.847865782841509 ], [ -87.929332730343532, 15.854168969239746 ], [ -87.927380775121577, 15.853798717579892 ], [ -87.927115015959885, 15.85496236336564 ], [ -87.919453820816386, 15.85315518331619 ], [ -87.919050600019375, 15.854213046773035 ], [ -87.91732774752299, 15.854495142758072 ], [ -87.915707791593476, 15.855438985644277 ], [ -87.914816781650615, 15.856081925324128 ], [ -87.914780125214534, 15.856751896437839 ], [ -87.914560186597967, 15.85775684893613 ], [ -87.913964700451785, 15.858275258329776 ], [ -87.912085877161672, 15.858127093331253 ], [ -87.911536030620269, 15.858021309287707 ], [ -87.911242779131527, 15.858197615996133 ], [ -87.911041168733021, 15.859625694654349 ], [ -87.906935647890577, 15.860383806376337 ], [ -87.901767090401435, 15.860278023516441 ], [ -87.892995205706313, 15.861943774876599 ], [ -87.878496912656729, 15.874194330240048 ], [ -87.87072689220669, 15.88078897854791 ], [ -87.854861013451369, 15.861308576593865 ], [ -87.83541894107276, 15.870503443356645 ], [ -87.777648397789889, 15.89560641097048 ], [ -87.786730863277356, 15.899352626699432 ], [ -87.811225693251245, 15.901811156354642 ], [ -87.83365943214028, 15.897439651116969 ], [ -87.848841465036116, 15.890611482664211 ], [ -87.866806711550808, 15.889118168502094 ], [ -87.874258876089755, 15.887337970286966 ], [ -87.887211696525114, 15.877002840783673 ], [ -87.898687949769624, 15.866624896885874 ], [ -87.910091593223243, 15.862906342572451 ], [ -87.925987830550014, 15.86431536331092 ], [ -87.942868119370928, 15.865311463097601 ] ] ] ] } },
{ "type": "Feature", "properties": { "fid": 167, "qgs_fid": 2511, "dialgeo": 201064, "sede": "SAN PEDRO SULA", "subsede": "QUIMISTAN", "dial": 13, "DIAL_1": 12 }, "geometry": { "type": "MultiPolygon", "coordinates": [ [ [ [ -88.754951974808222, 15.296600377347792 ], [ -88.721617545309229, 15.316965498656458 ], [ -88.718057536292918, 15.318823649147594 ], [ -88.701145948231769, 15.300528564320024 ], [ -88.67972328416532, 15.298018375570468 ], [ -88.67562657716627, 15.296562195070198 ], [ -88.670803285597884, 15.293064164041898 ], [ -88.656397128462146, 15.279067245687402 ], [ -88.642047472201043, 15.269615439024365 ], [ -88.625447273476212, 15.258702923471692 ], [ -88.653024797714224, 15.242640711247772 ], [ -88.676364153362812, 15.230055063886185 ], [ -88.690862355919592, 15.222360990337995 ], [ -88.707291650209868, 15.214304190935017 ], [ -88.763086729086893, 15.292399085536719 ], [ -88.754951974808222, 15.296600377347792 ] ] ] ] } },
{ "type": "Feature", "properties": { "fid": 168, "qgs_fid": 2512, "dialgeo": 201150, "sede": "SAN PEDRO SULA", "subsede": "PUERTO CORTES", "dial": 8, "DIAL_1": 7 }, "geometry": { "type": "MultiPolygon", "coordinates": [ [ [ [ -87.910523514901428, 15.830575941873139 ], [ -87.909760534615543, 15.831097760134325 ], [ -87.907792856206498, 15.831772797013532 ], [ -87.907382744286593, 15.83205234368514 ], [ -87.907020752220859, 15.832396515623541 ], [ -87.906027667181974, 15.832808151131042 ], [ -87.905495662730942, 15.833643865362914 ], [ -87.905689425645804, 15.834189457136205 ], [ -87.905108223123264, 15.834719761998489 ], [ -87.903413294546567, 15.836504946867874 ], [ -87.902062242286334, 15.838177557001142 ], [ -87.901193118898789, 15.840663128052928 ], [ -87.900698849655683, 15.8413875425948 ], [ -87.899332710116809, 15.843986303837054 ], [ -87.898479306481491, 15.845712395372747 ], [ -87.896540065072259, 15.848535780798858 ], [ -87.894687593954799, 15.853692574064361 ], [ -87.894308815064335, 15.854583197499048 ], [ -87.891894565582064, 15.853852266488822 ], [ -87.89092498224754, 15.850929765079773 ], [ -87.895332673163892, 15.843762074516462 ], [ -87.892993295368143, 15.84262335369832 ], [ -87.891219177907601, 15.839481895417126 ], [ -87.890825144227648, 15.839190865996624 ], [ -87.889707122926794, 15.838591366105149 ], [ -87.888458937244067, 15.838344851092774 ], [ -87.885739091391045, 15.837689180700986 ], [ -87.881369461808589, 15.836039989955424 ], [ -87.874666781297748, 15.834659439200113 ], [ -87.873824288057094, 15.834514657536181 ], [ -87.872753519867331, 15.830221817591568 ], [ -87.872123349222107, 15.829390852310139 ], [ -87.871921463977628, 15.829160136100279 ], [ -87.871805616196767, 15.828915182316321 ], [ -87.871822674077109, 15.828431220943967 ], [ -87.871690512709534, 15.828285889512053 ], [ -87.871696337609734, 15.827970988455073 ], [ -87.871698411575395, 15.827896891261625 ], [ -87.872217606550535, 15.827390074458894 ], [ -87.87176349893781, 15.826901060657363 ], [ -87.871676658946058, 15.826727763738187 ], [ -87.87169934382986, 15.826440578236754 ], [ -87.871757971219395, 15.82616945527797 ], [ -87.872070170716597, 15.825913520349483 ], [ -87.872290001701245, 15.825310664749271 ], [ -87.872430633203237, 15.824643299599625 ], [ -87.871716472151732, 15.823182913908267 ], [ -87.876612990989656, 15.822866836554345 ], [ -87.878771862856198, 15.822154262758588 ], [ -87.877935443604471, 15.818971829017702 ], [ -87.882806133477217, 15.812728621073793 ], [ -87.882208898609079, 15.811767893896345 ], [ -87.882491927769664, 15.81085915632047 ], [ -87.885332591764708, 15.808587888309569 ], [ -87.883905671982873, 15.806000591881988 ], [ -87.883689049642072, 15.80457526358752 ], [ -87.888026438041194, 15.803372158567615 ], [ -87.890219572725215, 15.806178554579088 ], [ -87.89213116652688, 15.81020854389431 ], [ -87.892936605704676, 15.810649765701214 ], [ -87.893360408047613, 15.811314820316133 ], [ -87.894836171407192, 15.81627267830144 ], [ -87.898758907981318, 15.820775871664711 ], [ -87.902253437574927, 15.823595254589225 ], [ -87.903866279089684, 15.824885089328689 ], [ -87.903758194865802, 15.826395089122471 ], [ -87.906376637240157, 15.826883129207379 ], [ -87.906055893424352, 15.828390779092301 ], [ -87.906120042187524, 15.828496578661905 ], [ -87.908328592462112, 15.828955042823518 ], [ -87.910317204120432, 15.829188682813491 ], [ -87.91043346859415, 15.829694207405215 ], [ -87.910702809692623, 15.830558982494635 ], [ -87.910523514901428, 15.830575941873139 ] ] ] ] } },
{ "type": "Feature", "properties": { "fid": 169, "qgs_fid": 2513, "dialgeo": 201016, "sede": "SAN PEDRO SULA", "subsede": "PUERTO CORTES", "dial": 6, "DIAL_1": 5 }, "geometry": { "type": "MultiPolygon", "coordinates": [ [ [ [ -87.969806017845286, 15.748584521997 ], [ -87.970109426298265, 15.748715932802643 ], [ -87.971051740038348, 15.748627527449248 ], [ -87.969806017845286, 15.748584521997 ] ] ], [ [ [ -87.936332492672847, 15.734480407758557 ], [ -87.928686498015338, 15.735253979848842 ], [ -87.909102959674968, 15.736165433066384 ], [ -87.909102959674968, 15.750842456628698 ], [ -87.909689462652452, 15.763401759867168 ], [ -87.919366761781049, 15.763542871220274 ], [ -87.92988547270788, 15.763402451524067 ], [ -87.954204103568884, 15.761222792083251 ], [ -87.97316410737119, 15.758471748932649 ], [ -87.974058164432108, 15.756346067146223 ], [ -87.973618287198988, 15.753664839625941 ], [ -87.972738532732748, 15.74985461331519 ], [ -87.970109426298265, 15.748715932802643 ], [ -87.956463075107365, 15.749995734082637 ], [ -87.949571665121852, 15.749007886651947 ], [ -87.944111328976845, 15.745930543963432 ], [ -87.939254889066902, 15.737875904612501 ], [ -87.936332492672847, 15.734480407758557 ] ] ] ] } },
{ "type": "Feature", "properties": { "fid": 170, "qgs_fid": 2514, "dialgeo": 201171, "sede": "SAN PEDRO SULA", "subsede": "PUERTO CORTES", "dial": 7, "DIAL_1": 6 }, "geometry": { "type": "MultiPolygon", "coordinates": [ [ [ [ -87.915009930023132, 15.824143812975279 ], [ -87.914154239328766, 15.825314307439823 ], [ -87.913298746921583, 15.826531103144983 ], [ -87.913070824594939, 15.826902503109551 ], [ -87.913071656209894, 15.827087719993655 ], [ -87.913244760785972, 15.82729073390864 ], [ -87.913237357353736, 15.827772338023451 ], [ -87.910239636412726, 15.826997747403242 ], [ -87.90709894086315, 15.826334844310406 ], [ -87.906363509024061, 15.826597226353581 ], [ -87.905416796349186, 15.82667526697313 ], [ -87.904085380296067, 15.82629185474137 ], [ -87.903983627365449, 15.82492164469785 ], [ -87.903783194386833, 15.823942738744767 ], [ -87.904621710362335, 15.823810486294528 ], [ -87.905469390447138, 15.823678233757786 ], [ -87.905652672627582, 15.822972885433916 ], [ -87.905758059881222, 15.822205816338403 ], [ -87.905721403445142, 15.821465195139892 ], [ -87.905927595898291, 15.820662852446752 ], [ -87.906495770657742, 15.819834055552672 ], [ -87.906472860385051, 15.819402021782233 ], [ -87.906161280678262, 15.819366753678587 ], [ -87.905506046883247, 15.819269766361867 ], [ -87.904183490319397, 15.819062810215614 ], [ -87.902720157740134, 15.818687841484618 ], [ -87.902206966799696, 15.817964841691067 ], [ -87.902243624070934, 15.817259473322915 ], [ -87.9026282626116, 15.816981307959022 ], [ -87.903160034973254, 15.816554102608531 ], [ -87.903926392488046, 15.816346155856667 ], [ -87.906011612194362, 15.81631894230904 ], [ -87.908844683690504, 15.816677543121003 ], [ -87.911224450913778, 15.816942056805877 ], [ -87.913112257372561, 15.817136033625486 ], [ -87.9135154781696, 15.818987621175966 ], [ -87.913442165297411, 15.820186735497273 ], [ -87.912983959846244, 15.821597449124326 ], [ -87.913319586721798, 15.822650647789015 ], [ -87.915009930023132, 15.824143812975279 ] ] ] ] } },
{ "type": "Feature", "properties": { "fid": 171, "qgs_fid": 2515, "dialgeo": 201170, "sede": "SAN PEDRO SULA", "subsede": "PUERTO CORTES", "dial": 7, "DIAL_1": 6 }, "geometry": { "type": "MultiPolygon", "coordinates": [ [ [ [ -87.895968937870052, 15.816638449339029 ], [ -87.900250430358341, 15.816928831106855 ], [ -87.903313371299873, 15.816163486207305 ], [ -87.905302439224599, 15.816025547028374 ], [ -87.905721017123852, 15.815505182826094 ], [ -87.906393696969175, 15.814048391861636 ], [ -87.905607884136828, 15.813727533912431 ], [ -87.904502576945163, 15.813331408864745 ], [ -87.903512853170639, 15.812961082354974 ], [ -87.902264397988318, 15.812583820226545 ], [ -87.901554750863056, 15.812179281008079 ], [ -87.901501525854798, 15.812040586107127 ], [ -87.901365026678093, 15.811457706068136 ], [ -87.901728945845861, 15.81047452327962 ], [ -87.901692739545283, 15.809858813233872 ], [ -87.901871649837602, 15.809219057393051 ], [ -87.90204305556037, 15.809044700775866 ], [ -87.902200374702986, 15.80892944179055 ], [ -87.902644790001887, 15.808844245885565 ], [ -87.902649100482975, 15.808737725815156 ], [ -87.902750684892496, 15.80845715666446 ], [ -87.902788494180029, 15.808355127894725 ], [ -87.902982015670219, 15.808314964002564 ], [ -87.903043994596203, 15.80827071632269 ], [ -87.903259890181246, 15.808422626087431 ], [ -87.903465994826533, 15.808523640538612 ], [ -87.903900781668895, 15.80842459059345 ], [ -87.903962667903855, 15.808359505672527 ], [ -87.903961311124235, 15.808053896510792 ], [ -87.903640157017804, 15.80789316429181 ], [ -87.903732890872561, 15.807235243534288 ], [ -87.903618720131391, 15.806295721228587 ], [ -87.903707883403285, 15.805911016462826 ], [ -87.904129358057133, 15.804969265521455 ], [ -87.904271209955795, 15.804602863397776 ], [ -87.905503208018999, 15.804171723639669 ], [ -87.906353300712425, 15.803899608495662 ], [ -87.907470055729746, 15.803367067110047 ], [ -87.909084631456807, 15.800739927316267 ], [ -87.91051423246445, 15.798517819853137 ], [ -87.910844140389287, 15.797671296310117 ], [ -87.903292914554072, 15.792662626279993 ], [ -87.898301203777152, 15.791291680494323 ], [ -87.894751964944362, 15.790757888271948 ], [ -87.892410309835014, 15.791501161050872 ], [ -87.894898590688726, 15.800775198666686 ], [ -87.896438161004639, 15.803385261545818 ], [ -87.89724460259869, 15.806489076299908 ], [ -87.896731412493395, 15.809733922649718 ], [ -87.895293979309514, 15.812160034142561 ], [ -87.894678652072173, 15.813966252732865 ], [ -87.895968937870052, 15.816638449339029 ] ] ] ] } },
{ "type": "Feature", "properties": { "fid": 172, "qgs_fid": 2516, "dialgeo": 201168, "sede": "SAN PEDRO SULA", "subsede": "PUERTO CORTES", "dial": 7, "DIAL_1": 6 }, "geometry": { "type": "MultiPolygon", "coordinates": [ [ [ [ -87.913351107326037, 15.816886684985041 ], [ -87.913565668332012, 15.816737605824162 ], [ -87.913684385963364, 15.816547255207389 ], [ -87.914038312874311, 15.816545765479693 ], [ -87.914372983733017, 15.816516573197752 ], [ -87.914429524195413, 15.816326484059292 ], [ -87.914376330956557, 15.816197053734109 ], [ -87.914835790729782, 15.816264575947653 ], [ -87.915216199374058, 15.816302332088528 ], [ -87.915400388799199, 15.816313131871194 ], [ -87.91560143257766, 15.816349328232405 ], [ -87.915622725958215, 15.816298302811704 ], [ -87.91552833670093, 15.816048653235351 ], [ -87.914709719213022, 15.815350580917791 ], [ -87.914628917415897, 15.815165396825666 ], [ -87.916318038620787, 15.813510117053221 ], [ -87.916350191082032, 15.810027836140542 ], [ -87.916346273003171, 15.809157316191643 ], [ -87.917039078089147, 15.807811710169641 ], [ -87.918125025008251, 15.807428147237298 ], [ -87.918858153730085, 15.807093080172775 ], [ -87.919547226623052, 15.806272871897484 ], [ -87.920128128552136, 15.803584715903673 ], [ -87.920448126645695, 15.801692251620803 ], [ -87.911797207727702, 15.798024014883092 ], [ -87.909744447306494, 15.801268996927364 ], [ -87.907560729276412, 15.803859839336662 ], [ -87.90490519321682, 15.804667366396568 ], [ -87.904051408972578, 15.806263822578636 ], [ -87.904022234747444, 15.808310637234008 ], [ -87.904023427168084, 15.808579202850568 ], [ -87.903325123195003, 15.808572846972439 ], [ -87.903058804524221, 15.808374841639516 ], [ -87.9028603361172, 15.808377981935891 ], [ -87.902677878363406, 15.808756128336734 ], [ -87.902597302398945, 15.80892084694449 ], [ -87.902103048795183, 15.809091914542691 ], [ -87.901928716851245, 15.809685346239476 ], [ -87.901840328364202, 15.810246007266409 ], [ -87.901628533223843, 15.811020184928275 ], [ -87.901603795181757, 15.811913979649445 ], [ -87.901681118350083, 15.812094249226108 ], [ -87.902376503651752, 15.812343869998926 ], [ -87.903414965246156, 15.812651967607462 ], [ -87.904374279418832, 15.813013986183584 ], [ -87.905513049947942, 15.813374851977915 ], [ -87.906337576785759, 15.813797420266935 ], [ -87.906775275982938, 15.81407205985052 ], [ -87.906408711622007, 15.814900880357461 ], [ -87.906084089440924, 15.816036178027273 ], [ -87.907687400152284, 15.81618113071622 ], [ -87.911439308206454, 15.81665624770312 ], [ -87.913351107326037, 15.816886684985041 ] ] ] ] } },
{ "type": "Feature", "properties": { "fid": 173, "qgs_fid": 2517, "dialgeo": 201167, "sede": "SAN PEDRO SULA", "subsede": "PUERTO CORTES", "dial": 9, "DIAL_1": 8 }, "geometry": { "type": "MultiPolygon", "coordinates": [ [ [ [ -87.923196594926381, 15.82319114502971 ], [ -87.923192518032764, 15.822292845348572 ], [ -87.923224611487726, 15.821987095814432 ], [ -87.923221794490047, 15.821893340163246 ], [ -87.923077067569878, 15.821620756179001 ], [ -87.92241620291118, 15.82100230674598 ], [ -87.921928130252923, 15.820266088400041 ], [ -87.921256292455695, 15.818793466298265 ], [ -87.921015473733149, 15.818424047797112 ], [ -87.920943838182282, 15.818359910515831 ], [ -87.921027963137163, 15.817749098784228 ], [ -87.921065623071655, 15.817615812003897 ], [ -87.921083079163111, 15.817509815151078 ], [ -87.921170721904801, 15.816795766761148 ], [ -87.921032441776887, 15.81609676127041 ], [ -87.920920840850712, 15.814951570388278 ], [ -87.920938714695353, 15.814673664224314 ], [ -87.919078995442277, 15.81379248629467 ], [ -87.916343150892118, 15.813776265496646 ], [ -87.915961366175253, 15.813963096731941 ], [ -87.914704176832927, 15.815181590554626 ], [ -87.915242011901952, 15.815660897399988 ], [ -87.915655122093767, 15.816057379604954 ], [ -87.915713932299212, 15.81637200633517 ], [ -87.915640994758405, 15.816372313946619 ], [ -87.915303599808922, 15.816327431463467 ], [ -87.914761870856282, 15.81631235015066 ], [ -87.914467713690584, 15.816310116419409 ], [ -87.914396882101883, 15.816512999664369 ], [ -87.914355303115784, 15.816573371437002 ], [ -87.913709646375025, 15.816580720122728 ], [ -87.913550316509628, 15.816780502669491 ], [ -87.913347743636706, 15.816936477155425 ], [ -87.913222100619976, 15.817182422900389 ], [ -87.913510896114914, 15.818185268652135 ], [ -87.913712506513406, 15.819490192014429 ], [ -87.913610628644847, 15.820625889459382 ], [ -87.913279318349552, 15.821405209666281 ], [ -87.913302690851822, 15.822349735659886 ], [ -87.913715645396124, 15.822709177413033 ], [ -87.916554990531395, 15.824438276071268 ], [ -87.921319252679012, 15.824510712261883 ], [ -87.922732155589998, 15.823874961308304 ], [ -87.923196594926381, 15.82319114502971 ] ] ] ] } },
{ "type": "Feature", "properties": { "fid": 174, "qgs_fid": 2518, "dialgeo": 201026, "sede": "SAN PEDRO SULA", "subsede": "PUERTO CORTES", "dial": 11, "DIAL_1": 10 }, "geometry": { "type": "MultiPolygon", "coordinates": [ [ [ [ -87.974127615267378, 15.799291119507645 ], [ -87.971871043391928, 15.802116538330617 ], [ -87.966975292323497, 15.802434729846063 ], [ -87.965928722799035, 15.802266514338847 ], [ -87.965590354255667, 15.800835662486412 ], [ -87.964868703453405, 15.799258336924705 ], [ -87.96443762513745, 15.798445288907789 ], [ -87.963533659590254, 15.796066152639817 ], [ -87.962394865660755, 15.792564390573103 ], [ -87.96100934741095, 15.785408724279069 ], [ -87.96013011968833, 15.782844237800697 ], [ -87.959656762409011, 15.779808734525519 ], [ -87.958165308358431, 15.774897603776928 ], [ -87.96007808622646, 15.77449726209437 ], [ -87.963341257338456, 15.774235883463264 ], [ -87.965056718343959, 15.775073982959222 ], [ -87.965496595577079, 15.778072405588336 ], [ -87.967119189694785, 15.785727383330023 ], [ -87.968669257084514, 15.789894075351505 ], [ -87.970502704779662, 15.791960345492688 ], [ -87.97171883058526, 15.792930396442699 ], [ -87.972552805659319, 15.79398858506408 ], [ -87.972758083207168, 15.794246972085512 ], [ -87.974692693735904, 15.798782323247385 ], [ -87.974127615267378, 15.799291119507645 ] ] ] ] } },
{ "type": "Feature", "properties": { "fid": 175, "qgs_fid": 2519, "dialgeo": 301089, "sede": "SAN PEDRO SULA", "subsede": "PUERTO CORTES", "dial": 17, "DIAL_1": 16 }, "geometry": { "type": "MultiPolygon", "coordinates": [ [ [ [ -87.788124764062857, 15.807027592698372 ], [ -87.794673285234239, 15.81174551063336 ], [ -87.796841068851165, 15.809454492341942 ], [ -87.795557607232908, 15.805946771625061 ], [ -87.791532263511982, 15.79700477765161 ], [ -87.793513770672732, 15.79348512189879 ], [ -87.798590263018198, 15.792939669349707 ], [ -87.796213162721557, 15.78803098539789 ], [ -87.790051948180334, 15.78945843015887 ], [ -87.778027001613708, 15.775276380293629 ], [ -87.779657243016487, 15.774743678913929 ], [ -87.784316631784961, 15.760150284856833 ], [ -87.781414392199792, 15.759985093515487 ], [ -87.778171540872322, 15.765616626598382 ], [ -87.773102961914304, 15.768093399585609 ], [ -87.766181139146056, 15.760039210007218 ], [ -87.765059511685095, 15.751086369862541 ], [ -87.757579638812203, 15.738994470924133 ], [ -87.74867259482582, 15.733054012919476 ], [ -87.752653135967307, 15.779931818837376 ], [ -87.752653135967307, 15.779931818837376 ], [ -87.788124764062857, 15.807027592698372 ] ] ] ] } },
{ "type": "Feature", "properties": { "fid": 176, "qgs_fid": 2521, "dialgeo": 201270, "sede": "SAN PEDRO SULA", "subsede": "QUIMISTAN", "dial": 7, "DIAL_1": 6 }, "geometry": { "type": "MultiPolygon", "coordinates": [ [ [ [ -88.491843693584258, 15.314371491173068 ], [ -88.488315358391617, 15.314696732679108 ], [ -88.483400618947485, 15.313651856898037 ], [ -88.48119103296024, 15.302191740610724 ], [ -88.480561030983822, 15.298240075401797 ], [ -88.477896091346523, 15.285499399273986 ], [ -88.483762983043746, 15.286279531728768 ], [ -88.490248953383798, 15.288174519871726 ], [ -88.495305678606698, 15.289689940295055 ], [ -88.496622292784267, 15.289997678978185 ], [ -88.497874804878165, 15.290506523520099 ], [ -88.500126366180282, 15.291784501229197 ], [ -88.498558586594456, 15.293777698590972 ], [ -88.497894560621631, 15.296411367909544 ], [ -88.497194882825184, 15.301060293557271 ], [ -88.494062887180789, 15.314184257127643 ], [ -88.491843693584258, 15.314371491173068 ] ] ] ] } },
{ "type": "Feature", "properties": { "fid": 177, "qgs_fid": 2522, "dialgeo": 201041, "sede": "SAN PEDRO SULA", "subsede": "QUIMISTAN", "dial": 10, "DIAL_1": 9 }, "geometry": { "type": "MultiPolygon", "coordinates": [ [ [ [ -88.601606636358355, 15.252883559488991 ], [ -88.598707604863066, 15.258980352768356 ], [ -88.596689747322628, 15.26315496474899 ], [ -88.58762658917243, 15.262357333640962 ], [ -88.557344232697147, 15.261966359968977 ], [ -88.555923402159948, 15.261954676229655 ], [ -88.554410290457383, 15.261469510744313 ], [ -88.553050827776218, 15.260746213505715 ], [ -88.549701613759126, 15.255080026911875 ], [ -88.549232310237045, 15.254652256947484 ], [ -88.548475865000839, 15.254420424435738 ], [ -88.547965169432729, 15.254402399514682 ], [ -88.547254698151136, 15.254385751852283 ], [ -88.543277286584456, 15.253852840657883 ], [ -88.527929480178088, 15.25572509846266 ], [ -88.52331404501129, 15.256798121425575 ], [ -88.493221813434133, 15.257338174221116 ], [ -88.483725817311495, 15.258090850468284 ], [ -88.475596857546179, 15.251161885581293 ], [ -88.471311501081104, 15.247828031083388 ], [ -88.474053160219967, 15.246258341058549 ], [ -88.508341773438886, 15.2421081713803 ], [ -88.532136190181319, 15.241946988918761 ], [ -88.542951812867244, 15.240220018079452 ], [ -88.551494241884541, 15.236620028596787 ], [ -88.560920370455406, 15.234441057662121 ], [ -88.570841337543769, 15.235084969050718 ], [ -88.575999562961968, 15.236255643416534 ], [ -88.580459949472058, 15.238041084437635 ], [ -88.587627734739485, 15.241451579282181 ], [ -88.593920317688244, 15.246214642414159 ], [ -88.601606636358355, 15.252883559488991 ] ] ] ] } },
{ "type": "Feature", "properties": { "fid": 178, "qgs_fid": 2523, "dialgeo": 201312, "sede": "SAN PEDRO SULA", "subsede": "SAN PEDRO SULA", "dial": 6, "DIAL_1": 5 }, "geometry": { "type": "MultiPolygon", "coordinates": [ [ [ [ -87.995892694820455, 15.471034720440821 ], [ -87.995819053190985, 15.471880483354836 ], [ -87.995684043536983, 15.472466009501764 ], [ -87.994376904614086, 15.473424139623956 ], [ -87.992047138563024, 15.475229517166522 ], [ -87.991449649843034, 15.475594701951627 ], [ -87.991309771580745, 15.475669558761064 ], [ -87.990819948375488, 15.475553130951445 ], [ -87.990263254758261, 15.475404650091365 ], [ -87.990115624651239, 15.474758289550595 ], [ -87.990002481757315, 15.474349015612612 ], [ -87.989817216835704, 15.473972415043139 ], [ -87.989008042510349, 15.472080825944881 ], [ -87.992934756037172, 15.470206697457197 ], [ -87.995892694820455, 15.471034720440821 ] ] ] ] } },
{ "type": "Feature", "properties": { "fid": 179, "qgs_fid": 2524, "dialgeo": 201071, "sede": "SAN PEDRO SULA", "subsede": "SAN PEDRO SULA", "dial": 12, "DIAL_1": 11 }, "geometry": { "type": "MultiPolygon", "coordinates": [ [ [ [ -87.985181475259452, 15.346785223661602 ], [ -87.987041855602214, 15.340651794430331 ], [ -87.973775792227656, 15.338768984696268 ], [ -87.971374537491997, 15.338563771792401 ], [ -87.971832992330931, 15.341581256130025 ], [ -87.972698307552321, 15.346063568198373 ], [ -87.985181475259452, 15.346785223661602 ] ] ] ] } },
{ "type": "Feature", "properties": { "fid": 180, "qgs_fid": 2525, "dialgeo": 201072, "sede": "SAN PEDRO SULA", "subsede": "SAN PEDRO SULA", "dial": 12, "DIAL_1": 11 }, "geometry": { "type": "MultiPolygon", "coordinates": [ [ [ [ -87.984042529279947, 15.323002741105743 ], [ -87.984680756735258, 15.320114421064607 ], [ -87.986497250261934, 15.320351170109806 ], [ -87.986129042114655, 15.319735622034882 ], [ -87.985515361869162, 15.318646571002988 ], [ -87.986202683744111, 15.31736811255654 ], [ -87.985957211645925, 15.315379383887603 ], [ -87.979034898476684, 15.314811172224191 ], [ -87.978519407070465, 15.315450410237027 ], [ -87.978396671021372, 15.317297086858193 ], [ -87.979427653833795, 15.317794266240194 ], [ -87.981096864101573, 15.318267769314927 ], [ -87.980286806177503, 15.319356822319108 ], [ -87.980041334079317, 15.322552923394039 ], [ -87.980041334079317, 15.322789669678706 ], [ -87.984042529279947, 15.323002741105743 ] ] ] ] } },
{ "type": "Feature", "properties": { "fid": 181, "qgs_fid": 2526, "dialgeo": 201345, "sede": "SAN PEDRO SULA", "subsede": "SAN PEDRO SULA", "dial": 12, "DIAL_1": 11 }, "geometry": { "type": "MultiPolygon", "coordinates": [ [ [ [ -87.981379157014487, 15.305920826326478 ], [ -87.979611757907435, 15.305672222678432 ], [ -87.979071719291383, 15.305624869569128 ], [ -87.978181563961897, 15.304036479856373 ], [ -87.974912344616001, 15.303457642015266 ], [ -87.974612627255794, 15.305917673739375 ], [ -87.977009753666536, 15.306275973883018 ], [ -87.976976071890761, 15.306435769965892 ], [ -87.976867491660613, 15.30698083004607 ], [ -87.97669063993888, 15.307311817481615 ], [ -87.976623135111879, 15.308252950935639 ], [ -87.976733597556063, 15.309117132644761 ], [ -87.978961256847199, 15.309495950899294 ], [ -87.978881478415289, 15.310271342376019 ], [ -87.978243250959991, 15.312496877528718 ], [ -87.978095967701066, 15.315811460473753 ], [ -87.978022326071596, 15.317160954202283 ], [ -87.978280071774705, 15.317504245077627 ], [ -87.978341439799252, 15.316474370761533 ], [ -87.978599185502361, 15.314982819660171 ], [ -87.978771015971091, 15.313645149707481 ], [ -87.978906025625108, 15.312887527533849 ], [ -87.978893752020213, 15.312106226794308 ], [ -87.978979667254563, 15.31106448793733 ], [ -87.979249686562596, 15.309584736328514 ], [ -87.97988525301713, 15.309620456221792 ], [ -87.981241516858219, 15.309776265392912 ], [ -87.981201189743274, 15.308223355608435 ], [ -87.981778881011465, 15.307067157340573 ], [ -87.981898961135272, 15.306608315958613 ], [ -87.981888511618251, 15.306341084203034 ], [ -87.981735495561324, 15.306102192219779 ], [ -87.981379157014487, 15.305920826326478 ] ] ] ] } },
{ "type": "Feature", "properties": { "fid": 182, "qgs_fid": 2528, "dialgeo": 201339, "sede": "SAN PEDRO SULA", "subsede": "SAN PEDRO SULA", "dial": 7, "DIAL_1": 6 }, "geometry": { "type": "MultiPolygon", "coordinates": [ [ [ [ -87.938992262457987, 15.521023422321322 ], [ -87.937715807547363, 15.520621337414411 ], [ -87.937519429868814, 15.520361164409996 ], [ -87.938574959891071, 15.517735763916143 ], [ -87.938722243149954, 15.517546544572017 ], [ -87.93933592339549, 15.517783068725068 ], [ -87.939728678752601, 15.517688459096371 ], [ -87.939679584332964, 15.517026190481003 ], [ -87.938918620828517, 15.516931580505299 ], [ -87.939041356877652, 15.516505835077902 ], [ -87.939605942703494, 15.516458529976205 ], [ -87.940440547837369, 15.515630688941094 ], [ -87.93918864013655, 15.515275898909517 ], [ -87.938550412681238, 15.515204940830012 ], [ -87.93901680966782, 15.514116913889433 ], [ -87.938820431989257, 15.513762121255697 ], [ -87.937912185225926, 15.513762121255704 ], [ -87.93685665520367, 15.513927691227339 ], [ -87.93668482473494, 15.515488773001652 ], [ -87.935997502859962, 15.516600445248796 ], [ -87.934966520047524, 15.52121263847696 ], [ -87.935653841922488, 15.521614722231451 ], [ -87.936783013574185, 15.521969501364048 ], [ -87.937102127301841, 15.521969501364035 ], [ -87.937396693819707, 15.521803937844764 ], [ -87.938574959891071, 15.521922197514945 ], [ -87.938992262457987, 15.521023422321322 ] ] ] ] } },
{ "type": "Feature", "properties": { "fid": 183, "qgs_fid": 2529, "dialgeo": 201116, "sede": "SAN PEDRO SULA", "subsede": "QUIMISTAN", "dial": 19, "DIAL_1": 18 }, "geometry": { "type": "MultiPolygon", "coordinates": [ [ [ [ -88.211638121927891, 15.344172671889449 ], [ -88.204764903178287, 15.336976201368531 ], [ -88.192294920589774, 15.335082352128133 ], [ -88.187974611661474, 15.337165585348338 ], [ -88.18630540139371, 15.338870033440474 ], [ -88.185568985099124, 15.341189954328415 ], [ -88.185495343469654, 15.343036403556358 ], [ -88.185863551616961, 15.345924406788576 ], [ -88.194872377620882, 15.350066964624036 ], [ -88.199168139339335, 15.352031691882811 ], [ -88.210729875164517, 15.352031691882802 ], [ -88.21232544380284, 15.344764475864084 ], [ -88.211638121927891, 15.344172671889449 ] ] ] ] } }
]
}
