{
"type": "FeatureCollection",
"name": "TRAMOS_9",
"crs": { "type": "name", "properties": { "name": "urn:ogc:def:crs:OGC:1.3:CRS84" } },
"features": [
{ "type": "Feature", "properties": { "ID_TRAMOMT": 75800, "ID_APOYO1": 112199, "ID_APOYO2": 112201, "SUBESTACION": "BER", "CIRCUITO": "BER248", "SECTOR": "SAN PEDRO SULA", "LATITUDFINAL": 15.55867038, "LATITUDINICIO": 15.55842554, "LONGITUDFINAL": -88.0178601, "LONGITUDINICIO": -88.01802675, "TIPO": "RAMAL", "ID_EQUIPO": 306255, "CIRCUITO_2": "BER248" }, "geometry": { "type": "MultiLineString", "coordinates": [ [ [ -88.01803, 15.55843 ], [ -88.01786, 15.55867 ], [ -88.01812, 15.55895 ], [ -88.01837, 15.55924 ], [ -88.01834, 15.55931 ] ] ] } },
{ "type": "Feature", "properties": { "ID_TRAMOMT": 72585, "ID_APOYO1": 65302, "ID_APOYO2": 65314, "SUBESTACION": "BER", "CIRCUITO": "BER207", "SECTOR": "SAN PEDRO SULA", "LATITUDFINAL": 15.50804034, "LATITUDINICIO": 15.50810216, "LONGITUDFINAL": -88.01773284, "LONGITUDINICIO": -88.01805012, "TIPO": "RAMAL", "ID_EQUIPO": 302752, "CIRCUITO_2": "BER207" }, "geometry": { "type": "MultiLineString", "coordinates": [ [ [ -88.01968, 15.50844 ], [ -88.01948, 15.50839 ], [ -88.01929, 15.50836 ] ], [ [ -88.01929, 15.50836 ], [ -88.01936, 15.50805 ], [ -88.01937, 15.50791 ], [ -88.01942, 15.50764 ], [ -88.01949, 15.50735 ] ], [ [ -88.01929, 15.50836 ], [ -88.01895, 15.50829 ] ], [ [ -88.01895, 15.50829 ], [ -88.01869, 15.50833 ] ], [ [ -88.01895, 15.50829 ], [ -88.01863, 15.5082 ], [ -88.01832, 15.50816 ], [ -88.01805, 15.5081 ] ], [ [ -88.018, 15.50831 ], [ -88.01805, 15.5081 ] ], [ [ -88.01805, 15.5081 ], [ -88.01773, 15.50804 ], [ -88.01737, 15.50797 ], [ -88.01704, 15.5079 ] ] ] } },
{ "type": "Feature", "properties": { "ID_TRAMOMT": 88918, "ID_APOYO1": 107912, "ID_APOYO2": 107855, "SUBESTACION": "BER", "CIRCUITO": "BER281", "SECTOR": "SAN PEDRO SULA", "LATITUDFINAL": 15.53775489, "LATITUDINICIO": 15.53782734, "LONGITUDFINAL": -88.01545428, "LONGITUDINICIO": -88.01542666, "TIPO": "RAMAL", "ID_EQUIPO": 2024116, "CIRCUITO_2": "BER281" }, "geometry": { "type": "MultiLineString", "coordinates": [ [ [ -88.01552, 15.53766 ], [ -88.01545, 15.53775 ], [ -88.01543, 15.53783 ] ] ] } },
{ "type": "Feature", "properties": { "ID_TRAMOMT": 72938, "ID_APOYO1": 66147, "ID_APOYO2": 66148, "SUBESTACION": "BER", "CIRCUITO": "BER208", "SECTOR": "SAN PEDRO SULA", "LATITUDFINAL": 15.50579912, "LATITUDINICIO": 15.50591371, "LONGITUDFINAL": -88.02604189, "LONGITUDINICIO": -88.02605695, "TIPO": "RAMAL", "ID_EQUIPO": 307558, "CIRCUITO_2": "BER208" }, "geometry": { "type": "MultiLineString", "coordinates": [ [ [ -88.02606, 15.50591 ], [ -88.02604, 15.5058 ] ] ] } },
{ "type": "Feature", "properties": { "ID_TRAMOMT": 88761, "ID_APOYO1": 107781, "ID_APOYO2": 107782, "SUBESTACION": "BER", "CIRCUITO": "BER280", "SECTOR": "SAN PEDRO SULA", "LATITUDFINAL": 15.54097004, "LATITUDINICIO": 15.54114873, "LONGITUDFINAL": -88.01215989000001, "LONGITUDINICIO": -88.01261765, "TIPO": "RAMAL", "ID_EQUIPO": 9805, "CIRCUITO_2": "BER280" }, "geometry": { "type": "MultiLineString", "coordinates": [ [ [ -88.01262, 15.54115 ], [ -88.01216, 15.54097 ], [ -88.012, 15.54079 ], [ -88.01181, 15.54071 ] ], [ [ -88.01181, 15.54071 ], [ -88.01182, 15.54066 ] ], [ [ -88.01181, 15.54071 ], [ -88.01175, 15.54068 ] ] ] } },
{ "type": "Feature", "properties": { "ID_TRAMOMT": 340047, "ID_APOYO1": 65175, "ID_APOYO2": 306074, "SUBESTACION": "BER", "CIRCUITO": "BER207", "SECTOR": "SAN PEDRO SULA", "LATITUDFINAL": 15.50737585, "LATITUDINICIO": 15.50738315, "LONGITUDFINAL": -88.02105113, "LONGITUDINICIO": -88.02106719, "TIPO": "RAMAL", "ID_EQUIPO": 302774, "CIRCUITO_2": "BER207" }, "geometry": { "type": "MultiLineString", "coordinates": [ [ [ -88.02107, 15.50738 ], [ -88.02105, 15.50738 ] ] ] } },
{ "type": "Feature", "properties": { "ID_TRAMOMT": 312076, "ID_APOYO1": 65078, "ID_APOYO2": 63766, "SUBESTACION": "BER", "CIRCUITO": "BER207", "SECTOR": "SAN PEDRO SULA", "LATITUDFINAL": 15.51734599, "LATITUDINICIO": 15.51727496, "LONGITUDFINAL": -88.01688341000001, "LONGITUDINICIO": -88.01660336, "TIPO": "RAMAL", "ID_EQUIPO": null, "CIRCUITO_2": null }, "geometry": { "type": "MultiLineString", "coordinates": [ [ [ -88.02184, 15.51071 ], [ -88.02225, 15.51077 ], [ -88.02262, 15.5108 ], [ -88.02298, 15.51085 ] ], [ [ -88.02095, 15.51057 ], [ -88.02096, 15.51051 ] ], [ [ -88.02008, 15.50853 ], [ -88.01989, 15.50848 ], [ -88.01968, 15.50844 ] ], [ [ -88.01986, 15.50942 ], [ -88.01971, 15.50941 ], [ -88.01942, 15.50933 ], [ -88.01908, 15.50926 ] ], [ [ -88.01927, 15.51225 ], [ -88.0191, 15.51224 ], [ -88.01897, 15.5122 ] ], [ [ -88.01798, 15.51322 ], [ -88.01801, 15.51304 ], [ -88.01802, 15.51297 ] ], [ [ -88.01688, 15.51735 ], [ -88.0166, 15.51727 ], [ -88.01653, 15.51726 ] ], [ [ -88.01686, 15.51764 ], [ -88.01656, 15.51759 ], [ -88.01639, 15.51756 ], [ -88.01601, 15.51745 ], [ -88.01571, 15.51733 ] ], [ [ -88.01683, 15.51646 ], [ -88.01673, 15.51645 ], [ -88.01653, 15.51643 ] ], [ [ -88.01671, 15.51656 ], [ -88.01681, 15.51657 ] ], [ [ -88.01382, 15.51489 ], [ -88.01422, 15.51498 ], [ -88.01428, 15.51499 ], [ -88.01458, 15.51505 ], [ -88.01495, 15.51512 ], [ -88.01529, 15.51519 ], [ -88.01562, 15.51525 ], [ -88.01592, 15.5153 ] ], [ [ -88.01483, 15.52833 ], [ -88.01492, 15.52793 ] ], [ [ -88.01483, 15.51245 ], [ -88.01485, 15.51228 ] ], [ [ -88.01438, 15.53037 ], [ -88.01436, 15.53033 ] ], [ [ -88.01394, 15.51251 ], [ -88.01398, 15.51231 ], [ -88.014, 15.51226 ], [ -88.01404, 15.51194 ] ], [ [ -88.01357, 15.51924 ], [ -88.01344, 15.51923 ], [ -88.01319, 15.5192 ] ], [ [ -88.0126, 15.51357 ], [ -88.0127, 15.51388 ], [ -88.0128, 15.51421 ], [ -88.01299, 15.51456 ], [ -88.01314, 15.51484 ], [ -88.01335, 15.51517 ], [ -88.01354, 15.51543 ] ], [ [ -88.01299, 15.51251 ], [ -88.01305, 15.51229 ], [ -88.01306, 15.51215 ], [ -88.01308, 15.51208 ], [ -88.01313, 15.51184 ] ], [ [ -88.013, 15.52129 ], [ -88.01302, 15.52113 ] ], [ [ -88.01252, 15.51321 ], [ -88.01246, 15.51284 ] ], [ [ -88.0124, 15.51398 ], [ -88.01228, 15.51353 ], [ -88.0122, 15.51324 ], [ -88.01219, 15.51315 ] ] ] } },
{ "type": "Feature", "properties": { "ID_TRAMOMT": 89503, "ID_APOYO1": 113431, "ID_APOYO2": 112767, "SUBESTACION": "BER", "CIRCUITO": "BER282", "SECTOR": "SAN PEDRO SULA", "LATITUDFINAL": 15.53107283, "LATITUDINICIO": 15.53109217, "LONGITUDFINAL": -88.02367319, "LONGITUDINICIO": -88.02340289, "TIPO": "RAMAL", "ID_EQUIPO": null, "CIRCUITO_2": null }, "geometry": { "type": "MultiLineString", "coordinates": [ [ [ -88.03247, 15.53597 ], [ -88.03202, 15.53597 ], [ -88.03166, 15.53599 ], [ -88.03128, 15.536 ] ], [ [ -88.03109, 15.53651 ], [ -88.03109, 15.53659 ] ], [ [ -88.03021, 15.51877 ], [ -88.03051, 15.51876 ], [ -88.03068, 15.51876 ] ], [ [ -88.03037, 15.51301 ], [ -88.0303, 15.51341 ], [ -88.03008, 15.51333 ], [ -88.02985, 15.5133 ], [ -88.02946, 15.51328 ] ], [ [ -88.02993, 15.51637 ], [ -88.03032, 15.51644 ] ], [ [ -88.02985, 15.51702 ], [ -88.03027, 15.51708 ] ], [ [ -88.02998, 15.51646 ], [ -88.02997, 15.51644 ] ], [ [ -88.02982, 15.51384 ], [ -88.02961, 15.51383 ], [ -88.02939, 15.51381 ], [ -88.02912, 15.51377 ], [ -88.0289, 15.51376 ] ], [ [ -88.0286, 15.53313 ], [ -88.02901, 15.53313 ], [ -88.02942, 15.53311 ] ], [ [ -88.02876, 15.51616 ], [ -88.02881, 15.51592 ] ], [ [ -88.02876, 15.51616 ], [ -88.02879, 15.51617 ] ], [ [ -88.02876, 15.51616 ], [ -88.02874, 15.51625 ], [ -88.02872, 15.51647 ] ], [ [ -88.02787, 15.52274 ], [ -88.02774, 15.52266 ] ], [ [ -88.02778, 15.53443 ], [ -88.02783, 15.53443 ] ], [ [ -88.02776, 15.53395 ], [ -88.02777, 15.53428 ] ], [ [ -88.0264, 15.51842 ], [ -88.02669, 15.51845 ] ], [ [ -88.0256, 15.51863 ], [ -88.02564, 15.51859 ] ], [ [ -88.02405, 15.53331 ], [ -88.02433, 15.53329 ] ], [ [ -88.02389, 15.53275 ], [ -88.02412, 15.53272 ] ], [ [ -88.02373, 15.53222 ], [ -88.02409, 15.53213 ] ], [ [ -88.02356, 15.53163 ], [ -88.02382, 15.53154 ] ], [ [ -88.02371, 15.52463 ], [ -88.02381, 15.52467 ] ], [ [ -88.0234, 15.53109 ], [ -88.02367, 15.53107 ] ], [ [ -88.01804, 15.53571 ], [ -88.01806, 15.53572 ] ] ] } },
{ "type": "Feature", "properties": { "ID_TRAMOMT": 92827, "ID_APOYO1": 115408, "ID_APOYO2": 114813, "SUBESTACION": "BER", "CIRCUITO": "BER206", "SECTOR": "SAN PEDRO SULA", "LATITUDFINAL": 15.53489831, "LATITUDINICIO": 15.5349625, "LONGITUDFINAL": -88.03299745, "LONGITUDINICIO": -88.03280197, "TIPO": "RAMAL", "ID_EQUIPO": 307010, "CIRCUITO_2": "BER206" }, "geometry": { "type": "MultiLineString", "coordinates": [ [ [ -88.0328, 15.53496 ], [ -88.033, 15.5349 ], [ -88.03336, 15.53491 ] ] ] } },
{ "type": "Feature", "properties": { "ID_TRAMOMT": 70404, "ID_APOYO1": 61765, "ID_APOYO2": 61764, "SUBESTACION": "BER", "CIRCUITO": "BER205", "SECTOR": "SAN PEDRO SULA", "LATITUDFINAL": 15.53002773, "LATITUDINICIO": 15.53000965, "LONGITUDFINAL": -87.96263383, "LONGITUDINICIO": -87.96263375, "TIPO": "RAMAL", "ID_EQUIPO": 306558, "CIRCUITO_2": "BER205" }, "geometry": { "type": "MultiLineString", "coordinates": [ [ [ -87.96263, 15.53001 ], [ -87.96263, 15.53003 ], [ -87.96207, 15.53021 ] ] ] } },
{ "type": "Feature", "properties": { "ID_TRAMOMT": 92945, "ID_APOYO1": 115027, "ID_APOYO2": 115245, "SUBESTACION": "BER", "CIRCUITO": "BER206", "SECTOR": "SAN PEDRO SULA", "LATITUDFINAL": 15.53519167, "LATITUDINICIO": 15.53488429, "LONGITUDFINAL": -88.03405253, "LONGITUDINICIO": -88.03406032, "TIPO": "RAMAL", "ID_EQUIPO": 307012, "CIRCUITO_2": "BER206" }, "geometry": { "type": "MultiLineString", "coordinates": [ [ [ -88.0344, 15.53498 ], [ -88.03439, 15.53519 ] ], [ [ -88.03439, 15.53519 ], [ -88.03439, 15.53552 ] ], [ [ -88.03405, 15.53519 ], [ -88.03439, 15.53519 ] ], [ [ -88.03407, 15.53424 ], [ -88.03406, 15.53459 ], [ -88.03406, 15.53488 ], [ -88.03405, 15.53519 ] ], [ [ -88.03405, 15.53519 ], [ -88.03405, 15.5355 ], [ -88.03406, 15.53582 ], [ -88.03407, 15.53625 ], [ -88.03408, 15.53638 ], [ -88.03406, 15.53665 ], [ -88.03406, 15.53697 ] ], [ [ -88.0328, 15.53521 ], [ -88.03294, 15.53519 ], [ -88.03332, 15.53519 ], [ -88.03371, 15.53518 ], [ -88.03405, 15.53519 ] ] ] } },
{ "type": "Feature", "properties": { "ID_TRAMOMT": 72320, "ID_APOYO1": 65172, "ID_APOYO2": 65335, "SUBESTACION": "BER", "CIRCUITO": "BER207", "SECTOR": "SAN PEDRO SULA", "LATITUDFINAL": 15.50863209, "LATITUDINICIO": 15.50819768, "LONGITUDFINAL": -88.02074703, "LONGITUDINICIO": -88.02085677, "TIPO": "RAMAL", "ID_EQUIPO": 302771, "CIRCUITO_2": "BER207" }, "geometry": { "type": "MultiLineString", "coordinates": [ [ [ -88.02086, 15.5082 ], [ -88.02075, 15.50863 ], [ -88.02066, 15.509 ] ] ] } },
{ "type": "Feature", "properties": { "ID_TRAMOMT": 96032, "ID_APOYO1": 125962, "ID_APOYO2": 126009, "SUBESTACION": "BER", "CIRCUITO": "BER288", "SECTOR": "SAN PEDRO SULA", "LATITUDFINAL": 15.52927581, "LATITUDINICIO": 15.52961329, "LONGITUDFINAL": -88.01740806, "LONGITUDINICIO": -88.01734519, "TIPO": "TRONCAL", "ID_EQUIPO": null, "CIRCUITO_2": null }, "geometry": { "type": "MultiLineString", "coordinates": [ [ [ -88.02872, 15.50921 ], [ -88.02867, 15.50951 ], [ -88.02866, 15.50953 ], [ -88.02861, 15.50979 ], [ -88.02859, 15.51007 ], [ -88.02853, 15.51039 ], [ -88.0285, 15.51074 ], [ -88.02847, 15.51102 ], [ -88.02843, 15.51121 ], [ -88.02841, 15.51139 ] ], [ [ -88.02841, 15.51139 ], [ -88.0287, 15.51141 ] ], [ [ -88.02631, 15.51116 ], [ -88.02643, 15.51118 ], [ -88.0267, 15.5112 ], [ -88.02696, 15.51122 ], [ -88.02702, 15.51123 ], [ -88.02732, 15.51127 ], [ -88.02759, 15.51129 ], [ -88.02779, 15.51133 ], [ -88.02785, 15.51133 ], [ -88.02808, 15.51136 ], [ -88.02838, 15.51139 ], [ -88.02841, 15.51139 ] ], [ [ -88.02836, 15.51175 ], [ -88.02841, 15.51139 ] ], [ [ -88.02558, 15.5159 ], [ -88.02583, 15.51592 ], [ -88.02587, 15.51592 ], [ -88.0262, 15.51595 ], [ -88.0265, 15.516 ] ], [ [ -88.02631, 15.51116 ], [ -88.02632, 15.51113 ] ], [ [ -88.02558, 15.5159 ], [ -88.02563, 15.51558 ], [ -88.02566, 15.51516 ], [ -88.02568, 15.51491 ], [ -88.02572, 15.51457 ], [ -88.02575, 15.51421 ], [ -88.02584, 15.51394 ], [ -88.02591, 15.51352 ], [ -88.02595, 15.51313 ], [ -88.02598, 15.51298 ], [ -88.02603, 15.51255 ], [ -88.02609, 15.51207 ], [ -88.02625, 15.51164 ], [ -88.02626, 15.5115 ], [ -88.02631, 15.51116 ] ], [ [ -88.02317, 15.51088 ], [ -88.02338, 15.51088 ], [ -88.0235, 15.51089 ], [ -88.02369, 15.51091 ], [ -88.02379, 15.51092 ], [ -88.02391, 15.51093 ], [ -88.02427, 15.51096 ], [ -88.0245, 15.51098 ], [ -88.02476, 15.511 ], [ -88.02486, 15.51102 ], [ -88.02508, 15.51103 ], [ -88.02522, 15.51105 ], [ -88.02537, 15.51108 ], [ -88.02537, 15.51108 ], [ -88.02564, 15.5111 ], [ -88.02587, 15.51111 ], [ -88.02611, 15.51114 ], [ -88.02631, 15.51116 ] ], [ [ -88.02558, 15.5159 ], [ -88.02557, 15.51612 ], [ -88.02554, 15.51628 ] ], [ [ -88.02414, 15.51716 ], [ -88.02415, 15.51698 ], [ -88.02417, 15.51681 ], [ -88.02421, 15.51653 ], [ -88.02422, 15.5163 ], [ -88.02423, 15.51596 ], [ -88.02428, 15.51575 ], [ -88.02451, 15.51577 ], [ -88.02485, 15.5158 ], [ -88.02518, 15.51583 ], [ -88.02548, 15.51588 ], [ -88.02558, 15.5159 ] ], [ [ -88.02363, 15.52202 ], [ -88.02411, 15.52208 ], [ -88.02452, 15.52213 ], [ -88.0246, 15.52215 ], [ -88.02486, 15.52219 ] ], [ [ -88.02363, 15.52202 ], [ -88.02366, 15.52172 ], [ -88.0237, 15.5214 ], [ -88.02372, 15.52118 ], [ -88.02374, 15.52091 ], [ -88.02378, 15.52056 ], [ -88.02383, 15.52009 ], [ -88.02384, 15.51995 ], [ -88.02386, 15.51975 ], [ -88.02391, 15.5193 ], [ -88.02393, 15.51902 ], [ -88.02398, 15.51861 ], [ -88.02399, 15.51843 ], [ -88.02401, 15.51825 ], [ -88.02405, 15.51792 ], [ -88.02406, 15.51787 ], [ -88.0241, 15.51759 ], [ -88.02411, 15.51745 ], [ -88.02414, 15.51716 ] ], [ [ -88.02414, 15.51716 ], [ -88.02385, 15.51713 ] ], [ [ -88.0174, 15.52882 ], [ -88.01748, 15.5285 ], [ -88.01755, 15.52812 ], [ -88.01765, 15.52767 ], [ -88.01786, 15.52674 ], [ -88.01793, 15.52651 ], [ -88.01799, 15.52615 ], [ -88.01804, 15.52588 ], [ -88.01813, 15.52548 ], [ -88.01822, 15.52503 ], [ -88.01827, 15.52478 ], [ -88.01834, 15.52445 ], [ -88.01841, 15.52406 ], [ -88.01847, 15.52371 ], [ -88.01853, 15.52344 ], [ -88.01859, 15.5232 ], [ -88.01872, 15.52265 ], [ -88.01878, 15.52233 ], [ -88.01885, 15.52197 ], [ -88.01891, 15.52162 ], [ -88.01917, 15.52163 ], [ -88.01937, 15.52165 ], [ -88.01966, 15.52167 ], [ -88.02007, 15.52171 ], [ -88.0204, 15.52174 ], [ -88.02074, 15.52179 ], [ -88.02095, 15.52166 ], [ -88.02129, 15.5217 ], [ -88.0215, 15.52185 ], [ -88.02172, 15.52186 ], [ -88.02201, 15.5219 ], [ -88.02228, 15.52191 ], [ -88.02253, 15.52194 ], [ -88.02279, 15.52197 ], [ -88.02323, 15.522 ], [ -88.02363, 15.52202 ] ], [ [ -88.0174, 15.52882 ], [ -88.01755, 15.52885 ], [ -88.01766, 15.52884 ] ], [ [ -88.01495, 15.53349 ], [ -88.01519, 15.53366 ], [ -88.01543, 15.5338 ], [ -88.01557, 15.5339 ], [ -88.01586, 15.53407 ], [ -88.01619, 15.53425 ], [ -88.01647, 15.5344 ], [ -88.01678, 15.53454 ], [ -88.01698, 15.53463 ], [ -88.01731, 15.53483 ], [ -88.01737, 15.53402 ], [ -88.01737, 15.53346 ], [ -88.01735, 15.53327 ], [ -88.01733, 15.53283 ], [ -88.01732, 15.53235 ], [ -88.01729, 15.5319 ], [ -88.01728, 15.53149 ], [ -88.01724, 15.53102 ], [ -88.01726, 15.53056 ], [ -88.01729, 15.53012 ], [ -88.01735, 15.52961 ], [ -88.01741, 15.52928 ], [ -88.01738, 15.52894 ], [ -88.0174, 15.52882 ] ], [ [ -88.01453, 15.5349 ], [ -88.01454, 15.53468 ], [ -88.01466, 15.53426 ], [ -88.01472, 15.534 ], [ -88.01482, 15.53377 ], [ -88.01495, 15.53349 ] ], [ [ -88.01495, 15.53349 ], [ -88.01475, 15.5333 ] ], [ [ -88.01453, 15.5349 ], [ -88.01471, 15.53499 ] ], [ [ -88.01355, 15.53442 ], [ -88.01377, 15.53454 ], [ -88.01408, 15.5347 ], [ -88.01453, 15.5349 ] ] ] } },
{ "type": "Feature", "properties": { "ID_TRAMOMT": 3060216, "ID_APOYO1": 6506520, "ID_APOYO2": 6506529, "SUBESTACION": "BER", "CIRCUITO": "BER248", "SECTOR": "SAN PEDRO SULA", "LATITUDFINAL": 15.54882641, "LATITUDINICIO": 15.54921077, "LONGITUDFINAL": -88.013914, "LONGITUDINICIO": -88.01395607000001, "TIPO": "RAMAL", "ID_EQUIPO": 2011333, "CIRCUITO_2": "BER248" }, "geometry": { "type": "MultiLineString", "coordinates": [ [ [ -88.01392, 15.55016 ], [ -88.014, 15.55013 ], [ -88.01399, 15.54986 ], [ -88.01396, 15.54951 ], [ -88.01396, 15.54921 ], [ -88.01391, 15.54883 ] ] ] } },
{ "type": "Feature", "properties": { "ID_TRAMOMT": 73071, "ID_APOYO1": 66095, "ID_APOYO2": 66096, "SUBESTACION": "BER", "CIRCUITO": "BER208", "SECTOR": "SAN PEDRO SULA", "LATITUDFINAL": 15.5060252, "LATITUDINICIO": 15.50600812, "LONGITUDFINAL": -88.02735336000001, "LONGITUDINICIO": -88.02713886, "TIPO": "RAMAL", "ID_EQUIPO": 307553, "CIRCUITO_2": "BER208" }, "geometry": { "type": "MultiLineString", "coordinates": [ [ [ -88.02714, 15.50601 ], [ -88.02735, 15.50603 ] ], [ [ -88.02714, 15.50601 ], [ -88.02717, 15.50588 ] ], [ [ -88.02714, 15.50601 ], [ -88.02677, 15.50598 ] ], [ [ -88.0268, 15.50553 ], [ -88.02677, 15.50587 ], [ -88.02677, 15.50598 ] ], [ [ -88.02677, 15.50598 ], [ -88.02678, 15.50607 ], [ -88.02674, 15.50643 ], [ -88.02673, 15.50657 ], [ -88.02673, 15.50671 ] ], [ [ -88.02677, 15.50598 ], [ -88.02663, 15.50596 ], [ -88.02633, 15.50595 ], [ -88.02606, 15.50591 ] ] ] } },
{ "type": "Feature", "properties": { "ID_TRAMOMT": 3060333, "ID_APOYO1": 112054, "ID_APOYO2": 6506515, "SUBESTACION": "BER", "CIRCUITO": "BER248", "SECTOR": "SAN PEDRO SULA", "LATITUDFINAL": 15.55207154, "LATITUDINICIO": 15.55206597, "LONGITUDFINAL": -88.01718582, "LONGITUDINICIO": -88.0171003, "TIPO": "RAMAL", "ID_EQUIPO": 2011334, "CIRCUITO_2": "BER248" }, "geometry": { "type": "MultiLineString", "coordinates": [ [ [ -88.01719, 15.55207 ], [ -88.0171, 15.55207 ], [ -88.01719, 15.5524 ], [ -88.01731, 15.5527 ], [ -88.01746, 15.55298 ] ] ] } },
{ "type": "Feature", "properties": { "ID_TRAMOMT": 70602, "ID_APOYO1": 62407, "ID_APOYO2": 62408, "SUBESTACION": "BER", "CIRCUITO": "BER205", "SECTOR": "SAN PEDRO SULA", "LATITUDFINAL": 15.51793961, "LATITUDINICIO": 15.51774841, "LONGITUDFINAL": -87.98361134, "LONGITUDINICIO": -87.98391811, "TIPO": "RAMAL", "ID_EQUIPO": 2007616, "CIRCUITO_2": "BER205" }, "geometry": { "type": "MultiLineString", "coordinates": [ [ [ -87.98409, 15.51765 ], [ -87.98392, 15.51775 ] ], [ [ -87.98392, 15.51775 ], [ -87.98361, 15.51794 ] ], [ [ -87.98392, 15.51775 ], [ -87.9838, 15.51757 ], [ -87.98363, 15.51727 ] ], [ [ -87.98363, 15.51727 ], [ -87.98332, 15.51745 ], [ -87.98301, 15.51761 ] ], [ [ -87.98363, 15.51727 ], [ -87.98342, 15.51697 ], [ -87.98332, 15.51677 ] ], [ [ -87.98332, 15.51677 ], [ -87.98304, 15.51698 ], [ -87.98275, 15.51711 ], [ -87.98242, 15.51721 ] ], [ [ -87.98332, 15.51677 ], [ -87.98315, 15.5165 ], [ -87.98303, 15.51632 ] ], [ [ -87.98303, 15.51632 ], [ -87.98283, 15.51647 ], [ -87.98264, 15.51655 ], [ -87.98233, 15.51667 ] ], [ [ -87.98303, 15.51632 ], [ -87.98287, 15.51604 ], [ -87.98274, 15.51584 ], [ -87.98252, 15.516 ], [ -87.98224, 15.51612 ], [ -87.98192, 15.5162 ], [ -87.98157, 15.51619 ] ], [ [ -87.98131, 15.5147 ], [ -87.98167, 15.51472 ] ], [ [ -87.98131, 15.5147 ], [ -87.9813, 15.51492 ], [ -87.98133, 15.51514 ], [ -87.98146, 15.51541 ], [ -87.98163, 15.51564 ] ], [ [ -87.98158, 15.51611 ], [ -87.98157, 15.51619 ] ], [ [ -87.98157, 15.51619 ], [ -87.98157, 15.51639 ] ], [ [ -87.98157, 15.51619 ], [ -87.9815, 15.51619 ], [ -87.98122, 15.51602 ], [ -87.98097, 15.5157 ], [ -87.98078, 15.51531 ], [ -87.98074, 15.51501 ], [ -87.98076, 15.51473 ], [ -87.98097, 15.51467 ], [ -87.98131, 15.5147 ] ] ] } },
{ "type": "Feature", "properties": { "ID_TRAMOMT": 92424, "ID_APOYO1": 114308, "ID_APOYO2": 114404, "SUBESTACION": "BER", "CIRCUITO": "BER206", "SECTOR": "SAN PEDRO SULA", "LATITUDFINAL": 15.53588388, "LATITUDINICIO": 15.53570093, "LONGITUDFINAL": -88.02129132, "LONGITUDINICIO": -88.02143021000001, "TIPO": "RAMAL", "ID_EQUIPO": null, "CIRCUITO_2": null }, "geometry": { "type": "MultiLineString", "coordinates": [ [ [ -88.03292, 15.53597 ], [ -88.03281, 15.53597 ], [ -88.03268, 15.53596 ], [ -88.03247, 15.53597 ] ], [ [ -88.03278, 15.5334 ], [ -88.03291, 15.5334 ] ], [ [ -88.03276, 15.5324 ], [ -88.03289, 15.5325 ] ], [ [ -88.03276, 15.53158 ], [ -88.03286, 15.53155 ] ], [ [ -88.03272, 15.53425 ], [ -88.03278, 15.53427 ] ], [ [ -88.03091, 15.538 ], [ -88.03128, 15.53802 ], [ -88.03156, 15.53803 ], [ -88.03179, 15.53804 ], [ -88.03212, 15.53805 ] ], [ [ -88.03177, 15.53827 ], [ -88.03144, 15.53825 ] ], [ [ -88.03101, 15.53823 ], [ -88.03091, 15.538 ] ], [ [ -88.03091, 15.538 ], [ -88.03057, 15.53801 ], [ -88.03023, 15.53801 ], [ -88.0298, 15.538 ] ], [ [ -88.02532, 15.53704 ], [ -88.0252, 15.53701 ] ], [ [ -88.02521, 15.53728 ], [ -88.0252, 15.53722 ], [ -88.0252, 15.53701 ] ], [ [ -88.0252, 15.53696 ], [ -88.0252, 15.53701 ] ], [ [ -88.02498, 15.53693 ], [ -88.0252, 15.53701 ] ], [ [ -88.0223, 15.53619 ], [ -88.02273, 15.53631 ], [ -88.02307, 15.5364 ], [ -88.02318, 15.53604 ] ], [ [ -88.0223, 15.53619 ], [ -88.02236, 15.5364 ] ], [ [ -88.02129, 15.53588 ], [ -88.02159, 15.53599 ], [ -88.022, 15.5361 ], [ -88.0223, 15.53619 ] ], [ [ -88.02178, 15.53524 ], [ -88.0216, 15.53548 ], [ -88.02143, 15.5357 ], [ -88.02129, 15.53588 ] ], [ [ -88.02129, 15.53588 ], [ -88.02118, 15.53596 ], [ -88.02093, 15.53611 ] ], [ [ -88.01865, 15.53442 ], [ -88.01906, 15.53452 ], [ -88.01917, 15.53461 ], [ -88.01933, 15.53477 ], [ -88.01945, 15.53487 ], [ -88.01971, 15.53516 ], [ -88.02003, 15.53553 ], [ -88.02005, 15.53553 ] ], [ [ -88.01542, 15.5361 ], [ -88.01523, 15.53619 ], [ -88.01521, 15.53622 ], [ -88.01511, 15.53647 ] ] ] } },
{ "type": "Feature", "properties": { "ID_TRAMOMT": 75788, "ID_APOYO1": 112581, "ID_APOYO2": 112579, "SUBESTACION": "BER", "CIRCUITO": "BER248", "SECTOR": "SAN PEDRO SULA", "LATITUDFINAL": 15.55919244, "LATITUDINICIO": 15.55938313, "LONGITUDFINAL": -88.02419444, "LONGITUDINICIO": -88.02400888, "TIPO": "RAMAL", "ID_EQUIPO": 306270, "CIRCUITO_2": "BER248" }, "geometry": { "type": "MultiLineString", "coordinates": [ [ [ -88.02416, 15.56004 ], [ -88.0243, 15.55986 ], [ -88.02445, 15.55972 ], [ -88.02462, 15.55956 ], [ -88.02479, 15.55935 ], [ -88.02492, 15.55923 ], [ -88.02514, 15.55898 ], [ -88.02525, 15.55902 ] ], [ [ -88.02416, 15.56004 ], [ -88.02426, 15.56013 ] ], [ [ -88.02366, 15.55977 ], [ -88.0238, 15.55962 ], [ -88.02401, 15.55938 ], [ -88.02419, 15.55919 ] ], [ [ -88.02416, 15.56004 ], [ -88.0241, 15.5601 ] ], [ [ -88.02366, 15.55977 ], [ -88.0238, 15.55979 ], [ -88.02402, 15.55992 ], [ -88.02416, 15.56004 ] ], [ [ -88.02366, 15.55977 ], [ -88.02357, 15.55986 ] ], [ [ -88.0229, 15.55962 ], [ -88.02297, 15.55969 ], [ -88.02336, 15.55972 ], [ -88.02366, 15.55977 ] ], [ [ -88.0229, 15.55962 ], [ -88.023, 15.55951 ], [ -88.02316, 15.55933 ], [ -88.02339, 15.55911 ], [ -88.0236, 15.55888 ] ], [ [ -88.0229, 15.55962 ], [ -88.0228, 15.55973 ] ], [ [ -88.0219, 15.55873 ], [ -88.02199, 15.5588 ], [ -88.02222, 15.559 ], [ -88.02245, 15.55922 ], [ -88.02277, 15.5595 ], [ -88.0229, 15.55962 ] ], [ [ -88.0219, 15.55873 ], [ -88.02199, 15.55863 ] ], [ [ -88.02044, 15.56023 ], [ -88.02059, 15.5601 ], [ -88.02069, 15.55999 ], [ -88.02092, 15.55976 ], [ -88.02112, 15.55956 ], [ -88.02136, 15.5593 ], [ -88.0215, 15.55913 ], [ -88.02177, 15.55886 ], [ -88.0219, 15.55873 ] ], [ [ -88.0219, 15.55873 ], [ -88.02173, 15.55858 ] ], [ [ -88.02044, 15.56023 ], [ -88.02047, 15.56025 ] ], [ [ -88.02044, 15.56023 ], [ -88.02032, 15.56036 ] ], [ [ -88.02032, 15.56013 ], [ -88.02044, 15.56023 ] ] ] } },
{ "type": "Feature", "properties": { "ID_TRAMOMT": 84777, "ID_APOYO1": 107860, "ID_APOYO2": 107938, "SUBESTACION": "BER", "CIRCUITO": "BER281", "SECTOR": "SAN PEDRO SULA", "LATITUDFINAL": 15.5379164, "LATITUDINICIO": 15.53788894, "LONGITUDFINAL": -88.01571615, "LONGITUDINICIO": -88.01579061, "TIPO": "RAMAL", "ID_EQUIPO": 2024114, "CIRCUITO_2": "BER281" }, "geometry": { "type": "MultiLineString", "coordinates": [ [ [ -88.01579, 15.53789 ], [ -88.01572, 15.53792 ], [ -88.01571, 15.53793 ] ] ] } },
{ "type": "Feature", "properties": { "ID_TRAMOMT": 90154, "ID_APOYO1": 107984, "ID_APOYO2": 107982, "SUBESTACION": "BER", "CIRCUITO": "BER281", "SECTOR": "SAN PEDRO SULA", "LATITUDFINAL": 15.53995676, "LATITUDINICIO": 15.5396143, "LONGITUDFINAL": -88.02019247, "LONGITUDINICIO": -88.01996701, "TIPO": "RAMAL", "ID_EQUIPO": 2024110, "CIRCUITO_2": "BER281" }, "geometry": { "type": "MultiLineString", "coordinates": [ [ [ -88.01997, 15.53961 ], [ -88.02019, 15.53996 ], [ -88.02011, 15.54007 ], [ -88.02002, 15.54025 ], [ -88.01988, 15.54053 ] ] ] } },
{ "type": "Feature", "properties": { "ID_TRAMOMT": 70792, "ID_APOYO1": 62395, "ID_APOYO2": 61952, "SUBESTACION": "BER", "CIRCUITO": "BER205", "SECTOR": "SAN PEDRO SULA", "LATITUDFINAL": 15.535704, "LATITUDINICIO": 15.53606343, "LONGITUDFINAL": -87.92690165, "LONGITUDINICIO": -87.92670986, "TIPO": "RAMAL", "ID_EQUIPO": 2003508, "CIRCUITO_2": "BER205" }, "geometry": { "type": "MultiLineString", "coordinates": [ [ [ -87.92667, 15.53563 ], [ -87.92689, 15.53517 ], [ -87.92716, 15.53459 ] ], [ [ -87.92609, 15.5374 ], [ -87.92623, 15.5371 ], [ -87.92638, 15.53677 ], [ -87.92653, 15.53648 ], [ -87.92671, 15.53606 ], [ -87.9269, 15.5357 ], [ -87.92667, 15.53563 ] ], [ [ -87.92667, 15.53563 ], [ -87.92633, 15.53551 ], [ -87.92609, 15.53542 ], [ -87.92587, 15.53534 ], [ -87.92562, 15.53525 ], [ -87.92533, 15.53513 ], [ -87.92514, 15.53504 ], [ -87.92486, 15.53483 ], [ -87.92464, 15.53466 ] ] ] } },
{ "type": "Feature", "properties": { "ID_TRAMOMT": 73109, "ID_APOYO1": 66097, "ID_APOYO2": 70927, "SUBESTACION": "BER", "CIRCUITO": "BER208", "SECTOR": "SAN PEDRO SULA", "LATITUDFINAL": 15.50553059, "LATITUDINICIO": 15.50553111, "LONGITUDFINAL": -88.02680088, "LONGITUDINICIO": -88.02668901, "TIPO": "RAMAL", "ID_EQUIPO": 307565, "CIRCUITO_2": "BER208" }, "geometry": { "type": "MultiLineString", "coordinates": [ [ [ -88.02669, 15.50553 ], [ -88.0268, 15.50553 ] ] ] } },
{ "type": "Feature", "properties": { "ID_TRAMOMT": 89298, "ID_APOYO1": 108480, "ID_APOYO2": 108481, "SUBESTACION": "BER", "CIRCUITO": "BER290", "SECTOR": "SAN PEDRO SULA", "LATITUDFINAL": 15.54906876, "LATITUDINICIO": 15.54888785, "LONGITUDFINAL": -88.03181858000001, "LONGITUDINICIO": -88.03184565, "TIPO": "RAMAL", "ID_EQUIPO": 306315, "CIRCUITO_2": "BER290" }, "geometry": { "type": "MultiLineString", "coordinates": [ [ [ -88.03313, 15.54744 ], [ -88.03284, 15.54764 ], [ -88.03266, 15.54778 ], [ -88.03238, 15.54798 ], [ -88.03218, 15.54826 ], [ -88.032, 15.54855 ], [ -88.03185, 15.54889 ], [ -88.03182, 15.54907 ], [ -88.03181, 15.54928 ] ] ] } },
{ "type": "Feature", "properties": { "ID_TRAMOMT": 70422, "ID_APOYO1": 63145, "ID_APOYO2": 63147, "SUBESTACION": "BER", "CIRCUITO": "BER205", "SECTOR": "SAN PEDRO SULA", "LATITUDFINAL": 15.52802661, "LATITUDINICIO": 15.52776601, "LONGITUDFINAL": -87.9592493, "LONGITUDINICIO": -87.95889379, "TIPO": "RAMAL", "ID_EQUIPO": 306599, "CIRCUITO_2": "BER205" }, "geometry": { "type": "MultiLineString", "coordinates": [ [ [ -87.95889, 15.52777 ], [ -87.95925, 15.52803 ], [ -87.959, 15.52843 ], [ -87.9592, 15.52851 ], [ -87.95945, 15.52849 ], [ -87.95964, 15.52821 ], [ -87.95989, 15.52806 ], [ -87.96022, 15.5279 ], [ -87.96057, 15.52788 ], [ -87.96058, 15.52799 ], [ -87.96026, 15.52806 ], [ -87.96011, 15.52848 ], [ -87.95998, 15.52894 ], [ -87.95956, 15.52923 ], [ -87.95977, 15.52929 ] ] ] } },
{ "type": "Feature", "properties": { "ID_TRAMOMT": 72928, "ID_APOYO1": 66107, "ID_APOYO2": 66105, "SUBESTACION": "BER", "CIRCUITO": "BER208", "SECTOR": "SAN PEDRO SULA", "LATITUDFINAL": 15.50758326, "LATITUDINICIO": 15.50716732, "LONGITUDFINAL": -88.02665254, "LONGITUDINICIO": -88.02667845000001, "TIPO": "TRONCAL", "ID_EQUIPO": 307551, "CIRCUITO_2": "BER208" }, "geometry": { "type": "MultiLineString", "coordinates": [ [ [ -88.0267, 15.50701 ], [ -88.02668, 15.50717 ], [ -88.02665, 15.50758 ] ] ] } },
{ "type": "Feature", "properties": { "ID_TRAMOMT": 90688, "ID_APOYO1": 112323, "ID_APOYO2": 112321, "SUBESTACION": "BER", "CIRCUITO": "BER248", "SECTOR": "SAN PEDRO SULA", "LATITUDFINAL": 15.55496394, "LATITUDINICIO": 15.55469991, "LONGITUDFINAL": -88.01594892, "LONGITUDINICIO": -88.01635792, "TIPO": "RAMAL", "ID_EQUIPO": 306219, "CIRCUITO_2": "BER248" }, "geometry": { "type": "MultiLineString", "coordinates": [ [ [ -88.01623, 15.5549 ], [ -88.01636, 15.5547 ], [ -88.01595, 15.55496 ] ] ] } },
{ "type": "Feature", "properties": { "ID_TRAMOMT": 92824, "ID_APOYO1": 115404, "ID_APOYO2": 113960, "SUBESTACION": "BER", "CIRCUITO": "BER206", "SECTOR": "SAN PEDRO SULA", "LATITUDFINAL": 15.53398564, "LATITUDINICIO": 15.53398634, "LONGITUDFINAL": -88.03292764, "LONGITUDINICIO": -88.03277846, "TIPO": "RAMAL", "ID_EQUIPO": 306924, "CIRCUITO_2": "BER206" }, "geometry": { "type": "MultiLineString", "coordinates": [ [ [ -88.03278, 15.53399 ], [ -88.03293, 15.53399 ] ] ] } },
{ "type": "Feature", "properties": { "ID_TRAMOMT": 70493, "ID_APOYO1": 62650, "ID_APOYO2": 62651, "SUBESTACION": "BER", "CIRCUITO": "BER205", "SECTOR": "SAN PEDRO SULA", "LATITUDFINAL": 15.52660715, "LATITUDINICIO": 15.52697636, "LONGITUDFINAL": -87.95721947, "LONGITUDINICIO": -87.95754751, "TIPO": "RAMAL", "ID_EQUIPO": 306594, "CIRCUITO_2": "BER205" }, "geometry": { "type": "MultiLineString", "coordinates": [ [ [ -87.95755, 15.52698 ], [ -87.95722, 15.52661 ], [ -87.9568, 15.52628 ], [ -87.95635, 15.52605 ], [ -87.95579, 15.52567 ], [ -87.95453, 15.52484 ], [ -87.95069, 15.51998 ] ] ] } },
{ "type": "Feature", "properties": { "ID_TRAMOMT": 70489, "ID_APOYO1": 63142, "ID_APOYO2": 62645, "SUBESTACION": "BER", "CIRCUITO": "BER205", "SECTOR": "SAN PEDRO SULA", "LATITUDFINAL": 15.52836747, "LATITUDINICIO": 15.52876335, "LONGITUDFINAL": -87.9577777, "LONGITUDINICIO": -87.95820843, "TIPO": "RAMAL", "ID_EQUIPO": 306592, "CIRCUITO_2": "BER205" }, "geometry": { "type": "MultiLineString", "coordinates": [ [ [ -87.95821, 15.52876 ], [ -87.95778, 15.52837 ], [ -87.95737, 15.52801 ], [ -87.95748, 15.52752 ], [ -87.95755, 15.52698 ] ] ] } },
{ "type": "Feature", "properties": { "ID_TRAMOMT": 70119, "ID_APOYO1": 62003, "ID_APOYO2": 62004, "SUBESTACION": "BER", "CIRCUITO": "BER205", "SECTOR": "SAN PEDRO SULA", "LATITUDFINAL": 15.51698012, "LATITUDINICIO": 15.51666578, "LONGITUDFINAL": -87.98795147, "LONGITUDINICIO": -87.98749313, "TIPO": "RAMAL", "ID_EQUIPO": 302491, "CIRCUITO_2": "BER205" }, "geometry": { "type": "MultiLineString", "coordinates": [ [ [ -87.98749, 15.51667 ], [ -87.98795, 15.51698 ], [ -87.98805, 15.51737 ], [ -87.98817, 15.51786 ] ] ] } },
{ "type": "Feature", "properties": { "ID_TRAMOMT": 304928, "ID_APOYO1": 114278, "ID_APOYO2": 114187, "SUBESTACION": "BER", "CIRCUITO": "BER206", "SECTOR": "SAN PEDRO SULA", "LATITUDFINAL": 15.53320384, "LATITUDINICIO": 15.53319402, "LONGITUDFINAL": -88.03193541, "LONGITUDINICIO": -88.03210319, "TIPO": "RAMAL", "ID_EQUIPO": 306916, "CIRCUITO_2": "BER206" }, "geometry": { "type": "MultiLineString", "coordinates": [ [ [ -88.03256, 15.53319 ], [ -88.03234, 15.5332 ], [ -88.0321, 15.53319 ], [ -88.03194, 15.5332 ] ], [ [ -88.03222, 15.53374 ], [ -88.03197, 15.53375 ] ], [ [ -88.03198, 15.53383 ], [ -88.03197, 15.53375 ] ], [ [ -88.03197, 15.53375 ], [ -88.03184, 15.53375 ] ], [ [ -88.03197, 15.53375 ], [ -88.03196, 15.53356 ], [ -88.03194, 15.53324 ], [ -88.03194, 15.5332 ] ], [ [ -88.03192, 15.53276 ], [ -88.03193, 15.53303 ], [ -88.03194, 15.5332 ] ], [ [ -88.03194, 15.5332 ], [ -88.03185, 15.5332 ] ] ] } },
{ "type": "Feature", "properties": { "ID_TRAMOMT": 89368, "ID_APOYO1": 109004, "ID_APOYO2": 109005, "SUBESTACION": "BER", "CIRCUITO": "BER290", "SECTOR": "SAN PEDRO SULA", "LATITUDFINAL": 15.55244755, "LATITUDINICIO": 15.5522859, "LONGITUDFINAL": -88.03609684, "LONGITUDINICIO": -88.03587224, "TIPO": "RAMAL", "ID_EQUIPO": 306300, "CIRCUITO_2": "BER290" }, "geometry": { "type": "MultiLineString", "coordinates": [ [ [ -88.03587, 15.55229 ], [ -88.0361, 15.55245 ], [ -88.03634, 15.55262 ], [ -88.03659, 15.55277 ], [ -88.03682, 15.55294 ], [ -88.03699, 15.55307 ] ] ] } },
{ "type": "Feature", "properties": { "ID_TRAMOMT": 90141, "ID_APOYO1": 108985, "ID_APOYO2": 108986, "SUBESTACION": "BER", "CIRCUITO": "BER290", "SECTOR": "SAN PEDRO SULA", "LATITUDFINAL": 15.55099649, "LATITUDINICIO": 15.55092264, "LONGITUDFINAL": -88.03710598000001, "LONGITUDINICIO": -88.03743198, "TIPO": "RAMAL", "ID_EQUIPO": 2007294, "CIRCUITO_2": "BER290" }, "geometry": { "type": "MultiLineString", "coordinates": [ [ [ -88.03779, 15.55081 ], [ -88.03766, 15.55085 ], [ -88.03743, 15.55092 ], [ -88.03711, 15.551 ] ] ] } },
{ "type": "Feature", "properties": { "ID_TRAMOMT": 92372, "ID_APOYO1": 114786, "ID_APOYO2": 114787, "SUBESTACION": "BER", "CIRCUITO": "BER282", "SECTOR": "SAN PEDRO SULA", "LATITUDFINAL": 15.53848992, "LATITUDINICIO": 15.53817346, "LONGITUDFINAL": -88.02850244, "LONGITUDINICIO": -88.02851952, "TIPO": "RAMAL", "ID_EQUIPO": 307119, "CIRCUITO_2": "BER282" }, "geometry": { "type": "MultiLineString", "coordinates": [ [ [ -88.02852, 15.53817 ], [ -88.0285, 15.53849 ] ] ] } },
{ "type": "Feature", "properties": { "ID_TRAMOMT": 3060633, "ID_APOYO1": 113600, "ID_APOYO2": 114208, "SUBESTACION": "BER", "CIRCUITO": "BER282", "SECTOR": "SAN PEDRO SULA", "LATITUDFINAL": 15.5370917, "LATITUDINICIO": 15.53686571, "LONGITUDFINAL": -88.02788011, "LONGITUDINICIO": -88.02787899, "TIPO": "RAMAL", "ID_EQUIPO": 307122, "CIRCUITO_2": "BER282" }, "geometry": { "type": "MultiLineString", "coordinates": [ [ [ -88.03107, 15.53612 ], [ -88.03106, 15.53602 ] ], [ [ -88.03106, 15.53602 ], [ -88.03087, 15.53602 ], [ -88.03048, 15.53603 ], [ -88.03002, 15.53605 ], [ -88.02967, 15.53606 ], [ -88.02935, 15.53608 ], [ -88.02904, 15.5361 ] ], [ [ -88.03106, 15.53602 ], [ -88.03106, 15.5359 ] ], [ [ -88.02906, 15.53629 ], [ -88.02904, 15.5361 ] ], [ [ -88.02904, 15.5361 ], [ -88.02894, 15.5361 ], [ -88.02864, 15.53611 ], [ -88.02846, 15.53612 ] ], [ [ -88.02904, 15.5361 ], [ -88.02904, 15.53596 ] ], [ [ -88.02847, 15.53622 ], [ -88.02846, 15.53612 ] ], [ [ -88.02846, 15.53612 ], [ -88.02845, 15.53603 ], [ -88.02843, 15.53555 ] ], [ [ -88.02846, 15.53612 ], [ -88.02826, 15.53612 ], [ -88.0279, 15.53613 ], [ -88.02787, 15.53613 ] ], [ [ -88.02787, 15.53613 ], [ -88.02787, 15.53626 ], [ -88.02788, 15.53664 ], [ -88.02788, 15.53687 ], [ -88.02788, 15.53709 ], [ -88.02791, 15.53734 ], [ -88.02791, 15.53756 ] ], [ [ -88.02787, 15.53613 ], [ -88.02763, 15.53616 ] ], [ [ -88.02787, 15.53593 ], [ -88.02787, 15.53613 ] ] ] } },
{ "type": "Feature", "properties": { "ID_TRAMOMT": 96465, "ID_APOYO1": 125735, "ID_APOYO2": 125628, "SUBESTACION": "BER", "CIRCUITO": "BER288", "SECTOR": "SAN PEDRO SULA", "LATITUDFINAL": 15.51190637, "LATITUDINICIO": 15.51192359, "LONGITUDFINAL": -88.02423128, "LONGITUDINICIO": -88.02441782, "TIPO": "RAMAL", "ID_EQUIPO": 307399, "CIRCUITO_2": "BER288" }, "geometry": { "type": "MultiLineString", "coordinates": [ [ [ -88.02442, 15.51192 ], [ -88.02423, 15.51191 ], [ -88.02423, 15.51205 ] ] ] } },
{ "type": "Feature", "properties": { "ID_TRAMOMT": 310377, "ID_APOYO1": 66064, "ID_APOYO2": 66176, "SUBESTACION": "BER", "CIRCUITO": "BER208", "SECTOR": "SAN PEDRO SULA", "LATITUDFINAL": 15.506292, "LATITUDINICIO": 15.50637336, "LONGITUDFINAL": -88.02245092, "LONGITUDINICIO": -88.02245132, "TIPO": "TRONCAL", "ID_EQUIPO": 306298, "CIRCUITO_2": "BER208" }, "geometry": { "type": "MultiLineString", "coordinates": [ [ [ -88.02213, 15.50632 ], [ -88.02245, 15.50637 ], [ -88.02245, 15.50629 ], [ -88.02245, 15.50626 ] ], [ [ -88.02215, 15.50623 ], [ -88.02213, 15.50632 ] ], [ [ -88.02213, 15.50632 ], [ -88.02211, 15.50649 ], [ -88.02203, 15.50677 ], [ -88.02195, 15.50709 ], [ -88.02192, 15.50732 ], [ -88.02182, 15.5077 ], [ -88.02176, 15.50808 ], [ -88.02146, 15.50807 ] ], [ [ -88.02213, 15.50632 ], [ -88.0221, 15.50631 ], [ -88.02191, 15.50629 ], [ -88.02152, 15.50625 ] ] ] } },
{ "type": "Feature", "properties": { "ID_TRAMOMT": 70437, "ID_APOYO1": 63160, "ID_APOYO2": 63165, "SUBESTACION": "BER", "CIRCUITO": "BER205", "SECTOR": "SAN PEDRO SULA", "LATITUDFINAL": 15.53118158, "LATITUDINICIO": 15.53116394, "LONGITUDFINAL": -87.95998421, "LONGITUDINICIO": -87.96040963, "TIPO": "RAMAL", "ID_EQUIPO": 306605, "CIRCUITO_2": "BER205" }, "geometry": { "type": "MultiLineString", "coordinates": [ [ [ -87.95861, 15.53122 ], [ -87.95907, 15.53119 ], [ -87.95952, 15.53119 ], [ -87.95998, 15.53118 ], [ -87.96041, 15.53116 ], [ -87.96096, 15.53116 ], [ -87.96065, 15.53154 ], [ -87.9604, 15.53189 ], [ -87.96012, 15.53225 ], [ -87.95982, 15.53261 ], [ -87.95953, 15.53296 ], [ -87.95924, 15.53339 ] ] ] } },
{ "type": "Feature", "properties": { "ID_TRAMOMT": 92322, "ID_APOYO1": 113883, "ID_APOYO2": 113720, "SUBESTACION": "BER", "CIRCUITO": "BER206", "SECTOR": "SAN PEDRO SULA", "LATITUDFINAL": 15.53432162, "LATITUDINICIO": 15.53424874, "LONGITUDFINAL": -88.03260297, "LONGITUDINICIO": -88.03272382, "TIPO": "RAMAL", "ID_EQUIPO": 306925, "CIRCUITO_2": "BER206" }, "geometry": { "type": "MultiLineString", "coordinates": [ [ [ -88.03259, 15.53425 ], [ -88.03272, 15.53425 ], [ -88.0326, 15.53432 ] ] ] } },
{ "type": "Feature", "properties": { "ID_TRAMOMT": 92317, "ID_APOYO1": 114746, "ID_APOYO2": 114634, "SUBESTACION": "BER", "CIRCUITO": "BER206", "SECTOR": "SAN PEDRO SULA", "LATITUDFINAL": 15.53428114, "LATITUDINICIO": 15.53429179, "LONGITUDFINAL": -88.03159578, "LONGITUDINICIO": -88.03125085000001, "TIPO": "RAMAL", "ID_EQUIPO": 306926, "CIRCUITO_2": "BER206" }, "geometry": { "type": "MultiLineString", "coordinates": [ [ [ -88.02962, 15.53435 ], [ -88.03001, 15.53433 ], [ -88.03042, 15.53432 ], [ -88.03088, 15.53431 ], [ -88.03125, 15.53429 ], [ -88.0316, 15.53428 ], [ -88.03193, 15.53427 ], [ -88.03232, 15.53426 ], [ -88.03259, 15.53425 ] ] ] } },
{ "type": "Feature", "properties": { "ID_TRAMOMT": 90705, "ID_APOYO1": 112238, "ID_APOYO2": 112262, "SUBESTACION": "BER", "CIRCUITO": "BER248", "SECTOR": "SAN PEDRO SULA", "LATITUDFINAL": 15.55557891, "LATITUDINICIO": 15.55590571, "LONGITUDFINAL": -88.01980315, "LONGITUDINICIO": -88.01950636, "TIPO": "RAMAL", "ID_EQUIPO": 306187, "CIRCUITO_2": "BER248" }, "geometry": { "type": "MultiLineString", "coordinates": [ [ [ -88.02099, 15.55432 ], [ -88.02092, 15.55444 ] ], [ [ -88.02018, 15.55554 ], [ -88.02019, 15.55552 ], [ -88.02023, 15.55551 ], [ -88.02044, 15.55578 ] ], [ [ -88.02018, 15.55554 ], [ -88.02, 15.5557 ] ], [ [ -88.02001, 15.55537 ], [ -88.02018, 15.55554 ] ], [ [ -88.02001, 15.55537 ], [ -88.02016, 15.55518 ] ], [ [ -88.01928, 15.55613 ], [ -88.01951, 15.55591 ], [ -88.0198, 15.55558 ], [ -88.01998, 15.5554 ], [ -88.02001, 15.55537 ] ], [ [ -88.01959, 15.55459 ], [ -88.01958, 15.55486 ], [ -88.01968, 15.55506 ], [ -88.01987, 15.55524 ], [ -88.01996, 15.55533 ], [ -88.02001, 15.55537 ] ] ] } },
{ "type": "Feature", "properties": { "ID_TRAMOMT": 304869, "ID_APOYO1": 114162, "ID_APOYO2": 114519, "SUBESTACION": "BER", "CIRCUITO": "BER282", "SECTOR": "SAN PEDRO SULA", "LATITUDFINAL": 15.53650721, "LATITUDINICIO": 15.5361186, "LONGITUDFINAL": -88.03109403000001, "LONGITUDINICIO": -88.03107345, "TIPO": "RAMAL", "ID_EQUIPO": 307093, "CIRCUITO_2": "BER282" }, "geometry": { "type": "MultiLineString", "coordinates": [ [ [ -88.03107, 15.53612 ], [ -88.03109, 15.53651 ] ] ] } },
{ "type": "Feature", "properties": { "ID_TRAMOMT": 92362, "ID_APOYO1": 114738, "ID_APOYO2": 113980, "SUBESTACION": "BER", "CIRCUITO": "BER282", "SECTOR": "SAN PEDRO SULA", "LATITUDFINAL": 15.53563093, "LATITUDINICIO": 15.53595635, "LONGITUDFINAL": -88.02903838, "LONGITUDINICIO": -88.02903999, "TIPO": "RAMAL", "ID_EQUIPO": 307104, "CIRCUITO_2": "BER282" }, "geometry": { "type": "MultiLineString", "coordinates": [ [ [ -88.02904, 15.53596 ], [ -88.02904, 15.53563 ], [ -88.02903, 15.53532 ], [ -88.02901, 15.53488 ] ] ] } },
{ "type": "Feature", "properties": { "ID_TRAMOMT": 304911, "ID_APOYO1": 115404, "ID_APOYO2": 114192, "SUBESTACION": "BER", "CIRCUITO": "BER206", "SECTOR": "SAN PEDRO SULA", "LATITUDFINAL": 15.53426656, "LATITUDINICIO": 15.53398634, "LONGITUDFINAL": -88.03277985, "LONGITUDINICIO": -88.03277846, "TIPO": "TRONCAL", "ID_EQUIPO": null, "CIRCUITO_2": null }, "geometry": { "type": "MultiLineString", "coordinates": [ [ [ -88.03297, 15.53829 ], [ -88.0328, 15.53828 ] ], [ [ -88.0328, 15.53828 ], [ -88.03281, 15.53836 ], [ -88.03281, 15.53846 ], [ -88.03282, 15.53873 ] ], [ [ -88.03273, 15.53023 ], [ -88.03274, 15.53046 ], [ -88.03274, 15.53056 ], [ -88.03275, 15.53067 ], [ -88.03275, 15.53078 ], [ -88.03275, 15.5309 ], [ -88.03276, 15.53132 ], [ -88.03276, 15.53158 ], [ -88.03275, 15.53185 ], [ -88.03276, 15.5324 ], [ -88.03276, 15.53297 ], [ -88.03276, 15.53308 ], [ -88.03278, 15.5334 ], [ -88.03278, 15.5335 ], [ -88.03277, 15.53375 ], [ -88.03278, 15.53399 ], [ -88.03278, 15.53427 ], [ -88.03279, 15.53456 ], [ -88.0328, 15.53496 ], [ -88.0328, 15.53521 ], [ -88.03281, 15.53561 ], [ -88.03281, 15.53593 ], [ -88.03281, 15.53597 ], [ -88.03281, 15.53627 ], [ -88.0328, 15.53648 ], [ -88.0328, 15.53675 ], [ -88.0328, 15.53701 ], [ -88.0328, 15.53725 ], [ -88.0328, 15.53752 ], [ -88.0328, 15.53784 ], [ -88.0328, 15.53803 ], [ -88.0328, 15.53828 ] ], [ [ -88.0328, 15.53828 ], [ -88.03271, 15.53827 ], [ -88.03256, 15.53827 ], [ -88.03241, 15.53827 ], [ -88.03217, 15.53827 ], [ -88.03177, 15.53827 ] ], [ [ -88.03144, 15.53825 ], [ -88.03126, 15.53824 ], [ -88.03101, 15.53823 ], [ -88.03069, 15.53824 ], [ -88.03025, 15.53823 ], [ -88.02991, 15.53822 ], [ -88.02969, 15.5382 ], [ -88.02912, 15.53818 ], [ -88.02882, 15.53818 ], [ -88.02858, 15.53818 ], [ -88.0283, 15.53811 ], [ -88.02801, 15.53799 ], [ -88.02746, 15.53783 ], [ -88.02715, 15.53776 ], [ -88.02688, 15.53768 ], [ -88.02651, 15.53759 ], [ -88.02635, 15.53754 ], [ -88.02614, 15.53747 ], [ -88.02575, 15.53735 ], [ -88.02548, 15.53729 ], [ -88.0252, 15.53722 ], [ -88.02513, 15.53721 ], [ -88.02471, 15.5371 ], [ -88.02441, 15.53701 ], [ -88.02395, 15.53685 ], [ -88.02369, 15.53678 ], [ -88.0235, 15.53673 ], [ -88.02323, 15.53665 ], [ -88.02295, 15.53659 ], [ -88.02266, 15.53649 ], [ -88.02236, 15.5364 ] ], [ [ -88.02236, 15.5364 ], [ -88.02222, 15.53665 ] ], [ [ -88.02236, 15.5364 ], [ -88.0221, 15.53633 ], [ -88.02162, 15.5362 ], [ -88.02143, 15.53615 ], [ -88.02126, 15.53612 ] ], [ [ -88.02222, 15.53665 ], [ -88.02233, 15.53648 ] ], [ [ -88.01345, 15.53448 ], [ -88.01335, 15.53484 ], [ -88.0133, 15.53508 ], [ -88.01336, 15.53512 ], [ -88.0136, 15.53524 ], [ -88.01401, 15.53546 ], [ -88.01444, 15.53566 ], [ -88.01487, 15.53586 ], [ -88.01521, 15.53602 ], [ -88.01542, 15.5361 ], [ -88.01561, 15.53623 ], [ -88.01588, 15.53626 ], [ -88.01626, 15.53623 ], [ -88.01664, 15.53621 ], [ -88.01721, 15.53626 ], [ -88.01733, 15.53572 ], [ -88.01747, 15.53488 ], [ -88.01748, 15.53462 ], [ -88.01798, 15.53493 ], [ -88.01834, 15.53442 ], [ -88.01851, 15.53415 ], [ -88.01892, 15.53438 ], [ -88.01919, 15.53463 ], [ -88.01937, 15.53484 ], [ -88.01969, 15.53513 ], [ -88.02005, 15.53553 ], [ -88.02026, 15.5358 ], [ -88.02055, 15.53614 ], [ -88.02083, 15.53644 ], [ -88.02109, 15.53672 ], [ -88.02139, 15.53719 ], [ -88.0216, 15.53733 ], [ -88.0217, 15.53749 ], [ -88.02208, 15.53704 ], [ -88.02211, 15.53684 ], [ -88.02222, 15.53665 ] ] ] } },
{ "type": "Feature", "properties": { "ID_TRAMOMT": 90420, "ID_APOYO1": 110503, "ID_APOYO2": 110502, "SUBESTACION": "BER", "CIRCUITO": "BER248", "SECTOR": "SAN PEDRO SULA", "LATITUDFINAL": 15.54475479, "LATITUDINICIO": 15.54450083, "LONGITUDFINAL": -88.01474261, "LONGITUDINICIO": -88.01492786, "TIPO": "RAMAL", "ID_EQUIPO": 2011276, "CIRCUITO_2": "BER248" }, "geometry": { "type": "MultiLineString", "coordinates": [ [ [ -88.01519, 15.5442 ], [ -88.01552, 15.54437 ], [ -88.01589, 15.54454 ], [ -88.01622, 15.5447 ] ], [ [ -88.01519, 15.5442 ], [ -88.01533, 15.54393 ], [ -88.01549, 15.5436 ] ], [ [ -88.01519, 15.5442 ], [ -88.01493, 15.5445 ], [ -88.01474, 15.54475 ] ], [ [ -88.01519, 15.5442 ], [ -88.01497, 15.54408 ], [ -88.01491, 15.54405 ], [ -88.01481, 15.54401 ] ] ] } },
{ "type": "Feature", "properties": { "ID_TRAMOMT": 96467, "ID_APOYO1": 125632, "ID_APOYO2": 125626, "SUBESTACION": "BER", "CIRCUITO": "BER288", "SECTOR": "SAN PEDRO SULA", "LATITUDFINAL": 15.51195801, "LATITUDINICIO": 15.51197518, "LONGITUDFINAL": -88.02479091, "LONGITUDINICIO": -88.02498678000001, "TIPO": "RAMAL", "ID_EQUIPO": 307383, "CIRCUITO_2": "BER288" }, "geometry": { "type": "MultiLineString", "coordinates": [ [ [ -88.02499, 15.51198 ], [ -88.02479, 15.51196 ] ], [ [ -88.02482, 15.51167 ], [ -88.02479, 15.51196 ] ], [ [ -88.02479, 15.51196 ], [ -88.02465, 15.51194 ], [ -88.02458, 15.51194 ], [ -88.02442, 15.51192 ] ] ] } },
{ "type": "Feature", "properties": { "ID_TRAMOMT": 315003, "ID_APOYO1": 107838, "ID_APOYO2": 108004, "SUBESTACION": "BER", "CIRCUITO": "BER280", "SECTOR": "SAN PEDRO SULA", "LATITUDFINAL": 15.53883919, "LATITUDINICIO": 15.53888383, "LONGITUDFINAL": -88.011618, "LONGITUDINICIO": -88.01173943000001, "TIPO": "TRONCAL", "ID_EQUIPO": null, "CIRCUITO_2": null }, "geometry": { "type": "MultiLineString", "coordinates": [ [ [ -88.01457, 15.54278 ], [ -88.01467, 15.5425 ], [ -88.01478, 15.54225 ], [ -88.01505, 15.54239 ] ], [ [ -88.01457, 15.54278 ], [ -88.01444, 15.54309 ] ], [ [ -88.01263, 15.54202 ], [ -88.01279, 15.54207 ], [ -88.01313, 15.5422 ], [ -88.01353, 15.54236 ], [ -88.01398, 15.54253 ], [ -88.01423, 15.54263 ], [ -88.01442, 15.5427 ], [ -88.01457, 15.54278 ] ], [ [ -87.99845, 15.55291 ], [ -87.99885, 15.55273 ], [ -87.99918, 15.55256 ], [ -87.99942, 15.55247 ], [ -87.99968, 15.55237 ], [ -87.99996, 15.55223 ], [ -88.00032, 15.55206 ], [ -88.0008, 15.55182 ], [ -88.00115, 15.55164 ], [ -88.00168, 15.55139 ], [ -88.00214, 15.55116 ], [ -88.00247, 15.55099 ], [ -88.00279, 15.55086 ], [ -88.00326, 15.5506 ], [ -88.00357, 15.55046 ], [ -88.00393, 15.55031 ], [ -88.00441, 15.55007 ], [ -88.0047, 15.54992 ], [ -88.00503, 15.54975 ], [ -88.00508, 15.54973 ], [ -88.00555, 15.54952 ], [ -88.00595, 15.54932 ], [ -88.00623, 15.54918 ], [ -88.00642, 15.5491 ], [ -88.00658, 15.54901 ], [ -88.00696, 15.5488 ], [ -88.00732, 15.54862 ], [ -88.00776, 15.54843 ], [ -88.00819, 15.5482 ], [ -88.00849, 15.54806 ], [ -88.00919, 15.54774 ], [ -88.00968, 15.54746 ], [ -88.01004, 15.54726 ], [ -88.01042, 15.5471 ], [ -88.01079, 15.54691 ], [ -88.01115, 15.54671 ], [ -88.01149, 15.54648 ], [ -88.01183, 15.54623 ], [ -88.01216, 15.54597 ], [ -88.01253, 15.54565 ], [ -88.01287, 15.54533 ], [ -88.01314, 15.54505 ], [ -88.01331, 15.54485 ], [ -88.01348, 15.54463 ], [ -88.01367, 15.54442 ], [ -88.0139, 15.54407 ], [ -88.01409, 15.54376 ], [ -88.01431, 15.54337 ] ], [ [ -88.01365, 15.53963 ], [ -88.01396, 15.53984 ] ], [ [ -88.01365, 15.53963 ], [ -88.01357, 15.53982 ], [ -88.0134, 15.54017 ], [ -88.01325, 15.54052 ], [ -88.01309, 15.54092 ], [ -88.01298, 15.54117 ], [ -88.01294, 15.54128 ], [ -88.01288, 15.54141 ], [ -88.01275, 15.5417 ], [ -88.01263, 15.54202 ] ], [ [ -88.01174, 15.53888 ], [ -88.01208, 15.53899 ], [ -88.01233, 15.5391 ], [ -88.01284, 15.53931 ], [ -88.01324, 15.53945 ], [ -88.01365, 15.53963 ] ], [ [ -88.01344, 15.53483 ], [ -88.01336, 15.53512 ], [ -88.01333, 15.53523 ], [ -88.01325, 15.53553 ], [ -88.01322, 15.53588 ], [ -88.01316, 15.53617 ], [ -88.01309, 15.53647 ], [ -88.01301, 15.53677 ], [ -88.0129, 15.53711 ], [ -88.01272, 15.53751 ], [ -88.01251, 15.5379 ], [ -88.01226, 15.53828 ], [ -88.01201, 15.53862 ], [ -88.01174, 15.53888 ] ], [ [ -88.01342, 15.54453 ], [ -88.01299, 15.54417 ] ], [ [ -88.01263, 15.54202 ], [ -88.0126, 15.54211 ] ], [ [ -88.01258, 15.54198 ], [ -88.01263, 15.54202 ] ], [ [ -88.01174, 15.53888 ], [ -88.01161, 15.53902 ] ], [ [ -88.01174, 15.53888 ], [ -88.01162, 15.53884 ] ], [ [ -88.01079, 15.54259 ], [ -88.01039, 15.54231 ] ], [ [ -88.00994, 15.54201 ], [ -88.00973, 15.5418 ], [ -88.00971, 15.54151 ] ], [ [ -88.00187, 15.53695 ], [ -88.0026, 15.53617 ] ], [ [ -88.00187, 15.53695 ], [ -88.00136, 15.53748 ], [ -88.00104, 15.53787 ], [ -88.0007, 15.53829 ] ], [ [ -87.99669, 15.53063 ], [ -87.99699, 15.53037 ], [ -87.99717, 15.53063 ], [ -87.99745, 15.53082 ], [ -87.99774, 15.53109 ], [ -87.99794, 15.53145 ], [ -87.99817, 15.5318 ], [ -87.99838, 15.53213 ], [ -87.99865, 15.53251 ], [ -87.99891, 15.5328 ], [ -87.99915, 15.53324 ], [ -87.99939, 15.53362 ], [ -87.99963, 15.53397 ], [ -87.99985, 15.53427 ], [ -88.00003, 15.53449 ], [ -88.00038, 15.53486 ], [ -88.00061, 15.5352 ], [ -88.00088, 15.53554 ], [ -88.00129, 15.53598 ], [ -88.00156, 15.53638 ], [ -88.00179, 15.53676 ], [ -88.00187, 15.53695 ] ], [ [ -88.00036, 15.53866 ], [ -88.00003, 15.53909 ], [ -87.99968, 15.53953 ], [ -87.99933, 15.53993 ], [ -87.99907, 15.54037 ], [ -87.99908, 15.54079 ] ], [ [ -87.99718, 15.55129 ], [ -87.9972, 15.55095 ], [ -87.9972, 15.55092 ], [ -87.99723, 15.55071 ], [ -87.99728, 15.55041 ], [ -87.99736, 15.54988 ], [ -87.99743, 15.54936 ], [ -87.99749, 15.54879 ], [ -87.99757, 15.54839 ], [ -87.99761, 15.54799 ], [ -87.99769, 15.5475 ], [ -87.99775, 15.54702 ], [ -87.99783, 15.54659 ], [ -87.9979, 15.54605 ], [ -87.99801, 15.54561 ], [ -87.99808, 15.54519 ], [ -87.99815, 15.54467 ], [ -87.99821, 15.54432 ], [ -87.99827, 15.54384 ], [ -87.99832, 15.5433 ], [ -87.99838, 15.5429 ], [ -87.9985, 15.54236 ], [ -87.99853, 15.54202 ], [ -87.99863, 15.54151 ], [ -87.99871, 15.54115 ] ], [ [ -87.99718, 15.55129 ], [ -87.99745, 15.55132 ], [ -87.99743, 15.55165 ], [ -87.9974, 15.552 ], [ -87.99743, 15.55224 ], [ -87.99756, 15.55248 ], [ -87.99779, 15.5527 ], [ -87.99803, 15.55289 ], [ -87.99833, 15.55292 ], [ -87.99845, 15.55291 ] ], [ [ -87.99738, 15.55346 ], [ -87.99774, 15.5533 ], [ -87.99813, 15.55309 ], [ -87.99845, 15.55291 ] ], [ [ -87.99539, 15.55448 ], [ -87.99526, 15.5543 ], [ -87.99563, 15.55383 ], [ -87.99589, 15.55346 ], [ -87.99613, 15.55311 ], [ -87.9964, 15.55273 ], [ -87.99665, 15.55231 ], [ -87.99707, 15.55172 ], [ -87.99718, 15.55129 ] ], [ [ -87.99715, 15.53135 ], [ -87.99704, 15.5314 ] ], [ [ -87.99699, 15.53156 ], [ -87.99704, 15.5314 ] ], [ [ -87.99704, 15.5314 ], [ -87.99713, 15.53116 ], [ -87.99687, 15.53086 ], [ -87.99669, 15.53063 ] ], [ [ -87.99369, 15.53265 ], [ -87.99383, 15.53258 ], [ -87.99401, 15.53247 ], [ -87.99437, 15.53227 ], [ -87.99468, 15.532 ], [ -87.99487, 15.53186 ], [ -87.99507, 15.53171 ], [ -87.99534, 15.53154 ], [ -87.99557, 15.53145 ], [ -87.99575, 15.53122 ], [ -87.99606, 15.53096 ], [ -87.99642, 15.5307 ], [ -87.99669, 15.53063 ] ], [ [ -87.99578, 15.55423 ], [ -87.99539, 15.55448 ] ], [ [ -87.99539, 15.55448 ], [ -87.99473, 15.55474 ], [ -87.99421, 15.555 ] ], [ [ -87.99461, 15.53478 ], [ -87.99466, 15.53454 ], [ -87.99461, 15.53439 ], [ -87.99445, 15.53416 ], [ -87.99437, 15.53391 ], [ -87.99421, 15.53365 ], [ -87.99404, 15.53335 ], [ -87.99394, 15.53316 ], [ -87.99381, 15.53294 ], [ -87.99369, 15.53265 ] ], [ [ -87.99456, 15.53505 ], [ -87.99449, 15.53521 ] ], [ [ -87.99315, 15.53246 ], [ -87.99334, 15.53241 ], [ -87.99346, 15.53238 ], [ -87.99369, 15.53265 ] ] ] } },
{ "type": "Feature", "properties": { "ID_TRAMOMT": 96460, "ID_APOYO1": 125632, "ID_APOYO2": 125630, "SUBESTACION": "BER", "CIRCUITO": "BER288", "SECTOR": "SAN PEDRO SULA", "LATITUDFINAL": 15.51208366, "LATITUDINICIO": 15.51197518, "LONGITUDFINAL": -88.02498731, "LONGITUDINICIO": -88.02498678000001, "TIPO": "RAMAL", "ID_EQUIPO": 307384, "CIRCUITO_2": "BER288" }, "geometry": { "type": "MultiLineString", "coordinates": [ [ [ -88.02545, 15.5123 ], [ -88.02549, 15.51202 ], [ -88.02508, 15.51198 ], [ -88.02499, 15.51198 ], [ -88.02499, 15.51208 ] ] ] } },
{ "type": "Feature", "properties": { "ID_TRAMOMT": 3102336, "ID_APOYO1": 6645069, "ID_APOYO2": 6653605, "SUBESTACION": "BER", "CIRCUITO": "BER205", "SECTOR": "SAN PEDRO SULA", "LATITUDFINAL": 15.52913617, "LATITUDINICIO": 15.52917043, "LONGITUDFINAL": -87.97461581, "LONGITUDINICIO": -87.97435507, "TIPO": "RAMAL", "ID_EQUIPO": null, "CIRCUITO_2": null }, "geometry": { "type": "MultiLineString", "coordinates": [ [ [ -88.01163, 15.53084 ], [ -88.01162, 15.53086 ] ], [ [ -88.00316, 15.51686 ], [ -88.00322, 15.51672 ] ], [ [ -88.00274, 15.51671 ], [ -88.00248, 15.5167 ] ], [ [ -88.00202, 15.51633 ], [ -88.00201, 15.51647 ], [ -88.002, 15.51666 ] ], [ [ -87.98435, 15.51862 ], [ -87.98385, 15.51898 ], [ -87.98351, 15.51918 ], [ -87.98321, 15.51937 ], [ -87.98303, 15.51947 ] ], [ [ -87.97568, 15.51262 ], [ -87.97568, 15.51225 ] ], [ [ -87.97424, 15.5296 ], [ -87.97436, 15.52917 ], [ -87.97462, 15.52914 ], [ -87.97492, 15.52909 ], [ -87.97521, 15.52905 ] ], [ [ -87.97424, 15.5296 ], [ -87.97474, 15.52952 ], [ -87.97502, 15.52948 ] ], [ [ -87.97424, 15.5296 ], [ -87.97447, 15.52955 ] ], [ [ -87.97318, 15.53022 ], [ -87.97338, 15.53016 ], [ -87.97352, 15.53012 ], [ -87.97376, 15.5301 ], [ -87.9738, 15.52989 ], [ -87.97391, 15.52948 ], [ -87.97394, 15.52929 ], [ -87.974, 15.52904 ], [ -87.9741, 15.52879 ], [ -87.97421, 15.52847 ], [ -87.97425, 15.52826 ], [ -87.97433, 15.52803 ] ], [ [ -87.97408, 15.53028 ], [ -87.97429, 15.53027 ] ], [ [ -87.97424, 15.5296 ], [ -87.97421, 15.52961 ] ], [ [ -87.97424, 15.5296 ], [ -87.97422, 15.52973 ], [ -87.97415, 15.52999 ], [ -87.97408, 15.53026 ], [ -87.97408, 15.53028 ] ], [ [ -87.97397, 15.52733 ], [ -87.97414, 15.5273 ] ], [ [ -87.97408, 15.53028 ], [ -87.97396, 15.53029 ], [ -87.97376, 15.53033 ], [ -87.97342, 15.53038 ], [ -87.97322, 15.53041 ] ], [ [ -87.97408, 15.53028 ], [ -87.97404, 15.53052 ] ], [ [ -87.97397, 15.52733 ], [ -87.97387, 15.52735 ], [ -87.97362, 15.52737 ], [ -87.97337, 15.52741 ], [ -87.97315, 15.52744 ], [ -87.97295, 15.52745 ], [ -87.97268, 15.5275 ] ], [ [ -87.97393, 15.52779 ], [ -87.97399, 15.52756 ], [ -87.97397, 15.52733 ] ], [ [ -87.97397, 15.52733 ], [ -87.97396, 15.52725 ] ], [ [ -87.97393, 15.52779 ], [ -87.9737, 15.52787 ], [ -87.97332, 15.52792 ], [ -87.97304, 15.52796 ] ], [ [ -87.97353, 15.52901 ], [ -87.97363, 15.52875 ], [ -87.97369, 15.52844 ], [ -87.9738, 15.52812 ], [ -87.97393, 15.52779 ] ], [ [ -87.97353, 15.52901 ], [ -87.97318, 15.52923 ], [ -87.9729, 15.5293 ], [ -87.97262, 15.52934 ], [ -87.97242, 15.52939 ] ], [ [ -87.97332, 15.52963 ], [ -87.97343, 15.52933 ], [ -87.97353, 15.52901 ] ], [ [ -87.97332, 15.52963 ], [ -87.97314, 15.52967 ], [ -87.97289, 15.5297 ], [ -87.97264, 15.52976 ] ], [ [ -87.97318, 15.53022 ], [ -87.9732, 15.53004 ], [ -87.97326, 15.52985 ], [ -87.97332, 15.52963 ] ], [ [ -87.97322, 15.53041 ], [ -87.97327, 15.5306 ] ], [ [ -87.97322, 15.53041 ], [ -87.9731, 15.53042 ], [ -87.97279, 15.53046 ], [ -87.97247, 15.53051 ], [ -87.97214, 15.53057 ], [ -87.97182, 15.53061 ], [ -87.97152, 15.53068 ], [ -87.97111, 15.5307 ], [ -87.971, 15.53105 ], [ -87.97104, 15.53127 ], [ -87.97101, 15.53153 ], [ -87.97095, 15.53178 ], [ -87.97096, 15.53197 ], [ -87.97103, 15.53223 ], [ -87.97115, 15.53247 ], [ -87.97124, 15.53269 ], [ -87.97137, 15.53298 ], [ -87.97149, 15.53325 ], [ -87.97164, 15.53346 ], [ -87.97177, 15.53366 ], [ -87.97192, 15.53383 ], [ -87.97208, 15.534 ], [ -87.97233, 15.53426 ], [ -87.97247, 15.53439 ], [ -87.97256, 15.53451 ], [ -87.97274, 15.53469 ], [ -87.97289, 15.53491 ], [ -87.97304, 15.53512 ], [ -87.9732, 15.53533 ] ], [ [ -87.97322, 15.53041 ], [ -87.9732, 15.53033 ], [ -87.97318, 15.53027 ], [ -87.97318, 15.53022 ] ], [ [ -87.97318, 15.53022 ], [ -87.97299, 15.53024 ], [ -87.97275, 15.53028 ], [ -87.97251, 15.53031 ], [ -87.97228, 15.53036 ], [ -87.97199, 15.5304 ], [ -87.97172, 15.53045 ] ], [ [ -87.97172, 15.53045 ], [ -87.97177, 15.53022 ], [ -87.97179, 15.53001 ], [ -87.97188, 15.52971 ], [ -87.9719, 15.5295 ], [ -87.97194, 15.52926 ], [ -87.97199, 15.52902 ] ], [ [ -87.97172, 15.53045 ], [ -87.97142, 15.53048 ], [ -87.97121, 15.53049 ] ], [ [ -87.97121, 15.53049 ], [ -87.97125, 15.53028 ], [ -87.9713, 15.53001 ], [ -87.97135, 15.52973 ], [ -87.9714, 15.52948 ], [ -87.97146, 15.52923 ], [ -87.97153, 15.52892 ], [ -87.97158, 15.52864 ], [ -87.97162, 15.52837 ] ], [ [ -87.97121, 15.53049 ], [ -87.97119, 15.53067 ] ] ] } },
{ "type": "Feature", "properties": { "ID_TRAMOMT": 91980, "ID_APOYO1": 113351, "ID_APOYO2": 112792, "SUBESTACION": "BER", "CIRCUITO": "BER282", "SECTOR": "SAN PEDRO SULA", "LATITUDFINAL": 15.51449231, "LATITUDINICIO": 15.51453646, "LONGITUDFINAL": -88.02993113, "LONGITUDINICIO": -88.0301551, "TIPO": "RAMAL", "ID_EQUIPO": 306191, "CIRCUITO_2": "BER282" }, "geometry": { "type": "MultiLineString", "coordinates": [ [ [ -88.02993, 15.51449 ], [ -88.03016, 15.51454 ], [ -88.03036, 15.51456 ], [ -88.03067, 15.51458 ] ] ] } },
{ "type": "Feature", "properties": { "ID_TRAMOMT": 71217, "ID_APOYO1": 65021, "ID_APOYO2": 65023, "SUBESTACION": "BER", "CIRCUITO": "BER207", "SECTOR": "SAN PEDRO SULA", "LATITUDFINAL": 15.53337631, "LATITUDINICIO": 15.53348699, "LONGITUDFINAL": -88.01376048, "LONGITUDINICIO": -88.01375506, "TIPO": "TRONCAL", "ID_EQUIPO": null, "CIRCUITO_2": null }, "geometry": { "type": "MultiLineString", "coordinates": [ [ [ -88.01945, 15.50791 ], [ -88.01937, 15.50791 ] ], [ [ -88.01478, 15.51269 ], [ -88.01483, 15.51245 ] ], [ [ -88.01376, 15.53349 ], [ -88.01376, 15.53338 ] ], [ [ -88.01356, 15.53435 ], [ -88.01364, 15.53403 ], [ -88.01371, 15.5337 ], [ -88.01376, 15.53349 ] ], [ [ -88.01376, 15.53349 ], [ -88.01356, 15.53343 ], [ -88.01337, 15.5334 ], [ -88.01303, 15.53333 ], [ -88.01269, 15.53327 ], [ -88.01236, 15.53321 ], [ -88.01212, 15.53315 ], [ -88.01207, 15.53288 ], [ -88.01192, 15.53253 ], [ -88.01177, 15.53222 ], [ -88.01157, 15.53197 ], [ -88.01131, 15.53165 ] ] ] } },
{ "type": "Feature", "properties": { "ID_TRAMOMT": 90695, "ID_APOYO1": 112352, "ID_APOYO2": 112334, "SUBESTACION": "BER", "CIRCUITO": "BER248", "SECTOR": "SAN PEDRO SULA", "LATITUDFINAL": 15.55591743, "LATITUDINICIO": 15.55615266, "LONGITUDFINAL": -88.01697002, "LONGITUDINICIO": -88.01692455, "TIPO": "RAMAL", "ID_EQUIPO": 306205, "CIRCUITO_2": "BER248" }, "geometry": { "type": "MultiLineString", "coordinates": [ [ [ -88.01756, 15.556 ], [ -88.01747, 15.55639 ], [ -88.01727, 15.55668 ], [ -88.0171, 15.55686 ], [ -88.01684, 15.55711 ], [ -88.0166, 15.55729 ] ], [ [ -88.01693, 15.5544 ], [ -88.01714, 15.55476 ], [ -88.0173, 15.5551 ], [ -88.01746, 15.55541 ], [ -88.01755, 15.55564 ], [ -88.01756, 15.55582 ], [ -88.01756, 15.556 ] ], [ [ -88.01756, 15.556 ], [ -88.0172, 15.55596 ], [ -88.01697, 15.55592 ] ], [ [ -88.0167, 15.55642 ], [ -88.01692, 15.55615 ], [ -88.01697, 15.55592 ] ], [ [ -88.01697, 15.55592 ], [ -88.01689, 15.55557 ], [ -88.01681, 15.55564 ] ], [ [ -88.01697, 15.55592 ], [ -88.0167, 15.55591 ], [ -88.01648, 15.55586 ] ], [ [ -88.01696, 15.55375 ], [ -88.01675, 15.55384 ], [ -88.01668, 15.55388 ] ], [ [ -88.01693, 15.5544 ], [ -88.01665, 15.55454 ], [ -88.01636, 15.5547 ] ], [ [ -88.01668, 15.55388 ], [ -88.01679, 15.5541 ], [ -88.01693, 15.5544 ] ], [ [ -88.01668, 15.55388 ], [ -88.01638, 15.55402 ], [ -88.01606, 15.5542 ], [ -88.01575, 15.55441 ], [ -88.01552, 15.55456 ], [ -88.01523, 15.55475 ], [ -88.01495, 15.55495 ], [ -88.01473, 15.55511 ] ], [ [ -88.01668, 15.55388 ], [ -88.01666, 15.55382 ], [ -88.01651, 15.55352 ], [ -88.0164, 15.55329 ], [ -88.01614, 15.55345 ], [ -88.01591, 15.55361 ], [ -88.01564, 15.5538 ], [ -88.0153, 15.55403 ], [ -88.01498, 15.55425 ], [ -88.01472, 15.55443 ], [ -88.01441, 15.55462 ] ] ] } },
{ "type": "Feature", "properties": { "ID_TRAMOMT": 89362, "ID_APOYO1": 108940, "ID_APOYO2": 108939, "SUBESTACION": "BER", "CIRCUITO": "BER290", "SECTOR": "SAN PEDRO SULA", "LATITUDFINAL": 15.55007644, "LATITUDINICIO": 15.55010504, "LONGITUDFINAL": -88.03476088, "LONGITUDINICIO": -88.03444398000001, "TIPO": "RAMAL", "ID_EQUIPO": 306256, "CIRCUITO_2": "BER290" }, "geometry": { "type": "MultiLineString", "coordinates": [ [ [ -88.03528, 15.55002 ], [ -88.03563, 15.54999 ], [ -88.03602, 15.54995 ], [ -88.03637, 15.54992 ] ], [ [ -88.03476, 15.55008 ], [ -88.03503, 15.55006 ], [ -88.03528, 15.55002 ] ], [ [ -88.03525, 15.54948 ], [ -88.03523, 15.54954 ], [ -88.03517, 15.54982 ], [ -88.03512, 15.55 ], [ -88.03528, 15.55002 ] ], [ [ -88.03444, 15.55011 ], [ -88.03476, 15.55008 ] ], [ [ -88.03461, 15.55104 ], [ -88.03432, 15.55094 ], [ -88.03439, 15.55078 ], [ -88.03452, 15.55053 ], [ -88.03464, 15.55028 ], [ -88.03476, 15.55008 ] ] ] } },
{ "type": "Feature", "properties": { "ID_TRAMOMT": 327269, "ID_APOYO1": 111831, "ID_APOYO2": 112032, "SUBESTACION": "BER", "CIRCUITO": "BER248", "SECTOR": "SAN PEDRO SULA", "LATITUDFINAL": 15.54628955, "LATITUDINICIO": 15.5461209, "LONGITUDFINAL": -88.01239533, "LONGITUDINICIO": -88.01253005, "TIPO": "RAMAL", "ID_EQUIPO": 2025642, "CIRCUITO_2": "BER248" }, "geometry": { "type": "MultiLineString", "coordinates": [ [ [ -88.01253, 15.54612 ], [ -88.0124, 15.54629 ] ] ] } },
{ "type": "Feature", "properties": { "ID_TRAMOMT": 90393, "ID_APOYO1": 111720, "ID_APOYO2": 111721, "SUBESTACION": "BER", "CIRCUITO": "BER248", "SECTOR": "SAN PEDRO SULA", "LATITUDFINAL": 15.56158947, "LATITUDINICIO": 15.56138247, "LONGITUDFINAL": -88.01996331, "LONGITUDINICIO": -88.01976646, "TIPO": "TRONCAL", "ID_EQUIPO": 306490, "CIRCUITO_2": "BER248" }, "geometry": { "type": "MultiLineString", "coordinates": [ [ [ -88.01705, 15.55843 ], [ -88.0173, 15.55874 ], [ -88.01758, 15.55903 ], [ -88.01792, 15.55939 ], [ -88.01855, 15.56007 ], [ -88.01888, 15.56043 ], [ -88.01918, 15.56074 ], [ -88.01948, 15.56106 ], [ -88.01977, 15.56138 ], [ -88.01996, 15.56159 ], [ -88.02033, 15.56197 ], [ -88.02079, 15.56248 ], [ -88.02091, 15.56239 ] ], [ [ -88.01705, 15.55843 ], [ -88.01721, 15.55828 ] ], [ [ -88.01692, 15.55853 ], [ -88.01705, 15.55843 ] ], [ [ -88.01279, 15.55251 ], [ -88.01258, 15.55269 ], [ -88.01237, 15.55288 ], [ -88.01227, 15.55297 ], [ -88.01247, 15.55343 ], [ -88.01273, 15.55379 ], [ -88.01301, 15.55413 ], [ -88.01332, 15.55445 ], [ -88.01364, 15.55479 ], [ -88.01388, 15.55505 ], [ -88.01427, 15.55546 ], [ -88.01456, 15.55577 ], [ -88.01485, 15.55614 ], [ -88.01549, 15.55679 ], [ -88.01581, 15.55713 ], [ -88.01612, 15.55747 ], [ -88.01643, 15.55779 ], [ -88.01671, 15.55805 ], [ -88.01699, 15.55836 ], [ -88.01705, 15.55843 ] ] ] } },
{ "type": "Feature", "properties": { "ID_TRAMOMT": 84803, "ID_APOYO1": 109068, "ID_APOYO2": 107841, "SUBESTACION": "BER", "CIRCUITO": "BER280", "SECTOR": "SAN PEDRO SULA", "LATITUDFINAL": 15.5358142, "LATITUDINICIO": 15.53590477, "LONGITUDFINAL": -88.01090393, "LONGITUDINICIO": -88.01086708, "TIPO": "RAMAL", "ID_EQUIPO": 302313, "CIRCUITO_2": "BER280" }, "geometry": { "type": "MultiLineString", "coordinates": [ [ [ -88.01098, 15.53564 ], [ -88.0109, 15.53581 ], [ -88.01087, 15.5359 ], [ -88.01051, 15.53577 ], [ -88.01009, 15.5356 ], [ -88.00975, 15.53547 ], [ -88.0098, 15.53539 ] ] ] } },
{ "type": "Feature", "properties": { "ID_TRAMOMT": 90587, "ID_APOYO1": 112673, "ID_APOYO2": 112674, "SUBESTACION": "BER", "CIRCUITO": "BER248", "SECTOR": "SAN PEDRO SULA", "LATITUDFINAL": 15.55282508, "LATITUDINICIO": 15.55254611, "LONGITUDFINAL": -88.02109206, "LONGITUDINICIO": -88.02078598, "TIPO": "RAMAL", "ID_EQUIPO": 306162, "CIRCUITO_2": "BER248" }, "geometry": { "type": "MultiLineString", "coordinates": [ [ [ -88.01985, 15.55162 ], [ -88.01986, 15.55163 ], [ -88.02015, 15.55192 ], [ -88.02046, 15.55222 ], [ -88.02079, 15.55255 ], [ -88.02109, 15.55283 ], [ -88.02144, 15.55246 ], [ -88.02177, 15.55209 ], [ -88.02209, 15.55244 ], [ -88.02242, 15.55302 ], [ -88.02271, 15.55321 ], [ -88.02301, 15.55358 ], [ -88.02327, 15.55429 ], [ -88.02359, 15.55433 ] ] ] } },
{ "type": "Feature", "properties": { "ID_TRAMOMT": 84798, "ID_APOYO1": 107030, "ID_APOYO2": 107276, "SUBESTACION": "BER", "CIRCUITO": "BER280", "SECTOR": "SAN PEDRO SULA", "LATITUDFINAL": 15.53648583, "LATITUDINICIO": 15.53660193, "LONGITUDFINAL": -88.01228718, "LONGITUDINICIO": -88.01259544, "TIPO": "RAMAL", "ID_EQUIPO": 302310, "CIRCUITO_2": "BER280" }, "geometry": { "type": "MultiLineString", "coordinates": [ [ [ -88.0126, 15.5366 ], [ -88.01229, 15.53649 ], [ -88.01211, 15.53641 ], [ -88.01162, 15.53623 ], [ -88.01122, 15.53606 ], [ -88.01087, 15.5359 ] ] ] } },
{ "type": "Feature", "properties": { "ID_TRAMOMT": 90596, "ID_APOYO1": 112667, "ID_APOYO2": 112666, "SUBESTACION": "BER", "CIRCUITO": "BER248", "SECTOR": "SAN PEDRO SULA", "LATITUDFINAL": 15.55148396, "LATITUDINICIO": 15.55123951, "LONGITUDFINAL": -88.01981096, "LONGITUDINICIO": -88.01989368, "TIPO": "RAMAL", "ID_EQUIPO": 306157, "CIRCUITO_2": "BER248" }, "geometry": { "type": "MultiLineString", "coordinates": [ [ [ -88.01989, 15.55124 ], [ -88.01981, 15.55148 ] ] ] } },
{ "type": "Feature", "properties": { "ID_TRAMOMT": 72425, "ID_APOYO1": 65216, "ID_APOYO2": 63962, "SUBESTACION": "BER", "CIRCUITO": "BER207", "SECTOR": "SAN PEDRO SULA", "LATITUDFINAL": 15.51237116, "LATITUDINICIO": 15.51258836, "LONGITUDFINAL": -88.01558179, "LONGITUDINICIO": -88.01552691000001, "TIPO": "RAMAL", "ID_EQUIPO": 302874, "CIRCUITO_2": "BER207" }, "geometry": { "type": "MultiLineString", "coordinates": [ [ [ -88.01553, 15.51259 ], [ -88.01558, 15.51237 ], [ -88.01563, 15.51213 ] ] ] } },
{ "type": "Feature", "properties": { "ID_TRAMOMT": 72855, "ID_APOYO1": 65603, "ID_APOYO2": 65602, "SUBESTACION": "BER", "CIRCUITO": "BER208", "SECTOR": "SAN PEDRO SULA", "LATITUDFINAL": 15.50740809, "LATITUDINICIO": 15.50740835, "LONGITUDFINAL": -88.02349124, "LONGITUDINICIO": -88.02343531, "TIPO": "RAMAL", "ID_EQUIPO": 306367, "CIRCUITO_2": "BER208" }, "geometry": { "type": "MultiLineString", "coordinates": [ [ [ -88.02344, 15.50741 ], [ -88.02349, 15.50741 ] ] ] } },
{ "type": "Feature", "properties": { "ID_TRAMOMT": 90149, "ID_APOYO1": 107278, "ID_APOYO2": 107824, "SUBESTACION": "BER", "CIRCUITO": "BER280", "SECTOR": "SAN PEDRO SULA", "LATITUDFINAL": 15.53586704, "LATITUDINICIO": 15.53587591, "LONGITUDFINAL": -88.01317927, "LONGITUDINICIO": -88.01321661, "TIPO": "RAMAL", "ID_EQUIPO": 302309, "CIRCUITO_2": "BER280" }, "geometry": { "type": "MultiLineString", "coordinates": [ [ [ -88.01322, 15.53588 ], [ -88.01318, 15.53587 ], [ -88.01281, 15.53572 ], [ -88.01212, 15.53543 ], [ -88.01215, 15.53533 ], [ -88.0118, 15.53521 ], [ -88.01149, 15.5351 ], [ -88.0111, 15.53498 ], [ -88.01108, 15.53503 ] ] ] } },
{ "type": "Feature", "properties": { "ID_TRAMOMT": 91975, "ID_APOYO1": 112937, "ID_APOYO2": 113002, "SUBESTACION": "BER", "CIRCUITO": "BER282", "SECTOR": "SAN PEDRO SULA", "LATITUDFINAL": 15.51543918, "LATITUDINICIO": 15.51528551, "LONGITUDFINAL": -88.03042063, "LONGITUDINICIO": -88.03041987, "TIPO": "RAMAL", "ID_EQUIPO": 306172, "CIRCUITO_2": "BER282" }, "geometry": { "type": "MultiLineString", "coordinates": [ [ [ -88.03042, 15.51529 ], [ -88.03064, 15.51532 ], [ -88.03093, 15.51535 ], [ -88.03092, 15.51547 ] ], [ [ -88.03042, 15.51529 ], [ -88.03042, 15.51544 ] ], [ [ -88.03042, 15.51529 ], [ -88.03007, 15.51528 ], [ -88.02984, 15.51527 ] ] ] } },
{ "type": "Feature", "properties": { "ID_TRAMOMT": 71115, "ID_APOYO1": 63616, "ID_APOYO2": 63708, "SUBESTACION": "BER", "CIRCUITO": "BER247", "SECTOR": "SAN PEDRO SULA", "LATITUDFINAL": 15.52410224, "LATITUDINICIO": 15.52402256, "LONGITUDFINAL": -88.01804466, "LONGITUDINICIO": -88.01768065, "TIPO": "RAMAL", "ID_EQUIPO": 302507, "CIRCUITO_2": "BER247" }, "geometry": { "type": "MultiLineString", "coordinates": [ [ [ -88.01768, 15.52402 ], [ -88.01804, 15.5241 ] ] ] } },
{ "type": "Feature", "properties": { "ID_TRAMOMT": 72863, "ID_APOYO1": 6599189, "ID_APOYO2": 311963, "SUBESTACION": "BER", "CIRCUITO": "BER208", "SECTOR": "SAN PEDRO SULA", "LATITUDFINAL": 15.50746962, "LATITUDINICIO": 15.50742109, "LONGITUDFINAL": -88.02421527, "LONGITUDINICIO": -88.02423193, "TIPO": "RAMAL", "ID_EQUIPO": 306365, "CIRCUITO_2": "BER208" }, "geometry": { "type": "MultiLineString", "coordinates": [ [ [ -88.02422, 15.50747 ], [ -88.02441, 15.50747 ], [ -88.02458, 15.50748 ] ], [ [ -88.02423, 15.50742 ], [ -88.02422, 15.50747 ] ], [ [ -88.02419, 15.50759 ], [ -88.02422, 15.50747 ] ], [ [ -88.02422, 15.50747 ], [ -88.02416, 15.50746 ], [ -88.02377, 15.50743 ], [ -88.02349, 15.50741 ], [ -88.02358, 15.50752 ] ] ] } },
{ "type": "Feature", "properties": { "ID_TRAMOMT": 91977, "ID_APOYO1": 112790, "ID_APOYO2": 113111, "SUBESTACION": "BER", "CIRCUITO": "BER282", "SECTOR": "SAN PEDRO SULA", "LATITUDFINAL": 15.51527156, "LATITUDINICIO": 15.51527012, "LONGITUDFINAL": -88.0295341, "LONGITUDINICIO": -88.02984176, "TIPO": "RAMAL", "ID_EQUIPO": 306173, "CIRCUITO_2": "BER282" }, "geometry": { "type": "MultiLineString", "coordinates": [ [ [ -88.02984, 15.51527 ], [ -88.02953, 15.51527 ] ] ] } },
{ "type": "Feature", "properties": { "ID_TRAMOMT": 90578, "ID_APOYO1": 112657, "ID_APOYO2": 112658, "SUBESTACION": "BER", "CIRCUITO": "BER248", "SECTOR": "SAN PEDRO SULA", "LATITUDFINAL": 15.55051297, "LATITUDINICIO": 15.55026107, "LONGITUDFINAL": -88.01866856, "LONGITUDINICIO": -88.01840623, "TIPO": "RAMAL", "ID_EQUIPO": 306149, "CIRCUITO_2": "BER248" }, "geometry": { "type": "MultiLineString", "coordinates": [ [ [ -88.01985, 15.55162 ], [ -88.01977, 15.55155 ] ], [ [ -88.01977, 15.55155 ], [ -88.01981, 15.55148 ] ], [ [ -88.01971, 15.55171 ], [ -88.01977, 15.55155 ] ], [ [ -88.01825, 15.5501 ], [ -88.01841, 15.55026 ], [ -88.01867, 15.55051 ], [ -88.01889, 15.55071 ], [ -88.01919, 15.551 ], [ -88.01936, 15.55118 ], [ -88.01958, 15.55136 ], [ -88.01977, 15.55155 ] ] ] } },
{ "type": "Feature", "properties": { "ID_TRAMOMT": 316425, "ID_APOYO1": 109105, "ID_APOYO2": 108990, "SUBESTACION": "BER", "CIRCUITO": "BER290", "SECTOR": "SAN PEDRO SULA", "LATITUDFINAL": 15.55143529, "LATITUDINICIO": 15.55147127, "LONGITUDFINAL": -88.0379847, "LONGITUDINICIO": -88.03802218, "TIPO": "RAMAL", "ID_EQUIPO": 306246, "CIRCUITO_2": "BER290" }, "geometry": { "type": "MultiLineString", "coordinates": [ [ [ -88.03802, 15.55147 ], [ -88.03798, 15.55144 ], [ -88.03773, 15.5515 ], [ -88.03751, 15.55156 ] ] ] } },
{ "type": "Feature", "properties": { "ID_TRAMOMT": 72428, "ID_APOYO1": 63970, "ID_APOYO2": 63971, "SUBESTACION": "BER", "CIRCUITO": "BER207", "SECTOR": "SAN PEDRO SULA", "LATITUDFINAL": 15.51197643, "LATITUDINICIO": 15.51227507, "LONGITUDFINAL": -88.01492725, "LONGITUDINICIO": -88.01485412, "TIPO": "RAMAL", "ID_EQUIPO": 305931, "CIRCUITO_2": "BER207" }, "geometry": { "type": "MultiLineString", "coordinates": [ [ [ -88.01485, 15.51228 ], [ -88.01493, 15.51198 ] ] ] } },
{ "type": "Feature", "properties": { "ID_TRAMOMT": 90138, "ID_APOYO1": 108809, "ID_APOYO2": 108810, "SUBESTACION": "BER", "CIRCUITO": "BER290", "SECTOR": "SAN PEDRO SULA", "LATITUDFINAL": 15.54950623, "LATITUDINICIO": 15.54963357, "LONGITUDFINAL": -88.03683743000001, "LONGITUDINICIO": -88.03667022, "TIPO": "RAMAL", "ID_EQUIPO": 306235, "CIRCUITO_2": "BER290" }, "geometry": { "type": "MultiLineString", "coordinates": [ [ [ -88.03667, 15.54963 ], [ -88.03684, 15.54951 ] ] ] } },
{ "type": "Feature", "properties": { "ID_TRAMOMT": 88810, "ID_APOYO1": 108958, "ID_APOYO2": 108959, "SUBESTACION": "BER", "CIRCUITO": "BER280", "SECTOR": "SAN PEDRO SULA", "LATITUDFINAL": 15.54014455, "LATITUDINICIO": 15.54009986, "LONGITUDFINAL": -88.01475734, "LONGITUDINICIO": -88.01464523, "TIPO": "TRONCAL", "ID_EQUIPO": 302475, "CIRCUITO_2": "BER280" }, "geometry": { "type": "MultiLineString", "coordinates": [ [ [ -88.01396, 15.53984 ], [ -88.0142, 15.53992 ], [ -88.01439, 15.54 ], [ -88.01465, 15.5401 ], [ -88.01476, 15.54014 ] ] ] } },
{ "type": "Feature", "properties": { "ID_TRAMOMT": 70075, "ID_APOYO1": 62007, "ID_APOYO2": 62927, "SUBESTACION": "BER", "CIRCUITO": "BER205", "SECTOR": "SAN PEDRO SULA", "LATITUDFINAL": 15.51704831, "LATITUDINICIO": 15.5167388, "LONGITUDFINAL": -87.98685164, "LONGITUDINICIO": -87.98733498, "TIPO": "TRONCAL", "ID_EQUIPO": 2005801, "CIRCUITO_2": "BER205" }, "geometry": { "type": "MultiLineString", "coordinates": [ [ [ -87.98942, 15.51554 ], [ -87.98873, 15.51594 ], [ -87.98819, 15.51625 ], [ -87.98776, 15.51651 ], [ -87.98749, 15.51667 ], [ -87.98733, 15.51674 ], [ -87.98685, 15.51705 ], [ -87.98657, 15.5172 ], [ -87.9862, 15.5174 ], [ -87.98565, 15.51775 ] ] ] } },
{ "type": "Feature", "properties": { "ID_TRAMOMT": 90660, "ID_APOYO1": 112070, "ID_APOYO2": 109217, "SUBESTACION": "BER", "CIRCUITO": "BER248", "SECTOR": "SAN PEDRO SULA", "LATITUDFINAL": 15.55246715, "LATITUDINICIO": 15.55263959, "LONGITUDFINAL": -88.0183145, "LONGITUDINICIO": -88.01816615, "TIPO": "RAMAL", "ID_EQUIPO": 306174, "CIRCUITO_2": "BER248" }, "geometry": { "type": "MultiLineString", "coordinates": [ [ [ -88.01768, 15.55342 ], [ -88.01776, 15.55357 ], [ -88.01789, 15.55387 ], [ -88.01806, 15.5542 ], [ -88.01821, 15.55449 ], [ -88.01839, 15.55484 ], [ -88.01851, 15.55508 ] ], [ [ -88.01768, 15.55342 ], [ -88.01762, 15.55331 ], [ -88.01746, 15.55298 ], [ -88.01767, 15.55287 ], [ -88.01791, 15.55278 ], [ -88.01817, 15.55264 ], [ -88.01831, 15.55247 ], [ -88.0184, 15.55222 ] ], [ [ -88.01768, 15.55342 ], [ -88.01782, 15.55336 ] ], [ [ -88.01768, 15.55342 ], [ -88.01761, 15.55345 ], [ -88.01729, 15.5536 ], [ -88.01722, 15.55364 ] ], [ [ -88.01746, 15.55409 ], [ -88.0173, 15.55377 ], [ -88.01722, 15.55364 ] ], [ [ -88.01722, 15.55364 ], [ -88.01696, 15.55375 ] ], [ [ -88.01722, 15.55364 ], [ -88.0172, 15.55358 ], [ -88.01713, 15.55361 ] ] ] } },
{ "type": "Feature", "properties": { "ID_TRAMOMT": 96474, "ID_APOYO1": 125555, "ID_APOYO2": 125619, "SUBESTACION": "BER", "CIRCUITO": "BER288", "SECTOR": "SAN PEDRO SULA", "LATITUDFINAL": 15.5118688, "LATITUDINICIO": 15.5121705, "LONGITUDFINAL": -88.023823, "LONGITUDINICIO": -88.02380372, "TIPO": "RAMAL", "ID_EQUIPO": 2011322, "CIRCUITO_2": "BER288" }, "geometry": { "type": "MultiLineString", "coordinates": [ [ [ -88.02418, 15.51297 ], [ -88.02419, 15.51286 ], [ -88.02373, 15.5128 ] ], [ [ -88.02373, 15.5128 ], [ -88.02378, 15.51252 ], [ -88.0238, 15.51233 ], [ -88.0238, 15.51217 ], [ -88.02382, 15.51187 ] ], [ [ -88.02373, 15.5128 ], [ -88.02372, 15.51316 ], [ -88.02382, 15.51336 ], [ -88.02381, 15.51351 ], [ -88.0238, 15.51362 ] ], [ [ -88.02373, 15.5128 ], [ -88.02339, 15.5128 ], [ -88.02304, 15.51277 ] ] ] } },
{ "type": "Feature", "properties": { "ID_TRAMOMT": 89305, "ID_APOYO1": 108491, "ID_APOYO2": 108496, "SUBESTACION": "BER", "CIRCUITO": "BER290", "SECTOR": "SAN PEDRO SULA", "LATITUDFINAL": 15.54926697, "LATITUDINICIO": 15.54927671, "LONGITUDFINAL": -88.03195943, "LONGITUDINICIO": -88.03181029, "TIPO": "RAMAL", "ID_EQUIPO": 306291, "CIRCUITO_2": "BER290" }, "geometry": { "type": "MultiLineString", "coordinates": [ [ [ -88.0323, 15.54927 ], [ -88.03212, 15.54927 ], [ -88.03196, 15.54927 ], [ -88.03181, 15.54928 ], [ -88.03181, 15.54963 ], [ -88.03181, 15.54986 ], [ -88.03178, 15.55006 ], [ -88.03178, 15.55024 ], [ -88.03179, 15.55052 ], [ -88.03174, 15.55085 ], [ -88.03185, 15.55105 ], [ -88.03204, 15.55113 ] ] ] } },
{ "type": "Feature", "properties": { "ID_TRAMOMT": 71074, "ID_APOYO1": 63623, "ID_APOYO2": 63619, "SUBESTACION": "BER", "CIRCUITO": "BER247", "SECTOR": "SAN PEDRO SULA", "LATITUDFINAL": 15.52280178, "LATITUDINICIO": 15.52242174, "LONGITUDFINAL": -88.01777722, "LONGITUDINICIO": -88.01785927, "TIPO": "TRONCAL", "ID_EQUIPO": 302487, "CIRCUITO_2": "BER247" }, "geometry": { "type": "MultiLineString", "coordinates": [ [ [ -88.01798, 15.52183 ], [ -88.01791, 15.52214 ], [ -88.01786, 15.52242 ], [ -88.01778, 15.5228 ], [ -88.01767, 15.52327 ], [ -88.01762, 15.52347 ], [ -88.01757, 15.52382 ], [ -88.01753, 15.524 ] ], [ [ -88.01768, 15.52402 ], [ -88.01753, 15.524 ] ], [ [ -88.0175, 15.52412 ], [ -88.01753, 15.524 ] ], [ [ -88.01656, 15.52382 ], [ -88.01662, 15.52383 ], [ -88.01692, 15.52389 ], [ -88.01729, 15.52395 ], [ -88.01753, 15.524 ] ] ] } },
{ "type": "Feature", "properties": { "ID_TRAMOMT": 3037842, "ID_APOYO1": 6201333, "ID_APOYO2": 107725, "SUBESTACION": "BER", "CIRCUITO": "BER280", "SECTOR": "SAN PEDRO SULA", "LATITUDFINAL": 15.5403453, "LATITUDINICIO": 15.54029098, "LONGITUDFINAL": -88.01238062, "LONGITUDINICIO": -88.012399, "TIPO": "RAMAL", "ID_EQUIPO": 2005663, "CIRCUITO_2": "BER280" }, "geometry": { "type": "MultiLineString", "coordinates": [ [ [ -88.0124, 15.54029 ], [ -88.01232, 15.54051 ], [ -88.01222, 15.54076 ] ], [ [ -88.0124, 15.54029 ], [ -88.01238, 15.54035 ] ], [ [ -88.01231, 15.54024 ], [ -88.0124, 15.54029 ] ] ] } },
{ "type": "Feature", "properties": { "ID_TRAMOMT": 72478, "ID_APOYO1": 65134, "ID_APOYO2": 65140, "SUBESTACION": "BER", "CIRCUITO": "BER207", "SECTOR": "SAN PEDRO SULA", "LATITUDFINAL": 15.51165495, "LATITUDINICIO": 15.51158409, "LONGITUDFINAL": -88.01603512, "LONGITUDINICIO": -88.01571779, "TIPO": "RAMAL", "ID_EQUIPO": 305944, "CIRCUITO_2": "BER207" }, "geometry": { "type": "MultiLineString", "coordinates": [ [ [ -88.01418, 15.51129 ], [ -88.01449, 15.51134 ], [ -88.01478, 15.5114 ], [ -88.01503, 15.51145 ], [ -88.01538, 15.51151 ], [ -88.01572, 15.51158 ], [ -88.01604, 15.51165 ], [ -88.01635, 15.51171 ] ], [ [ -88.01427, 15.5109 ], [ -88.01455, 15.51096 ] ], [ [ -88.01427, 15.5109 ], [ -88.01431, 15.51061 ], [ -88.01436, 15.51032 ] ], [ [ -88.01418, 15.51129 ], [ -88.01419, 15.51127 ], [ -88.01422, 15.5111 ], [ -88.01427, 15.5109 ] ], [ [ -88.01404, 15.51194 ], [ -88.01412, 15.51158 ], [ -88.01418, 15.51129 ] ], [ [ -88.01418, 15.51129 ], [ -88.01415, 15.51127 ], [ -88.01396, 15.51122 ] ] ] } },
{ "type": "Feature", "properties": { "ID_TRAMOMT": 84769, "ID_APOYO1": 108868, "ID_APOYO2": 108871, "SUBESTACION": "BER", "CIRCUITO": "BER290", "SECTOR": "SAN PEDRO SULA", "LATITUDFINAL": 15.55236818, "LATITUDINICIO": 15.55215295, "LONGITUDFINAL": -88.03759774, "LONGITUDINICIO": -88.03723299000001, "TIPO": "RAMAL", "ID_EQUIPO": 306287, "CIRCUITO_2": "BER290" }, "geometry": { "type": "MultiLineString", "coordinates": [ [ [ -88.03589, 15.55176 ], [ -88.03603, 15.55144 ], [ -88.03614, 15.55149 ], [ -88.03633, 15.55158 ], [ -88.03656, 15.5517 ], [ -88.03673, 15.55182 ], [ -88.03684, 15.5519 ], [ -88.03723, 15.55215 ], [ -88.0376, 15.55237 ], [ -88.03751, 15.5525 ] ], [ [ -88.03607, 15.5518 ], [ -88.03589, 15.55176 ] ], [ [ -88.03571, 15.55219 ], [ -88.03576, 15.5521 ], [ -88.03583, 15.55189 ], [ -88.03589, 15.55176 ] ], [ [ -88.03589, 15.55176 ], [ -88.03564, 15.55169 ], [ -88.03539, 15.55163 ], [ -88.03548, 15.55153 ] ] ] } },
{ "type": "Feature", "properties": { "ID_TRAMOMT": 90758, "ID_APOYO1": 112454, "ID_APOYO2": 112113, "SUBESTACION": "BER", "CIRCUITO": "BER248", "SECTOR": "SAN PEDRO SULA", "LATITUDFINAL": 15.56048907, "LATITUDINICIO": 15.56018265, "LONGITUDFINAL": -88.02722221000001, "LONGITUDINICIO": -88.02702487000001, "TIPO": "RAMAL", "ID_EQUIPO": 306380, "CIRCUITO_2": "BER248" }, "geometry": { "type": "MultiLineString", "coordinates": [ [ [ -88.02702, 15.56018 ], [ -88.02722, 15.56049 ] ] ] } },
{ "type": "Feature", "properties": { "ID_TRAMOMT": 89394, "ID_APOYO1": 109103, "ID_APOYO2": 109104, "SUBESTACION": "BER", "CIRCUITO": "BER290", "SECTOR": "SAN PEDRO SULA", "LATITUDFINAL": 15.55153106, "LATITUDINICIO": 15.55139705, "LONGITUDFINAL": -88.03491734000001, "LONGITUDINICIO": -88.03458098, "TIPO": "RAMAL", "ID_EQUIPO": 306277, "CIRCUITO_2": "BER290" }, "geometry": { "type": "MultiLineString", "coordinates": [ [ [ -88.03458, 15.5514 ], [ -88.03492, 15.55153 ], [ -88.03501, 15.55159 ] ] ] } },
{ "type": "Feature", "properties": { "ID_TRAMOMT": 338471, "ID_APOYO1": 107908, "ID_APOYO2": 107904, "SUBESTACION": "BER", "CIRCUITO": "BER281", "SECTOR": "SAN PEDRO SULA", "LATITUDFINAL": 15.53765516, "LATITUDINICIO": 15.5375191, "LONGITUDFINAL": -88.01551906, "LONGITUDINICIO": -88.01562096000001, "TIPO": "RAMAL", "ID_EQUIPO": 2012029, "CIRCUITO_2": "BER281" }, "geometry": { "type": "MultiLineString", "coordinates": [ [ [ -88.01566, 15.53747 ], [ -88.01562, 15.53752 ], [ -88.01552, 15.53766 ] ] ] } },
{ "type": "Feature", "properties": { "ID_TRAMOMT": 89475, "ID_APOYO1": 112818, "ID_APOYO2": 112899, "SUBESTACION": "BER", "CIRCUITO": "BER282", "SECTOR": "SAN PEDRO SULA", "LATITUDFINAL": 15.51899389, "LATITUDINICIO": 15.51897721, "LONGITUDFINAL": -88.02801421, "LONGITUDINICIO": -88.02820908, "TIPO": "RAMAL", "ID_EQUIPO": 2006022, "CIRCUITO_2": "BER282" }, "geometry": { "type": "MultiLineString", "coordinates": [ [ [ -88.02853, 15.51886 ], [ -88.02835, 15.51887 ], [ -88.02834, 15.51897 ], [ -88.02821, 15.51898 ], [ -88.02801, 15.51899 ] ] ] } },
{ "type": "Feature", "properties": { "ID_TRAMOMT": 3038812, "ID_APOYO1": 6209752, "ID_APOYO2": 6221463, "SUBESTACION": "BER", "CIRCUITO": "BER282", "SECTOR": "SAN PEDRO SULA", "LATITUDFINAL": 15.51884281, "LATITUDINICIO": 15.51886465, "LONGITUDFINAL": -88.02861728000001, "LONGITUDINICIO": -88.02852614, "TIPO": "RAMAL", "ID_EQUIPO": 2006021, "CIRCUITO_2": "BER282" }, "geometry": { "type": "MultiLineString", "coordinates": [ [ [ -88.02853, 15.51886 ], [ -88.02862, 15.51884 ] ] ] } },
{ "type": "Feature", "properties": { "ID_TRAMOMT": 73090, "ID_APOYO1": 66057, "ID_APOYO2": 65258, "SUBESTACION": "BER", "CIRCUITO": "BER208", "SECTOR": "SAN PEDRO SULA", "LATITUDFINAL": 15.50803381, "LATITUDINICIO": 15.50806833, "LONGITUDFINAL": -88.02110768, "LONGITUDINICIO": -88.02146211, "TIPO": "TRONCAL", "ID_EQUIPO": 306293, "CIRCUITO_2": "BER208" }, "geometry": { "type": "MultiLineString", "coordinates": [ [ [ -88.02143, 15.50816 ], [ -88.02146, 15.50807 ], [ -88.02111, 15.50803 ] ] ] } },
{ "type": "Feature", "properties": { "ID_TRAMOMT": 72485, "ID_APOYO1": 65383, "ID_APOYO2": 65391, "SUBESTACION": "BER", "CIRCUITO": "BER207", "SECTOR": "SAN PEDRO SULA", "LATITUDFINAL": 15.50993464, "LATITUDINICIO": 15.50989047, "LONGITUDFINAL": -88.01467487, "LONGITUDINICIO": -88.01445091, "TIPO": "RAMAL", "ID_EQUIPO": 305956, "CIRCUITO_2": "BER207" }, "geometry": { "type": "MultiLineString", "coordinates": [ [ [ -88.01486, 15.50803 ], [ -88.01492, 15.50774 ], [ -88.01498, 15.50747 ], [ -88.01529, 15.50753 ], [ -88.01559, 15.50759 ] ], [ [ -88.01445, 15.50989 ], [ -88.01441, 15.51009 ], [ -88.01436, 15.51032 ], [ -88.0147, 15.5104 ], [ -88.01499, 15.51045 ], [ -88.01527, 15.5105 ], [ -88.01554, 15.51054 ] ], [ [ -88.01477, 15.50841 ], [ -88.01509, 15.50847 ], [ -88.01537, 15.50852 ] ], [ [ -88.01445, 15.50989 ], [ -88.01467, 15.50993 ], [ -88.01504, 15.51001 ], [ -88.01536, 15.51007 ] ], [ [ -88.01466, 15.50893 ], [ -88.01497, 15.50899 ], [ -88.01534, 15.50906 ] ], [ [ -88.01457, 15.5093 ], [ -88.01491, 15.50937 ], [ -88.01522, 15.50943 ] ], [ [ -88.01477, 15.50841 ], [ -88.01478, 15.50838 ], [ -88.01486, 15.50803 ] ], [ [ -88.01486, 15.50803 ], [ -88.01454, 15.50796 ] ], [ [ -88.01477, 15.50841 ], [ -88.01472, 15.50868 ], [ -88.01466, 15.50893 ] ], [ [ -88.01473, 15.5084 ], [ -88.01477, 15.50841 ] ], [ [ -88.01457, 15.5093 ], [ -88.01459, 15.50925 ], [ -88.01465, 15.50897 ], [ -88.01466, 15.50893 ] ], [ [ -88.01466, 15.50893 ], [ -88.01462, 15.50892 ] ], [ [ -88.01445, 15.50989 ], [ -88.01451, 15.50956 ], [ -88.01457, 15.5093 ] ], [ [ -88.01444, 15.50928 ], [ -88.01457, 15.5093 ] ] ] } },
{ "type": "Feature", "properties": { "ID_TRAMOMT": 3042569, "ID_APOYO1": 6306955, "ID_APOYO2": 6306974, "SUBESTACION": "BER", "CIRCUITO": "BER290", "SECTOR": "SAN PEDRO SULA", "LATITUDFINAL": 15.54777045, "LATITUDINICIO": 15.54766103, "LONGITUDFINAL": -88.03577299, "LONGITUDINICIO": -88.03575887, "TIPO": "RAMAL", "ID_EQUIPO": 2007263, "CIRCUITO_2": "BER290" }, "geometry": { "type": "MultiLineString", "coordinates": [ [ [ -88.03577, 15.54777 ], [ -88.03576, 15.54766 ], [ -88.03594, 15.54749 ], [ -88.03635, 15.5475 ], [ -88.03666, 15.54751 ], [ -88.03718, 15.54758 ], [ -88.03763, 15.54756 ] ] ] } },
{ "type": "Feature", "properties": { "ID_TRAMOMT": 71081, "ID_APOYO1": 63661, "ID_APOYO2": 63662, "SUBESTACION": "BER", "CIRCUITO": "BER247", "SECTOR": "SAN PEDRO SULA", "LATITUDFINAL": 15.52853336, "LATITUDINICIO": 15.52843573, "LONGITUDFINAL": -88.01570749, "LONGITUDINICIO": -88.01531541, "TIPO": "TRONCAL", "ID_EQUIPO": 302262, "CIRCUITO_2": "BER247" }, "geometry": { "type": "MultiLineString", "coordinates": [ [ [ -88.01948, 15.5257 ], [ -88.01967, 15.52571 ], [ -88.01997, 15.52573 ], [ -88.02041, 15.52577 ], [ -88.02086, 15.52581 ], [ -88.02125, 15.52581 ], [ -88.02172, 15.52584 ], [ -88.02201, 15.52586 ], [ -88.02232, 15.52587 ], [ -88.02265, 15.52591 ], [ -88.02275, 15.52577 ] ], [ [ -88.01878, 15.52577 ], [ -88.01891, 15.52575 ], [ -88.0192, 15.52572 ], [ -88.01948, 15.5257 ] ], [ [ -88.01947, 15.52592 ], [ -88.01948, 15.5257 ] ], [ [ -88.01878, 15.52577 ], [ -88.01883, 15.52576 ] ], [ [ -88.01804, 15.52588 ], [ -88.01833, 15.52582 ], [ -88.01851, 15.5258 ], [ -88.01878, 15.52577 ] ], [ [ -88.01804, 15.52588 ], [ -88.01805, 15.5258 ] ], [ [ -88.01738, 15.52894 ], [ -88.0174, 15.52882 ], [ -88.01748, 15.5285 ], [ -88.01755, 15.52812 ], [ -88.01765, 15.52767 ], [ -88.01786, 15.52674 ], [ -88.01793, 15.52651 ], [ -88.01799, 15.52615 ], [ -88.01804, 15.52588 ] ], [ [ -88.01738, 15.52894 ], [ -88.01764, 15.52898 ], [ -88.01771, 15.52905 ] ], [ [ -88.01741, 15.52928 ], [ -88.01738, 15.52894 ] ], [ [ -88.01501, 15.52865 ], [ -88.01532, 15.52844 ], [ -88.01571, 15.52853 ], [ -88.01602, 15.52862 ], [ -88.01636, 15.52871 ], [ -88.01669, 15.52878 ], [ -88.017, 15.52885 ], [ -88.01731, 15.52893 ], [ -88.01738, 15.52894 ] ], [ [ -88.01501, 15.52865 ], [ -88.0151, 15.52819 ], [ -88.01515, 15.52794 ], [ -88.01521, 15.5277 ], [ -88.01532, 15.52711 ], [ -88.01536, 15.52688 ], [ -88.01547, 15.52647 ], [ -88.01556, 15.52611 ], [ -88.0157, 15.52528 ], [ -88.01578, 15.52491 ], [ -88.01588, 15.52441 ], [ -88.01597, 15.52401 ], [ -88.01605, 15.52373 ], [ -88.01656, 15.52382 ] ], [ [ -88.01481, 15.52979 ], [ -88.01474, 15.52987 ], [ -88.01481, 15.52958 ], [ -88.01487, 15.52927 ], [ -88.01494, 15.529 ], [ -88.01501, 15.52865 ] ] ] } },
{ "type": "Feature", "properties": { "ID_TRAMOMT": 90812, "ID_APOYO1": 112468, "ID_APOYO2": 112466, "SUBESTACION": "BER", "CIRCUITO": "BER248", "SECTOR": "SAN PEDRO SULA", "LATITUDFINAL": 15.55955676, "LATITUDINICIO": 15.5594024, "LONGITUDFINAL": -88.02748802000001, "LONGITUDINICIO": -88.02763645, "TIPO": "RAMAL", "ID_EQUIPO": 306392, "CIRCUITO_2": "BER248" }, "geometry": { "type": "MultiLineString", "coordinates": [ [ [ -88.0259, 15.55837 ], [ -88.02607, 15.55855 ], [ -88.02631, 15.55877 ], [ -88.02639, 15.55887 ], [ -88.02669, 15.55856 ], [ -88.02692, 15.55831 ], [ -88.02713, 15.5585 ], [ -88.02733, 15.55869 ], [ -88.02749, 15.55884 ], [ -88.02763, 15.55896 ], [ -88.02786, 15.55917 ], [ -88.02764, 15.5594 ], [ -88.02749, 15.55956 ] ], [ [ -88.02644, 15.55804 ], [ -88.02616, 15.55782 ], [ -88.0259, 15.55802 ], [ -88.02573, 15.55821 ], [ -88.0259, 15.55837 ] ], [ [ -88.02583, 15.55842 ], [ -88.0259, 15.55837 ] ] ] } },
{ "type": "Feature", "properties": { "ID_TRAMOMT": 90785, "ID_APOYO1": 112158, "ID_APOYO2": 112160, "SUBESTACION": "BER", "CIRCUITO": "BER248", "SECTOR": "SAN PEDRO SULA", "LATITUDFINAL": 15.55989682, "LATITUDINICIO": 15.55968948, "LONGITUDFINAL": -88.02822639, "LONGITUDINICIO": -88.02810414, "TIPO": "RAMAL", "ID_EQUIPO": 306389, "CIRCUITO_2": "BER248" }, "geometry": { "type": "MultiLineString", "coordinates": [ [ [ -88.02963, 15.56129 ], [ -88.02948, 15.56149 ] ], [ [ -88.02948, 15.56149 ], [ -88.02933, 15.5617 ], [ -88.02918, 15.56189 ] ], [ [ -88.02913, 15.56071 ], [ -88.02919, 15.56083 ], [ -88.0293, 15.56106 ], [ -88.0294, 15.56126 ], [ -88.02948, 15.56149 ] ], [ [ -88.02848, 15.55934 ], [ -88.02878, 15.55913 ], [ -88.02911, 15.55923 ], [ -88.02929, 15.55958 ], [ -88.02945, 15.55992 ] ], [ [ -88.02913, 15.56071 ], [ -88.02942, 15.56057 ] ], [ [ -88.02918, 15.56189 ], [ -88.02894, 15.56218 ] ], [ [ -88.02904, 15.56159 ], [ -88.02918, 15.56189 ] ], [ [ -88.02913, 15.56071 ], [ -88.02909, 15.56072 ] ], [ [ -88.02848, 15.55934 ], [ -88.02864, 15.55969 ], [ -88.02887, 15.56014 ], [ -88.02904, 15.56051 ], [ -88.02913, 15.56071 ] ], [ [ -88.02764, 15.56013 ], [ -88.02784, 15.56033 ], [ -88.02794, 15.56058 ], [ -88.02811, 15.56092 ], [ -88.02831, 15.56134 ], [ -88.02849, 15.5617 ] ], [ [ -88.0281, 15.55969 ], [ -88.0283, 15.55949 ], [ -88.02848, 15.55934 ] ], [ [ -88.0281, 15.55969 ], [ -88.02823, 15.5599 ], [ -88.02841, 15.56025 ] ], [ [ -88.02764, 15.56013 ], [ -88.02792, 15.55986 ], [ -88.0281, 15.55969 ] ], [ [ -88.02764, 15.56137 ], [ -88.02769, 15.56149 ], [ -88.02789, 15.56186 ] ], [ [ -88.02764, 15.56137 ], [ -88.0278, 15.56139 ] ], [ [ -88.02722, 15.56052 ], [ -88.02745, 15.5603 ], [ -88.02764, 15.56013 ] ], [ [ -88.02764, 15.56137 ], [ -88.02742, 15.56156 ] ], [ [ -88.02722, 15.56052 ], [ -88.02738, 15.56085 ], [ -88.02754, 15.56118 ], [ -88.02764, 15.56137 ] ], [ [ -88.02722, 15.56052 ], [ -88.0271, 15.56063 ], [ -88.02683, 15.56091 ] ], [ [ -88.02722, 15.56049 ], [ -88.02722, 15.56052 ] ] ] } },
{ "type": "Feature", "properties": { "ID_TRAMOMT": 3055340, "ID_APOYO1": 6473026, "ID_APOYO2": 6473043, "SUBESTACION": "BER", "CIRCUITO": "BER248", "SECTOR": "SAN PEDRO SULA", "LATITUDFINAL": 15.55569552, "LATITUDINICIO": 15.55584815, "LONGITUDFINAL": -88.01999955, "LONGITUDINICIO": -88.0202241, "TIPO": "RAMAL", "ID_EQUIPO": 2010108, "CIRCUITO_2": "BER248" }, "geometry": { "type": "MultiLineString", "coordinates": [ [ [ -88.0199, 15.55622 ], [ -88.02022, 15.55585 ], [ -88.02, 15.5557 ] ] ] } },
{ "type": "Feature", "properties": { "ID_TRAMOMT": 70858, "ID_APOYO1": 62433, "ID_APOYO2": 62431, "SUBESTACION": "BER", "CIRCUITO": "BER205", "SECTOR": "SAN PEDRO SULA", "LATITUDFINAL": 15.54531531, "LATITUDINICIO": 15.54496334, "LONGITUDFINAL": -87.91559642, "LONGITUDINICIO": -87.91545499, "TIPO": "RAMAL", "ID_EQUIPO": 307477, "CIRCUITO_2": "BER205" }, "geometry": { "type": "MultiLineString", "coordinates": [ [ [ -87.91545, 15.54496 ], [ -87.9156, 15.54532 ], [ -87.91469, 15.54569 ], [ -87.91462, 15.54568 ] ] ] } },
{ "type": "Feature", "properties": { "ID_TRAMOMT": 3115365, "ID_APOYO1": 6652822, "ID_APOYO2": 6735591, "SUBESTACION": "BER", "CIRCUITO": "BER205", "SECTOR": "SAN PEDRO SULA", "LATITUDFINAL": 15.51405647, "LATITUDINICIO": 15.51394466, "LONGITUDFINAL": -87.97381822, "LONGITUDINICIO": -87.97409024, "TIPO": "RAMAL", "ID_EQUIPO": 2011384, "CIRCUITO_2": "BER205" }, "geometry": { "type": "MultiLineString", "coordinates": [ [ [ -87.97637, 15.51284 ], [ -87.97618, 15.51282 ], [ -87.97591, 15.51277 ], [ -87.97567, 15.51282 ] ], [ [ -87.97567, 15.51282 ], [ -87.97568, 15.51262 ] ], [ [ -87.97567, 15.51282 ], [ -87.97563, 15.51283 ], [ -87.97527, 15.51295 ], [ -87.97524, 15.51296 ] ], [ [ -87.97567, 15.51282 ], [ -87.97565, 15.51298 ] ], [ [ -87.97539, 15.5151 ], [ -87.97521, 15.51517 ], [ -87.97493, 15.51527 ], [ -87.9747, 15.51535 ], [ -87.97442, 15.51545 ], [ -87.97413, 15.51556 ], [ -87.97387, 15.51565 ], [ -87.97362, 15.51575 ], [ -87.97335, 15.51586 ] ], [ [ -87.97539, 15.5151 ], [ -87.97553, 15.51538 ], [ -87.9756, 15.5156 ], [ -87.9753, 15.51567 ], [ -87.97494, 15.51578 ], [ -87.97465, 15.51589 ], [ -87.97438, 15.51602 ], [ -87.97419, 15.5161 ], [ -87.97386, 15.51624 ], [ -87.97349, 15.51635 ], [ -87.97322, 15.51656 ] ], [ [ -87.97526, 15.51455 ], [ -87.97528, 15.51482 ], [ -87.97539, 15.5151 ] ], [ [ -87.97526, 15.51455 ], [ -87.97505, 15.51464 ], [ -87.97478, 15.51472 ], [ -87.97453, 15.51483 ], [ -87.97427, 15.51493 ], [ -87.97394, 15.51505 ], [ -87.97365, 15.51516 ], [ -87.97343, 15.51525 ], [ -87.97314, 15.51536 ], [ -87.97281, 15.5155 ] ], [ [ -87.97522, 15.51413 ], [ -87.97524, 15.51436 ], [ -87.97526, 15.51455 ] ], [ [ -87.97524, 15.51307 ], [ -87.97499, 15.51319 ], [ -87.97474, 15.51327 ], [ -87.97438, 15.51341 ], [ -87.97405, 15.51354 ], [ -87.97371, 15.51367 ], [ -87.9733, 15.51382 ], [ -87.97295, 15.51395 ], [ -87.97269, 15.51414 ], [ -87.97248, 15.51438 ], [ -87.97234, 15.5147 ], [ -87.97236, 15.51511 ], [ -87.97243, 15.51548 ] ], [ [ -87.97524, 15.51307 ], [ -87.97522, 15.51353 ] ], [ [ -87.97524, 15.51296 ], [ -87.97524, 15.51307 ] ], [ [ -87.97497, 15.51308 ], [ -87.97524, 15.51296 ] ], [ [ -87.97524, 15.51296 ], [ -87.97523, 15.51266 ], [ -87.97524, 15.51246 ] ], [ [ -87.97522, 15.51413 ], [ -87.97491, 15.51427 ], [ -87.97463, 15.51435 ], [ -87.97443, 15.51444 ], [ -87.97413, 15.51457 ], [ -87.97387, 15.51466 ], [ -87.97361, 15.51474 ], [ -87.97332, 15.51484 ], [ -87.97308, 15.51493 ] ], [ [ -87.97522, 15.51413 ], [ -87.97524, 15.51383 ], [ -87.97522, 15.51353 ] ], [ [ -87.97522, 15.51353 ], [ -87.97506, 15.5136 ], [ -87.9748, 15.5137 ], [ -87.97444, 15.51383 ], [ -87.97409, 15.51394 ], [ -87.97382, 15.51406 ], [ -87.97358, 15.51416 ], [ -87.97329, 15.51427 ] ] ] } },
{ "type": "Feature", "properties": { "ID_TRAMOMT": 3060526, "ID_APOYO1": 6507993, "ID_APOYO2": 6508007, "SUBESTACION": "BER", "CIRCUITO": "BER205", "SECTOR": "SAN PEDRO SULA", "LATITUDFINAL": 15.5451507, "LATITUDINICIO": 15.54491053, "LONGITUDFINAL": -87.92471528, "LONGITUDINICIO": -87.92456866000001, "TIPO": "RAMAL", "ID_EQUIPO": 2011381, "CIRCUITO_2": "BER205" }, "geometry": { "type": "MultiLineString", "coordinates": [ [ [ -87.92457, 15.54491 ], [ -87.92472, 15.54515 ], [ -87.92486, 15.54537 ], [ -87.92498, 15.54557 ] ] ] } },
{ "type": "Feature", "properties": { "ID_TRAMOMT": 92464, "ID_APOYO1": 113758, "ID_APOYO2": 113749, "SUBESTACION": "BER", "CIRCUITO": "BER282", "SECTOR": "SAN PEDRO SULA", "LATITUDFINAL": 15.53556809, "LATITUDINICIO": 15.53550046, "LONGITUDFINAL": -88.02700542, "LONGITUDINICIO": -88.02676947, "TIPO": "RAMAL", "ID_EQUIPO": 307251, "CIRCUITO_2": "BER282" }, "geometry": { "type": "MultiLineString", "coordinates": [ [ [ -88.02663, 15.53536 ], [ -88.02677, 15.5355 ], [ -88.02701, 15.53557 ] ] ] } },
{ "type": "Feature", "properties": { "ID_TRAMOMT": 72963, "ID_APOYO1": 63592, "ID_APOYO2": 63697, "SUBESTACION": "BER", "CIRCUITO": "BER247", "SECTOR": "SAN PEDRO SULA", "LATITUDFINAL": 15.53051809, "LATITUDINICIO": 15.5308438, "LONGITUDFINAL": -88.01460767, "LONGITUDINICIO": -88.01454399000001, "TIPO": "TRONCAL", "ID_EQUIPO": 302256, "CIRCUITO_2": "BER247" }, "geometry": { "type": "MultiLineString", "coordinates": [ [ [ -88.01462, 15.53085 ], [ -88.01454, 15.53084 ], [ -88.01461, 15.53052 ], [ -88.01468, 15.53019 ], [ -88.01474, 15.52987 ] ] ] } },
{ "type": "Feature", "properties": { "ID_TRAMOMT": 92835, "ID_APOYO1": 114527, "ID_APOYO2": 115066, "SUBESTACION": "BER", "CIRCUITO": "BER206", "SECTOR": "SAN PEDRO SULA", "LATITUDFINAL": 15.53579564, "LATITUDINICIO": 15.53552455, "LONGITUDFINAL": -88.03440986, "LONGITUDINICIO": -88.03438986, "TIPO": "RAMAL", "ID_EQUIPO": 307047, "CIRCUITO_2": "BER206" }, "geometry": { "type": "MultiLineString", "coordinates": [ [ [ -88.03439, 15.53552 ], [ -88.03441, 15.5358 ], [ -88.03463, 15.53601 ], [ -88.03464, 15.53625 ], [ -88.03464, 15.53653 ] ] ] } },
{ "type": "Feature", "properties": { "ID_TRAMOMT": 75905, "ID_APOYO1": 113734, "ID_APOYO2": 114903, "SUBESTACION": "BER", "CIRCUITO": "BER206", "SECTOR": "SAN PEDRO SULA", "LATITUDFINAL": 15.53697342, "LATITUDINICIO": 15.53697241, "LONGITUDFINAL": -88.03384696000001, "LONGITUDINICIO": -88.03406141000001, "TIPO": "RAMAL", "ID_EQUIPO": 307041, "CIRCUITO_2": "BER206" }, "geometry": { "type": "MultiLineString", "coordinates": [ [ [ -88.03406, 15.53697 ], [ -88.03385, 15.53697 ], [ -88.03373, 15.53698 ] ] ] } },
{ "type": "Feature", "properties": { "ID_TRAMOMT": 313871, "ID_APOYO1": 65259, "ID_APOYO2": 65161, "SUBESTACION": "BER", "CIRCUITO": "BER207", "SECTOR": "SAN PEDRO SULA", "LATITUDFINAL": 15.50940526, "LATITUDINICIO": 15.50946862, "LONGITUDFINAL": -88.01970666, "LONGITUDINICIO": -88.01968833, "TIPO": "TRONCAL", "ID_EQUIPO": 302682, "CIRCUITO_2": "BER207" }, "geometry": { "type": "MultiLineString", "coordinates": [ [ [ -88.02111, 15.50803 ], [ -88.0209, 15.50802 ] ], [ [ -88.0209, 15.50802 ], [ -88.02092, 15.50796 ], [ -88.02099, 15.50769 ], [ -88.02107, 15.50738 ] ], [ [ -88.0209, 15.50802 ], [ -88.02086, 15.5082 ] ], [ [ -88.0209, 15.50802 ], [ -88.02073, 15.50799 ], [ -88.02034, 15.50797 ], [ -88.02, 15.50793 ] ], [ [ -88.01969, 15.50947 ], [ -88.01971, 15.50941 ], [ -88.01972, 15.50933 ], [ -88.01978, 15.50906 ], [ -88.01984, 15.50876 ], [ -88.01989, 15.50848 ], [ -88.0199, 15.50845 ], [ -88.01995, 15.5082 ], [ -88.02, 15.50793 ] ], [ [ -88.02, 15.50793 ], [ -88.01972, 15.50791 ], [ -88.01945, 15.50791 ] ], [ [ -88.01937, 15.50791 ], [ -88.01907, 15.50788 ] ] ] } },
{ "type": "Feature", "properties": { "ID_TRAMOMT": 313366, "ID_APOYO1": 112450, "ID_APOYO2": 112454, "SUBESTACION": "BER", "CIRCUITO": "BER248", "SECTOR": "SAN PEDRO SULA", "LATITUDFINAL": 15.56018265, "LATITUDINICIO": 15.56013776, "LONGITUDFINAL": -88.02702487000001, "LONGITUDINICIO": -88.02695937, "TIPO": "RAMAL", "ID_EQUIPO": 306372, "CIRCUITO_2": "BER248" }, "geometry": { "type": "MultiLineString", "coordinates": [ [ [ -88.02696, 15.56014 ], [ -88.02708, 15.55998 ] ], [ [ -88.02696, 15.56014 ], [ -88.02702, 15.56018 ] ], [ [ -88.0257, 15.56143 ], [ -88.02585, 15.56129 ], [ -88.02607, 15.56105 ], [ -88.0263, 15.5608 ], [ -88.02655, 15.56054 ], [ -88.02685, 15.56026 ], [ -88.02696, 15.56014 ] ], [ [ -88.02696, 15.56014 ], [ -88.02685, 15.56003 ] ], [ [ -88.0257, 15.56143 ], [ -88.02578, 15.5615 ] ], [ [ -88.0257, 15.56143 ], [ -88.02564, 15.56147 ] ], [ [ -88.0257, 15.56143 ], [ -88.02559, 15.56132 ], [ -88.02542, 15.56149 ], [ -88.02532, 15.56159 ] ] ] } },
{ "type": "Feature", "properties": { "ID_TRAMOMT": 92072, "ID_APOYO1": 112973, "ID_APOYO2": 112977, "SUBESTACION": "BER", "CIRCUITO": "BER282", "SECTOR": "SAN PEDRO SULA", "LATITUDFINAL": 15.51295957, "LATITUDINICIO": 15.51296791, "LONGITUDFINAL": -88.02907513, "LONGITUDINICIO": -88.02922434, "TIPO": "RAMAL", "ID_EQUIPO": 306224, "CIRCUITO_2": "BER282" }, "geometry": { "type": "MultiLineString", "coordinates": [ [ [ -88.02908, 15.51296 ], [ -88.02922, 15.51297 ], [ -88.02925, 15.51265 ], [ -88.0291, 15.51264 ] ] ] } },
{ "type": "Feature", "properties": { "ID_TRAMOMT": 92069, "ID_APOYO1": 112969, "ID_APOYO2": 112973, "SUBESTACION": "BER", "CIRCUITO": "BER282", "SECTOR": "SAN PEDRO SULA", "LATITUDFINAL": 15.51296791, "LATITUDINICIO": 15.51326482, "LONGITUDFINAL": -88.02922434, "LONGITUDINICIO": -88.02921099, "TIPO": "RAMAL", "ID_EQUIPO": 306223, "CIRCUITO_2": "BER282" }, "geometry": { "type": "MultiLineString", "coordinates": [ [ [ -88.02921, 15.51326 ], [ -88.02922, 15.51297 ] ] ] } },
{ "type": "Feature", "properties": { "ID_TRAMOMT": 70890, "ID_APOYO1": 62417, "ID_APOYO2": 62418, "SUBESTACION": "BER", "CIRCUITO": "BER205", "SECTOR": "SAN PEDRO SULA", "LATITUDFINAL": 15.55588989, "LATITUDINICIO": 15.55551806, "LONGITUDFINAL": -87.9225718, "LONGITUDINICIO": -87.92285922000001, "TIPO": "RAMAL", "ID_EQUIPO": 307488, "CIRCUITO_2": "BER205" }, "geometry": { "type": "MultiLineString", "coordinates": [ [ [ -87.9232, 15.55506 ], [ -87.92286, 15.55552 ], [ -87.92257, 15.55589 ], [ -87.92227, 15.55623 ] ], [ [ -87.92227, 15.55623 ], [ -87.92256, 15.55714 ] ], [ [ -87.92227, 15.55623 ], [ -87.92198, 15.55658 ] ] ] } },
{ "type": "Feature", "properties": { "ID_TRAMOMT": 3146578, "ID_APOYO1": 108318, "ID_APOYO2": 108317, "SUBESTACION": "BER", "CIRCUITO": "BER290", "SECTOR": "SAN PEDRO SULA", "LATITUDFINAL": 15.56815832, "LATITUDINICIO": 15.56870173, "LONGITUDFINAL": -88.0360729, "LONGITUDINICIO": -88.03585181, "TIPO": "RAMAL", "ID_EQUIPO": 306225, "CIRCUITO_2": "BER290" }, "geometry": { "type": "MultiLineString", "coordinates": [ [ [ -88.03744, 15.57016 ], [ -88.03716, 15.57095 ] ], [ [ -88.03744, 15.57016 ], [ -88.03752, 15.56991 ], [ -88.03751, 15.56961 ], [ -88.03738, 15.56935 ], [ -88.03706, 15.56922 ], [ -88.03671, 15.56914 ] ], [ [ -88.03691, 15.57002 ], [ -88.03715, 15.57008 ], [ -88.03744, 15.57016 ] ], [ [ -88.03671, 15.56914 ], [ -88.0369, 15.56864 ] ], [ [ -88.03585, 15.569 ], [ -88.03611, 15.56905 ], [ -88.0367, 15.56919 ], [ -88.03671, 15.56914 ] ], [ [ -88.03665, 15.56911 ], [ -88.03671, 15.56914 ] ], [ [ -88.03585, 15.569 ], [ -88.03585, 15.5687 ], [ -88.03607, 15.56816 ] ], [ [ -88.03395, 15.56863 ], [ -88.03425, 15.56872 ], [ -88.03457, 15.56877 ], [ -88.03492, 15.56881 ], [ -88.03527, 15.56889 ], [ -88.03585, 15.569 ] ], [ [ -88.03334, 15.56976 ], [ -88.03349, 15.56944 ], [ -88.03372, 15.56895 ], [ -88.03391, 15.5687 ], [ -88.03395, 15.56863 ] ], [ [ -88.03346, 15.56781 ], [ -88.03311, 15.5673 ], [ -88.03348, 15.56733 ], [ -88.0339, 15.56735 ], [ -88.03429, 15.56771 ], [ -88.03426, 15.56806 ], [ -88.03406, 15.56844 ], [ -88.03395, 15.56863 ] ], [ [ -88.03391, 15.56861 ], [ -88.03395, 15.56863 ] ] ] } },
{ "type": "Feature", "properties": { "ID_TRAMOMT": 70014, "ID_APOYO1": 62782, "ID_APOYO2": 62790, "SUBESTACION": "BER", "CIRCUITO": "BER205", "SECTOR": "SAN PEDRO SULA", "LATITUDFINAL": 15.52246365, "LATITUDINICIO": 15.52243521, "LONGITUDFINAL": -88.00674586, "LONGITUDINICIO": -88.00703475, "TIPO": "RAMAL", "ID_EQUIPO": 302352, "CIRCUITO_2": "BER205" }, "geometry": { "type": "MultiLineString", "coordinates": [ [ [ -88.00711, 15.52117 ], [ -88.00731, 15.52142 ], [ -88.00741, 15.52188 ], [ -88.00743, 15.52215 ], [ -88.00744, 15.52239 ], [ -88.00703, 15.52244 ], [ -88.00675, 15.52246 ], [ -88.00668, 15.52211 ], [ -88.00661, 15.52175 ], [ -88.00654, 15.52138 ], [ -88.0065, 15.52103 ], [ -88.00647, 15.5206 ] ] ] } },
{ "type": "Feature", "properties": { "ID_TRAMOMT": 317099, "ID_APOYO1": 107133, "ID_APOYO2": 109192, "SUBESTACION": "BER", "CIRCUITO": "BER281", "SECTOR": "SAN PEDRO SULA", "LATITUDFINAL": 15.54883894, "LATITUDINICIO": 15.54897379, "LONGITUDFINAL": -88.02488921, "LONGITUDINICIO": -88.0250484, "TIPO": "RAMAL", "ID_EQUIPO": null, "CIRCUITO_2": null }, "geometry": { "type": "MultiLineString", "coordinates": [ [ [ -88.03278, 15.54149 ], [ -88.03312, 15.54157 ], [ -88.03349, 15.54179 ], [ -88.03385, 15.54182 ] ], [ [ -88.03282, 15.54268 ], [ -88.03315, 15.54252 ], [ -88.03339, 15.54228 ] ], [ [ -88.03182, 15.54297 ], [ -88.03155, 15.5429 ] ], [ [ -88.03079, 15.55252 ], [ -88.03107, 15.55257 ], [ -88.03141, 15.55263 ], [ -88.03174, 15.55271 ], [ -88.03178, 15.55286 ], [ -88.03157, 15.55318 ] ], [ [ -88.03079, 15.55252 ], [ -88.03065, 15.55283 ], [ -88.03081, 15.55299 ], [ -88.03101, 15.55318 ], [ -88.03121, 15.55336 ] ], [ [ -88.02976, 15.55115 ], [ -88.02994, 15.55115 ], [ -88.03037, 15.55115 ], [ -88.03068, 15.55122 ], [ -88.03098, 15.55131 ], [ -88.03107, 15.5514 ], [ -88.03097, 15.55166 ], [ -88.03085, 15.55191 ], [ -88.03073, 15.55218 ], [ -88.03061, 15.55246 ], [ -88.03079, 15.55252 ] ], [ [ -88.03056, 15.54306 ], [ -88.03047, 15.54318 ] ], [ [ -88.0305, 15.55314 ], [ -88.03033, 15.55303 ] ], [ [ -88.03043, 15.55289 ], [ -88.03033, 15.55303 ] ], [ [ -88.03033, 15.55303 ], [ -88.03011, 15.55333 ], [ -88.02996, 15.55352 ], [ -88.02983, 15.55369 ] ], [ [ -88.03033, 15.55303 ], [ -88.03006, 15.55282 ], [ -88.02981, 15.55266 ], [ -88.02962, 15.55251 ], [ -88.02943, 15.55229 ] ], [ [ -88.0303, 15.54629 ], [ -88.03003, 15.54613 ], [ -88.02979, 15.546 ], [ -88.02953, 15.54583 ], [ -88.02926, 15.54565 ], [ -88.02897, 15.54549 ], [ -88.02862, 15.54549 ], [ -88.02827, 15.5455 ] ], [ [ -88.02853, 15.54885 ], [ -88.02888, 15.54922 ], [ -88.02902, 15.54935 ], [ -88.02916, 15.54947 ], [ -88.02928, 15.54957 ], [ -88.0296, 15.54984 ], [ -88.03028, 15.54967 ], [ -88.03029, 15.5494 ] ], [ [ -88.02786, 15.54159 ], [ -88.02812, 15.54157 ], [ -88.0284, 15.54156 ], [ -88.02875, 15.54154 ], [ -88.02908, 15.54154 ], [ -88.02936, 15.54153 ], [ -88.02972, 15.54151 ], [ -88.03004, 15.5415 ], [ -88.03034, 15.54149 ], [ -88.03062, 15.54149 ], [ -88.03057, 15.5418 ], [ -88.03052, 15.54204 ], [ -88.0304, 15.54229 ], [ -88.03024, 15.54264 ] ], [ [ -88.03012, 15.54292 ], [ -88.03005, 15.54308 ], [ -88.02999, 15.54321 ], [ -88.02988, 15.5435 ], [ -88.02968, 15.54384 ], [ -88.0295, 15.544 ], [ -88.02929, 15.54419 ], [ -88.02912, 15.54429 ], [ -88.0288, 15.54438 ] ], [ [ -88.02982, 15.55425 ], [ -88.02997, 15.55458 ], [ -88.03006, 15.55479 ], [ -88.03006, 15.55503 ] ], [ [ -88.02983, 15.55369 ], [ -88.02992, 15.55374 ] ], [ [ -88.02983, 15.55369 ], [ -88.02964, 15.55393 ] ], [ [ -88.02983, 15.55369 ], [ -88.02978, 15.55365 ], [ -88.02955, 15.55334 ], [ -88.02937, 15.553 ], [ -88.02938, 15.55305 ], [ -88.02917, 15.55329 ], [ -88.02895, 15.55356 ] ], [ [ -88.02982, 15.55425 ], [ -88.02959, 15.55447 ], [ -88.02942, 15.55467 ], [ -88.02915, 15.55497 ], [ -88.02899, 15.55516 ], [ -88.02877, 15.55541 ], [ -88.02848, 15.55573 ], [ -88.02863, 15.55586 ], [ -88.02895, 15.55608 ], [ -88.02937, 15.55629 ] ], [ [ -88.02964, 15.55393 ], [ -88.02982, 15.55425 ] ], [ [ -88.02981, 15.5573 ], [ -88.02962, 15.55748 ], [ -88.02942, 15.55767 ], [ -88.02921, 15.55753 ], [ -88.02899, 15.55737 ], [ -88.02925, 15.5571 ], [ -88.02939, 15.55698 ] ], [ [ -88.02979, 15.55083 ], [ -88.02977, 15.55109 ], [ -88.02976, 15.55115 ] ], [ [ -88.02828, 15.55099 ], [ -88.02842, 15.551 ], [ -88.0287, 15.55105 ], [ -88.02901, 15.5511 ], [ -88.02939, 15.55115 ], [ -88.02969, 15.55115 ], [ -88.02976, 15.55115 ] ], [ [ -88.02976, 15.55115 ], [ -88.02971, 15.55129 ], [ -88.02973, 15.55154 ] ], [ [ -88.02964, 15.55393 ], [ -88.02941, 15.55421 ], [ -88.02922, 15.55443 ], [ -88.029, 15.55468 ], [ -88.02874, 15.55496 ] ], [ [ -88.02953, 15.55686 ], [ -88.02939, 15.55698 ] ], [ [ -88.02951, 15.55701 ], [ -88.02939, 15.55698 ] ], [ [ -88.02943, 15.55229 ], [ -88.02916, 15.55261 ], [ -88.02898, 15.55282 ], [ -88.02879, 15.55303 ], [ -88.02859, 15.55328 ], [ -88.02842, 15.55349 ] ], [ [ -88.02943, 15.55229 ], [ -88.02918, 15.55191 ], [ -88.02902, 15.55169 ], [ -88.02881, 15.55149 ], [ -88.02857, 15.55124 ], [ -88.02828, 15.55099 ] ], [ [ -88.02901, 15.55675 ], [ -88.02904, 15.55678 ], [ -88.02927, 15.55694 ], [ -88.02939, 15.55698 ] ], [ [ -88.02937, 15.55629 ], [ -88.02937, 15.55605 ], [ -88.02938, 15.55571 ] ], [ [ -88.02937, 15.55629 ], [ -88.02918, 15.5566 ], [ -88.02901, 15.55675 ] ], [ [ -88.02782, 15.54068 ], [ -88.02829, 15.54075 ], [ -88.02858, 15.54082 ], [ -88.0288, 15.54085 ], [ -88.02908, 15.54088 ], [ -88.02932, 15.5409 ] ], [ [ -88.02884, 15.54324 ], [ -88.02905, 15.54324 ], [ -88.02918, 15.54323 ] ], [ [ -88.02901, 15.55675 ], [ -88.0289, 15.55683 ], [ -88.0287, 15.55701 ], [ -88.02856, 15.5572 ], [ -88.02843, 15.55736 ], [ -88.02833, 15.55754 ] ], [ [ -88.0288, 15.55662 ], [ -88.02901, 15.55675 ] ], [ [ -88.02884, 15.54324 ], [ -88.02885, 15.54339 ] ], [ [ -88.02884, 15.54324 ], [ -88.02873, 15.54325 ], [ -88.02848, 15.54326 ], [ -88.02821, 15.54327 ], [ -88.02791, 15.54329 ] ], [ [ -88.02874, 15.55496 ], [ -88.02847, 15.5552 ], [ -88.02798, 15.55575 ], [ -88.02788, 15.55587 ] ], [ [ -88.02874, 15.55496 ], [ -88.02849, 15.55482 ] ], [ [ -88.02825, 15.54492 ], [ -88.02855, 15.54493 ] ], [ [ -88.02855, 15.54983 ], [ -88.02847, 15.54976 ], [ -88.02831, 15.54995 ], [ -88.02807, 15.55022 ], [ -88.02781, 15.55047 ] ], [ [ -88.02726, 15.55022 ], [ -88.02745, 15.55001 ], [ -88.02767, 15.54979 ], [ -88.02787, 15.54958 ], [ -88.02805, 15.54937 ], [ -88.02828, 15.54916 ], [ -88.02853, 15.54885 ] ], [ [ -88.02744, 15.54792 ], [ -88.02755, 15.54802 ], [ -88.02769, 15.54816 ], [ -88.02794, 15.54838 ], [ -88.0281, 15.54852 ], [ -88.02826, 15.54864 ], [ -88.02853, 15.54885 ] ], [ [ -88.02838, 15.55757 ], [ -88.02833, 15.55754 ] ], [ [ -88.02828, 15.55762 ], [ -88.02833, 15.55754 ] ], [ [ -88.0281, 15.55738 ], [ -88.02833, 15.55754 ] ], [ [ -88.02823, 15.55093 ], [ -88.02828, 15.55099 ] ], [ [ -88.02787, 15.55075 ], [ -88.0281, 15.55096 ], [ -88.02828, 15.55099 ] ], [ [ -88.02827, 15.5455 ], [ -88.028, 15.54551 ] ], [ [ -88.02827, 15.5455 ], [ -88.02829, 15.54578 ], [ -88.0283, 15.54607 ], [ -88.02828, 15.54634 ], [ -88.02825, 15.54661 ], [ -88.02813, 15.54699 ], [ -88.02799, 15.54724 ], [ -88.02784, 15.54746 ], [ -88.02761, 15.54772 ], [ -88.02744, 15.54792 ] ], [ [ -88.02827, 15.5455 ], [ -88.02825, 15.54521 ], [ -88.02825, 15.54492 ] ], [ [ -88.02825, 15.54492 ], [ -88.02823, 15.54468 ], [ -88.02821, 15.54439 ] ], [ [ -88.028, 15.54551 ], [ -88.02789, 15.54551 ], [ -88.02769, 15.54552 ], [ -88.02736, 15.54552 ], [ -88.02704, 15.54554 ], [ -88.02672, 15.54556 ], [ -88.0264, 15.54557 ], [ -88.02608, 15.54558 ], [ -88.0257, 15.5456 ] ], [ [ -88.02556, 15.54636 ], [ -88.02563, 15.54611 ], [ -88.02606, 15.54611 ], [ -88.02638, 15.54611 ], [ -88.02669, 15.54611 ], [ -88.02704, 15.54609 ], [ -88.02738, 15.54609 ], [ -88.02768, 15.54607 ], [ -88.02802, 15.54606 ], [ -88.02801, 15.5458 ], [ -88.028, 15.54551 ] ], [ [ -88.02798, 15.54496 ], [ -88.02799, 15.54526 ], [ -88.028, 15.54551 ] ], [ [ -88.02798, 15.54496 ], [ -88.02765, 15.54498 ], [ -88.0273, 15.54499 ], [ -88.027, 15.545 ], [ -88.02669, 15.54502 ], [ -88.02636, 15.54503 ], [ -88.02587, 15.54503 ], [ -88.02569, 15.54505 ] ], [ [ -88.02796, 15.54441 ], [ -88.02796, 15.54468 ], [ -88.02798, 15.54496 ] ], [ [ -88.02781, 15.55047 ], [ -88.02798, 15.55057 ] ], [ [ -88.02796, 15.54441 ], [ -88.02764, 15.54443 ], [ -88.0273, 15.54443 ], [ -88.02696, 15.54445 ], [ -88.02668, 15.54446 ], [ -88.02635, 15.54448 ] ], [ [ -88.02795, 15.54409 ], [ -88.02796, 15.54441 ] ], [ [ -88.02787, 15.55075 ], [ -88.02793, 15.55073 ] ], [ [ -88.02791, 15.54329 ], [ -88.02792, 15.54359 ] ], [ [ -88.02791, 15.54329 ], [ -88.0279, 15.54317 ], [ -88.0279, 15.54308 ], [ -88.02789, 15.54271 ], [ -88.02788, 15.54243 ], [ -88.02787, 15.54216 ], [ -88.02786, 15.54187 ], [ -88.02786, 15.54159 ] ], [ [ -88.02788, 15.55587 ], [ -88.0276, 15.5562 ], [ -88.02743, 15.55639 ], [ -88.02718, 15.55667 ] ], [ [ -88.02788, 15.55587 ], [ -88.02776, 15.55577 ], [ -88.02761, 15.55565 ], [ -88.02745, 15.55553 ] ], [ [ -88.0277, 15.5506 ], [ -88.02787, 15.55075 ] ], [ [ -88.02786, 15.54159 ], [ -88.0274, 15.54161 ], [ -88.02704, 15.54162 ], [ -88.0267, 15.54164 ] ], [ [ -88.02786, 15.54159 ], [ -88.02784, 15.54138 ], [ -88.02783, 15.54106 ], [ -88.02782, 15.54068 ] ], [ [ -88.02782, 15.54068 ], [ -88.02775, 15.54036 ] ], [ [ -88.02782, 15.54068 ], [ -88.0276, 15.54065 ], [ -88.02731, 15.5406 ], [ -88.02697, 15.54055 ], [ -88.02667, 15.54051 ], [ -88.02633, 15.54045 ], [ -88.02598, 15.54039 ], [ -88.0256, 15.54035 ] ], [ [ -88.02781, 15.55047 ], [ -88.0277, 15.5506 ] ], [ [ -88.0277, 15.5506 ], [ -88.02752, 15.55044 ], [ -88.02726, 15.55022 ] ], [ [ -88.02688, 15.54321 ], [ -88.02691, 15.54332 ], [ -88.02728, 15.54331 ], [ -88.02757, 15.54329 ] ], [ [ -88.02744, 15.54792 ], [ -88.02728, 15.54776 ], [ -88.02706, 15.54802 ], [ -88.02681, 15.54829 ], [ -88.02662, 15.54847 ], [ -88.02642, 15.54868 ] ], [ [ -88.02726, 15.55022 ], [ -88.02714, 15.55035 ], [ -88.0269, 15.55064 ], [ -88.02723, 15.55085 ], [ -88.02713, 15.551 ] ], [ [ -88.02642, 15.54868 ], [ -88.02621, 15.54888 ], [ -88.02602, 15.54909 ], [ -88.02583, 15.5493 ], [ -88.02562, 15.5495 ], [ -88.02542, 15.5497 ], [ -88.02525, 15.54992 ] ], [ [ -88.02642, 15.54868 ], [ -88.02616, 15.54844 ], [ -88.02588, 15.54821 ] ], [ [ -88.02562, 15.54339 ], [ -88.02601, 15.54336 ], [ -88.02633, 15.54335 ] ], [ [ -88.02556, 15.54636 ], [ -88.02574, 15.54649 ], [ -88.02593, 15.54668 ], [ -88.02622, 15.54693 ] ], [ [ -88.02562, 15.54364 ], [ -88.02579, 15.54366 ] ], [ [ -88.02564, 15.54393 ], [ -88.02562, 15.54364 ] ], [ [ -88.02562, 15.54339 ], [ -88.02562, 15.54364 ] ], [ [ -88.0256, 15.54325 ], [ -88.02562, 15.54339 ] ], [ [ -88.0256, 15.54035 ], [ -88.02561, 15.54067 ], [ -88.02565, 15.54145 ], [ -88.02551, 15.54141 ] ], [ [ -88.0256, 15.54035 ], [ -88.0256, 15.54018 ] ], [ [ -88.0256, 15.54035 ], [ -88.02545, 15.54033 ] ], [ [ -88.02449, 15.54853 ], [ -88.02463, 15.54828 ], [ -88.02476, 15.54797 ], [ -88.02489, 15.54767 ], [ -88.02504, 15.54739 ], [ -88.02517, 15.5471 ], [ -88.02531, 15.54682 ], [ -88.02546, 15.54654 ], [ -88.02556, 15.54636 ] ], [ [ -88.02525, 15.55092 ], [ -88.02498, 15.55101 ], [ -88.02478, 15.55113 ], [ -88.02464, 15.55129 ] ], [ [ -88.02434, 15.55092 ], [ -88.02454, 15.55068 ], [ -88.02487, 15.55034 ], [ -88.02509, 15.55009 ], [ -88.02525, 15.54992 ] ], [ [ -88.02525, 15.54992 ], [ -88.02506, 15.54978 ], [ -88.02481, 15.54951 ], [ -88.0245, 15.54925 ], [ -88.0243, 15.54894 ], [ -88.02411, 15.54885 ] ], [ [ -88.02521, 15.5525 ], [ -88.02539, 15.55221 ], [ -88.02524, 15.55192 ], [ -88.02501, 15.55166 ], [ -88.02472, 15.55138 ], [ -88.02464, 15.55129 ] ], [ [ -88.02512, 15.54279 ], [ -88.02485, 15.54272 ], [ -88.02465, 15.54267 ], [ -88.02432, 15.54257 ], [ -88.02392, 15.54245 ], [ -88.02363, 15.54238 ] ], [ [ -88.02505, 15.54361 ], [ -88.02507, 15.5434 ] ], [ [ -88.02505, 15.54897 ], [ -88.02489, 15.54884 ], [ -88.02475, 15.54872 ], [ -88.02449, 15.54853 ] ], [ [ -88.02473, 15.54329 ], [ -88.02462, 15.54314 ] ], [ [ -88.0247, 15.55217 ], [ -88.02445, 15.55186 ], [ -88.02428, 15.55167 ] ], [ [ -88.02428, 15.55167 ], [ -88.02456, 15.55142 ], [ -88.02464, 15.55129 ] ], [ [ -88.02464, 15.55129 ], [ -88.02453, 15.55109 ], [ -88.02434, 15.55092 ] ], [ [ -88.02436, 15.54884 ], [ -88.02443, 15.54865 ], [ -88.02449, 15.54853 ] ], [ [ -88.02355, 15.55173 ], [ -88.02376, 15.55148 ], [ -88.02407, 15.55119 ], [ -88.02434, 15.55092 ] ], [ [ -88.02428, 15.55167 ], [ -88.02399, 15.55194 ] ], [ [ -88.02414, 15.54313 ], [ -88.02418, 15.5432 ], [ -88.02418, 15.54332 ] ], [ [ -88.02411, 15.54885 ], [ -88.02372, 15.54863 ], [ -88.02354, 15.54853 ] ], [ [ -88.02411, 15.54885 ], [ -88.02364, 15.5487 ] ], [ [ -88.02382, 15.54302 ], [ -88.02385, 15.54312 ] ], [ [ -88.02363, 15.54238 ], [ -88.02377, 15.5422 ] ], [ [ -88.02375, 15.55183 ], [ -88.02355, 15.55173 ] ], [ [ -88.02364, 15.5487 ], [ -88.0235, 15.54879 ], [ -88.02338, 15.54901 ] ], [ [ -88.02364, 15.5487 ], [ -88.02353, 15.54865 ], [ -88.02326, 15.5485 ], [ -88.02311, 15.54842 ], [ -88.0228, 15.54824 ], [ -88.02256, 15.54814 ] ], [ [ -88.02363, 15.54238 ], [ -88.02352, 15.54254 ], [ -88.02337, 15.54274 ], [ -88.02327, 15.54287 ], [ -88.02314, 15.54309 ], [ -88.02304, 15.54343 ], [ -88.02297, 15.54377 ], [ -88.02292, 15.54408 ], [ -88.02298, 15.54408 ] ], [ [ -88.02363, 15.54238 ], [ -88.02358, 15.54236 ], [ -88.02325, 15.54226 ], [ -88.0229, 15.54216 ], [ -88.02252, 15.54204 ] ], [ [ -88.02353, 15.55176 ], [ -88.02355, 15.55173 ] ], [ [ -88.02237, 15.55116 ], [ -88.02263, 15.55124 ], [ -88.02303, 15.55148 ], [ -88.02348, 15.55164 ], [ -88.02355, 15.55173 ] ], [ [ -88.02309, 15.55104 ], [ -88.02268, 15.55104 ], [ -88.02237, 15.55116 ] ], [ [ -88.02302, 15.54121 ], [ -88.02263, 15.5411 ], [ -88.02219, 15.54098 ], [ -88.02198, 15.54092 ] ], [ [ -88.0216, 15.54759 ], [ -88.02168, 15.54744 ], [ -88.02183, 15.54715 ], [ -88.02199, 15.54683 ], [ -88.02209, 15.54664 ], [ -88.02216, 15.54666 ], [ -88.02266, 15.54699 ], [ -88.02291, 15.54708 ] ], [ [ -88.02289, 15.54279 ], [ -88.02292, 15.54276 ], [ -88.02289, 15.54264 ] ], [ [ -88.02248, 15.54953 ], [ -88.02251, 15.54946 ], [ -88.02262, 15.54931 ], [ -88.02274, 15.54909 ] ], [ [ -88.02263, 15.54803 ], [ -88.02256, 15.54814 ] ], [ [ -88.02257, 15.54956 ], [ -88.02248, 15.54953 ] ], [ [ -88.02256, 15.54814 ], [ -88.02251, 15.54826 ] ], [ [ -88.02256, 15.54814 ], [ -88.02247, 15.54808 ], [ -88.02237, 15.54802 ] ], [ [ -88.02229, 15.54982 ], [ -88.0224, 15.54965 ], [ -88.02248, 15.54953 ] ], [ [ -88.02141, 15.54895 ], [ -88.02161, 15.54905 ], [ -88.02182, 15.54916 ], [ -88.02213, 15.54932 ], [ -88.02236, 15.54945 ], [ -88.02248, 15.54953 ] ], [ [ -88.02245, 15.55178 ], [ -88.02211, 15.55165 ], [ -88.02193, 15.55147 ] ], [ [ -88.02237, 15.54802 ], [ -88.02241, 15.54791 ] ], [ [ -88.02207, 15.55099 ], [ -88.02219, 15.55104 ], [ -88.02237, 15.55116 ] ], [ [ -88.02237, 15.54802 ], [ -88.02219, 15.54791 ], [ -88.02204, 15.54783 ] ], [ [ -88.02212, 15.54073 ], [ -88.02198, 15.54092 ] ], [ [ -88.0221, 15.54772 ], [ -88.02204, 15.54783 ] ], [ [ -88.02207, 15.55099 ], [ -88.02194, 15.5512 ], [ -88.02193, 15.55147 ] ], [ [ -88.0201, 15.54962 ], [ -88.02055, 15.54972 ], [ -88.0209, 15.54981 ], [ -88.02113, 15.54989 ], [ -88.02147, 15.55003 ], [ -88.02183, 15.5502 ], [ -88.02218, 15.55035 ], [ -88.02234, 15.55049 ], [ -88.02226, 15.55067 ], [ -88.02214, 15.55087 ], [ -88.02207, 15.55099 ] ], [ [ -88.02122, 15.5506 ], [ -88.0216, 15.55074 ], [ -88.02195, 15.55091 ], [ -88.02207, 15.55099 ] ], [ [ -88.02204, 15.54783 ], [ -88.02198, 15.54795 ], [ -88.02186, 15.54815 ], [ -88.0217, 15.54846 ], [ -88.02152, 15.54875 ], [ -88.02141, 15.54895 ] ], [ [ -88.02204, 15.54783 ], [ -88.02201, 15.5478 ], [ -88.02171, 15.54764 ], [ -88.0216, 15.54759 ] ], [ [ -88.02196, 15.54249 ], [ -88.02204, 15.54221 ], [ -88.02206, 15.54173 ], [ -88.02202, 15.5413 ], [ -88.02174, 15.54084 ], [ -88.02198, 15.54092 ] ], [ [ -88.02193, 15.55147 ], [ -88.02154, 15.55132 ], [ -88.02122, 15.55116 ], [ -88.02083, 15.551 ], [ -88.02048, 15.55083 ], [ -88.02017, 15.55052 ], [ -88.01991, 15.55026 ], [ -88.01962, 15.54992 ] ], [ [ -88.0216, 15.54759 ], [ -88.02154, 15.54772 ], [ -88.02143, 15.54791 ], [ -88.02135, 15.54803 ] ], [ [ -88.0216, 15.54759 ], [ -88.02148, 15.54753 ] ], [ [ -88.02157, 15.54221 ], [ -88.02138, 15.54241 ], [ -88.02132, 15.54277 ], [ -88.02125, 15.54315 ], [ -88.02118, 15.54362 ], [ -88.02109, 15.54417 ], [ -88.02111, 15.54448 ], [ -88.02118, 15.54482 ] ], [ [ -88.02135, 15.54803 ], [ -88.02142, 15.54806 ] ], [ [ -88.02141, 15.54895 ], [ -88.02129, 15.54914 ] ], [ [ -88.02135, 15.54803 ], [ -88.02125, 15.54821 ], [ -88.02106, 15.5485 ], [ -88.0209, 15.5488 ] ], [ [ -88.02128, 15.54799 ], [ -88.02135, 15.54803 ] ], [ [ -88.02115, 15.54161 ], [ -88.02133, 15.54156 ] ], [ [ -88.02063, 15.54082 ], [ -88.02071, 15.54066 ] ], [ [ -88.02042, 15.54046 ], [ -88.02055, 15.54044 ] ], [ [ -88.02027, 15.54009 ], [ -88.0202, 15.5402 ], [ -88.02016, 15.54028 ], [ -88.02003, 15.54053 ], [ -88.01996, 15.54068 ] ], [ [ -88.01996, 15.54068 ], [ -88.02005, 15.54075 ] ], [ [ -88.0195, 15.54119 ], [ -88.01981, 15.5409 ], [ -88.01981, 15.54089 ], [ -88.01996, 15.54068 ] ], [ [ -88.01962, 15.54992 ], [ -88.01935, 15.55016 ] ], [ [ -88.01962, 15.54992 ], [ -88.01929, 15.54968 ], [ -88.01903, 15.54944 ] ], [ [ -88.01944, 15.54221 ], [ -88.01926, 15.54208 ] ], [ [ -88.01897, 15.54187 ], [ -88.01865, 15.54225 ] ], [ [ -88.01873, 15.53884 ], [ -88.01867, 15.53882 ] ], [ [ -88.01488, 15.53751 ], [ -88.01488, 15.53753 ] ] ] } },
{ "type": "Feature", "properties": { "ID_TRAMOMT": 3063448, "ID_APOYO1": 63163, "ID_APOYO2": 6524947, "SUBESTACION": "BER", "CIRCUITO": "BER205", "SECTOR": "SAN PEDRO SULA", "LATITUDFINAL": 15.52330619, "LATITUDINICIO": 15.52302346, "LONGITUDFINAL": -87.97156951, "LONGITUDINICIO": -87.97147438, "TIPO": "RAMAL", "ID_EQUIPO": 2011390, "CIRCUITO_2": "BER205" }, "geometry": { "type": "MultiLineString", "coordinates": [ [ [ -87.97374, 15.52287 ], [ -87.97381, 15.52267 ], [ -87.97377, 15.52268 ], [ -87.97297, 15.5228 ], [ -87.97224, 15.52291 ], [ -87.97147, 15.52302 ] ], [ [ -87.9708, 15.52476 ], [ -87.97117, 15.52472 ], [ -87.97158, 15.52468 ], [ -87.97191, 15.52465 ], [ -87.97228, 15.52461 ] ], [ [ -87.97147, 15.52302 ], [ -87.97077, 15.52311 ], [ -87.97001, 15.52323 ], [ -87.96938, 15.52332 ] ], [ [ -87.97147, 15.52302 ], [ -87.97157, 15.52331 ], [ -87.97135, 15.52364 ], [ -87.97108, 15.52421 ], [ -87.9708, 15.52476 ] ], [ [ -87.9708, 15.52476 ], [ -87.97065, 15.52504 ], [ -87.97055, 15.52534 ] ] ] } },
{ "type": "Feature", "properties": { "ID_TRAMOMT": 92841, "ID_APOYO1": 115325, "ID_APOYO2": 113485, "SUBESTACION": "BER", "CIRCUITO": "BER206", "SECTOR": "SAN PEDRO SULA", "LATITUDFINAL": 15.53389542, "LATITUDINICIO": 15.53367961, "LONGITUDFINAL": -88.03481996, "LONGITUDINICIO": -88.03457646, "TIPO": "RAMAL", "ID_EQUIPO": 307063, "CIRCUITO_2": "BER206" }, "geometry": { "type": "MultiLineString", "coordinates": [ [ [ -88.03519, 15.53441 ], [ -88.03534, 15.53458 ], [ -88.03551, 15.53479 ], [ -88.03577, 15.53506 ] ], [ [ -88.03561, 15.53407 ], [ -88.0354, 15.53428 ], [ -88.03519, 15.53441 ] ], [ [ -88.03543, 15.53549 ], [ -88.03539, 15.53527 ], [ -88.03532, 15.53519 ], [ -88.03507, 15.53492 ], [ -88.03486, 15.53469 ], [ -88.03465, 15.53447 ], [ -88.03462, 15.53444 ], [ -88.03443, 15.53426 ], [ -88.03448, 15.53401 ], [ -88.03458, 15.53368 ], [ -88.03482, 15.5339 ], [ -88.03508, 15.53417 ], [ -88.03519, 15.53441 ] ] ] } },
{ "type": "Feature", "properties": { "ID_TRAMOMT": 92851, "ID_APOYO1": 113511, "ID_APOYO2": 113530, "SUBESTACION": "BER", "CIRCUITO": "BER206", "SECTOR": "SAN PEDRO SULA", "LATITUDFINAL": 15.53578114, "LATITUDINICIO": 15.53549253, "LONGITUDFINAL": -88.03557529, "LONGITUDINICIO": -88.03543399, "TIPO": "RAMAL", "ID_EQUIPO": 307064, "CIRCUITO_2": "BER206" }, "geometry": { "type": "MultiLineString", "coordinates": [ [ [ -88.03543, 15.53549 ], [ -88.03558, 15.53578 ], [ -88.03573, 15.53611 ] ] ] } },
{ "type": "Feature", "properties": { "ID_TRAMOMT": 316880, "ID_APOYO1": 108754, "ID_APOYO2": 109209, "SUBESTACION": "BER", "CIRCUITO": "BER290", "SECTOR": "SAN PEDRO SULA", "LATITUDFINAL": 15.56846611, "LATITUDINICIO": 15.56805082, "LONGITUDFINAL": -88.03180895, "LONGITUDINICIO": -88.03201576, "TIPO": "RAMAL", "ID_EQUIPO": 306220, "CIRCUITO_2": "BER290" }, "geometry": { "type": "MultiLineString", "coordinates": [ [ [ -88.03311, 15.5673 ], [ -88.03273, 15.56723 ], [ -88.03228, 15.56776 ] ], [ [ -88.03228, 15.56776 ], [ -88.03279, 15.5677 ], [ -88.03325, 15.56777 ], [ -88.03317, 15.56809 ], [ -88.03305, 15.56843 ], [ -88.03305, 15.56843 ] ], [ [ -88.03228, 15.56776 ], [ -88.03202, 15.56805 ], [ -88.03181, 15.56847 ], [ -88.03161, 15.56888 ], [ -88.03189, 15.569 ] ] ] } },
{ "type": "Feature", "properties": { "ID_TRAMOMT": 91986, "ID_APOYO1": 113279, "ID_APOYO2": 113280, "SUBESTACION": "BER", "CIRCUITO": "BER282", "SECTOR": "SAN PEDRO SULA", "LATITUDFINAL": 15.51357494, "LATITUDINICIO": 15.51375586, "LONGITUDFINAL": -88.02892901, "LONGITUDINICIO": -88.02890194, "TIPO": "RAMAL", "ID_EQUIPO": 306210, "CIRCUITO_2": "BER282" }, "geometry": { "type": "MultiLineString", "coordinates": [ [ [ -88.02893, 15.51357 ], [ -88.0289, 15.51376 ], [ -88.02849, 15.51371 ] ] ] } },
{ "type": "Feature", "properties": { "ID_TRAMOMT": 90015, "ID_APOYO1": 108662, "ID_APOYO2": 108692, "SUBESTACION": "BER", "CIRCUITO": "BER290", "SECTOR": "SAN PEDRO SULA", "LATITUDFINAL": 15.5668079, "LATITUDINICIO": 15.56704335, "LONGITUDFINAL": -88.03104904, "LONGITUDINICIO": -88.03095696, "TIPO": "RAMAL", "ID_EQUIPO": 306211, "CIRCUITO_2": "BER290" }, "geometry": { "type": "MultiLineString", "coordinates": [ [ [ -88.03135, 15.56718 ], [ -88.03131, 15.56717 ], [ -88.03096, 15.56704 ], [ -88.03105, 15.56681 ], [ -88.03124, 15.56638 ] ] ] } },
{ "type": "Feature", "properties": { "ID_TRAMOMT": 73008, "ID_APOYO1": 65634, "ID_APOYO2": 65632, "SUBESTACION": "BER", "CIRCUITO": "BER208", "SECTOR": "SAN PEDRO SULA", "LATITUDFINAL": 15.51623337, "LATITUDINICIO": 15.5163687, "LONGITUDFINAL": -88.0229194, "LONGITUDINICIO": -88.02297601, "TIPO": "RAMAL", "ID_EQUIPO": 302740, "CIRCUITO_2": "BER208" }, "geometry": { "type": "MultiLineString", "coordinates": [ [ [ -88.02298, 15.51637 ], [ -88.02292, 15.51623 ], [ -88.02297, 15.51624 ] ] ] } },
{ "type": "Feature", "properties": { "ID_TRAMOMT": 3060798, "ID_APOYO1": 62816, "ID_APOYO2": 6507994, "SUBESTACION": "BER", "CIRCUITO": "BER205", "SECTOR": "SAN PEDRO SULA", "LATITUDFINAL": 15.53368938, "LATITUDINICIO": 15.53387985, "LONGITUDFINAL": -87.94366686, "LONGITUDINICIO": -87.94351854, "TIPO": "RAMAL", "ID_EQUIPO": 2011436, "CIRCUITO_2": "BER205" }, "geometry": { "type": "MultiLineString", "coordinates": [ [ [ -87.94352, 15.53388 ], [ -87.94367, 15.53369 ] ] ] } },
{ "type": "Feature", "properties": { "ID_TRAMOMT": 75861, "ID_APOYO1": 111836, "ID_APOYO2": 111152, "SUBESTACION": "BER", "CIRCUITO": "BER248", "SECTOR": "SAN PEDRO SULA", "LATITUDFINAL": 15.54718578, "LATITUDINICIO": 15.54715879, "LONGITUDFINAL": -88.01095007000001, "LONGITUDINICIO": -88.01092197, "TIPO": "RAMAL", "ID_EQUIPO": 306412, "CIRCUITO_2": "BER248" }, "geometry": { "type": "MultiLineString", "coordinates": [ [ [ -88.01092, 15.54716 ], [ -88.01095, 15.54719 ] ] ] } },
{ "type": "Feature", "properties": { "ID_TRAMOMT": 75773, "ID_APOYO1": 112524, "ID_APOYO2": 112522, "SUBESTACION": "BER", "CIRCUITO": "BER248", "SECTOR": "SAN PEDRO SULA", "LATITUDFINAL": 15.55971017, "LATITUDINICIO": 15.55965624, "LONGITUDFINAL": -88.0256051, "LONGITUDINICIO": -88.02553956, "TIPO": "RAMAL", "ID_EQUIPO": 306339, "CIRCUITO_2": "BER248" }, "geometry": { "type": "MultiLineString", "coordinates": [ [ [ -88.026, 15.55929 ], [ -88.02614, 15.55926 ] ], [ [ -88.026, 15.55929 ], [ -88.02613, 15.55916 ] ], [ [ -88.02561, 15.55971 ], [ -88.02584, 15.55946 ], [ -88.026, 15.55929 ] ], [ [ -88.026, 15.55929 ], [ -88.02587, 15.55902 ], [ -88.02562, 15.55881 ] ], [ [ -88.02522, 15.561 ], [ -88.02542, 15.5608 ], [ -88.02565, 15.56059 ], [ -88.02589, 15.56032 ] ], [ [ -88.02477, 15.5606 ], [ -88.02487, 15.56047 ], [ -88.02512, 15.56024 ], [ -88.02535, 15.55997 ], [ -88.02561, 15.55971 ] ], [ [ -88.02554, 15.55966 ], [ -88.02561, 15.55971 ] ], [ [ -88.02522, 15.561 ], [ -88.02532, 15.56109 ], [ -88.02559, 15.56132 ] ], [ [ -88.02522, 15.561 ], [ -88.02516, 15.56105 ] ], [ [ -88.02477, 15.5606 ], [ -88.02484, 15.56064 ], [ -88.02508, 15.56086 ], [ -88.02522, 15.561 ] ], [ [ -88.02477, 15.5606 ], [ -88.02463, 15.56073 ] ], [ [ -88.02426, 15.56013 ], [ -88.02455, 15.56039 ], [ -88.02477, 15.5606 ] ] ] } },
{ "type": "Feature", "properties": { "ID_TRAMOMT": 73011, "ID_APOYO1": 65837, "ID_APOYO2": 65744, "SUBESTACION": "BER", "CIRCUITO": "BER208", "SECTOR": "SAN PEDRO SULA", "LATITUDFINAL": 15.51574606, "LATITUDINICIO": 15.51576336, "LONGITUDFINAL": -88.02273986, "LONGITUDINICIO": -88.02290776, "TIPO": "RAMAL", "ID_EQUIPO": 302745, "CIRCUITO_2": "BER208" }, "geometry": { "type": "MultiLineString", "coordinates": [ [ [ -88.02291, 15.51576 ], [ -88.02274, 15.51575 ] ] ] } },
{ "type": "Feature", "properties": { "ID_TRAMOMT": 96011, "ID_APOYO1": 125732, "ID_APOYO2": 125800, "SUBESTACION": "BER", "CIRCUITO": "BER288", "SECTOR": "SAN PEDRO SULA", "LATITUDFINAL": 15.51299646, "LATITUDINICIO": 15.51265386, "LONGITUDFINAL": -88.02818799000001, "LONGITUDINICIO": -88.02822117, "TIPO": "TRONCAL", "ID_EQUIPO": 307705, "CIRCUITO_2": "BER288" }, "geometry": { "type": "MultiLineString", "coordinates": [ [ [ -88.02814, 15.51332 ], [ -88.02849, 15.51333 ] ], [ [ -88.02836, 15.51175 ], [ -88.02832, 15.51203 ], [ -88.02829, 15.51221 ], [ -88.02829, 15.51226 ], [ -88.02822, 15.51265 ], [ -88.02819, 15.513 ], [ -88.02814, 15.51332 ] ], [ [ -88.02814, 15.51332 ], [ -88.02792, 15.5133 ], [ -88.02762, 15.51327 ], [ -88.02759, 15.51327 ] ] ] } },
{ "type": "Feature", "properties": { "ID_TRAMOMT": 70939, "ID_APOYO1": 61339, "ID_APOYO2": 61777, "SUBESTACION": "BER", "CIRCUITO": "BER205", "SECTOR": "SAN PEDRO SULA", "LATITUDFINAL": 15.52800129, "LATITUDINICIO": 15.52818111, "LONGITUDFINAL": -87.96298806, "LONGITUDINICIO": -87.96321267, "TIPO": "RAMAL", "ID_EQUIPO": 306524, "CIRCUITO_2": "BER205" }, "geometry": { "type": "MultiLineString", "coordinates": [ [ [ -87.9642, 15.52814 ], [ -87.96433, 15.52794 ] ], [ [ -87.9642, 15.52814 ], [ -87.96398, 15.52847 ], [ -87.96365, 15.52832 ], [ -87.96321, 15.52818 ], [ -87.96299, 15.528 ], [ -87.96244, 15.5278 ], [ -87.962, 15.52767 ], [ -87.96158, 15.52755 ] ], [ [ -87.9642, 15.52814 ], [ -87.96404, 15.52803 ], [ -87.964, 15.528 ] ] ] } },
{ "type": "Feature", "properties": { "ID_TRAMOMT": 92085, "ID_APOYO1": 115018, "ID_APOYO2": 113895, "SUBESTACION": "BER", "CIRCUITO": "BER206", "SECTOR": "SAN PEDRO SULA", "LATITUDFINAL": 15.53563201, "LATITUDINICIO": 15.53563791, "LONGITUDFINAL": -88.03366383, "LONGITUDINICIO": -88.03334613, "TIPO": "RAMAL", "ID_EQUIPO": 307069, "CIRCUITO_2": "BER206" }, "geometry": { "type": "MultiLineString", "coordinates": [ [ [ -88.03281, 15.53561 ], [ -88.03304, 15.53565 ], [ -88.03335, 15.53564 ], [ -88.03366, 15.53563 ] ] ] } },
{ "type": "Feature", "properties": { "ID_TRAMOMT": 70933, "ID_APOYO1": 61718, "ID_APOYO2": 61719, "SUBESTACION": "BER", "CIRCUITO": "BER205", "SECTOR": "SAN PEDRO SULA", "LATITUDFINAL": 15.52890647, "LATITUDINICIO": 15.52910371, "LONGITUDFINAL": -87.96478245, "LONGITUDINICIO": -87.96515633, "TIPO": "RAMAL", "ID_EQUIPO": 306522, "CIRCUITO_2": "BER205" }, "geometry": { "type": "MultiLineString", "coordinates": [ [ [ -87.96483, 15.52942 ], [ -87.96516, 15.5291 ], [ -87.96478, 15.52891 ], [ -87.96433, 15.52867 ], [ -87.96398, 15.52847 ] ] ] } },
{ "type": "Feature", "properties": { "ID_TRAMOMT": 70945, "ID_APOYO1": 61716, "ID_APOYO2": 63323, "SUBESTACION": "BER", "CIRCUITO": "BER205", "SECTOR": "SAN PEDRO SULA", "LATITUDFINAL": 15.5282169, "LATITUDINICIO": 15.5283574, "LONGITUDFINAL": -87.96506977, "LONGITUDINICIO": -87.96532735, "TIPO": "RAMAL", "ID_EQUIPO": 306521, "CIRCUITO_2": "BER205" }, "geometry": { "type": "MultiLineString", "coordinates": [ [ [ -87.96516, 15.5291 ], [ -87.96547, 15.52874 ], [ -87.96567, 15.52853 ], [ -87.96533, 15.52836 ], [ -87.96507, 15.52822 ] ] ] } },
{ "type": "Feature", "properties": { "ID_TRAMOMT": 3058233, "ID_APOYO1": 65992, "ID_APOYO2": 65696, "SUBESTACION": "BER", "CIRCUITO": "BER208", "SECTOR": "SAN PEDRO SULA", "LATITUDFINAL": 15.51143342, "LATITUDINICIO": 15.51135137, "LONGITUDFINAL": -88.02290508, "LONGITUDINICIO": -88.02305384, "TIPO": "RAMAL", "ID_EQUIPO": 2010773, "CIRCUITO_2": "BER208" }, "geometry": { "type": "MultiLineString", "coordinates": [ [ [ -88.02305, 15.51135 ], [ -88.02291, 15.51143 ] ] ] } },
{ "type": "Feature", "properties": { "ID_TRAMOMT": 72420, "ID_APOYO1": 64617, "ID_APOYO2": 64601, "SUBESTACION": "BER", "CIRCUITO": "BER207", "SECTOR": "SAN PEDRO SULA", "LATITUDFINAL": 15.52071695, "LATITUDINICIO": 15.52113323, "LONGITUDFINAL": -88.01312394, "LONGITUDINICIO": -88.01302341, "TIPO": "TRONCAL", "ID_EQUIPO": 306382, "CIRCUITO_2": "BER207" }, "geometry": { "type": "MultiLineString", "coordinates": [ [ [ -88.01302, 15.52113 ], [ -88.01312, 15.52072 ], [ -88.01319, 15.52041 ], [ -88.01325, 15.52011 ], [ -88.0133, 15.51991 ] ] ] } },
{ "type": "Feature", "properties": { "ID_TRAMOMT": 3060649, "ID_APOYO1": 6508164, "ID_APOYO2": 6508182, "SUBESTACION": "BER", "CIRCUITO": "BER205", "SECTOR": "SAN PEDRO SULA", "LATITUDFINAL": 15.51660977, "LATITUDINICIO": 15.51708751, "LONGITUDFINAL": -87.99794427, "LONGITUDINICIO": -87.99824491, "TIPO": "RAMAL", "ID_EQUIPO": 302386, "CIRCUITO_2": "BER205" }, "geometry": { "type": "MultiLineString", "coordinates": [ [ [ -88.00047, 15.52034 ], [ -88.00025, 15.5195 ], [ -87.99987, 15.51894 ] ], [ [ -87.99983, 15.519 ], [ -87.99987, 15.51894 ] ], [ [ -87.99987, 15.51894 ], [ -87.99965, 15.51846 ], [ -87.99939, 15.51813 ], [ -87.99913, 15.5179 ] ], [ [ -87.99892, 15.51814 ], [ -87.99913, 15.5179 ] ], [ [ -87.99913, 15.5179 ], [ -87.99885, 15.51761 ], [ -87.99851, 15.51735 ], [ -87.99824, 15.51709 ], [ -87.99794, 15.51661 ], [ -87.99751, 15.5164 ] ], [ [ -87.99753, 15.51639 ], [ -87.99751, 15.5164 ] ], [ [ -87.99748, 15.51666 ], [ -87.99751, 15.5164 ] ] ] } },
{ "type": "Feature", "properties": { "ID_TRAMOMT": 90804, "ID_APOYO1": 112486, "ID_APOYO2": 112484, "SUBESTACION": "BER", "CIRCUITO": "BER248", "SECTOR": "SAN PEDRO SULA", "LATITUDFINAL": 15.55886582, "LATITUDINICIO": 15.5591563, "LONGITUDFINAL": -88.02639355, "LONGITUDINICIO": -88.02613389, "TIPO": "RAMAL", "ID_EQUIPO": 306331, "CIRCUITO_2": "BER248" }, "geometry": { "type": "MultiLineString", "coordinates": [ [ [ -88.02613, 15.55916 ], [ -88.02639, 15.55887 ] ] ] } },
{ "type": "Feature", "properties": { "ID_TRAMOMT": 89324, "ID_APOYO1": 108602, "ID_APOYO2": 108613, "SUBESTACION": "BER", "CIRCUITO": "BER290", "SECTOR": "SAN PEDRO SULA", "LATITUDFINAL": 15.54974889, "LATITUDINICIO": 15.54978641, "LONGITUDFINAL": -88.03328594, "LONGITUDINICIO": -88.03299706, "TIPO": "RAMAL", "ID_EQUIPO": 306131, "CIRCUITO_2": "BER290" }, "geometry": { "type": "MultiLineString", "coordinates": [ [ [ -88.03462, 15.54797 ], [ -88.03489, 15.5482 ], [ -88.03494, 15.5485 ], [ -88.03489, 15.5489 ] ], [ [ -88.03477, 15.54781 ], [ -88.03465, 15.54794 ], [ -88.03462, 15.54797 ] ], [ [ -88.03462, 15.54797 ], [ -88.03447, 15.54813 ], [ -88.03428, 15.54833 ], [ -88.03409, 15.54847 ], [ -88.03383, 15.54866 ], [ -88.03353, 15.54889 ], [ -88.03335, 15.54903 ], [ -88.03317, 15.54918 ], [ -88.03292, 15.54938 ] ], [ [ -88.03462, 15.54797 ], [ -88.03448, 15.54784 ], [ -88.03432, 15.54763 ] ], [ [ -88.033, 15.54979 ], [ -88.03329, 15.54975 ] ], [ [ -88.03226, 15.55001 ], [ -88.03264, 15.54999 ], [ -88.033, 15.54979 ] ], [ [ -88.03292, 15.54938 ], [ -88.03286, 15.54951 ], [ -88.033, 15.54979 ] ], [ [ -88.03292, 15.54938 ], [ -88.0328, 15.54922 ] ] ] } },
{ "type": "Feature", "properties": { "ID_TRAMOMT": 70028, "ID_APOYO1": 61215, "ID_APOYO2": 63123, "SUBESTACION": "BER", "CIRCUITO": "BER205", "SECTOR": "SAN PEDRO SULA", "LATITUDFINAL": 15.51506874, "LATITUDINICIO": 15.51482606, "LONGITUDFINAL": -87.99689266, "LONGITUDINICIO": -87.99658383000001, "TIPO": "RAMAL", "ID_EQUIPO": 302383, "CIRCUITO_2": "BER205" }, "geometry": { "type": "MultiLineString", "coordinates": [ [ [ -87.99658, 15.51483 ], [ -87.99689, 15.51507 ], [ -87.99726, 15.51551 ], [ -87.99761, 15.51592 ] ] ] } },
{ "type": "Feature", "properties": { "ID_TRAMOMT": 73023, "ID_APOYO1": 65762, "ID_APOYO2": 65820, "SUBESTACION": "BER", "CIRCUITO": "BER208", "SECTOR": "SAN PEDRO SULA", "LATITUDFINAL": 15.51503416, "LATITUDINICIO": 15.51539617, "LONGITUDFINAL": -88.02030301000001, "LONGITUDINICIO": -88.02021156000001, "TIPO": "RAMAL", "ID_EQUIPO": 302757, "CIRCUITO_2": "BER208" }, "geometry": { "type": "MultiLineString", "coordinates": [ [ [ -88.02006, 15.51551 ], [ -88.02018, 15.51553 ], [ -88.02021, 15.5154 ], [ -88.0203, 15.51503 ], [ -88.02035, 15.51475 ], [ -88.02043, 15.51443 ], [ -88.02049, 15.51416 ], [ -88.02055, 15.51383 ], [ -88.02059, 15.5136 ], [ -88.02064, 15.51332 ] ] ] } },
{ "type": "Feature", "properties": { "ID_TRAMOMT": 373558, "ID_APOYO1": 65547, "ID_APOYO2": 65548, "SUBESTACION": "BER", "CIRCUITO": "BER208", "SECTOR": "SAN PEDRO SULA", "LATITUDFINAL": 15.50885135, "LATITUDINICIO": 15.50888751, "LONGITUDFINAL": -88.02220247, "LONGITUDINICIO": -88.02220265, "TIPO": "RAMAL", "ID_EQUIPO": 311898, "CIRCUITO_2": "BER208" }, "geometry": { "type": "MultiLineString", "coordinates": [ [ [ -88.0222, 15.50889 ], [ -88.0222, 15.50885 ] ] ] } },
{ "type": "Feature", "properties": { "ID_TRAMOMT": 95930, "ID_APOYO1": 126066, "ID_APOYO2": 126065, "SUBESTACION": "BER", "CIRCUITO": "BER288", "SECTOR": "SAN PEDRO SULA", "LATITUDFINAL": 15.5092098, "LATITUDINICIO": 15.50891133, "LONGITUDFINAL": -88.02872093000001, "LONGITUDINICIO": -88.02875674000001, "TIPO": "TRONCAL", "ID_EQUIPO": 307721, "CIRCUITO_2": "BER288" }, "geometry": { "type": "MultiLineString", "coordinates": [ [ [ -88.02903, 15.50733 ], [ -88.02896, 15.50767 ], [ -88.02895, 15.50771 ], [ -88.02889, 15.50803 ], [ -88.02889, 15.50808 ], [ -88.02886, 15.50835 ], [ -88.02881, 15.50864 ], [ -88.02876, 15.50891 ], [ -88.02872, 15.50921 ] ] ] } },
{ "type": "Feature", "properties": { "ID_TRAMOMT": 75803, "ID_APOYO1": 112377, "ID_APOYO2": 112053, "SUBESTACION": "BER", "CIRCUITO": "BER248", "SECTOR": "SAN PEDRO SULA", "LATITUDFINAL": 15.55827965, "LATITUDINICIO": 15.55863318, "LONGITUDFINAL": -88.02220368, "LONGITUDINICIO": -88.02199095, "TIPO": "RAMAL", "ID_EQUIPO": 306289, "CIRCUITO_2": "BER248" }, "geometry": { "type": "MultiLineString", "coordinates": [ [ [ -88.02328, 15.55715 ], [ -88.02345, 15.5573 ] ], [ [ -88.02328, 15.55715 ], [ -88.0234, 15.55702 ] ], [ [ -88.02199, 15.55863 ], [ -88.0222, 15.55828 ], [ -88.02253, 15.55795 ], [ -88.02283, 15.55763 ], [ -88.02313, 15.55732 ], [ -88.02324, 15.55721 ], [ -88.02328, 15.55715 ] ], [ [ -88.02328, 15.55715 ], [ -88.02319, 15.55706 ], [ -88.02291, 15.55681 ], [ -88.02259, 15.55652 ] ] ] } },
{ "type": "Feature", "properties": { "ID_TRAMOMT": 73017, "ID_APOYO1": 65826, "ID_APOYO2": 65817, "SUBESTACION": "BER", "CIRCUITO": "BER208", "SECTOR": "SAN PEDRO SULA", "LATITUDFINAL": 15.51560859, "LATITUDINICIO": 15.51563437, "LONGITUDFINAL": -88.02119153, "LONGITUDINICIO": -88.02148068, "TIPO": "RAMAL", "ID_EQUIPO": 302749, "CIRCUITO_2": "BER208" }, "geometry": { "type": "MultiLineString", "coordinates": [ [ [ -88.02239, 15.51572 ], [ -88.02208, 15.51569 ], [ -88.0218, 15.51567 ], [ -88.02165, 15.51565 ] ], [ [ -88.02165, 15.51565 ], [ -88.02166, 15.51556 ], [ -88.02169, 15.51524 ], [ -88.02173, 15.51491 ] ], [ [ -88.02149, 15.51749 ], [ -88.02153, 15.51723 ], [ -88.02154, 15.51686 ], [ -88.02158, 15.51645 ], [ -88.02162, 15.51609 ], [ -88.02165, 15.51565 ] ], [ [ -88.02165, 15.51565 ], [ -88.02148, 15.51563 ], [ -88.02119, 15.51561 ], [ -88.02086, 15.51557 ], [ -88.02044, 15.51554 ], [ -88.02018, 15.51553 ] ] ] } },
{ "type": "Feature", "properties": { "ID_TRAMOMT": 75818, "ID_APOYO1": 112075, "ID_APOYO2": 109240, "SUBESTACION": "BER", "CIRCUITO": "BER248", "SECTOR": "SAN PEDRO SULA", "LATITUDFINAL": 15.55740258, "LATITUDINICIO": 15.55756611, "LONGITUDFINAL": -88.0222553, "LONGITUDINICIO": -88.02207893000001, "TIPO": "RAMAL", "ID_EQUIPO": 306288, "CIRCUITO_2": "BER248" }, "geometry": { "type": "MultiLineString", "coordinates": [ [ [ -88.02244, 15.55718 ], [ -88.02269, 15.55693 ] ], [ [ -88.02226, 15.5574 ], [ -88.02244, 15.55718 ] ], [ [ -88.02244, 15.55718 ], [ -88.02219, 15.55696 ], [ -88.02185, 15.55665 ] ], [ [ -88.02193, 15.55772 ], [ -88.02208, 15.55757 ], [ -88.02226, 15.5574 ] ], [ [ -88.02216, 15.55732 ], [ -88.02226, 15.5574 ] ], [ [ -88.02142, 15.55829 ], [ -88.02151, 15.55816 ], [ -88.02168, 15.55798 ], [ -88.02193, 15.55772 ] ], [ [ -88.02193, 15.55772 ], [ -88.02169, 15.5575 ], [ -88.02135, 15.5572 ], [ -88.02101, 15.55689 ], [ -88.02081, 15.55671 ] ], [ [ -88.02173, 15.55858 ], [ -88.02155, 15.55841 ], [ -88.02142, 15.55829 ] ], [ [ -88.02142, 15.55829 ], [ -88.02136, 15.55832 ] ], [ [ -88.02142, 15.55829 ], [ -88.02135, 15.55823 ] ], [ [ -88.02081, 15.55671 ], [ -88.02099, 15.55652 ], [ -88.02121, 15.55629 ] ], [ [ -88.02081, 15.55671 ], [ -88.02054, 15.55648 ], [ -88.02043, 15.55638 ] ] ] } },
{ "type": "Feature", "properties": { "ID_TRAMOMT": 70391, "ID_APOYO1": 61793, "ID_APOYO2": 62607, "SUBESTACION": "BER", "CIRCUITO": "BER205", "SECTOR": "SAN PEDRO SULA", "LATITUDFINAL": 15.52948871, "LATITUDINICIO": 15.52942152, "LONGITUDFINAL": -87.96511682000001, "LONGITUDINICIO": -87.96483147, "TIPO": "RAMAL", "ID_EQUIPO": 306536, "CIRCUITO_2": "BER205" }, "geometry": { "type": "MultiLineString", "coordinates": [ [ [ -87.96544, 15.5298 ], [ -87.96512, 15.52949 ], [ -87.96483, 15.52942 ], [ -87.9645, 15.52962 ], [ -87.96413, 15.5298 ] ] ] } },
{ "type": "Feature", "properties": { "ID_TRAMOMT": 70031, "ID_APOYO1": 63125, "ID_APOYO2": 63126, "SUBESTACION": "BER", "CIRCUITO": "BER205", "SECTOR": "SAN PEDRO SULA", "LATITUDFINAL": 15.51638382, "LATITUDINICIO": 15.51592429, "LONGITUDFINAL": -87.99793386, "LONGITUDINICIO": -87.99760534000001, "TIPO": "RAMAL", "ID_EQUIPO": 2020473, "CIRCUITO_2": "BER205" }, "geometry": { "type": "MultiLineString", "coordinates": [ [ [ -87.99753, 15.51639 ], [ -87.99761, 15.51592 ], [ -87.99793, 15.51638 ], [ -87.9982, 15.51672 ] ] ] } },
{ "type": "Feature", "properties": { "ID_TRAMOMT": 72780, "ID_APOYO1": 65691, "ID_APOYO2": 65824, "SUBESTACION": "BER", "CIRCUITO": "BER208", "SECTOR": "SAN PEDRO SULA", "LATITUDFINAL": 15.51748744, "LATITUDINICIO": 15.5176774, "LONGITUDFINAL": -88.0214898, "LONGITUDINICIO": -88.02146276000001, "TIPO": "RAMAL", "ID_EQUIPO": 302773, "CIRCUITO_2": "BER208" }, "geometry": { "type": "MultiLineString", "coordinates": [ [ [ -88.02146, 15.51768 ], [ -88.02149, 15.51749 ], [ -88.02135, 15.51749 ] ] ] } },
{ "type": "Feature", "properties": { "ID_TRAMOMT": 3110561, "ID_APOYO1": 61715, "ID_APOYO2": 61610, "SUBESTACION": "BER", "CIRCUITO": "BER205", "SECTOR": "SAN PEDRO SULA", "LATITUDFINAL": 15.5226401, "LATITUDINICIO": 15.52295174, "LONGITUDFINAL": -87.96106116, "LONGITUDINICIO": -87.96215347, "TIPO": "RAMAL", "ID_EQUIPO": 2025600, "CIRCUITO_2": "BER205" }, "geometry": { "type": "MultiLineString", "coordinates": [ [ [ -87.96256, 15.52438 ], [ -87.96242, 15.52479 ] ], [ [ -87.96242, 15.52479 ], [ -87.96235, 15.52503 ], [ -87.96226, 15.52526 ], [ -87.96217, 15.52552 ], [ -87.96209, 15.52578 ], [ -87.96203, 15.52598 ], [ -87.96194, 15.52618 ] ], [ [ -87.96242, 15.52479 ], [ -87.96215, 15.52472 ], [ -87.96187, 15.52464 ], [ -87.96164, 15.52456 ], [ -87.96171, 15.52435 ], [ -87.96177, 15.52415 ], [ -87.96183, 15.52396 ], [ -87.9619, 15.52375 ], [ -87.96203, 15.52335 ], [ -87.96215, 15.52295 ] ], [ [ -87.96215, 15.52295 ], [ -87.96224, 15.52273 ] ], [ [ -87.96215, 15.52295 ], [ -87.96106, 15.52264 ], [ -87.96063, 15.52271 ], [ -87.9603, 15.5225 ] ], [ [ -87.96215, 15.52623 ], [ -87.96194, 15.52618 ] ], [ [ -87.96194, 15.52618 ], [ -87.96194, 15.52622 ] ], [ [ -87.96194, 15.52618 ], [ -87.96168, 15.52609 ] ] ] } },
{ "type": "Feature", "properties": { "ID_TRAMOMT": 73123, "ID_APOYO1": 66133, "ID_APOYO2": 66134, "SUBESTACION": "BER", "CIRCUITO": "BER208", "SECTOR": "SAN PEDRO SULA", "LATITUDFINAL": 15.50575151, "LATITUDINICIO": 15.50583919, "LONGITUDFINAL": -88.02399583, "LONGITUDINICIO": -88.02403075, "TIPO": "RAMAL", "ID_EQUIPO": 306775, "CIRCUITO_2": "BER208" }, "geometry": { "type": "MultiLineString", "coordinates": [ [ [ -88.02403, 15.50584 ], [ -88.024, 15.50575 ] ] ] } },
{ "type": "Feature", "properties": { "ID_TRAMOMT": 72789, "ID_APOYO1": 65867, "ID_APOYO2": 65728, "SUBESTACION": "BER", "CIRCUITO": "BER208", "SECTOR": "SAN PEDRO SULA", "LATITUDFINAL": 15.51434032, "LATITUDINICIO": 15.51459351, "LONGITUDFINAL": -88.02178198, "LONGITUDINICIO": -88.02176458, "TIPO": "RAMAL", "ID_EQUIPO": 302776, "CIRCUITO_2": "BER208" }, "geometry": { "type": "MultiLineString", "coordinates": [ [ [ -88.02146, 15.51489 ], [ -88.02173, 15.51491 ], [ -88.02176, 15.51459 ], [ -88.02178, 15.51434 ] ] ] } },
{ "type": "Feature", "properties": { "ID_TRAMOMT": 3058257, "ID_APOYO1": 65607, "ID_APOYO2": 6496128, "SUBESTACION": "BER", "CIRCUITO": "BER208", "SECTOR": "SAN PEDRO SULA", "LATITUDFINAL": 15.50784871, "LATITUDINICIO": 15.50758564, "LONGITUDFINAL": -88.0241717, "LONGITUDINICIO": -88.02419133, "TIPO": "RAMAL", "ID_EQUIPO": 2010784, "CIRCUITO_2": "BER208" }, "geometry": { "type": "MultiLineString", "coordinates": [ [ [ -88.02419, 15.50759 ], [ -88.02417, 15.50785 ], [ -88.02429, 15.50785 ] ] ] } },
{ "type": "Feature", "properties": { "ID_TRAMOMT": 75785, "ID_APOYO1": 112396, "ID_APOYO2": 112394, "SUBESTACION": "BER", "CIRCUITO": "BER248", "SECTOR": "SAN PEDRO SULA", "LATITUDFINAL": 15.55986425, "LATITUDINICIO": 15.56014586, "LONGITUDFINAL": -88.02357298, "LONGITUDINICIO": -88.02327596000001, "TIPO": "RAMAL", "ID_EQUIPO": 306302, "CIRCUITO_2": "BER248" }, "geometry": { "type": "MultiLineString", "coordinates": [ [ [ -88.02301, 15.56044 ], [ -88.02328, 15.56015 ], [ -88.02357, 15.55986 ] ] ] } },
{ "type": "Feature", "properties": { "ID_TRAMOMT": 70967, "ID_APOYO1": 61240, "ID_APOYO2": 61242, "SUBESTACION": "BER", "CIRCUITO": "BER205", "SECTOR": "SAN PEDRO SULA", "LATITUDFINAL": 15.52293437, "LATITUDINICIO": 15.52306061, "LONGITUDFINAL": -87.96819511, "LONGITUDINICIO": -87.96869897000001, "TIPO": "RAMAL", "ID_EQUIPO": 2020490, "CIRCUITO_2": "BER205" }, "geometry": { "type": "MultiLineString", "coordinates": [ [ [ -87.96968, 15.52084 ], [ -87.96917, 15.52074 ], [ -87.96879, 15.52064 ] ], [ [ -87.96954, 15.52317 ], [ -87.9691, 15.52311 ], [ -87.9687, 15.52306 ] ], [ [ -87.9687, 15.52306 ], [ -87.96868, 15.52299 ], [ -87.96874, 15.52231 ], [ -87.96879, 15.52148 ], [ -87.96879, 15.52064 ] ], [ [ -87.96879, 15.52064 ], [ -87.96878, 15.5197 ], [ -87.96878, 15.51899 ], [ -87.9688, 15.51802 ], [ -87.96798, 15.51774 ], [ -87.96799, 15.51742 ], [ -87.96801, 15.51704 ], [ -87.96721, 15.51681 ] ], [ [ -87.9687, 15.52306 ], [ -87.9682, 15.52293 ], [ -87.96775, 15.52277 ], [ -87.96734, 15.52264 ], [ -87.96688, 15.52248 ], [ -87.96665, 15.52245 ], [ -87.96632, 15.52234 ], [ -87.96599, 15.52228 ], [ -87.96609, 15.52192 ], [ -87.96626, 15.52144 ], [ -87.96638, 15.52101 ], [ -87.96649, 15.5206 ], [ -87.96663, 15.52022 ], [ -87.96611, 15.52006 ] ] ] } },
{ "type": "Feature", "properties": { "ID_TRAMOMT": 71071, "ID_APOYO1": 63639, "ID_APOYO2": 63640, "SUBESTACION": "BER", "CIRCUITO": "BER247", "SECTOR": "SAN PEDRO SULA", "LATITUDFINAL": 15.52721849, "LATITUDINICIO": 15.52708255, "LONGITUDFINAL": -88.01660545, "LONGITUDINICIO": -88.01667938, "TIPO": "RAMAL", "ID_EQUIPO": 302427, "CIRCUITO_2": "BER247" }, "geometry": { "type": "MultiLineString", "coordinates": [ [ [ -88.01668, 15.52708 ], [ -88.01661, 15.52722 ] ] ] } },
{ "type": "Feature", "properties": { "ID_TRAMOMT": 71391, "ID_APOYO1": 64735, "ID_APOYO2": 64734, "SUBESTACION": "BER", "CIRCUITO": "BER207", "SECTOR": "SAN PEDRO SULA", "LATITUDFINAL": 15.52526148, "LATITUDINICIO": 15.52522618, "LONGITUDFINAL": -88.01167299, "LONGITUDINICIO": -88.01148634, "TIPO": "RAMAL", "ID_EQUIPO": 2011027, "CIRCUITO_2": "BER207" }, "geometry": { "type": "MultiLineString", "coordinates": [ [ [ -88.01119, 15.52516 ], [ -88.01149, 15.52523 ], [ -88.01167, 15.52526 ] ] ] } },
{ "type": "Feature", "properties": { "ID_TRAMOMT": 72707, "ID_APOYO1": 65960, "ID_APOYO2": 65889, "SUBESTACION": "BER", "CIRCUITO": "BER208", "SECTOR": "SAN PEDRO SULA", "LATITUDFINAL": 15.51893717, "LATITUDINICIO": 15.51890278, "LONGITUDFINAL": -88.02270896, "LONGITUDINICIO": -88.02232654, "TIPO": "RAMAL", "ID_EQUIPO": 302667, "CIRCUITO_2": "BER208" }, "geometry": { "type": "MultiLineString", "coordinates": [ [ [ -88.02271, 15.51894 ], [ -88.02318, 15.51897 ] ], [ [ -88.02271, 15.51894 ], [ -88.02281, 15.51906 ] ], [ [ -88.02194, 15.51887 ], [ -88.02213, 15.51889 ], [ -88.02233, 15.5189 ], [ -88.02271, 15.51894 ] ] ] } },
{ "type": "Feature", "properties": { "ID_TRAMOMT": 3090538, "ID_APOYO1": 6627845, "ID_APOYO2": 6628032, "SUBESTACION": "BER", "CIRCUITO": "BER290", "SECTOR": "SAN PEDRO SULA", "LATITUDFINAL": 15.54673503, "LATITUDINICIO": 15.5467189, "LONGITUDFINAL": -88.03359715000001, "LONGITUDINICIO": -88.03358339, "TIPO": "RAMAL", "ID_EQUIPO": 2019776, "CIRCUITO_2": "BER290" }, "geometry": { "type": "MultiLineString", "coordinates": [ [ [ -88.03358, 15.54672 ], [ -88.0336, 15.54674 ] ] ] } },
{ "type": "Feature", "properties": { "ID_TRAMOMT": 3042553, "ID_APOYO1": 6306939, "ID_APOYO2": 108653, "SUBESTACION": "BER", "CIRCUITO": "BER290", "SECTOR": "SAN PEDRO SULA", "LATITUDFINAL": 15.54778555, "LATITUDINICIO": 15.54794492, "LONGITUDFINAL": -88.03558865, "LONGITUDINICIO": -88.03539296, "TIPO": "RAMAL", "ID_EQUIPO": 306155, "CIRCUITO_2": "BER290" }, "geometry": { "type": "MultiLineString", "coordinates": [ [ [ -88.03559, 15.54779 ], [ -88.03576, 15.54766 ] ], [ [ -88.03516, 15.5481 ], [ -88.03539, 15.54794 ], [ -88.03559, 15.54779 ] ], [ [ -88.03559, 15.54779 ], [ -88.03549, 15.54767 ] ] ] } },
{ "type": "Feature", "properties": { "ID_TRAMOMT": 92757, "ID_APOYO1": 113946, "ID_APOYO2": 113519, "SUBESTACION": "BER", "CIRCUITO": "BER206", "SECTOR": "SAN PEDRO SULA", "LATITUDFINAL": 15.5401502, "LATITUDINICIO": 15.53991448, "LONGITUDFINAL": -88.02331706, "LONGITUDINICIO": -88.02346509, "TIPO": "RAMAL", "ID_EQUIPO": 2012032, "CIRCUITO_2": "BER206" }, "geometry": { "type": "MultiLineString", "coordinates": [ [ [ -88.02287, 15.53853 ], [ -88.02285, 15.53939 ] ], [ [ -88.02285, 15.53939 ], [ -88.02322, 15.53952 ], [ -88.02369, 15.53962 ], [ -88.02347, 15.53991 ], [ -88.02332, 15.54015 ], [ -88.02313, 15.5404 ], [ -88.02296, 15.54066 ], [ -88.0228, 15.54088 ] ], [ [ -88.022, 15.53901 ], [ -88.02236, 15.5392 ], [ -88.02271, 15.53934 ], [ -88.02285, 15.53939 ] ] ] } },
{ "type": "Feature", "properties": { "ID_TRAMOMT": 92425, "ID_APOYO1": 113590, "ID_APOYO2": 113659, "SUBESTACION": "BER", "CIRCUITO": "BER282", "SECTOR": "SAN PEDRO SULA", "LATITUDFINAL": 15.53786874, "LATITUDINICIO": 15.53752533, "LONGITUDFINAL": -88.02407038, "LONGITUDINICIO": -88.02405004000001, "TIPO": "RAMAL", "ID_EQUIPO": 307290, "CIRCUITO_2": "BER282" }, "geometry": { "type": "MultiLineString", "coordinates": [ [ [ -88.02405, 15.53753 ], [ -88.02407, 15.53787 ], [ -88.02408, 15.53815 ], [ -88.02408, 15.53838 ], [ -88.02388, 15.53835 ], [ -88.02368, 15.53832 ], [ -88.02345, 15.53822 ], [ -88.02334, 15.5381 ], [ -88.02345, 15.53797 ] ] ] } },
{ "type": "Feature", "properties": { "ID_TRAMOMT": 89347, "ID_APOYO1": 108750, "ID_APOYO2": 108760, "SUBESTACION": "BER", "CIRCUITO": "BER290", "SECTOR": "SAN PEDRO SULA", "LATITUDFINAL": 15.54850366, "LATITUDINICIO": 15.54863021, "LONGITUDFINAL": -88.03666457, "LONGITUDINICIO": -88.0366652, "TIPO": "RAMAL", "ID_EQUIPO": 306159, "CIRCUITO_2": "BER290" }, "geometry": { "type": "MultiLineString", "coordinates": [ [ [ -88.03667, 15.54863 ], [ -88.03685, 15.54864 ] ], [ [ -88.03667, 15.54863 ], [ -88.03666, 15.5485 ] ], [ [ -88.03558, 15.54861 ], [ -88.03589, 15.54859 ], [ -88.03648, 15.54861 ], [ -88.03667, 15.54863 ] ] ] } },
{ "type": "Feature", "properties": { "ID_TRAMOMT": 89311, "ID_APOYO1": 108521, "ID_APOYO2": 108522, "SUBESTACION": "BER", "CIRCUITO": "BER290", "SECTOR": "SAN PEDRO SULA", "LATITUDFINAL": 15.54836514, "LATITUDINICIO": 15.5481561, "LONGITUDFINAL": -88.03343756, "LONGITUDINICIO": -88.03367895, "TIPO": "RAMAL", "ID_EQUIPO": 306145, "CIRCUITO_2": "BER290" }, "geometry": { "type": "MultiLineString", "coordinates": [ [ [ -88.03432, 15.54763 ], [ -88.03396, 15.54792 ] ], [ [ -88.03396, 15.54792 ], [ -88.03368, 15.54816 ], [ -88.03344, 15.54837 ], [ -88.03311, 15.54857 ], [ -88.03294, 15.5486 ] ], [ [ -88.03396, 15.54792 ], [ -88.03379, 15.5477 ], [ -88.03357, 15.54743 ], [ -88.03341, 15.54723 ], [ -88.03313, 15.54744 ] ] ] } },
{ "type": "Feature", "properties": { "ID_TRAMOMT": 70805, "ID_APOYO1": 61723, "ID_APOYO2": 61724, "SUBESTACION": "BER", "CIRCUITO": "BER205", "SECTOR": "SAN PEDRO SULA", "LATITUDFINAL": 15.53336949, "LATITUDINICIO": 15.53372332, "LONGITUDFINAL": -87.92312424000001, "LONGITUDINICIO": -87.92281812, "TIPO": "RAMAL", "ID_EQUIPO": 307333, "CIRCUITO_2": "BER205" }, "geometry": { "type": "MultiLineString", "coordinates": [ [ [ -87.92202, 15.53339 ], [ -87.92241, 15.53366 ], [ -87.92282, 15.53372 ], [ -87.92312, 15.53337 ], [ -87.92342, 15.53304 ], [ -87.9237, 15.53275 ], [ -87.9241, 15.53303 ], [ -87.92444, 15.53333 ], [ -87.92464, 15.53351 ] ] ] } },
{ "type": "Feature", "properties": { "ID_TRAMOMT": 3061297, "ID_APOYO1": 112792, "ID_APOYO2": 6511844, "SUBESTACION": "BER", "CIRCUITO": "BER282", "SECTOR": "SAN PEDRO SULA", "LATITUDFINAL": 15.51447709, "LATITUDINICIO": 15.51449231, "LONGITUDFINAL": -88.02971588, "LONGITUDINICIO": -88.02993113, "TIPO": "RAMAL", "ID_EQUIPO": 21492, "CIRCUITO_2": "BER282" }, "geometry": { "type": "MultiLineString", "coordinates": [ [ [ -88.02993, 15.51449 ], [ -88.02972, 15.51448 ], [ -88.02941, 15.51445 ], [ -88.02929, 15.51459 ] ] ] } },
{ "type": "Feature", "properties": { "ID_TRAMOMT": 73137, "ID_APOYO1": 65551, "ID_APOYO2": 65552, "SUBESTACION": "BER", "CIRCUITO": "BER208", "SECTOR": "SAN PEDRO SULA", "LATITUDFINAL": 15.51880207, "LATITUDINICIO": 15.51880169, "LONGITUDFINAL": -88.02064784, "LONGITUDINICIO": -88.02073175, "TIPO": "RAMAL", "ID_EQUIPO": 302678, "CIRCUITO_2": "BER208" }, "geometry": { "type": "MultiLineString", "coordinates": [ [ [ -88.02065, 15.5188 ], [ -88.02073, 15.5188 ], [ -88.02065, 15.51877 ] ] ] } },
{ "type": "Feature", "properties": { "ID_TRAMOMT": 72940, "ID_APOYO1": 65963, "ID_APOYO2": 65859, "SUBESTACION": "BER", "CIRCUITO": "BER208", "SECTOR": "SAN PEDRO SULA", "LATITUDFINAL": 15.51812389, "LATITUDINICIO": 15.51811597, "LONGITUDFINAL": -88.02264902, "LONGITUDINICIO": -88.02240657, "TIPO": "RAMAL", "ID_EQUIPO": 302683, "CIRCUITO_2": "BER208" }, "geometry": { "type": "MultiLineString", "coordinates": [ [ [ -88.02241, 15.51812 ], [ -88.02265, 15.51812 ] ] ] } },
{ "type": "Feature", "properties": { "ID_TRAMOMT": 71069, "ID_APOYO1": 63575, "ID_APOYO2": 63638, "SUBESTACION": "BER", "CIRCUITO": "BER247", "SECTOR": "SAN PEDRO SULA", "LATITUDFINAL": 15.52690275, "LATITUDINICIO": 15.526723, "LONGITUDFINAL": -88.01646405, "LONGITUDINICIO": -88.0162394, "TIPO": "RAMAL", "ID_EQUIPO": 302423, "CIRCUITO_2": "BER247" }, "geometry": { "type": "MultiLineString", "coordinates": [ [ [ -88.01531, 15.52577 ], [ -88.01556, 15.52611 ], [ -88.01561, 15.52622 ], [ -88.01582, 15.52637 ], [ -88.01603, 15.52654 ], [ -88.01624, 15.52672 ], [ -88.01646, 15.5269 ], [ -88.01668, 15.52708 ] ] ] } },
{ "type": "Feature", "properties": { "ID_TRAMOMT": 90080, "ID_APOYO1": 6669773, "ID_APOYO2": 107974, "SUBESTACION": "BER", "CIRCUITO": "BER281", "SECTOR": "SAN PEDRO SULA", "LATITUDFINAL": 15.5389568, "LATITUDINICIO": 15.53905849, "LONGITUDFINAL": -88.01945094, "LONGITUDINICIO": -88.01934365, "TIPO": "RAMAL", "ID_EQUIPO": 2024321, "CIRCUITO_2": "BER281" }, "geometry": { "type": "MultiLineString", "coordinates": [ [ [ -88.01932, 15.5391 ], [ -88.01933, 15.53909 ], [ -88.01934, 15.53906 ], [ -88.01945, 15.53896 ] ] ] } },
{ "type": "Feature", "properties": { "ID_TRAMOMT": 72709, "ID_APOYO1": 65891, "ID_APOYO2": 65892, "SUBESTACION": "BER", "CIRCUITO": "BER208", "SECTOR": "SAN PEDRO SULA", "LATITUDFINAL": 15.51872706, "LATITUDINICIO": 15.51897117, "LONGITUDFINAL": -88.02318342, "LONGITUDINICIO": -88.0231753, "TIPO": "RAMAL", "ID_EQUIPO": 302675, "CIRCUITO_2": "BER208" }, "geometry": { "type": "MultiLineString", "coordinates": [ [ [ -88.02318, 15.51897 ], [ -88.02318, 15.51873 ] ] ] } },
{ "type": "Feature", "properties": { "ID_TRAMOMT": 90151, "ID_APOYO1": 107632, "ID_APOYO2": 107976, "SUBESTACION": "BER", "CIRCUITO": "BER281", "SECTOR": "SAN PEDRO SULA", "LATITUDFINAL": 15.53924478, "LATITUDINICIO": 15.53933572, "LONGITUDFINAL": -88.01972142, "LONGITUDINICIO": -88.01961131, "TIPO": "RAMAL", "ID_EQUIPO": 2024320, "CIRCUITO_2": "BER281" }, "geometry": { "type": "MultiLineString", "coordinates": [ [ [ -88.01961, 15.53934 ], [ -88.01972, 15.53924 ], [ -88.01974, 15.53923 ] ] ] } },
{ "type": "Feature", "properties": { "ID_TRAMOMT": 310289, "ID_APOYO1": 66112, "ID_APOYO2": 66111, "SUBESTACION": "BER", "CIRCUITO": "BER208", "SECTOR": "SAN PEDRO SULA", "LATITUDFINAL": 15.50777868, "LATITUDINICIO": 15.50740814, "LONGITUDFINAL": -88.02337608000001, "LONGITUDINICIO": -88.02340635, "TIPO": "TRONCAL", "ID_EQUIPO": 306168, "CIRCUITO_2": "BER208" }, "geometry": { "type": "MultiLineString", "coordinates": [ [ [ -88.02461, 15.5083 ], [ -88.02474, 15.50831 ], [ -88.02502, 15.50834 ], [ -88.02513, 15.50835 ], [ -88.02514, 15.50817 ], [ -88.02515, 15.50802 ], [ -88.02516, 15.50789 ] ], [ [ -88.02403, 15.50512 ], [ -88.02381, 15.50509 ], [ -88.02354, 15.50506 ] ], [ [ -88.02399, 15.5065 ], [ -88.02369, 15.50649 ], [ -88.02344, 15.50646 ] ], [ [ -88.02359, 15.50482 ], [ -88.02356, 15.50497 ], [ -88.02354, 15.50506 ] ], [ [ -88.02344, 15.50646 ], [ -88.02342, 15.50632 ], [ -88.02343, 15.50622 ], [ -88.02345, 15.50603 ], [ -88.02342, 15.50601 ], [ -88.02347, 15.5058 ], [ -88.02348, 15.50571 ], [ -88.02351, 15.50541 ], [ -88.02354, 15.50514 ], [ -88.02354, 15.50506 ] ], [ [ -88.02354, 15.50506 ], [ -88.02346, 15.50505 ], [ -88.02322, 15.50503 ] ], [ [ -88.02314, 15.51037 ], [ -88.02318, 15.51004 ], [ -88.02319, 15.50991 ], [ -88.02321, 15.50968 ], [ -88.02324, 15.50933 ], [ -88.02326, 15.50899 ], [ -88.02327, 15.50896 ], [ -88.02329, 15.50867 ], [ -88.02333, 15.50831 ], [ -88.02338, 15.50778 ], [ -88.02341, 15.50741 ], [ -88.02342, 15.50729 ], [ -88.02344, 15.50702 ], [ -88.02349, 15.50671 ], [ -88.02344, 15.50646 ] ], [ [ -88.02344, 15.50646 ], [ -88.02337, 15.50644 ], [ -88.02308, 15.50642 ], [ -88.02277, 15.50641 ] ], [ [ -88.02252, 15.50638 ], [ -88.02254, 15.50629 ] ], [ [ -88.02252, 15.50639 ], [ -88.02252, 15.50638 ] ], [ [ -88.02252, 15.50639 ], [ -88.02253, 15.50638 ], [ -88.02252, 15.50638 ] ], [ [ -88.02252, 15.50638 ], [ -88.02245, 15.50637 ] ], [ [ -88.02252, 15.50639 ], [ -88.02248, 15.50657 ] ] ] } },
{ "type": "Feature", "properties": { "ID_TRAMOMT": 70814, "ID_APOYO1": 62484, "ID_APOYO2": 63421, "SUBESTACION": "BER", "CIRCUITO": "BER205", "SECTOR": "SAN PEDRO SULA", "LATITUDFINAL": 15.54177677, "LATITUDINICIO": 15.54170527, "LONGITUDFINAL": -87.92736706, "LONGITUDINICIO": -87.92717092, "TIPO": "RAMAL", "ID_EQUIPO": 307347, "CIRCUITO_2": "BER205" }, "geometry": { "type": "MultiLineString", "coordinates": [ [ [ -87.92717, 15.54171 ], [ -87.92737, 15.54178 ], [ -87.92757, 15.54191 ], [ -87.92788, 15.54216 ], [ -87.92824, 15.54241 ], [ -87.92858, 15.54267 ], [ -87.92889, 15.5429 ], [ -87.92908, 15.54304 ], [ -87.92946, 15.54333 ], [ -87.92991, 15.54366 ] ] ] } },
{ "type": "Feature", "properties": { "ID_TRAMOMT": 70758, "ID_APOYO1": 62482, "ID_APOYO2": 62483, "SUBESTACION": "BER", "CIRCUITO": "BER205", "SECTOR": "SAN PEDRO SULA", "LATITUDFINAL": 15.5414596, "LATITUDINICIO": 15.54142364, "LONGITUDFINAL": -87.92755213, "LONGITUDINICIO": -87.92750535, "TIPO": "RAMAL", "ID_EQUIPO": 307344, "CIRCUITO_2": "BER205" }, "geometry": { "type": "MultiLineString", "coordinates": [ [ [ -87.92751, 15.54142 ], [ -87.92755, 15.54146 ] ] ] } },
{ "type": "Feature", "properties": { "ID_TRAMOMT": 306013, "ID_APOYO1": 114728, "ID_APOYO2": 114184, "SUBESTACION": "BER", "CIRCUITO": "BER283", "SECTOR": "SAN PEDRO SULA", "LATITUDFINAL": 15.52802081, "LATITUDINICIO": 15.52813828, "LONGITUDFINAL": -88.0403569, "LONGITUDINICIO": -88.04036681, "TIPO": "TRONCAL", "ID_EQUIPO": null, "CIRCUITO_2": null }, "geometry": { "type": "MultiLineString", "coordinates": [ [ [ -88.04062, 15.52801 ], [ -88.04036, 15.52802 ] ], [ [ -88.04039, 15.52842 ], [ -88.04037, 15.52814 ], [ -88.04036, 15.52802 ] ], [ [ -88.03957, 15.52818 ], [ -88.0397, 15.52803 ], [ -88.03997, 15.52803 ], [ -88.04025, 15.52802 ], [ -88.04036, 15.52802 ] ], [ [ -88.04036, 15.52802 ], [ -88.04035, 15.5279 ], [ -88.04035, 15.52769 ], [ -88.04034, 15.5274 ], [ -88.04032, 15.52712 ], [ -88.04031, 15.5268 ], [ -88.0403, 15.52654 ], [ -88.04028, 15.52619 ], [ -88.04028, 15.52589 ], [ -88.0405, 15.52582 ], [ -88.04082, 15.52584 ], [ -88.04106, 15.52584 ], [ -88.04106, 15.52563 ], [ -88.04082, 15.52563 ], [ -88.0405, 15.52563 ], [ -88.04028, 15.52562 ], [ -88.04002, 15.52559 ], [ -88.03989, 15.52552 ], [ -88.03995, 15.52538 ], [ -88.04004, 15.52522 ], [ -88.04013, 15.52501 ], [ -88.04026, 15.52479 ] ], [ [ -88.03937, 15.52766 ], [ -88.03937, 15.528 ], [ -88.03938, 15.52825 ], [ -88.03939, 15.52843 ], [ -88.03957, 15.52845 ], [ -88.03957, 15.52818 ] ], [ [ -88.03957, 15.52818 ], [ -88.03955, 15.52796 ] ], [ [ -88.03937, 15.52766 ], [ -88.03935, 15.52723 ] ], [ [ -88.03937, 15.52766 ], [ -88.03922, 15.52748 ], [ -88.03887, 15.52749 ], [ -88.03853, 15.5275 ], [ -88.03845, 15.52751 ], [ -88.03819, 15.52751 ], [ -88.03784, 15.52752 ], [ -88.0375, 15.52753 ], [ -88.03715, 15.52754 ], [ -88.0368, 15.52755 ], [ -88.0365, 15.52755 ], [ -88.03612, 15.52756 ], [ -88.03583, 15.52756 ], [ -88.03561, 15.52756 ], [ -88.03533, 15.52769 ] ], [ [ -88.03693, 15.52407 ], [ -88.03703, 15.52419 ], [ -88.03719, 15.52438 ], [ -88.0375, 15.52467 ], [ -88.03784, 15.52493 ], [ -88.03793, 15.52499 ], [ -88.03818, 15.52514 ], [ -88.03853, 15.52531 ], [ -88.03881, 15.52546 ] ], [ [ -88.03693, 15.52407 ], [ -88.03722, 15.52401 ] ], [ [ -88.03271, 15.52981 ], [ -88.03271, 15.52945 ], [ -88.03275, 15.52908 ], [ -88.0328, 15.52882 ], [ -88.03292, 15.52836 ], [ -88.033, 15.52797 ], [ -88.03305, 15.5277 ], [ -88.03309, 15.52754 ], [ -88.03317, 15.52717 ], [ -88.03323, 15.52693 ], [ -88.03326, 15.52674 ], [ -88.03332, 15.52652 ], [ -88.03335, 15.52636 ], [ -88.03339, 15.52618 ], [ -88.03345, 15.52594 ], [ -88.03355, 15.52567 ], [ -88.03372, 15.52535 ], [ -88.03384, 15.52522 ], [ -88.0339, 15.52513 ], [ -88.03414, 15.52491 ], [ -88.03437, 15.52474 ], [ -88.03471, 15.52463 ], [ -88.0351, 15.52454 ], [ -88.03547, 15.52446 ], [ -88.03591, 15.52439 ], [ -88.03608, 15.52435 ], [ -88.03642, 15.52425 ], [ -88.03678, 15.5241 ], [ -88.03693, 15.52407 ] ], [ [ -88.03646, 15.52338 ], [ -88.03661, 15.52359 ], [ -88.0368, 15.52388 ], [ -88.03693, 15.52407 ] ], [ [ -88.03533, 15.52769 ], [ -88.03535, 15.5275 ], [ -88.03545, 15.52757 ] ], [ [ -88.0352, 15.5297 ], [ -88.03537, 15.52969 ] ], [ [ -88.0352, 15.5297 ], [ -88.03519, 15.52959 ], [ -88.03521, 15.52926 ], [ -88.0352, 15.52904 ], [ -88.03521, 15.52869 ], [ -88.0352, 15.52842 ], [ -88.03523, 15.52814 ], [ -88.0353, 15.52791 ], [ -88.03533, 15.52769 ] ], [ [ -88.03521, 15.52995 ], [ -88.0352, 15.5297 ] ], [ [ -88.0352, 15.5297 ], [ -88.03504, 15.5297 ], [ -88.03472, 15.52973 ], [ -88.0345, 15.52973 ], [ -88.03417, 15.52974 ], [ -88.03387, 15.52975 ], [ -88.03369, 15.52976 ], [ -88.03319, 15.52977 ], [ -88.03271, 15.52981 ] ], [ [ -88.03271, 15.52981 ], [ -88.03272, 15.52996 ], [ -88.03273, 15.53023 ] ], [ [ -88.03271, 15.52981 ], [ -88.03252, 15.52981 ], [ -88.03225, 15.52982 ], [ -88.03179, 15.52982 ], [ -88.03131, 15.52984 ], [ -88.03085, 15.52986 ], [ -88.03043, 15.52988 ], [ -88.02989, 15.5299 ], [ -88.0292, 15.52991 ], [ -88.02886, 15.52992 ], [ -88.02853, 15.52993 ], [ -88.02825, 15.52995 ], [ -88.02803, 15.52996 ] ], [ [ -88.02738, 15.53 ], [ -88.0274, 15.53026 ], [ -88.02743, 15.53066 ], [ -88.02742, 15.53078 ], [ -88.02791, 15.53079 ], [ -88.02825, 15.53078 ], [ -88.02873, 15.53077 ] ], [ [ -88.02738, 15.53 ], [ -88.02785, 15.52997 ], [ -88.02803, 15.52996 ] ], [ [ -88.02803, 15.52996 ], [ -88.02803, 15.52998 ] ], [ [ -88.02738, 15.53 ], [ -88.02715, 15.53 ], [ -88.02704, 15.53 ], [ -88.02693, 15.53001 ], [ -88.02664, 15.53002 ], [ -88.02647, 15.53002 ], [ -88.02579, 15.53006 ], [ -88.02554, 15.53006 ], [ -88.02539, 15.53006 ], [ -88.02508, 15.53009 ], [ -88.02462, 15.53011 ], [ -88.02417, 15.5301 ], [ -88.0238, 15.53012 ], [ -88.02354, 15.53012 ], [ -88.02329, 15.53011 ], [ -88.02321, 15.53042 ], [ -88.02282, 15.53044 ], [ -88.02242, 15.5305 ], [ -88.02209, 15.53053 ], [ -88.02195, 15.53059 ], [ -88.02173, 15.53059 ], [ -88.02152, 15.53074 ], [ -88.02114, 15.53092 ], [ -88.02063, 15.53096 ], [ -88.02037, 15.53112 ], [ -88.02024, 15.53135 ], [ -88.0201, 15.53164 ], [ -88.01991, 15.53202 ], [ -88.01967, 15.53247 ], [ -88.0195, 15.53276 ], [ -88.01954, 15.53311 ], [ -88.01937, 15.53305 ], [ -88.01926, 15.53325 ], [ -88.01905, 15.53363 ], [ -88.01887, 15.53403 ], [ -88.01865, 15.53442 ] ], [ [ -88.01844, 15.53534 ], [ -88.01821, 15.53521 ], [ -88.01806, 15.53555 ], [ -88.01792, 15.53513 ], [ -88.01769, 15.53498 ], [ -88.01747, 15.53488 ], [ -88.01731, 15.53483 ], [ -88.01698, 15.53463 ], [ -88.01678, 15.53454 ], [ -88.01647, 15.5344 ], [ -88.01619, 15.53425 ], [ -88.01586, 15.53407 ], [ -88.01557, 15.5339 ], [ -88.01543, 15.5338 ], [ -88.01519, 15.53366 ], [ -88.01495, 15.53349 ] ], [ [ -88.01453, 15.5349 ], [ -88.01454, 15.53468 ], [ -88.01466, 15.53426 ], [ -88.01472, 15.534 ], [ -88.01482, 15.53377 ], [ -88.01495, 15.53349 ] ], [ [ -88.01475, 15.5333 ], [ -88.01495, 15.53349 ] ], [ [ -88.01471, 15.53499 ], [ -88.01453, 15.5349 ] ], [ [ -88.01453, 15.5349 ], [ -88.01408, 15.5347 ], [ -88.01377, 15.53454 ], [ -88.01355, 15.53442 ] ] ] } },
{ "type": "Feature", "properties": { "ID_TRAMOMT": 72572, "ID_APOYO1": 65484, "ID_APOYO2": 65485, "SUBESTACION": "BER", "CIRCUITO": "BER207", "SECTOR": "SAN PEDRO SULA", "LATITUDFINAL": 15.51002459, "LATITUDINICIO": 15.51008654, "LONGITUDFINAL": -88.0128014, "LONGITUDINICIO": -88.01309072, "TIPO": "RAMAL", "ID_EQUIPO": 306100, "CIRCUITO_2": "BER207" }, "geometry": { "type": "MultiLineString", "coordinates": [ [ [ -88.01345, 15.51017 ], [ -88.01346, 15.51007 ], [ -88.01354, 15.50974 ], [ -88.01359, 15.50948 ], [ -88.01368, 15.50908 ], [ -88.01374, 15.50878 ], [ -88.01379, 15.50853 ], [ -88.01385, 15.50823 ], [ -88.01388, 15.50804 ], [ -88.01392, 15.50785 ], [ -88.01398, 15.50757 ], [ -88.01403, 15.50728 ] ], [ [ -88.01345, 15.51017 ], [ -88.01377, 15.51022 ] ], [ [ -88.01313, 15.51184 ], [ -88.01316, 15.51162 ], [ -88.01324, 15.51132 ], [ -88.01331, 15.51091 ], [ -88.01336, 15.51063 ], [ -88.0134, 15.5104 ], [ -88.01345, 15.51017 ] ], [ [ -88.01345, 15.51017 ], [ -88.01338, 15.51015 ], [ -88.01309, 15.51009 ], [ -88.0128, 15.51002 ], [ -88.01275, 15.50993 ], [ -88.01278, 15.50978 ], [ -88.01283, 15.50959 ], [ -88.01288, 15.5093 ] ] ] } },
{ "type": "Feature", "properties": { "ID_TRAMOMT": 92640, "ID_APOYO1": 115447, "ID_APOYO2": 114810, "SUBESTACION": "BER", "CIRCUITO": "BER290", "SECTOR": "SAN PEDRO SULA", "LATITUDFINAL": 15.53957146, "LATITUDINICIO": 15.53958159, "LONGITUDFINAL": -88.03305803000001, "LONGITUDINICIO": -88.03282498, "TIPO": "RAMAL", "ID_EQUIPO": 2148, "CIRCUITO_2": "BER290" }, "geometry": { "type": "MultiLineString", "coordinates": [ [ [ -88.03282, 15.53958 ], [ -88.03306, 15.53957 ] ] ] } },
{ "type": "Feature", "properties": { "ID_TRAMOMT": 91873, "ID_APOYO1": 113305, "ID_APOYO2": 126087, "SUBESTACION": "BER", "CIRCUITO": "BER282", "SECTOR": "SAN PEDRO SULA", "LATITUDFINAL": 15.52219048, "LATITUDINICIO": 15.52250746, "LONGITUDFINAL": -88.02486007, "LONGITUDINICIO": -88.0247311, "TIPO": "TRONCAL", "ID_EQUIPO": null, "CIRCUITO_2": null }, "geometry": { "type": "MultiLineString", "coordinates": [ [ [ -88.02993, 15.51637 ], [ -88.02997, 15.51611 ], [ -88.03001, 15.51576 ], [ -88.03004, 15.51559 ], [ -88.03007, 15.51528 ], [ -88.0301, 15.51503 ], [ -88.03016, 15.51454 ], [ -88.0302, 15.51421 ], [ -88.03024, 15.51388 ] ], [ [ -88.03006, 15.51877 ], [ -88.03021, 15.51877 ] ], [ [ -88.02797, 15.52279 ], [ -88.02814, 15.52262 ], [ -88.02852, 15.52232 ], [ -88.02867, 15.52221 ], [ -88.02888, 15.52205 ], [ -88.0292, 15.52188 ], [ -88.0295, 15.52175 ], [ -88.02981, 15.52159 ], [ -88.03016, 15.52142 ], [ -88.03051, 15.52128 ], [ -88.03079, 15.52113 ], [ -88.03098, 15.52101 ], [ -88.03076, 15.5209 ], [ -88.03046, 15.52073 ], [ -88.03029, 15.52049 ], [ -88.0302, 15.51991 ], [ -88.03014, 15.5196 ], [ -88.03009, 15.51922 ], [ -88.03006, 15.51877 ] ], [ [ -88.02993, 15.51637 ], [ -88.0299, 15.51662 ], [ -88.02985, 15.51702 ], [ -88.02981, 15.51734 ], [ -88.02978, 15.51767 ], [ -88.02998, 15.51796 ], [ -88.03, 15.518 ], [ -88.03003, 15.51833 ], [ -88.03006, 15.51877 ] ], [ [ -88.02667, 15.51602 ], [ -88.02691, 15.51603 ], [ -88.02729, 15.51608 ], [ -88.02764, 15.51612 ], [ -88.02797, 15.51615 ], [ -88.02818, 15.51616 ], [ -88.02841, 15.51621 ], [ -88.02849, 15.51621 ], [ -88.02874, 15.51625 ], [ -88.02886, 15.51626 ], [ -88.02918, 15.51633 ], [ -88.0296, 15.51636 ], [ -88.02993, 15.51637 ] ], [ [ -88.02437, 15.52338 ], [ -88.0247, 15.5234 ], [ -88.02493, 15.52327 ], [ -88.02527, 15.52307 ], [ -88.02572, 15.52308 ], [ -88.02602, 15.52318 ], [ -88.02643, 15.52336 ], [ -88.02681, 15.52337 ], [ -88.02709, 15.52337 ], [ -88.02741, 15.52326 ], [ -88.02763, 15.52308 ], [ -88.02797, 15.52279 ] ], [ [ -88.02797, 15.52279 ], [ -88.02787, 15.52274 ] ], [ [ -88.02667, 15.51602 ], [ -88.02668, 15.51592 ] ], [ [ -88.02437, 15.52338 ], [ -88.02443, 15.52321 ], [ -88.02458, 15.5229 ], [ -88.02473, 15.52251 ], [ -88.02486, 15.52219 ], [ -88.02499, 15.52182 ], [ -88.02509, 15.52147 ], [ -88.02521, 15.52096 ], [ -88.02532, 15.52045 ], [ -88.02537, 15.52003 ], [ -88.02544, 15.51958 ], [ -88.0255, 15.51913 ], [ -88.0256, 15.51863 ], [ -88.02577, 15.51844 ], [ -88.02594, 15.51841 ], [ -88.02617, 15.51841 ], [ -88.0264, 15.51842 ], [ -88.02648, 15.5181 ], [ -88.0265, 15.51781 ], [ -88.02652, 15.51744 ], [ -88.02654, 15.5173 ], [ -88.02657, 15.51706 ], [ -88.0266, 15.51682 ], [ -88.02662, 15.51666 ], [ -88.02665, 15.51643 ], [ -88.02667, 15.51618 ], [ -88.02667, 15.51602 ] ], [ [ -88.02667, 15.51602 ], [ -88.0265, 15.516 ] ], [ [ -88.02217, 15.52826 ], [ -88.02224, 15.52744 ], [ -88.02242, 15.52711 ], [ -88.02261, 15.52678 ], [ -88.02282, 15.52636 ], [ -88.02323, 15.52559 ], [ -88.02339, 15.52523 ], [ -88.02352, 15.52499 ], [ -88.02371, 15.52463 ], [ -88.02398, 15.52414 ], [ -88.02417, 15.52377 ], [ -88.02437, 15.52338 ] ], [ [ -88.02321, 15.53042 ], [ -88.02329, 15.53074 ], [ -88.02334, 15.53091 ], [ -88.0234, 15.53109 ], [ -88.02356, 15.53163 ], [ -88.02365, 15.53193 ], [ -88.02373, 15.53222 ], [ -88.02382, 15.53255 ], [ -88.02389, 15.53275 ], [ -88.02391, 15.53283 ] ], [ [ -88.01348, 15.53468 ], [ -88.01373, 15.53472 ], [ -88.01367, 15.53494 ], [ -88.0136, 15.53524 ], [ -88.01401, 15.53546 ], [ -88.01444, 15.53566 ], [ -88.01487, 15.53586 ], [ -88.01521, 15.53602 ], [ -88.01542, 15.5361 ], [ -88.01561, 15.53623 ], [ -88.01588, 15.53626 ], [ -88.01626, 15.53623 ], [ -88.01664, 15.53621 ], [ -88.01721, 15.53626 ], [ -88.01768, 15.53638 ], [ -88.01778, 15.53616 ], [ -88.01789, 15.53595 ], [ -88.01804, 15.53571 ], [ -88.01806, 15.53555 ], [ -88.01821, 15.53521 ], [ -88.01844, 15.53534 ], [ -88.01847, 15.53517 ], [ -88.01882, 15.5345 ], [ -88.01865, 15.53442 ], [ -88.01887, 15.53403 ], [ -88.01905, 15.53363 ], [ -88.01926, 15.53325 ], [ -88.01937, 15.53305 ], [ -88.0195, 15.53276 ], [ -88.01967, 15.53247 ], [ -88.01991, 15.53202 ], [ -88.0201, 15.53164 ], [ -88.02024, 15.53135 ], [ -88.02037, 15.53112 ], [ -88.02063, 15.53096 ], [ -88.02114, 15.53092 ], [ -88.02152, 15.53074 ], [ -88.02173, 15.53059 ], [ -88.02209, 15.53053 ], [ -88.02242, 15.5305 ], [ -88.02282, 15.53044 ], [ -88.02321, 15.53042 ] ], [ [ -88.02321, 15.53042 ], [ -88.02329, 15.53011 ], [ -88.02315, 15.52978 ], [ -88.02314, 15.5295 ], [ -88.02313, 15.52936 ], [ -88.02313, 15.52912 ], [ -88.02311, 15.52887 ], [ -88.0231, 15.52866 ], [ -88.02309, 15.52826 ], [ -88.02298, 15.52811 ], [ -88.02278, 15.52817 ], [ -88.02255, 15.52819 ], [ -88.02217, 15.52826 ] ], [ [ -88.02217, 15.52826 ], [ -88.02191, 15.52824 ], [ -88.02168, 15.52851 ], [ -88.02152, 15.52885 ], [ -88.02134, 15.52919 ] ] ] } },
{ "type": "Feature", "properties": { "ID_TRAMOMT": 90113, "ID_APOYO1": 109177, "ID_APOYO2": 109178, "SUBESTACION": "BER", "CIRCUITO": "BER290", "SECTOR": "SAN PEDRO SULA", "LATITUDFINAL": 15.56522251, "LATITUDINICIO": 15.56493264, "LONGITUDFINAL": -88.03371753, "LONGITUDINICIO": -88.03384663, "TIPO": "RAMAL", "ID_EQUIPO": 306051, "CIRCUITO_2": "BER290" }, "geometry": { "type": "MultiLineString", "coordinates": [ [ [ -88.03385, 15.56493 ], [ -88.03372, 15.56522 ] ] ] } },
{ "type": "Feature", "properties": { "ID_TRAMOMT": 70833, "ID_APOYO1": 63449, "ID_APOYO2": 63450, "SUBESTACION": "BER", "CIRCUITO": "BER205", "SECTOR": "SAN PEDRO SULA", "LATITUDFINAL": 15.54202823, "LATITUDINICIO": 15.54219005, "LONGITUDFINAL": -87.92345186, "LONGITUDINICIO": -87.92366704, "TIPO": "RAMAL", "ID_EQUIPO": 307365, "CIRCUITO_2": "BER205" }, "geometry": { "type": "MultiLineString", "coordinates": [ [ [ -87.92367, 15.54219 ], [ -87.92345, 15.54203 ], [ -87.92329, 15.54189 ], [ -87.92293, 15.54161 ], [ -87.9226, 15.54136 ], [ -87.92239, 15.54118 ], [ -87.92239, 15.5409 ] ] ] } },
{ "type": "Feature", "properties": { "ID_TRAMOMT": 90114, "ID_APOYO1": 109178, "ID_APOYO2": 109207, "SUBESTACION": "BER", "CIRCUITO": "BER290", "SECTOR": "SAN PEDRO SULA", "LATITUDFINAL": 15.56552125, "LATITUDINICIO": 15.56522251, "LONGITUDFINAL": -88.03362577, "LONGITUDINICIO": -88.03371753, "TIPO": "RAMAL", "ID_EQUIPO": 306052, "CIRCUITO_2": "BER290" }, "geometry": { "type": "MultiLineString", "coordinates": [ [ [ -88.03372, 15.56522 ], [ -88.03363, 15.56552 ] ] ] } },
{ "type": "Feature", "properties": { "ID_TRAMOMT": 339783, "ID_APOYO1": 125651, "ID_APOYO2": 125652, "SUBESTACION": "BER", "CIRCUITO": "BER288", "SECTOR": "SAN PEDRO SULA", "LATITUDFINAL": 15.52888544, "LATITUDINICIO": 15.5288436, "LONGITUDFINAL": -88.01776977, "LONGITUDINICIO": -88.01765916, "TIPO": "TRONCAL", "ID_EQUIPO": 302455, "CIRCUITO_2": "BER288" }, "geometry": { "type": "MultiLineString", "coordinates": [ [ [ -88.01766, 15.52884 ], [ -88.01779, 15.52892 ] ], [ [ -88.01766, 15.52884 ], [ -88.01778, 15.52891 ] ], [ [ -88.01766, 15.52884 ], [ -88.01778, 15.5289 ] ], [ [ -88.01766, 15.52884 ], [ -88.01777, 15.52889 ] ], [ [ -88.0176, 15.52939 ], [ -88.01767, 15.5294 ] ], [ [ -88.0176, 15.52939 ], [ -88.01766, 15.52942 ] ], [ [ -88.01766, 15.52884 ], [ -88.01764, 15.52898 ], [ -88.01766, 15.52924 ], [ -88.0176, 15.52939 ] ], [ [ -88.0176, 15.52939 ], [ -88.01765, 15.52944 ] ], [ [ -88.0176, 15.52939 ], [ -88.01764, 15.52946 ] ] ] } },
{ "type": "Feature", "properties": { "ID_TRAMOMT": 3062758, "ID_APOYO1": 6519746, "ID_APOYO2": 6519744, "SUBESTACION": "BER", "CIRCUITO": "BER283", "SECTOR": "SAN PEDRO SULA", "LATITUDFINAL": 15.53517374, "LATITUDINICIO": 15.5345032, "LONGITUDFINAL": -88.01847196, "LONGITUDINICIO": -88.01882298, "TIPO": "TRONCAL", "ID_EQUIPO": 2012008, "CIRCUITO_2": "BER283" }, "geometry": { "type": "MultiLineString", "coordinates": [ [ [ -88.01882, 15.5345 ], [ -88.01847, 15.53517 ], [ -88.01844, 15.53534 ], [ -88.01858, 15.53544 ] ] ] } },
{ "type": "Feature", "properties": { "ID_TRAMOMT": 3090519, "ID_APOYO1": 6627851, "ID_APOYO2": 108247, "SUBESTACION": "BER", "CIRCUITO": "BER290", "SECTOR": "SAN PEDRO SULA", "LATITUDFINAL": 15.54630958, "LATITUDINICIO": 15.54633223, "LONGITUDFINAL": -88.03420124, "LONGITUDINICIO": -88.03421997, "TIPO": "RAMAL", "ID_EQUIPO": 306099, "CIRCUITO_2": "BER290" }, "geometry": { "type": "MultiLineString", "coordinates": [ [ [ -88.03422, 15.54633 ], [ -88.0342, 15.54631 ] ] ] } },
{ "type": "Feature", "properties": { "ID_TRAMOMT": 70839, "ID_APOYO1": 61524, "ID_APOYO2": 61525, "SUBESTACION": "BER", "CIRCUITO": "BER205", "SECTOR": "SAN PEDRO SULA", "LATITUDFINAL": 15.5406451, "LATITUDINICIO": 15.54090269, "LONGITUDFINAL": -87.92130105, "LONGITUDINICIO": -87.92239317000001, "TIPO": "RAMAL", "ID_EQUIPO": 307380, "CIRCUITO_2": "BER205" }, "geometry": { "type": "MultiLineString", "coordinates": [ [ [ -87.92239, 15.5409 ], [ -87.9213, 15.54065 ], [ -87.92062, 15.54011 ] ] ] } },
{ "type": "Feature", "properties": { "ID_TRAMOMT": 315396, "ID_APOYO1": 95414, "ID_APOYO2": 95413, "SUBESTACION": "BER", "CIRCUITO": "BER280", "SECTOR": "SAN PEDRO SULA", "LATITUDFINAL": 15.54566691, "LATITUDINICIO": 15.54565134, "LONGITUDFINAL": -88.00308205, "LONGITUDINICIO": -88.00296435, "TIPO": "RAMAL", "ID_EQUIPO": null, "CIRCUITO_2": null }, "geometry": { "type": "GeometryCollection", "geometries": [ { "type": "Point", "coordinates": [ -87.99559, 15.54964 ] }, { "type": "MultiLineString", "coordinates": [ [ [ -88.01431, 15.54337 ], [ -88.01401, 15.54327 ] ], [ [ -88.01409, 15.54376 ], [ -88.01398, 15.54366 ], [ -88.01361, 15.54346 ], [ -88.01333, 15.54331 ] ], [ [ -88.01398, 15.54253 ], [ -88.01394, 15.54264 ] ], [ [ -88.01348, 15.54463 ], [ -88.01342, 15.54453 ], [ -88.01321, 15.54473 ] ], [ [ -88.01333, 15.54331 ], [ -88.01338, 15.54324 ], [ -88.01339, 15.54321 ] ], [ [ -88.01333, 15.54064 ], [ -88.01325, 15.54052 ] ], [ [ -88.01333, 15.54331 ], [ -88.01302, 15.54315 ], [ -88.01315, 15.54291 ], [ -88.01307, 15.54286 ] ], [ [ -88.01305, 15.54132 ], [ -88.01294, 15.54128 ], [ -88.01262, 15.54115 ] ], [ [ -88.01301, 15.53677 ], [ -88.0126, 15.5366 ] ], [ [ -88.01278, 15.54287 ], [ -88.01269, 15.54297 ], [ -88.01228, 15.54273 ] ], [ [ -88.01258, 15.54198 ], [ -88.01228, 15.54187 ], [ -88.01205, 15.54178 ] ], [ [ -88.01257, 15.54386 ], [ -88.01221, 15.54426 ], [ -88.01205, 15.54444 ], [ -88.01186, 15.54464 ], [ -88.01171, 15.54478 ], [ -88.01178, 15.54485 ], [ -88.01146, 15.54512 ] ], [ [ -88.01257, 15.54386 ], [ -88.01282, 15.54405 ], [ -88.01299, 15.54417 ], [ -88.01271, 15.54447 ], [ -88.01242, 15.54479 ] ], [ [ -88.01257, 15.54386 ], [ -88.0122, 15.54362 ], [ -88.01196, 15.54343 ] ], [ [ -88.01253, 15.54565 ], [ -88.01249, 15.5455 ] ], [ [ -88.01244, 15.54242 ], [ -88.01238, 15.54253 ], [ -88.01228, 15.54273 ] ], [ [ -88.01196, 15.54343 ], [ -88.01208, 15.54305 ], [ -88.01228, 15.54273 ] ], [ [ -88.01196, 15.54343 ], [ -88.01149, 15.5431 ], [ -88.01115, 15.54287 ], [ -88.01079, 15.54259 ], [ -88.01057, 15.54281 ], [ -88.01044, 15.54296 ] ], [ [ -88.01183, 15.54623 ], [ -88.01177, 15.54616 ], [ -88.01173, 15.54612 ] ], [ [ -88.01079, 15.54691 ], [ -88.01065, 15.54649 ], [ -88.01049, 15.54619 ], [ -88.01043, 15.54608 ], [ -88.01016, 15.54554 ], [ -88.01008, 15.54539 ], [ -88.00997, 15.54516 ], [ -88.00981, 15.54487 ], [ -88.00974, 15.54475 ], [ -88.00965, 15.54457 ], [ -88.00954, 15.54434 ], [ -88.00934, 15.54397 ], [ -88.00914, 15.54358 ], [ -88.00909, 15.54347 ], [ -88.00889, 15.54308 ], [ -88.00875, 15.54281 ], [ -88.00854, 15.54242 ], [ -88.00834, 15.54199 ] ], [ [ -88.01064, 15.54192 ], [ -88.01057, 15.54204 ], [ -88.01039, 15.54231 ], [ -88.00994, 15.54201 ], [ -88.01001, 15.54191 ] ], [ [ -88.00987, 15.54123 ], [ -88.01011, 15.54112 ], [ -88.01048, 15.54119 ], [ -88.01061, 15.5409 ] ], [ [ -88.00971, 15.54151 ], [ -88.00987, 15.54123 ] ], [ [ -88.00987, 15.54123 ], [ -88.0096, 15.54111 ], [ -88.00938, 15.541 ] ], [ [ -88.00964, 15.53996 ], [ -88.01002, 15.54014 ], [ -88.00994, 15.54023 ], [ -88.00985, 15.54052 ] ], [ [ -88.00968, 15.54746 ], [ -88.00949, 15.54708 ] ], [ [ -88.00949, 15.54708 ], [ -88.00965, 15.547 ] ], [ [ -88.00964, 15.53996 ], [ -88.00947, 15.54007 ], [ -88.00942, 15.54038 ] ], [ [ -88.00936, 15.53994 ], [ -88.00938, 15.53988 ], [ -88.00964, 15.53996 ] ], [ [ -88.00949, 15.54708 ], [ -88.00932, 15.54678 ], [ -88.00909, 15.54638 ], [ -88.00885, 15.54598 ], [ -88.0086, 15.54557 ], [ -88.00837, 15.54519 ], [ -88.00816, 15.54477 ], [ -88.00795, 15.54437 ], [ -88.00775, 15.54396 ], [ -88.00752, 15.54353 ], [ -88.0073, 15.54312 ], [ -88.0071, 15.5427 ], [ -88.00688, 15.54229 ], [ -88.0067, 15.54187 ], [ -88.00651, 15.54146 ], [ -88.00622, 15.54095 ], [ -88.00598, 15.54054 ], [ -88.00575, 15.54015 ], [ -88.00549, 15.53977 ] ], [ [ -88.00938, 15.541 ], [ -88.0091, 15.54131 ] ], [ [ -88.00938, 15.541 ], [ -88.00916, 15.54091 ], [ -88.0088, 15.5407 ], [ -88.00834, 15.54047 ] ], [ [ -88.00834, 15.54047 ], [ -88.00862, 15.54025 ], [ -88.00894, 15.54008 ], [ -88.00936, 15.53994 ] ], [ [ -88.00936, 15.53994 ], [ -88.00933, 15.54003 ] ], [ [ -88.0086, 15.53947 ], [ -88.00866, 15.53934 ], [ -88.00874, 15.53918 ] ], [ [ -88.0086, 15.53947 ], [ -88.00855, 15.53958 ] ], [ [ -88.008, 15.54039 ], [ -88.00828, 15.54019 ], [ -88.00831, 15.54017 ], [ -88.00868, 15.53992 ], [ -88.00872, 15.5399 ], [ -88.00893, 15.5398 ], [ -88.00922, 15.5397 ], [ -88.00894, 15.5396 ], [ -88.0086, 15.53947 ] ], [ [ -88.0086, 15.53947 ], [ -88.00854, 15.53943 ] ], [ [ -88.00834, 15.54199 ], [ -88.00847, 15.54194 ], [ -88.00858, 15.54213 ] ], [ [ -88.00834, 15.54047 ], [ -88.00825, 15.54053 ], [ -88.008, 15.54039 ] ], [ [ -88.00834, 15.54199 ], [ -88.00813, 15.54159 ], [ -88.00793, 15.54117 ], [ -88.00783, 15.54094 ] ], [ [ -88.00793, 15.54765 ], [ -88.00809, 15.54794 ], [ -88.00819, 15.5482 ] ], [ [ -88.008, 15.54039 ], [ -88.00782, 15.54028 ], [ -88.00762, 15.54016 ], [ -88.00752, 15.54011 ] ], [ [ -88.00793, 15.54765 ], [ -88.00779, 15.54772 ] ], [ [ -88.00589, 15.54476 ], [ -88.00643, 15.54525 ], [ -88.00661, 15.54554 ], [ -88.0068, 15.54586 ], [ -88.00703, 15.54624 ], [ -88.00732, 15.54671 ], [ -88.00757, 15.54708 ], [ -88.00793, 15.54765 ] ], [ [ -88.00542, 15.54784 ], [ -88.0057, 15.54808 ], [ -88.00611, 15.54842 ], [ -88.00635, 15.54873 ], [ -88.00674, 15.54852 ], [ -88.00683, 15.54861 ], [ -88.00685, 15.54866 ], [ -88.00696, 15.5488 ] ], [ [ -88.00295, 15.53626 ], [ -88.00332, 15.53597 ], [ -88.00354, 15.53566 ], [ -88.00375, 15.53538 ], [ -88.00403, 15.53507 ], [ -88.00424, 15.53483 ], [ -88.0045, 15.53448 ], [ -88.00471, 15.53431 ], [ -88.00498, 15.53397 ], [ -88.00519, 15.53365 ], [ -88.00547, 15.53343 ], [ -88.00559, 15.53311 ], [ -88.00571, 15.53316 ], [ -88.00602, 15.53355 ], [ -88.00631, 15.53389 ], [ -88.00608, 15.53419 ], [ -88.00586, 15.53445 ], [ -88.00548, 15.53484 ], [ -88.00598, 15.53513 ], [ -88.00639, 15.53536 ], [ -88.00675, 15.53546 ], [ -88.00693, 15.53546 ] ], [ [ -88.00642, 15.5491 ], [ -88.00643, 15.5489 ], [ -88.00613, 15.54862 ], [ -88.00587, 15.54837 ], [ -88.00572, 15.54823 ], [ -88.00542, 15.54793 ] ], [ [ -88.00549, 15.53977 ], [ -88.00572, 15.53993 ], [ -88.00576, 15.53991 ], [ -88.00603, 15.53974 ], [ -88.0062, 15.53961 ] ], [ [ -88.00589, 15.54476 ], [ -88.00561, 15.54491 ], [ -88.0054, 15.54501 ], [ -88.00515, 15.54514 ], [ -88.0049, 15.54523 ] ], [ [ -88.00579, 15.54372 ], [ -88.00603, 15.54413 ], [ -88.00629, 15.54457 ], [ -88.00589, 15.54476 ] ], [ [ -88.00579, 15.54372 ], [ -88.00532, 15.54385 ] ], [ [ -88.00456, 15.5417 ], [ -88.0048, 15.5421 ], [ -88.00502, 15.54246 ], [ -88.00521, 15.54276 ], [ -88.00536, 15.54303 ], [ -88.00558, 15.54339 ], [ -88.00579, 15.54372 ] ], [ [ -88.00296, 15.54565 ], [ -88.00296, 15.54569 ], [ -88.00292, 15.54592 ], [ -88.00305, 15.54617 ], [ -88.00328, 15.54607 ], [ -88.00362, 15.54591 ], [ -88.00389, 15.5457 ], [ -88.00441, 15.54551 ], [ -88.00491, 15.54538 ], [ -88.00532, 15.54519 ], [ -88.00557, 15.54506 ] ], [ [ -88.00555, 15.54952 ], [ -88.00534, 15.54947 ] ], [ [ -88.00549, 15.53977 ], [ -88.00523, 15.5394 ], [ -88.00511, 15.53923 ], [ -88.00485, 15.53885 ], [ -88.00457, 15.53847 ], [ -88.0043, 15.5381 ], [ -88.00405, 15.53772 ] ], [ [ -88.00542, 15.54793 ], [ -88.00533, 15.548 ] ], [ [ -88.00542, 15.54793 ], [ -88.00513, 15.54768 ] ], [ [ -88.0047, 15.54992 ], [ -88.00443, 15.54988 ], [ -88.00425, 15.54956 ], [ -88.00418, 15.5494 ], [ -88.00411, 15.54924 ] ], [ [ -88.00422, 15.54405 ], [ -88.00435, 15.54402 ], [ -88.00454, 15.54398 ] ], [ [ -88.00422, 15.54405 ], [ -88.0043, 15.5442 ] ], [ [ -88.00404, 15.54409 ], [ -88.00422, 15.54405 ] ], [ [ -88.00422, 15.54405 ], [ -88.00415, 15.54375 ], [ -88.00408, 15.54348 ] ], [ [ -88.00408, 15.54348 ], [ -88.00416, 15.54347 ] ], [ [ -88.00404, 15.54409 ], [ -88.00413, 15.54451 ] ], [ [ -88.00411, 15.54924 ], [ -88.00399, 15.54926 ], [ -88.00377, 15.54934 ] ], [ [ -88.00411, 15.54924 ], [ -88.00394, 15.5489 ], [ -88.00384, 15.54872 ] ], [ [ -88.00329, 15.5425 ], [ -88.00342, 15.54267 ], [ -88.00358, 15.54286 ], [ -88.00374, 15.54306 ], [ -88.00393, 15.54327 ], [ -88.00408, 15.54348 ] ], [ [ -88.00405, 15.53772 ], [ -88.00419, 15.53761 ], [ -88.00404, 15.53737 ] ], [ [ -88.00405, 15.53772 ], [ -88.00377, 15.53734 ], [ -88.0035, 15.53696 ], [ -88.00335, 15.53673 ] ], [ [ -88.00383, 15.54414 ], [ -88.00388, 15.54413 ], [ -88.00404, 15.54409 ] ], [ [ -88.00299, 15.54119 ], [ -88.00322, 15.54101 ], [ -88.00335, 15.54092 ], [ -88.00355, 15.54074 ], [ -88.00399, 15.54039 ] ], [ [ -88.00356, 15.55021 ], [ -88.00393, 15.55031 ] ], [ [ -88.00387, 15.54427 ], [ -88.00383, 15.54414 ] ], [ [ -88.00329, 15.5425 ], [ -88.00349, 15.54225 ], [ -88.00369, 15.54199 ], [ -88.00385, 15.54182 ] ], [ [ -88.00322, 15.54427 ], [ -88.00335, 15.54424 ], [ -88.0037, 15.54417 ], [ -88.00383, 15.54414 ] ], [ [ -88.00383, 15.54414 ], [ -88.00377, 15.54386 ], [ -88.00367, 15.54361 ], [ -88.00345, 15.54334 ], [ -88.00328, 15.54313 ], [ -88.00312, 15.54295 ], [ -88.00297, 15.54277 ], [ -88.00278, 15.54254 ] ], [ [ -88.00357, 15.55046 ], [ -88.00354, 15.55042 ] ], [ [ -88.00158, 15.54853 ], [ -88.00194, 15.54835 ], [ -88.00231, 15.54817 ], [ -88.00267, 15.548 ], [ -88.00305, 15.54781 ], [ -88.0035, 15.5476 ] ], [ [ -88.00344, 15.53663 ], [ -88.00341, 15.53664 ], [ -88.00335, 15.53673 ] ], [ [ -88.00335, 15.53673 ], [ -88.00322, 15.53655 ], [ -88.00295, 15.53626 ] ], [ [ -88.00299, 15.54216 ], [ -88.00314, 15.54234 ], [ -88.00329, 15.5425 ] ], [ [ -88.00028, 15.54449 ], [ -88.00052, 15.54452 ], [ -88.001, 15.54457 ], [ -88.00133, 15.54462 ], [ -88.00169, 15.54465 ], [ -88.00203, 15.54452 ], [ -88.00221, 15.54447 ], [ -88.00247, 15.54443 ], [ -88.00265, 15.54439 ], [ -88.00281, 15.54436 ], [ -88.003, 15.54431 ], [ -88.00322, 15.54427 ] ], [ [ -88.00322, 15.54427 ], [ -88.00315, 15.54463 ], [ -88.00312, 15.54484 ], [ -88.00305, 15.54517 ], [ -88.00301, 15.54543 ], [ -88.00296, 15.54565 ] ], [ [ -88.00316, 15.54381 ], [ -88.00326, 15.54408 ], [ -88.00322, 15.54427 ] ], [ [ -88.00261, 15.54393 ], [ -88.00272, 15.54391 ], [ -88.00298, 15.54386 ], [ -88.00316, 15.54381 ] ], [ [ -88.00269, 15.5432 ], [ -88.00288, 15.54343 ], [ -88.00303, 15.54361 ], [ -88.00316, 15.54381 ] ], [ [ -88.00296, 15.54565 ], [ -88.00308, 15.54567 ] ], [ [ -88.00299, 15.54119 ], [ -88.00281, 15.54135 ], [ -88.0026, 15.54149 ], [ -88.00247, 15.54159 ], [ -88.00221, 15.5418 ], [ -88.00207, 15.54191 ], [ -88.00183, 15.5421 ], [ -88.00164, 15.54227 ], [ -88.00184, 15.54221 ], [ -88.00205, 15.54243 ], [ -88.00221, 15.54264 ], [ -88.00238, 15.54284 ], [ -88.00253, 15.54301 ], [ -88.00269, 15.5432 ] ], [ [ -88.00011, 15.54152 ], [ -88.00051, 15.54165 ], [ -88.00077, 15.54172 ], [ -88.00102, 15.54178 ], [ -88.00125, 15.54185 ], [ -88.00145, 15.54192 ], [ -88.00167, 15.542 ], [ -88.00207, 15.54168 ], [ -88.00245, 15.54135 ], [ -88.00272, 15.5411 ], [ -88.00299, 15.54119 ] ], [ [ -88.00226, 15.54553 ], [ -88.00242, 15.54555 ], [ -88.0026, 15.54559 ], [ -88.00286, 15.54563 ], [ -88.00296, 15.54565 ] ], [ [ -88.00295, 15.53626 ], [ -88.00273, 15.53596 ] ], [ [ -88.00279, 15.55086 ], [ -88.00273, 15.55075 ], [ -88.00267, 15.55062 ] ], [ [ -88.00267, 15.55062 ], [ -88.00275, 15.55052 ] ], [ [ -88.00096, 15.54735 ], [ -88.00131, 15.54716 ], [ -88.00167, 15.54698 ], [ -88.00205, 15.5468 ], [ -88.00242, 15.54663 ], [ -88.00278, 15.54644 ], [ -88.00272, 15.54633 ] ], [ [ -88.00269, 15.5432 ], [ -88.00253, 15.5432 ] ], [ [ -88.00261, 15.54393 ], [ -88.00268, 15.54401 ] ], [ [ -88.00267, 15.55062 ], [ -88.0026, 15.55048 ] ], [ [ -88.00261, 15.54393 ], [ -88.00249, 15.54396 ], [ -88.00219, 15.54402 ], [ -88.00207, 15.54405 ] ], [ [ -88.00191, 15.54311 ], [ -88.00212, 15.54335 ], [ -88.00225, 15.54352 ], [ -88.00242, 15.54371 ], [ -88.00257, 15.54387 ], [ -88.00261, 15.54393 ] ], [ [ -88.00244, 15.55057 ], [ -88.0026, 15.55048 ] ], [ [ -88.0026, 15.55048 ], [ -88.00251, 15.55032 ], [ -88.00238, 15.55005 ], [ -88.00224, 15.5498 ], [ -88.0021, 15.54952 ] ], [ [ -88.00187, 15.53695 ], [ -88.00215, 15.53725 ] ], [ [ -88.00207, 15.54405 ], [ -88.00214, 15.54412 ] ], [ [ -88.00203, 15.55085 ], [ -88.00214, 15.55116 ] ], [ [ -88.0021, 15.54952 ], [ -88.00191, 15.54956 ], [ -88.00194, 15.54961 ] ], [ [ -88.0021, 15.54952 ], [ -88.002, 15.54936 ], [ -88.00184, 15.54903 ], [ -88.00175, 15.54885 ], [ -88.00158, 15.54853 ] ], [ [ -88.00207, 15.54405 ], [ -88.00191, 15.54408 ] ], [ [ -88.00166, 15.54355 ], [ -88.00187, 15.54381 ], [ -88.00203, 15.54399 ], [ -88.00207, 15.54405 ] ], [ [ -88.00204, 15.54024 ], [ -88.00178, 15.5401 ], [ -88.0013, 15.54014 ], [ -88.00106, 15.5401 ], [ -88.00101, 15.54014 ], [ -88.00079, 15.54017 ] ], [ [ -88.00168, 15.55139 ], [ -88.00162, 15.55133 ], [ -88.00175, 15.55127 ], [ -88.00187, 15.55116 ] ], [ [ -88.00018, 15.54836 ], [ -88.00036, 15.5487 ], [ -88.00054, 15.54904 ], [ -88.00075, 15.54895 ], [ -88.00108, 15.54877 ], [ -88.00131, 15.54866 ], [ -88.00158, 15.54853 ] ], [ [ -88.00158, 15.54853 ], [ -88.0014, 15.5482 ], [ -88.0012, 15.54783 ], [ -88.00106, 15.54754 ], [ -88.00096, 15.54735 ] ], [ [ -88.00096, 15.54735 ], [ -88.00076, 15.54699 ] ], [ [ -88.0008, 15.55182 ], [ -88.00076, 15.55178 ], [ -88.00073, 15.55176 ] ], [ [ -88.00079, 15.54014 ], [ -88.00079, 15.54017 ] ], [ [ -88.00079, 15.54017 ], [ -88.00052, 15.53994 ], [ -88.00044, 15.53973 ], [ -88.00053, 15.53954 ], [ -88.00055, 15.5394 ], [ -88.00052, 15.53936 ], [ -88.00033, 15.53926 ], [ -88.00003, 15.53909 ] ], [ [ -88.00076, 15.54699 ], [ -88.00038, 15.54708 ], [ -87.99994, 15.54709 ], [ -87.9996, 15.54708 ], [ -87.99915, 15.54699 ], [ -87.99871, 15.54693 ], [ -87.99856, 15.54677 ], [ -87.99853, 15.54706 ], [ -87.99847, 15.54734 ], [ -87.99844, 15.54761 ] ], [ [ -88.00076, 15.54699 ], [ -88.00059, 15.54666 ], [ -88.00032, 15.54613 ], [ -88.0002, 15.54584 ], [ -88.00024, 15.54544 ], [ -88.00023, 15.54493 ], [ -88.00026, 15.5446 ], [ -88.00028, 15.54449 ] ], [ [ -88.0007, 15.53829 ], [ -88.00036, 15.53866 ] ], [ [ -88.00028, 15.54449 ], [ -88.00032, 15.54434 ] ], [ [ -88.00028, 15.54449 ], [ -88.00017, 15.54447 ], [ -87.99995, 15.54444 ] ], [ [ -87.99995, 15.54444 ], [ -88.00018, 15.54431 ], [ -88.00021, 15.54412 ], [ -88.00025, 15.54384 ] ], [ [ -88.00011, 15.54152 ], [ -88.00003, 15.54178 ] ], [ [ -87.99959, 15.5414 ], [ -87.99987, 15.54147 ], [ -88.00011, 15.54152 ] ], [ [ -87.99996, 15.55223 ], [ -87.99982, 15.55217 ] ], [ [ -87.999, 15.54433 ], [ -87.99917, 15.54435 ], [ -87.99947, 15.54438 ], [ -87.99967, 15.5444 ], [ -87.99995, 15.54444 ] ], [ [ -87.99894, 15.55083 ], [ -87.99865, 15.55028 ], [ -87.99864, 15.5501 ], [ -87.99832, 15.54947 ], [ -87.99809, 15.54903 ], [ -87.99823, 15.54876 ], [ -87.99854, 15.54861 ], [ -87.99895, 15.54841 ], [ -87.99936, 15.54821 ], [ -87.9996, 15.54866 ], [ -87.99987, 15.54919 ] ], [ [ -87.99968, 15.55237 ], [ -87.99949, 15.55193 ], [ -87.99932, 15.55158 ], [ -87.99906, 15.55106 ], [ -87.99904, 15.55103 ], [ -87.99894, 15.55083 ] ], [ [ -87.99933, 15.53993 ], [ -87.99967, 15.54019 ] ], [ [ -87.99944, 15.54237 ], [ -87.99947, 15.54216 ], [ -87.9995, 15.54191 ], [ -87.99954, 15.54165 ], [ -87.99959, 15.5414 ] ], [ [ -87.99909, 15.54215 ], [ -87.99916, 15.54184 ], [ -87.99922, 15.54159 ], [ -87.99927, 15.5413 ], [ -87.99959, 15.5414 ] ], [ [ -87.99871, 15.54115 ], [ -87.99908, 15.54079 ] ], [ [ -87.99894, 15.55083 ], [ -87.99863, 15.55099 ], [ -87.99833, 15.55113 ], [ -87.99822, 15.5509 ] ], [ [ -87.99887, 15.53725 ], [ -87.99882, 15.53763 ], [ -87.99877, 15.53801 ], [ -87.9987, 15.53845 ], [ -87.99866, 15.53886 ], [ -87.9986, 15.53926 ], [ -87.99858, 15.53945 ] ], [ [ -87.9986, 15.55279 ], [ -87.99876, 15.55271 ] ], [ [ -87.99858, 15.53945 ], [ -87.99866, 15.53946 ] ], [ [ -87.9986, 15.55279 ], [ -87.99833, 15.55292 ] ], [ [ -87.9986, 15.55279 ], [ -87.99851, 15.55262 ] ], [ [ -87.99859, 15.53768 ], [ -87.99842, 15.53768 ] ], [ [ -87.99858, 15.53945 ], [ -87.99855, 15.5397 ] ], [ [ -87.99808, 15.5394 ], [ -87.99834, 15.53941 ], [ -87.99858, 15.53945 ] ], [ [ -87.99851, 15.55262 ], [ -87.9985, 15.55262 ] ], [ [ -87.99851, 15.55262 ], [ -87.99844, 15.5525 ], [ -87.99844, 15.55251 ] ], [ [ -87.99842, 15.53768 ], [ -87.99846, 15.53755 ], [ -87.99848, 15.5373 ] ], [ [ -87.99841, 15.53772 ], [ -87.99842, 15.53768 ] ], [ [ -87.99802, 15.53763 ], [ -87.99813, 15.53764 ], [ -87.99842, 15.53768 ] ], [ [ -87.99818, 15.53852 ], [ -87.99814, 15.53884 ] ], [ [ -87.99814, 15.53884 ], [ -87.9981, 15.53924 ], [ -87.99808, 15.5394 ] ], [ [ -87.99814, 15.53884 ], [ -87.998, 15.53879 ], [ -87.99772, 15.53877 ] ], [ [ -87.99808, 15.5394 ], [ -87.99807, 15.53947 ] ], [ [ -87.99699, 15.53925 ], [ -87.99722, 15.53928 ], [ -87.99763, 15.53934 ], [ -87.99795, 15.53938 ], [ -87.99808, 15.5394 ] ], [ [ -87.99802, 15.53763 ], [ -87.99798, 15.53766 ] ], [ [ -87.99797, 15.53719 ], [ -87.99797, 15.5375 ], [ -87.99802, 15.53763 ] ], [ [ -87.99802, 15.53763 ], [ -87.99775, 15.53756 ] ], [ [ -87.9969, 15.53982 ], [ -87.99696, 15.53982 ], [ -87.99728, 15.53986 ], [ -87.99756, 15.5399 ], [ -87.99799, 15.53995 ] ], [ [ -87.99712, 15.53813 ], [ -87.99718, 15.53813 ], [ -87.99751, 15.53817 ], [ -87.99793, 15.53821 ] ], [ [ -87.9979, 15.54605 ], [ -87.9978, 15.54587 ], [ -87.99734, 15.54587 ], [ -87.99695, 15.54589 ], [ -87.99653, 15.5459 ], [ -87.99613, 15.54591 ], [ -87.99574, 15.54591 ] ], [ [ -87.99688, 15.53341 ], [ -87.99699, 15.53377 ], [ -87.99712, 15.53402 ], [ -87.99726, 15.53427 ], [ -87.99747, 15.53422 ], [ -87.99754, 15.53405 ], [ -87.99778, 15.53386 ] ], [ [ -87.99778, 15.53386 ], [ -87.9979, 15.53356 ], [ -87.99791, 15.53328 ], [ -87.99794, 15.533 ], [ -87.99801, 15.53262 ], [ -87.9981, 15.53245 ], [ -87.99812, 15.53222 ], [ -87.99799, 15.53206 ], [ -87.99774, 15.53176 ] ], [ [ -87.99749, 15.53339 ], [ -87.99763, 15.53371 ], [ -87.99778, 15.53386 ] ], [ [ -87.99775, 15.53756 ], [ -87.99759, 15.5377 ] ], [ [ -87.99775, 15.53756 ], [ -87.99744, 15.53754 ] ], [ [ -87.99748, 15.5324 ], [ -87.99765, 15.53204 ], [ -87.99774, 15.53176 ] ], [ [ -87.99774, 15.53176 ], [ -87.99752, 15.53149 ], [ -87.99715, 15.53135 ] ], [ [ -87.99744, 15.53754 ], [ -87.99746, 15.53742 ], [ -87.99749, 15.53714 ] ], [ [ -87.99749, 15.54879 ], [ -87.99734, 15.54893 ] ], [ [ -87.99743, 15.53762 ], [ -87.99744, 15.53754 ] ], [ [ -87.99717, 15.5375 ], [ -87.9973, 15.5375 ], [ -87.99744, 15.53754 ] ], [ [ -87.99734, 15.54893 ], [ -87.99736, 15.54903 ] ], [ [ -87.99734, 15.54893 ], [ -87.99708, 15.54908 ], [ -87.99672, 15.54926 ], [ -87.99635, 15.54944 ], [ -87.99607, 15.54958 ], [ -87.99567, 15.54978 ], [ -87.99564, 15.54973 ], [ -87.99559, 15.54964 ] ], [ [ -87.99712, 15.53813 ], [ -87.99715, 15.53788 ], [ -87.99717, 15.5375 ] ], [ [ -87.99717, 15.5375 ], [ -87.99719, 15.53728 ], [ -87.9971, 15.53693 ], [ -87.99676, 15.53698 ], [ -87.99641, 15.53694 ] ], [ [ -87.99717, 15.5375 ], [ -87.99704, 15.53748 ], [ -87.99652, 15.53741 ], [ -87.99606, 15.53736 ] ], [ [ -87.99706, 15.53874 ], [ -87.99712, 15.53826 ], [ -87.99712, 15.53813 ] ], [ [ -87.99712, 15.53813 ], [ -87.99676, 15.53808 ], [ -87.99649, 15.53804 ], [ -87.99624, 15.53802 ], [ -87.99591, 15.53804 ] ], [ [ -87.99699, 15.53925 ], [ -87.99704, 15.53902 ], [ -87.99706, 15.53874 ] ], [ [ -87.99689, 15.53871 ], [ -87.99706, 15.53874 ] ], [ [ -87.99699, 15.53144 ], [ -87.99704, 15.5314 ] ], [ [ -87.9969, 15.53982 ], [ -87.99691, 15.53976 ], [ -87.99696, 15.53939 ], [ -87.99699, 15.53925 ] ], [ [ -87.99699, 15.53925 ], [ -87.99662, 15.53921 ], [ -87.99633, 15.53916 ], [ -87.99606, 15.53914 ] ], [ [ -87.99689, 15.53871 ], [ -87.99693, 15.53844 ] ], [ [ -87.9969, 15.53982 ], [ -87.99689, 15.53995 ] ], [ [ -87.9969, 15.53982 ], [ -87.99655, 15.53978 ], [ -87.99613, 15.53973 ], [ -87.99571, 15.53968 ], [ -87.99539, 15.53965 ], [ -87.99498, 15.53958 ], [ -87.99459, 15.53953 ] ], [ [ -87.99688, 15.53881 ], [ -87.99689, 15.53871 ] ], [ [ -87.99496, 15.53844 ], [ -87.9954, 15.53849 ], [ -87.99591, 15.53855 ], [ -87.99625, 15.53858 ], [ -87.9967, 15.53865 ], [ -87.99689, 15.53871 ] ], [ [ -87.99443, 15.53535 ], [ -87.99459, 15.53542 ], [ -87.99484, 15.53552 ], [ -87.9951, 15.53561 ], [ -87.99543, 15.53571 ], [ -87.99581, 15.53589 ], [ -87.9961, 15.53601 ], [ -87.99647, 15.53612 ] ], [ [ -87.99644, 15.5368 ], [ -87.99641, 15.53694 ] ], [ [ -87.99641, 15.53694 ], [ -87.99597, 15.53687 ], [ -87.99552, 15.53681 ], [ -87.99553, 15.5367 ] ], [ [ -87.99606, 15.53736 ], [ -87.99601, 15.53751 ] ], [ [ -87.99606, 15.53736 ], [ -87.99567, 15.53731 ] ], [ [ -87.99411, 15.54537 ], [ -87.99424, 15.54523 ], [ -87.99455, 15.54487 ], [ -87.99484, 15.54452 ], [ -87.99515, 15.54417 ], [ -87.99547, 15.54379 ], [ -87.99577, 15.54344 ] ], [ [ -87.99574, 15.54591 ], [ -87.99574, 15.54605 ] ], [ [ -87.99574, 15.54591 ], [ -87.99539, 15.54566 ], [ -87.99506, 15.5454 ] ], [ [ -87.99336, 15.5522 ], [ -87.99376, 15.55197 ], [ -87.99426, 15.55174 ], [ -87.99448, 15.55213 ], [ -87.99471, 15.55253 ], [ -87.99498, 15.55302 ], [ -87.99521, 15.55343 ], [ -87.99541, 15.55379 ], [ -87.99563, 15.55383 ] ], [ [ -87.99559, 15.54964 ], [ -87.9955, 15.54948 ], [ -87.99533, 15.54916 ], [ -87.99537, 15.5488 ], [ -87.99539, 15.54869 ] ], [ [ -87.99554, 15.54978 ], [ -87.9953, 15.54988 ], [ -87.99497, 15.55002 ], [ -87.9946, 15.55022 ], [ -87.99432, 15.55035 ], [ -87.99406, 15.55048 ], [ -87.99384, 15.55003 ], [ -87.99364, 15.54963 ], [ -87.99345, 15.54924 ], [ -87.99328, 15.54892 ], [ -87.99309, 15.54854 ], [ -87.99284, 15.54806 ], [ -87.99306, 15.5478 ], [ -87.99328, 15.54754 ], [ -87.99349, 15.54726 ] ], [ [ -87.99552, 15.54284 ], [ -87.99532, 15.54308 ], [ -87.99501, 15.54343 ], [ -87.99469, 15.54379 ], [ -87.99439, 15.54415 ], [ -87.9941, 15.54451 ], [ -87.9938, 15.54486 ], [ -87.99366, 15.54502 ] ], [ [ -87.99527, 15.54517 ], [ -87.99506, 15.5454 ] ], [ [ -87.99449, 15.54568 ], [ -87.99461, 15.54553 ], [ -87.99492, 15.54518 ], [ -87.99524, 15.54482 ] ], [ [ -87.99506, 15.5454 ], [ -87.99478, 15.54571 ], [ -87.99466, 15.54584 ] ], [ [ -87.99425, 15.53895 ], [ -87.9946, 15.53896 ], [ -87.9949, 15.53899 ] ], [ [ -87.99437, 15.53781 ], [ -87.99478, 15.53785 ] ], [ [ -87.9947, 15.54587 ], [ -87.99466, 15.54584 ] ], [ [ -87.99466, 15.54584 ], [ -87.9946, 15.54591 ] ], [ [ -87.99466, 15.54584 ], [ -87.99449, 15.54568 ] ], [ [ -87.99463, 15.53622 ], [ -87.99442, 15.53623 ], [ -87.99409, 15.53613 ] ], [ [ -87.99461, 15.53478 ], [ -87.99456, 15.53505 ] ], [ [ -87.99459, 15.53953 ], [ -87.99455, 15.53982 ], [ -87.99453, 15.54007 ], [ -87.99422, 15.54008 ], [ -87.99388, 15.54006 ], [ -87.9935, 15.54002 ] ], [ [ -87.99459, 15.53953 ], [ -87.99437, 15.53949 ], [ -87.99427, 15.53923 ], [ -87.99425, 15.53895 ] ], [ [ -87.99449, 15.54568 ], [ -87.99431, 15.54591 ], [ -87.994, 15.54626 ] ], [ [ -87.99449, 15.54568 ], [ -87.99445, 15.54563 ], [ -87.99414, 15.54539 ], [ -87.99411, 15.54537 ] ], [ [ -87.99443, 15.53535 ], [ -87.99449, 15.53521 ] ], [ [ -87.99437, 15.53781 ], [ -87.99444, 15.53735 ] ], [ [ -87.99409, 15.53613 ], [ -87.99417, 15.53598 ], [ -87.99425, 15.53576 ], [ -87.99437, 15.53549 ], [ -87.99443, 15.53535 ] ], [ [ -87.9938, 15.53509 ], [ -87.99396, 15.53515 ], [ -87.99422, 15.53527 ], [ -87.99443, 15.53535 ] ], [ [ -87.99425, 15.53895 ], [ -87.99427, 15.53861 ], [ -87.99434, 15.53819 ], [ -87.99437, 15.53781 ] ], [ [ -87.99316, 15.54464 ], [ -87.99334, 15.5445 ], [ -87.99364, 15.54415 ], [ -87.99394, 15.54378 ], [ -87.99424, 15.54343 ], [ -87.9942, 15.54333 ] ], [ [ -87.99411, 15.54537 ], [ -87.99392, 15.54559 ], [ -87.99362, 15.54595 ], [ -87.99331, 15.54631 ] ], [ [ -87.99411, 15.54537 ], [ -87.99384, 15.54516 ], [ -87.99366, 15.54502 ] ], [ [ -87.99404, 15.5363 ], [ -87.99409, 15.53613 ] ], [ [ -87.99402, 15.53611 ], [ -87.99409, 15.53613 ] ], [ [ -87.9935, 15.54002 ], [ -87.99375, 15.54028 ], [ -87.99393, 15.5405 ], [ -87.99406, 15.54069 ] ], [ [ -87.99406, 15.53671 ], [ -87.99377, 15.53659 ], [ -87.99351, 15.53649 ], [ -87.99327, 15.53638 ], [ -87.99324, 15.53638 ] ], [ [ -87.99324, 15.53638 ], [ -87.9933, 15.53625 ], [ -87.99341, 15.53598 ], [ -87.99352, 15.53573 ], [ -87.99362, 15.53549 ], [ -87.99374, 15.53527 ], [ -87.9938, 15.53509 ] ], [ [ -87.9938, 15.53509 ], [ -87.99389, 15.53492 ], [ -87.99398, 15.53471 ], [ -87.99395, 15.53442 ], [ -87.99379, 15.53408 ], [ -87.99364, 15.5338 ], [ -87.99352, 15.53356 ] ], [ [ -87.9938, 15.53509 ], [ -87.99363, 15.53502 ] ], [ [ -87.99366, 15.54502 ], [ -87.99348, 15.54523 ], [ -87.99317, 15.54559 ], [ -87.99286, 15.54595 ] ], [ [ -87.99366, 15.54502 ], [ -87.99355, 15.54492 ], [ -87.9933, 15.54471 ], [ -87.99316, 15.54464 ] ], [ [ -87.99261, 15.53841 ], [ -87.99271, 15.53832 ], [ -87.99293, 15.53819 ], [ -87.99321, 15.53805 ], [ -87.99338, 15.53788 ], [ -87.99352, 15.53762 ] ], [ [ -87.99333, 15.53946 ], [ -87.99347, 15.53974 ], [ -87.9935, 15.54002 ] ], [ [ -87.99333, 15.53946 ], [ -87.99335, 15.53946 ] ], [ [ -87.99261, 15.53841 ], [ -87.99277, 15.53868 ], [ -87.9929, 15.53891 ], [ -87.9931, 15.53919 ], [ -87.99333, 15.53946 ] ], [ [ -87.99225, 15.5378 ], [ -87.99254, 15.53763 ], [ -87.99274, 15.53751 ], [ -87.99288, 15.53722 ], [ -87.99299, 15.53695 ], [ -87.99309, 15.53673 ], [ -87.99316, 15.53655 ], [ -87.99324, 15.53638 ] ], [ [ -87.99324, 15.53638 ], [ -87.99289, 15.53623 ], [ -87.99268, 15.53614 ], [ -87.99261, 15.53613 ] ], [ [ -87.99316, 15.54464 ], [ -87.99302, 15.54487 ], [ -87.99273, 15.54522 ], [ -87.99252, 15.54546 ], [ -87.99221, 15.54582 ], [ -87.99202, 15.54605 ] ], [ [ -87.99316, 15.54464 ], [ -87.99308, 15.54454 ] ], [ [ -87.99289, 15.53252 ], [ -87.99315, 15.53246 ] ], [ [ -87.99261, 15.53613 ], [ -87.99264, 15.53606 ], [ -87.99277, 15.5358 ], [ -87.99287, 15.53558 ], [ -87.99299, 15.5353 ], [ -87.99307, 15.53506 ], [ -87.99328, 15.53463 ], [ -87.99317, 15.53438 ], [ -87.99301, 15.53411 ], [ -87.99287, 15.53384 ], [ -87.99274, 15.53359 ] ], [ [ -87.99225, 15.5378 ], [ -87.99232, 15.53791 ], [ -87.99248, 15.53819 ], [ -87.99261, 15.53841 ] ], [ [ -87.99173, 15.53656 ], [ -87.99196, 15.53665 ], [ -87.99231, 15.5368 ], [ -87.99252, 15.53635 ], [ -87.99261, 15.53613 ] ], [ [ -87.99261, 15.53613 ], [ -87.99244, 15.53605 ], [ -87.99212, 15.53592 ], [ -87.9918, 15.53577 ], [ -87.99155, 15.53568 ], [ -87.99129, 15.53558 ] ], [ [ -87.99167, 15.53816 ], [ -87.9919, 15.53801 ], [ -87.99213, 15.53787 ], [ -87.99225, 15.5378 ] ], [ [ -87.99225, 15.5378 ], [ -87.99216, 15.53763 ] ], [ [ -87.99182, 15.5384 ], [ -87.99167, 15.53816 ] ], [ [ -87.99167, 15.53816 ], [ -87.99148, 15.53783 ], [ -87.99129, 15.5375 ], [ -87.99119, 15.53723 ] ] ] } ] } },
{ "type": "Feature", "properties": { "ID_TRAMOMT": 309786, "ID_APOYO1": 65698, "ID_APOYO2": 65958, "SUBESTACION": "BER", "CIRCUITO": "BER208", "SECTOR": "SAN PEDRO SULA", "LATITUDFINAL": 15.52067968, "LATITUDINICIO": 15.52068803, "LONGITUDFINAL": -88.01925856, "LONGITUDINICIO": -88.01940778, "TIPO": "RAMAL", "ID_EQUIPO": 302596, "CIRCUITO_2": "BER208" }, "geometry": { "type": "MultiLineString", "coordinates": [ [ [ -88.01941, 15.52069 ], [ -88.01962, 15.52068 ], [ -88.02002, 15.52069 ], [ -88.02026, 15.52069 ], [ -88.02089, 15.52072 ] ], [ [ -88.01943, 15.52057 ], [ -88.01941, 15.52069 ] ], [ [ -88.01941, 15.52069 ], [ -88.01939, 15.52087 ], [ -88.01937, 15.52106 ] ], [ [ -88.01941, 15.52069 ], [ -88.01926, 15.52068 ] ] ] } },
{ "type": "Feature", "properties": { "ID_TRAMOMT": 3063282, "ID_APOYO1": 108177, "ID_APOYO2": 6506540, "SUBESTACION": "BER", "CIRCUITO": "BER290", "SECTOR": "SAN PEDRO SULA", "LATITUDFINAL": 15.54540592, "LATITUDINICIO": 15.54543312, "LONGITUDFINAL": -88.03414078, "LONGITUDINICIO": -88.03412227, "TIPO": "RAMAL", "ID_EQUIPO": 306089, "CIRCUITO_2": "BER290" }, "geometry": { "type": "MultiLineString", "coordinates": [ [ [ -88.03412, 15.54543 ], [ -88.03442, 15.54541 ], [ -88.03479, 15.54539 ], [ -88.0354, 15.54539 ], [ -88.03591, 15.5454 ], [ -88.03627, 15.5454 ] ], [ [ -88.03412, 15.54543 ], [ -88.03414, 15.54541 ] ], [ [ -88.03353, 15.54539 ], [ -88.03385, 15.54545 ], [ -88.03412, 15.54543 ] ] ] } },
{ "type": "Feature", "properties": { "ID_TRAMOMT": 301910, "ID_APOYO1": 125750, "ID_APOYO2": 125761, "SUBESTACION": "BER", "CIRCUITO": "BER288", "SECTOR": "SAN PEDRO SULA", "LATITUDFINAL": 15.51702827, "LATITUDINICIO": 15.51706291, "LONGITUDFINAL": -88.02304452, "LONGITUDINICIO": -88.023371, "TIPO": "RAMAL", "ID_EQUIPO": 2011113, "CIRCUITO_2": "BER288" }, "geometry": { "type": "MultiLineString", "coordinates": [ [ [ -88.02337, 15.51706 ], [ -88.02304, 15.51703 ] ] ] } },
{ "type": "Feature", "properties": { "ID_TRAMOMT": 312522, "ID_APOYO1": 65518, "ID_APOYO2": 65526, "SUBESTACION": "BER", "CIRCUITO": "BER207", "SECTOR": "SAN PEDRO SULA", "LATITUDFINAL": 15.50728286, "LATITUDINICIO": 15.50727997, "LONGITUDFINAL": -88.01396669, "LONGITUDINICIO": -88.01402796000001, "TIPO": "RAMAL", "ID_EQUIPO": 306128, "CIRCUITO_2": "BER207" }, "geometry": { "type": "MultiLineString", "coordinates": [ [ [ -88.01403, 15.50728 ], [ -88.01397, 15.50728 ] ] ] } },
{ "type": "Feature", "properties": { "ID_TRAMOMT": 70900, "ID_APOYO1": 63361, "ID_APOYO2": 63388, "SUBESTACION": "BER", "CIRCUITO": "BER205", "SECTOR": "SAN PEDRO SULA", "LATITUDFINAL": 15.54533983, "LATITUDINICIO": 15.54532337, "LONGITUDFINAL": -87.92918267, "LONGITUDINICIO": -87.92880028, "TIPO": "RAMAL", "ID_EQUIPO": 307393, "CIRCUITO_2": "BER205" }, "geometry": { "type": "MultiLineString", "coordinates": [ [ [ -87.92709, 15.54519 ], [ -87.9275, 15.54523 ], [ -87.92796, 15.54525 ], [ -87.92833, 15.54528 ], [ -87.9288, 15.54532 ], [ -87.92918, 15.54534 ], [ -87.92969, 15.54536 ] ], [ [ -87.92709, 15.54519 ], [ -87.92711, 15.54495 ], [ -87.92715, 15.54458 ], [ -87.92716, 15.54421 ] ], [ [ -87.9262, 15.54463 ], [ -87.92635, 15.54478 ], [ -87.92666, 15.54509 ], [ -87.92709, 15.54519 ] ] ] } },
{ "type": "Feature", "properties": { "ID_TRAMOMT": 3059600, "ID_APOYO1": 6503195, "ID_APOYO2": 126031, "SUBESTACION": "BER", "CIRCUITO": "BER288", "SECTOR": "SAN PEDRO SULA", "LATITUDFINAL": 15.51995266, "LATITUDINICIO": 15.51970437, "LONGITUDFINAL": -88.02400059, "LONGITUDINICIO": -88.02403043, "TIPO": "RAMAL", "ID_EQUIPO": 2011120, "CIRCUITO_2": "BER288" }, "geometry": { "type": "MultiLineString", "coordinates": [ [ [ -88.02391, 15.5193 ], [ -88.02408, 15.51931 ], [ -88.02405, 15.51953 ], [ -88.02403, 15.5197 ], [ -88.024, 15.51995 ] ] ] } },
{ "type": "Feature", "properties": { "ID_TRAMOMT": 72455, "ID_APOYO1": 65239, "ID_APOYO2": 63867, "SUBESTACION": "BER", "CIRCUITO": "BER207", "SECTOR": "SAN PEDRO SULA", "LATITUDFINAL": 15.51408993, "LATITUDINICIO": 15.5140285, "LONGITUDFINAL": -88.0153105, "LONGITUDINICIO": -88.01490931, "TIPO": "RAMAL", "ID_EQUIPO": 306152, "CIRCUITO_2": "BER207" }, "geometry": { "type": "MultiLineString", "coordinates": [ [ [ -88.01491, 15.51403 ], [ -88.01531, 15.51409 ], [ -88.0157, 15.51417 ] ] ] } },
{ "type": "Feature", "properties": { "ID_TRAMOMT": 95982, "ID_APOYO1": 126053, "ID_APOYO2": 126057, "SUBESTACION": "BER", "CIRCUITO": "BER288", "SECTOR": "SAN PEDRO SULA", "LATITUDFINAL": 15.51821809, "LATITUDINICIO": 15.51790154, "LONGITUDFINAL": -88.0237776, "LONGITUDINICIO": -88.02381333, "TIPO": "RAMAL", "ID_EQUIPO": 302719, "CIRCUITO_2": "BER288" }, "geometry": { "type": "MultiLineString", "coordinates": [ [ [ -88.02381, 15.5179 ], [ -88.02378, 15.51822 ] ] ] } },
{ "type": "Feature", "properties": { "ID_TRAMOMT": 70842, "ID_APOYO1": 62320, "ID_APOYO2": 63369, "SUBESTACION": "BER", "CIRCUITO": "BER205", "SECTOR": "SAN PEDRO SULA", "LATITUDFINAL": 15.54602982, "LATITUDINICIO": 15.54573679, "LONGITUDFINAL": -87.9242027, "LONGITUDINICIO": -87.92507224000001, "TIPO": "RAMAL", "ID_EQUIPO": 307420, "CIRCUITO_2": "BER205" }, "geometry": { "type": "MultiLineString", "coordinates": [ [ [ -87.92547, 15.54699 ], [ -87.92522, 15.5471 ], [ -87.92517, 15.54665 ], [ -87.92511, 15.54606 ] ], [ [ -87.92507, 15.54574 ], [ -87.92511, 15.54606 ] ], [ [ -87.92511, 15.54606 ], [ -87.92498, 15.54605 ] ], [ [ -87.92507, 15.54574 ], [ -87.9242, 15.54603 ] ], [ [ -87.92507, 15.54574 ], [ -87.92498, 15.54557 ] ] ] } },
{ "type": "Feature", "properties": { "ID_TRAMOMT": 70841, "ID_APOYO1": 61239, "ID_APOYO2": 62320, "SUBESTACION": "BER", "CIRCUITO": "BER205", "SECTOR": "SAN PEDRO SULA", "LATITUDFINAL": 15.54573679, "LATITUDINICIO": 15.54535478, "LONGITUDFINAL": -87.92507224000001, "LONGITUDINICIO": -87.92563002, "TIPO": "RAMAL", "ID_EQUIPO": 307419, "CIRCUITO_2": "BER205" }, "geometry": { "type": "MultiLineString", "coordinates": [ [ [ -87.92563, 15.54535 ], [ -87.92507, 15.54574 ] ] ] } },
{ "type": "Feature", "properties": { "ID_TRAMOMT": 91924, "ID_APOYO1": 112783, "ID_APOYO2": 113107, "SUBESTACION": "BER", "CIRCUITO": "BER282", "SECTOR": "SAN PEDRO SULA", "LATITUDFINAL": 15.51765117, "LATITUDINICIO": 15.5176637, "LONGITUDFINAL": -88.02606714, "LONGITUDINICIO": -88.02636673000001, "TIPO": "RAMAL", "ID_EQUIPO": 306449, "CIRCUITO_2": "BER282" }, "geometry": { "type": "MultiLineString", "coordinates": [ [ [ -88.02652, 15.51744 ], [ -88.02637, 15.51766 ], [ -88.02607, 15.51765 ] ] ] } },
{ "type": "Feature", "properties": { "ID_TRAMOMT": 72436, "ID_APOYO1": 63998, "ID_APOYO2": 64008, "SUBESTACION": "BER", "CIRCUITO": "BER207", "SECTOR": "SAN PEDRO SULA", "LATITUDFINAL": 15.51300558, "LATITUDINICIO": 15.51305862, "LONGITUDFINAL": -88.01325412, "LONGITUDINICIO": -88.01351543, "TIPO": "RAMAL", "ID_EQUIPO": 306144, "CIRCUITO_2": "BER207" }, "geometry": { "type": "MultiLineString", "coordinates": [ [ [ -88.01599, 15.51357 ], [ -88.01561, 15.51349 ], [ -88.01532, 15.51342 ], [ -88.01501, 15.51336 ], [ -88.01465, 15.51329 ], [ -88.01423, 15.51322 ], [ -88.01381, 15.5131 ] ], [ [ -88.01381, 15.5131 ], [ -88.0139, 15.51272 ] ], [ [ -88.01381, 15.5131 ], [ -88.01352, 15.51306 ], [ -88.01325, 15.51301 ], [ -88.01301, 15.51294 ], [ -88.01275, 15.51291 ] ] ] } },
{ "type": "Feature", "properties": { "ID_TRAMOMT": 95976, "ID_APOYO1": 125781, "ID_APOYO2": 125837, "SUBESTACION": "BER", "CIRCUITO": "BER288", "SECTOR": "SAN PEDRO SULA", "LATITUDFINAL": 15.51081359, "LATITUDINICIO": 15.5109583, "LONGITUDFINAL": -88.02790845, "LONGITUDINICIO": -88.02789052, "TIPO": "RAMAL", "ID_EQUIPO": 302822, "CIRCUITO_2": "BER288" }, "geometry": { "type": "MultiLineString", "coordinates": [ [ [ -88.02786, 15.51117 ], [ -88.02789, 15.51096 ], [ -88.02791, 15.51081 ] ] ] } },
{ "type": "Feature", "properties": { "ID_TRAMOMT": 70909, "ID_APOYO1": 62318, "ID_APOYO2": 63398, "SUBESTACION": "BER", "CIRCUITO": "BER205", "SECTOR": "SAN PEDRO SULA", "LATITUDFINAL": 15.54417719, "LATITUDINICIO": 15.54440378, "LONGITUDFINAL": -87.92568517, "LONGITUDINICIO": -87.92606403000001, "TIPO": "RAMAL", "ID_EQUIPO": 307411, "CIRCUITO_2": "BER205" }, "geometry": { "type": "MultiLineString", "coordinates": [ [ [ -87.92596, 15.54496 ], [ -87.92592, 15.54475 ], [ -87.92606, 15.5444 ], [ -87.92569, 15.54418 ] ] ] } },
{ "type": "Feature", "properties": { "ID_TRAMOMT": 87159, "ID_APOYO1": 108221, "ID_APOYO2": 108222, "SUBESTACION": "BER", "CIRCUITO": "BER290", "SECTOR": "SAN PEDRO SULA", "LATITUDFINAL": 15.55885737, "LATITUDINICIO": 15.55862161, "LONGITUDFINAL": -88.0320725, "LONGITUDINICIO": -88.03222985, "TIPO": "RAMAL", "ID_EQUIPO": 306001, "CIRCUITO_2": "BER290" }, "geometry": { "type": "MultiLineString", "coordinates": [ [ [ -88.03223, 15.55862 ], [ -88.03207, 15.55886 ] ], [ [ -88.03207, 15.55886 ], [ -88.03186, 15.55917 ], [ -88.03174, 15.55931 ] ], [ [ -88.03207, 15.55886 ], [ -88.03186, 15.55872 ], [ -88.03156, 15.55853 ], [ -88.03131, 15.55841 ] ], [ [ -88.03174, 15.55931 ], [ -88.03157, 15.55957 ] ], [ [ -88.03174, 15.55931 ], [ -88.03153, 15.55919 ], [ -88.03127, 15.55904 ], [ -88.03096, 15.55887 ] ] ] } },
{ "type": "Feature", "properties": { "ID_TRAMOMT": 72888, "ID_APOYO1": 65674, "ID_APOYO2": 65621, "SUBESTACION": "BER", "CIRCUITO": "BER208", "SECTOR": "SAN PEDRO SULA", "LATITUDFINAL": 15.5199911, "LATITUDINICIO": 15.51997392, "LONGITUDFINAL": -88.01960015, "LONGITUDINICIO": -88.01940427, "TIPO": "RAMAL", "ID_EQUIPO": 302632, "CIRCUITO_2": "BER208" }, "geometry": { "type": "MultiLineString", "coordinates": [ [ [ -88.0194, 15.51997 ], [ -88.0196, 15.51999 ], [ -88.02014, 15.52004 ] ] ] } },
{ "type": "Feature", "properties": { "ID_TRAMOMT": 72441, "ID_APOYO1": 65234, "ID_APOYO2": 64088, "SUBESTACION": "BER", "CIRCUITO": "BER207", "SECTOR": "SAN PEDRO SULA", "LATITUDFINAL": 15.51460749, "LATITUDINICIO": 15.51451007, "LONGITUDFINAL": -88.01480958, "LONGITUDINICIO": -88.01437092, "TIPO": "RAMAL", "ID_EQUIPO": 306164, "CIRCUITO_2": "BER207" }, "geometry": { "type": "MultiLineString", "coordinates": [ [ [ -88.01412, 15.51447 ], [ -88.01437, 15.51451 ], [ -88.01481, 15.51461 ], [ -88.01523, 15.51469 ], [ -88.01563, 15.51477 ] ] ] } },
{ "type": "Feature", "properties": { "ID_TRAMOMT": 87510, "ID_APOYO1": 126108, "ID_APOYO2": 125721, "SUBESTACION": "BER", "CIRCUITO": "BER288", "SECTOR": "SAN PEDRO SULA", "LATITUDFINAL": 15.51036868, "LATITUDINICIO": 15.51081183, "LONGITUDFINAL": -88.02638661, "LONGITUDINICIO": -88.02634219, "TIPO": "RAMAL", "ID_EQUIPO": 302805, "CIRCUITO_2": "BER288" }, "geometry": { "type": "MultiLineString", "coordinates": [ [ [ -88.02632, 15.51113 ], [ -88.02634, 15.51081 ], [ -88.02639, 15.51037 ], [ -88.02642, 15.51003 ] ] ] } },
{ "type": "Feature", "properties": { "ID_TRAMOMT": 91888, "ID_APOYO1": 112752, "ID_APOYO2": 112761, "SUBESTACION": "BER", "CIRCUITO": "BER282", "SECTOR": "SAN PEDRO SULA", "LATITUDFINAL": 15.52133386, "LATITUDINICIO": 15.52127383, "LONGITUDFINAL": -88.02593615000001, "LONGITUDINICIO": -88.02573213, "TIPO": "RAMAL", "ID_EQUIPO": 306407, "CIRCUITO_2": "BER282" }, "geometry": { "type": "MultiLineString", "coordinates": [ [ [ -88.02564, 15.52168 ], [ -88.02573, 15.52127 ], [ -88.02594, 15.52133 ], [ -88.02623, 15.52143 ], [ -88.02648, 15.52153 ], [ -88.02717, 15.52184 ], [ -88.02746, 15.52196 ], [ -88.02783, 15.52212 ], [ -88.02789, 15.52222 ] ] ] } },
{ "type": "Feature", "properties": { "ID_TRAMOMT": 96035, "ID_APOYO1": 126133, "ID_APOYO2": 126134, "SUBESTACION": "BER", "CIRCUITO": "BER288", "SECTOR": "SAN PEDRO SULA", "LATITUDFINAL": 15.51267151, "LATITUDINICIO": 15.51211823, "LONGITUDFINAL": -88.02687347, "LONGITUDINICIO": -88.02692514, "TIPO": "RAMAL", "ID_EQUIPO": 302811, "CIRCUITO_2": "BER288" }, "geometry": { "type": "MultiLineString", "coordinates": [ [ [ -88.02697, 15.51171 ], [ -88.02698, 15.51152 ] ], [ [ -88.02697, 15.51171 ], [ -88.02693, 15.51212 ], [ -88.02687, 15.51267 ], [ -88.02687, 15.51269 ] ], [ [ -88.02697, 15.51171 ], [ -88.02694, 15.51171 ] ] ] } },
{ "type": "Feature", "properties": { "ID_TRAMOMT": 70886, "ID_APOYO1": 62496, "ID_APOYO2": 62497, "SUBESTACION": "BER", "CIRCUITO": "BER205", "SECTOR": "SAN PEDRO SULA", "LATITUDFINAL": 15.55433277, "LATITUDINICIO": 15.55396235, "LONGITUDFINAL": -87.92311504, "LONGITUDINICIO": -87.92306677000001, "TIPO": "RAMAL", "ID_EQUIPO": 307424, "CIRCUITO_2": "BER205" }, "geometry": { "type": "MultiLineString", "coordinates": [ [ [ -87.9156, 15.54532 ], [ -87.9164, 15.54498 ], [ -87.91723, 15.54468 ], [ -87.91812, 15.54452 ], [ -87.91905, 15.54453 ], [ -87.91999, 15.54476 ], [ -87.92082, 15.54498 ], [ -87.92167, 15.54523 ], [ -87.92257, 15.54551 ], [ -87.92341, 15.54578 ], [ -87.9242, 15.54603 ], [ -87.92424, 15.54631 ], [ -87.92427, 15.54659 ], [ -87.92433, 15.5472 ], [ -87.92439, 15.54767 ], [ -87.92443, 15.54803 ], [ -87.92446, 15.54834 ], [ -87.9245, 15.54862 ], [ -87.92453, 15.54905 ], [ -87.92458, 15.54942 ], [ -87.92461, 15.54977 ], [ -87.92463, 15.55013 ], [ -87.92471, 15.5508 ], [ -87.92434, 15.55082 ], [ -87.92391, 15.55087 ], [ -87.92349, 15.55091 ], [ -87.92308, 15.55095 ], [ -87.92276, 15.55099 ], [ -87.92279, 15.55138 ], [ -87.92283, 15.55181 ], [ -87.92288, 15.55216 ], [ -87.92291, 15.55252 ], [ -87.92294, 15.55282 ], [ -87.923, 15.55317 ], [ -87.92302, 15.55354 ], [ -87.92307, 15.55396 ], [ -87.92312, 15.55433 ], [ -87.92314, 15.55469 ], [ -87.9232, 15.55506 ] ] ] } },
{ "type": "Feature", "properties": { "ID_TRAMOMT": 91856, "ID_APOYO1": 113405, "ID_APOYO2": 6512239, "SUBESTACION": "BER", "CIRCUITO": "BER282", "SECTOR": "SAN PEDRO SULA", "LATITUDFINAL": 15.52500968, "LATITUDINICIO": 15.52499436, "LONGITUDFINAL": -88.02355484, "LONGITUDINICIO": -88.02351551, "TIPO": "RAMAL", "ID_EQUIPO": 2004122, "CIRCUITO_2": "BER282" }, "geometry": { "type": "MultiLineString", "coordinates": [ [ [ -88.02382, 15.52521 ], [ -88.02377, 15.52511 ] ], [ [ -88.02377, 15.52511 ], [ -88.02378, 15.52515 ] ], [ [ -88.02377, 15.52511 ], [ -88.02363, 15.52507 ], [ -88.02355, 15.52501 ] ], [ [ -88.02355, 15.52501 ], [ -88.02358, 15.52502 ] ], [ [ -88.02352, 15.52499 ], [ -88.02355, 15.52501 ] ] ] } },
{ "type": "Feature", "properties": { "ID_TRAMOMT": 89443, "ID_APOYO1": 108209, "ID_APOYO2": 108917, "SUBESTACION": "BER", "CIRCUITO": "BER290", "SECTOR": "SAN PEDRO SULA", "LATITUDFINAL": 15.55741108, "LATITUDINICIO": 15.55724986, "LONGITUDFINAL": -88.03206529000001, "LONGITUDINICIO": -88.03174743, "TIPO": "RAMAL", "ID_EQUIPO": 305989, "CIRCUITO_2": "BER290" }, "geometry": { "type": "MultiLineString", "coordinates": [ [ [ -88.03175, 15.55725 ], [ -88.03207, 15.55741 ], [ -88.03247, 15.55764 ], [ -88.03265, 15.55773 ] ] ] } },
{ "type": "Feature", "properties": { "ID_TRAMOMT": 92073, "ID_APOYO1": 112974, "ID_APOYO2": 112978, "SUBESTACION": "BER", "CIRCUITO": "BER282", "SECTOR": "SAN PEDRO SULA", "LATITUDFINAL": 15.52234608, "LATITUDINICIO": 15.52222368, "LONGITUDFINAL": -88.02807059, "LONGITUDINICIO": -88.02789468, "TIPO": "RAMAL", "ID_EQUIPO": 306415, "CIRCUITO_2": "BER282" }, "geometry": { "type": "MultiLineString", "coordinates": [ [ [ -88.02789, 15.52222 ], [ -88.02807, 15.52235 ] ] ] } },
{ "type": "Feature", "properties": { "ID_TRAMOMT": 96091, "ID_APOYO1": 125580, "ID_APOYO2": 125565, "SUBESTACION": "BER", "CIRCUITO": "BER288", "SECTOR": "SAN PEDRO SULA", "LATITUDFINAL": 15.52137694, "LATITUDINICIO": 15.52164277, "LONGITUDFINAL": -88.02485605, "LONGITUDINICIO": -88.02476363, "TIPO": "RAMAL", "ID_EQUIPO": 2011912, "CIRCUITO_2": "BER288" }, "geometry": { "type": "MultiLineString", "coordinates": [ [ [ -88.02467, 15.52191 ], [ -88.02476, 15.52164 ], [ -88.02486, 15.52138 ], [ -88.02495, 15.52102 ], [ -88.02498, 15.52086 ], [ -88.02502, 15.52063 ], [ -88.0251, 15.5202 ] ] ] } },
{ "type": "Feature", "properties": { "ID_TRAMOMT": 72891, "ID_APOYO1": 65624, "ID_APOYO2": 65625, "SUBESTACION": "BER", "CIRCUITO": "BER208", "SECTOR": "SAN PEDRO SULA", "LATITUDFINAL": 15.51926864, "LATITUDINICIO": 15.5192862, "LONGITUDFINAL": -88.01944743, "LONGITUDINICIO": -88.01955939, "TIPO": "RAMAL", "ID_EQUIPO": 302641, "CIRCUITO_2": "BER208" }, "geometry": { "type": "MultiLineString", "coordinates": [ [ [ -88.01937, 15.51959 ], [ -88.01947, 15.51967 ], [ -88.01956, 15.51929 ], [ -88.01945, 15.51927 ] ] ] } },
{ "type": "Feature", "properties": { "ID_TRAMOMT": 89427, "ID_APOYO1": 108193, "ID_APOYO2": 108187, "SUBESTACION": "BER", "CIRCUITO": "BER290", "SECTOR": "SAN PEDRO SULA", "LATITUDFINAL": 15.55707841, "LATITUDINICIO": 15.55722387, "LONGITUDFINAL": -88.03361158, "LONGITUDINICIO": -88.03343513, "TIPO": "RAMAL", "ID_EQUIPO": 305978, "CIRCUITO_2": "BER290" }, "geometry": { "type": "MultiLineString", "coordinates": [ [ [ -88.03361, 15.55708 ], [ -88.03344, 15.55722 ], [ -88.03323, 15.55742 ], [ -88.03297, 15.55726 ], [ -88.03272, 15.55712 ], [ -88.03241, 15.55695 ] ] ] } },
{ "type": "Feature", "properties": { "ID_TRAMOMT": 90191, "ID_APOYO1": 108837, "ID_APOYO2": 108838, "SUBESTACION": "BER", "CIRCUITO": "BER290", "SECTOR": "SAN PEDRO SULA", "LATITUDFINAL": 15.54964972, "LATITUDINICIO": 15.54979531, "LONGITUDFINAL": -88.03708059, "LONGITUDINICIO": -88.03687617, "TIPO": "RAMAL", "ID_EQUIPO": null, "CIRCUITO_2": null }, "geometry": { "type": "MultiLineString", "coordinates": [ [ [ -88.03796, 15.55272 ], [ -88.03829, 15.55279 ], [ -88.03851, 15.55279 ] ], [ [ -88.03827, 15.55288 ], [ -88.03794, 15.5528 ] ], [ [ -88.03788, 15.55298 ], [ -88.03805, 15.55302 ], [ -88.03825, 15.55308 ] ], [ [ -88.03802, 15.53913 ], [ -88.03792, 15.53903 ], [ -88.03783, 15.53895 ] ], [ [ -88.03714, 15.55001 ], [ -88.03683, 15.54989 ], [ -88.03659, 15.5499 ] ], [ [ -88.03688, 15.5498 ], [ -88.03708, 15.54965 ] ], [ [ -88.03648, 15.55014 ], [ -88.03663, 15.55019 ] ], [ [ -88.03637, 15.54992 ], [ -88.03659, 15.5499 ] ], [ [ -88.03659, 15.5499 ], [ -88.03648, 15.55014 ] ], [ [ -88.03648, 15.55014 ], [ -88.03634, 15.55055 ], [ -88.03622, 15.55087 ], [ -88.03603, 15.55144 ] ], [ [ -88.03537, 15.56514 ], [ -88.03532, 15.56512 ] ], [ [ -88.03535, 15.56509 ], [ -88.03532, 15.56509 ] ], [ [ -88.03501, 15.56515 ], [ -88.03502, 15.56518 ] ], [ [ -88.03495, 15.54764 ], [ -88.03486, 15.54773 ], [ -88.03477, 15.54781 ] ], [ [ -88.03357, 15.54673 ], [ -88.03311, 15.54707 ], [ -88.03269, 15.5474 ], [ -88.03223, 15.54775 ], [ -88.03186, 15.54802 ], [ -88.03175, 15.54822 ] ], [ [ -88.03302, 15.55795 ], [ -88.03306, 15.55798 ] ], [ [ -88.03256, 15.54258 ], [ -88.03257, 15.54263 ], [ -88.03261, 15.54293 ] ], [ [ -88.03213, 15.56999 ], [ -88.03191, 15.5699 ], [ -88.03163, 15.56977 ], [ -88.03128, 15.56963 ] ], [ [ -88.03196, 15.57063 ], [ -88.03166, 15.57048 ], [ -88.03145, 15.57037 ] ], [ [ -88.03192, 15.56009 ], [ -88.03179, 15.56002 ], [ -88.03162, 15.55991 ] ], [ [ -88.03154, 15.56034 ], [ -88.0316, 15.56039 ], [ -88.03182, 15.56051 ] ], [ [ -88.0303, 15.56956 ], [ -88.0306, 15.56928 ], [ -88.0309, 15.56944 ], [ -88.03128, 15.56963 ] ], [ [ -88.03128, 15.56963 ], [ -88.03127, 15.56963 ] ], [ [ -88.03043, 15.56689 ], [ -88.03096, 15.56704 ] ], [ [ -88.03061, 15.54323 ], [ -88.03062, 15.54306 ], [ -88.03064, 15.54295 ] ], [ [ -88.03043, 15.56689 ], [ -88.03045, 15.56686 ] ], [ [ -88.03043, 15.56689 ], [ -88.03044, 15.56688 ] ], [ [ -88.03043, 15.56689 ], [ -88.0296, 15.56662 ], [ -88.02882, 15.56633 ], [ -88.02854, 15.5662 ], [ -88.02847, 15.56616 ] ], [ [ -88.0301, 15.57071 ], [ -88.0304, 15.57108 ], [ -88.03041, 15.5711 ] ], [ [ -88.0296, 15.56981 ], [ -88.02977, 15.56948 ], [ -88.02989, 15.56938 ], [ -88.02984, 15.56927 ], [ -88.02968, 15.56933 ], [ -88.02954, 15.56961 ], [ -88.02957, 15.56962 ] ], [ [ -88.02945, 15.57086 ], [ -88.02956, 15.57114 ] ], [ [ -88.02932, 15.5704 ], [ -88.02929, 15.57039 ] ], [ [ -88.02635, 15.56957 ], [ -88.02615, 15.56943 ] ], [ [ -88.02521, 15.58191 ], [ -88.0252, 15.5819 ] ], [ [ -88.02283, 15.57457 ], [ -88.02259, 15.57441 ] ] ] } },
{ "type": "Feature", "properties": { "ID_TRAMOMT": 301905, "ID_APOYO1": 125716, "ID_APOYO2": 125828, "SUBESTACION": "BER", "CIRCUITO": "BER288", "SECTOR": "SAN PEDRO SULA", "LATITUDFINAL": 15.51722844, "LATITUDINICIO": 15.51719388, "LONGITUDFINAL": -88.02471437, "LONGITUDINICIO": -88.02436924, "TIPO": "RAMAL", "ID_EQUIPO": 302790, "CIRCUITO_2": "BER288" }, "geometry": { "type": "MultiLineString", "coordinates": [ [ [ -88.02437, 15.51719 ], [ -88.02471, 15.51723 ] ] ] } },
{ "type": "Feature", "properties": { "ID_TRAMOMT": 70754, "ID_APOYO1": 61849, "ID_APOYO2": 61857, "SUBESTACION": "BER", "CIRCUITO": "BER205", "SECTOR": "SAN PEDRO SULA", "LATITUDFINAL": 15.54238503, "LATITUDINICIO": 15.54219651, "LONGITUDFINAL": -87.93531433, "LONGITUDINICIO": -87.93500577, "TIPO": "RAMAL", "ID_EQUIPO": 307187, "CIRCUITO_2": "BER205" }, "geometry": { "type": "MultiLineString", "coordinates": [ [ [ -87.93501, 15.5422 ], [ -87.93531, 15.54239 ] ], [ [ -87.93501, 15.5422 ], [ -87.93479, 15.5425 ], [ -87.93453, 15.54286 ], [ -87.93428, 15.54318 ] ], [ [ -87.93501, 15.5422 ], [ -87.93467, 15.54195 ], [ -87.93427, 15.5417 ], [ -87.93401, 15.54154 ] ], [ [ -87.93417, 15.53969 ], [ -87.93445, 15.53988 ], [ -87.9347, 15.54006 ], [ -87.93497, 15.54024 ], [ -87.93472, 15.54056 ], [ -87.93449, 15.54089 ], [ -87.93426, 15.5412 ], [ -87.93401, 15.54154 ] ], [ [ -87.93229, 15.54182 ], [ -87.93255, 15.54151 ], [ -87.93279, 15.54118 ], [ -87.93304, 15.54086 ], [ -87.9333, 15.54103 ], [ -87.93353, 15.54121 ], [ -87.93379, 15.54137 ], [ -87.93401, 15.54154 ] ] ] } },
{ "type": "Feature", "properties": { "ID_TRAMOMT": 357508, "ID_APOYO1": 114609, "ID_APOYO2": 114701, "SUBESTACION": "BER", "CIRCUITO": "BER282", "SECTOR": "SAN PEDRO SULA", "LATITUDFINAL": 15.53663273, "LATITUDINICIO": 15.53665224, "LONGITUDFINAL": -88.02937902, "LONGITUDINICIO": -88.02907142, "TIPO": "RAMAL", "ID_EQUIPO": 2025577, "CIRCUITO_2": "BER282" }, "geometry": { "type": "MultiLineString", "coordinates": [ [ [ -88.03081, 15.5366 ], [ -88.03044, 15.5366 ], [ -88.0301, 15.53662 ], [ -88.02983, 15.53662 ], [ -88.02938, 15.53663 ], [ -88.02907, 15.53665 ] ], [ [ -88.02909, 15.53701 ], [ -88.02907, 15.53665 ] ], [ [ -88.02907, 15.53665 ], [ -88.02906, 15.53629 ] ] ] } },
{ "type": "Feature", "properties": { "ID_TRAMOMT": 92358, "ID_APOYO1": 114628, "ID_APOYO2": 114631, "SUBESTACION": "BER", "CIRCUITO": "BER282", "SECTOR": "SAN PEDRO SULA", "LATITUDFINAL": 15.53729663, "LATITUDINICIO": 15.53729494, "LONGITUDFINAL": -88.03045459000001, "LONGITUDINICIO": -88.03081822, "TIPO": "RAMAL", "ID_EQUIPO": 2029768, "CIRCUITO_2": "BER282" }, "geometry": { "type": "MultiLineString", "coordinates": [ [ [ -88.03082, 15.53729 ], [ -88.03045, 15.5373 ], [ -88.03008, 15.5373 ], [ -88.02973, 15.5373 ] ] ] } },
{ "type": "Feature", "properties": { "ID_TRAMOMT": 95994, "ID_APOYO1": 125717, "ID_APOYO2": 125591, "SUBESTACION": "BER", "CIRCUITO": "BER288", "SECTOR": "SAN PEDRO SULA", "LATITUDFINAL": 15.51709112, "LATITUDINICIO": 15.51704761, "LONGITUDFINAL": -88.02508662, "LONGITUDINICIO": -88.0247228, "TIPO": "RAMAL", "ID_EQUIPO": 302794, "CIRCUITO_2": "BER288" }, "geometry": { "type": "MultiLineString", "coordinates": [ [ [ -88.02505, 15.51727 ], [ -88.02471, 15.51723 ], [ -88.02472, 15.51705 ], [ -88.02509, 15.51709 ] ] ] } },
{ "type": "Feature", "properties": { "ID_TRAMOMT": 95996, "ID_APOYO1": 125830, "ID_APOYO2": 125760, "SUBESTACION": "BER", "CIRCUITO": "BER288", "SECTOR": "SAN PEDRO SULA", "LATITUDFINAL": 15.51708891, "LATITUDINICIO": 15.51713066, "LONGITUDFINAL": -88.02361354, "LONGITUDINICIO": -88.02385196, "TIPO": "TRONCAL", "ID_EQUIPO": 302792, "CIRCUITO_2": "BER288" }, "geometry": { "type": "MultiLineString", "coordinates": [ [ [ -88.02385, 15.51713 ], [ -88.02361, 15.51709 ] ] ] } },
{ "type": "Feature", "properties": { "ID_TRAMOMT": 91994, "ID_APOYO1": 112983, "ID_APOYO2": 112747, "SUBESTACION": "BER", "CIRCUITO": "BER282", "SECTOR": "SAN PEDRO SULA", "LATITUDFINAL": 15.51768136, "LATITUDINICIO": 15.51752409, "LONGITUDFINAL": -88.02867794, "LONGITUDINICIO": -88.02867888, "TIPO": "RAMAL", "ID_EQUIPO": 306400, "CIRCUITO_2": "BER282" }, "geometry": { "type": "MultiLineString", "coordinates": [ [ [ -88.02868, 15.51752 ], [ -88.02868, 15.51768 ] ] ] } },
{ "type": "Feature", "properties": { "ID_TRAMOMT": 90199, "ID_APOYO1": 109165, "ID_APOYO2": 109205, "SUBESTACION": "BER", "CIRCUITO": "BER290", "SECTOR": "SAN PEDRO SULA", "LATITUDFINAL": 15.56254664, "LATITUDINICIO": 15.56241339, "LONGITUDFINAL": -88.03541793, "LONGITUDINICIO": -88.03509975, "TIPO": "RAMAL", "ID_EQUIPO": 306038, "CIRCUITO_2": "BER290" }, "geometry": { "type": "MultiLineString", "coordinates": [ [ [ -88.0351, 15.56241 ], [ -88.03542, 15.56255 ] ], [ [ -88.0351, 15.56241 ], [ -88.03503, 15.56269 ], [ -88.0349, 15.56301 ], [ -88.03472, 15.56331 ], [ -88.03459, 15.56356 ], [ -88.03441, 15.56385 ], [ -88.03424, 15.56411 ], [ -88.03411, 15.56441 ], [ -88.03398, 15.56466 ], [ -88.03385, 15.56493 ] ], [ [ -88.03182, 15.56051 ], [ -88.03213, 15.56071 ], [ -88.03247, 15.56092 ], [ -88.03289, 15.56118 ], [ -88.03337, 15.56149 ], [ -88.03378, 15.56174 ], [ -88.03411, 15.56191 ], [ -88.03459, 15.56216 ], [ -88.03496, 15.56235 ], [ -88.0351, 15.56241 ] ] ] } },
{ "type": "Feature", "properties": { "ID_TRAMOMT": 69999, "ID_APOYO1": 62769, "ID_APOYO2": 62711, "SUBESTACION": "BER", "CIRCUITO": "BER205", "SECTOR": "SAN PEDRO SULA", "LATITUDFINAL": 15.53054935, "LATITUDINICIO": 15.53054078, "LONGITUDFINAL": -88.01173607, "LONGITUDINICIO": -88.01163346, "TIPO": "RAMAL", "ID_EQUIPO": 302260, "CIRCUITO_2": "BER205" }, "geometry": { "type": "MultiLineString", "coordinates": [ [ [ -88.01163, 15.53054 ], [ -88.01174, 15.53055 ] ] ] } },
{ "type": "Feature", "properties": { "ID_TRAMOMT": 3079047, "ID_APOYO1": 113494, "ID_APOYO2": 114223, "SUBESTACION": "BER", "CIRCUITO": "BER282", "SECTOR": "SAN PEDRO SULA", "LATITUDFINAL": 15.53670409, "LATITUDINICIO": 15.5363516, "LONGITUDFINAL": -88.02764509, "LONGITUDINICIO": -88.02763402, "TIPO": "RAMAL", "ID_EQUIPO": 2016387, "CIRCUITO_2": "BER282" }, "geometry": { "type": "MultiLineString", "coordinates": [ [ [ -88.02765, 15.5367 ], [ -88.02763, 15.53635 ], [ -88.02763, 15.53616 ] ], [ [ -88.02762, 15.53601 ], [ -88.02763, 15.53616 ] ], [ [ -88.02763, 15.53616 ], [ -88.02749, 15.53615 ], [ -88.02715, 15.53616 ], [ -88.02699, 15.53617 ] ], [ [ -88.02699, 15.53617 ], [ -88.027, 15.53636 ], [ -88.02702, 15.53673 ] ], [ [ -88.02701, 15.53557 ], [ -88.02699, 15.53574 ], [ -88.02699, 15.53603 ], [ -88.02699, 15.53617 ] ], [ [ -88.02699, 15.53617 ], [ -88.02679, 15.53617 ], [ -88.02643, 15.53619 ] ], [ [ -88.02643, 15.53619 ], [ -88.02643, 15.53639 ], [ -88.02644, 15.53674 ] ], [ [ -88.02643, 15.53619 ], [ -88.02622, 15.53619 ] ] ] } },
{ "type": "Feature", "properties": { "ID_TRAMOMT": 92355, "ID_APOYO1": 113476, "ID_APOYO2": 113661, "SUBESTACION": "BER", "CIRCUITO": "BER282", "SECTOR": "SAN PEDRO SULA", "LATITUDFINAL": 15.53729132, "LATITUDINICIO": 15.53728944, "LONGITUDFINAL": -88.03159211000001, "LONGITUDINICIO": -88.03199304, "TIPO": "RAMAL", "ID_EQUIPO": 2029749, "CIRCUITO_2": "BER282" }, "geometry": { "type": "MultiLineString", "coordinates": [ [ [ -88.03263, 15.53729 ], [ -88.03239, 15.53729 ], [ -88.03199, 15.53729 ], [ -88.03159, 15.53729 ], [ -88.03123, 15.53729 ] ] ] } },
{ "type": "Feature", "properties": { "ID_TRAMOMT": 3060501, "ID_APOYO1": 6507774, "ID_APOYO2": 6507775, "SUBESTACION": "BER", "CIRCUITO": "BER282", "SECTOR": "SAN PEDRO SULA", "LATITUDFINAL": 15.53431129, "LATITUDINICIO": 15.53397374, "LONGITUDFINAL": -88.02878315, "LONGITUDINICIO": -88.02875855000001, "TIPO": "RAMAL", "ID_EQUIPO": 2011368, "CIRCUITO_2": "BER282" }, "geometry": { "type": "MultiLineString", "coordinates": [ [ [ -88.02876, 15.53397 ], [ -88.02878, 15.53431 ] ] ] } },
{ "type": "Feature", "properties": { "ID_TRAMOMT": 70766, "ID_APOYO1": 61900, "ID_APOYO2": 61237, "SUBESTACION": "BER", "CIRCUITO": "BER205", "SECTOR": "SAN PEDRO SULA", "LATITUDFINAL": 15.53810871, "LATITUDINICIO": 15.53836027, "LONGITUDFINAL": -87.9269481, "LONGITUDINICIO": -87.92723988, "TIPO": "RAMAL", "ID_EQUIPO": 307220, "CIRCUITO_2": "BER205" }, "geometry": { "type": "MultiLineString", "coordinates": [ [ [ -87.92783, 15.53882 ], [ -87.92806, 15.53857 ], [ -87.9283, 15.53829 ], [ -87.92851, 15.53805 ], [ -87.92876, 15.53777 ] ], [ [ -87.92707, 15.53966 ], [ -87.92729, 15.53939 ], [ -87.92753, 15.53915 ], [ -87.92783, 15.53882 ] ], [ [ -87.92783, 15.53882 ], [ -87.92752, 15.5386 ], [ -87.92724, 15.53836 ], [ -87.92695, 15.53811 ], [ -87.92688, 15.53805 ] ], [ [ -87.92688, 15.53805 ], [ -87.92689, 15.53805 ] ], [ [ -87.92688, 15.53805 ], [ -87.9267, 15.53846 ], [ -87.92653, 15.5388 ] ], [ [ -87.92688, 15.53805 ], [ -87.92665, 15.53786 ], [ -87.92632, 15.53758 ] ] ] } },
{ "type": "Feature", "properties": { "ID_TRAMOMT": 3132423, "ID_APOYO1": 113569, "ID_APOYO2": 113989, "SUBESTACION": "BER", "CIRCUITO": "BER282", "SECTOR": "SAN PEDRO SULA", "LATITUDFINAL": 15.53548256, "LATITUDINICIO": 15.5354627, "LONGITUDFINAL": -88.02983951, "LONGITUDINICIO": -88.0302217, "TIPO": "RAMAL", "ID_EQUIPO": 2029736, "CIRCUITO_2": "BER282" }, "geometry": { "type": "MultiLineString", "coordinates": [ [ [ -88.03057, 15.53545 ], [ -88.03022, 15.53546 ], [ -88.02984, 15.53548 ] ] ] } },
{ "type": "Feature", "properties": { "ID_TRAMOMT": 84783, "ID_APOYO1": 109074, "ID_APOYO2": 108805, "SUBESTACION": "BER", "CIRCUITO": "BER290", "SECTOR": "SAN PEDRO SULA", "LATITUDFINAL": 15.54439675, "LATITUDINICIO": 15.54441609, "LONGITUDFINAL": -88.03344574, "LONGITUDINICIO": -88.03317542000001, "TIPO": "RAMAL", "ID_EQUIPO": 305936, "CIRCUITO_2": "BER290" }, "geometry": { "type": "MultiLineString", "coordinates": [ [ [ -88.03318, 15.54442 ], [ -88.03345, 15.5444 ], [ -88.03402, 15.54439 ] ] ] } },
{ "type": "Feature", "properties": { "ID_TRAMOMT": 70006, "ID_APOYO1": 62770, "ID_APOYO2": 62722, "SUBESTACION": "BER", "CIRCUITO": "BER205", "SECTOR": "SAN PEDRO SULA", "LATITUDFINAL": 15.52580236, "LATITUDINICIO": 15.5257236, "LONGITUDFINAL": -88.00804872000001, "LONGITUDINICIO": -88.00747959, "TIPO": "RAMAL", "ID_EQUIPO": 302300, "CIRCUITO_2": "BER205" }, "geometry": { "type": "MultiLineString", "coordinates": [ [ [ -88.00424, 15.5269 ], [ -88.00441, 15.52688 ], [ -88.00463, 15.52664 ], [ -88.00483, 15.52642 ], [ -88.00547, 15.52581 ], [ -88.00635, 15.52561 ], [ -88.00689, 15.52568 ], [ -88.00748, 15.52572 ], [ -88.00805, 15.5258 ] ], [ [ -88.00424, 15.5269 ], [ -88.00369, 15.52713 ] ], [ [ -88.00376, 15.52589 ], [ -88.00396, 15.52614 ], [ -88.00404, 15.52645 ], [ -88.0041, 15.52666 ], [ -88.00424, 15.5269 ] ] ] } },
{ "type": "Feature", "properties": { "ID_TRAMOMT": 71167, "ID_APOYO1": 65069, "ID_APOYO2": 65070, "SUBESTACION": "BER", "CIRCUITO": "BER207", "SECTOR": "SAN PEDRO SULA", "LATITUDFINAL": 15.51856639, "LATITUDINICIO": 15.51870211, "LONGITUDFINAL": -88.01687074, "LONGITUDINICIO": -88.01684344, "TIPO": "TRONCAL", "ID_EQUIPO": 302436, "CIRCUITO_2": "BER207" }, "geometry": { "type": "MultiLineString", "coordinates": [ [ [ -88.01684, 15.5187 ], [ -88.01687, 15.51857 ] ], [ [ -88.01684, 15.5187 ], [ -88.01679, 15.5187 ], [ -88.01651, 15.51868 ], [ -88.0164, 15.51868 ], [ -88.01643, 15.51838 ], [ -88.01649, 15.51806 ] ], [ [ -88.01649, 15.52036 ], [ -88.01655, 15.52009 ], [ -88.01663, 15.5198 ], [ -88.01666, 15.51959 ], [ -88.01671, 15.51934 ], [ -88.01677, 15.51908 ], [ -88.0168, 15.51892 ], [ -88.01684, 15.5187 ] ], [ [ -88.01643, 15.52063 ], [ -88.01649, 15.52036 ] ], [ [ -88.01481, 15.52006 ], [ -88.01485, 15.52007 ], [ -88.01519, 15.52012 ], [ -88.01552, 15.52019 ], [ -88.01588, 15.52025 ], [ -88.01624, 15.5203 ], [ -88.01649, 15.52036 ] ], [ [ -88.01491, 15.51403 ], [ -88.0145, 15.51392 ] ], [ [ -88.01484, 15.5199 ], [ -88.01481, 15.52006 ] ], [ [ -88.01481, 15.52006 ], [ -88.01479, 15.52014 ] ], [ [ -88.01332, 15.51981 ], [ -88.01362, 15.51985 ], [ -88.01385, 15.51988 ], [ -88.01421, 15.51995 ], [ -88.01456, 15.52001 ], [ -88.01481, 15.52006 ] ], [ [ -88.01478, 15.51269 ], [ -88.01475, 15.51287 ], [ -88.01469, 15.51308 ], [ -88.01465, 15.51329 ], [ -88.01458, 15.51355 ], [ -88.0145, 15.51392 ] ], [ [ -88.0145, 15.51392 ], [ -88.01446, 15.51412 ], [ -88.01437, 15.51451 ], [ -88.0143, 15.51488 ], [ -88.01428, 15.51499 ], [ -88.01423, 15.51521 ], [ -88.01415, 15.51554 ], [ -88.01409, 15.51579 ], [ -88.01415, 15.51605 ], [ -88.01405, 15.51652 ], [ -88.01398, 15.51679 ], [ -88.0139, 15.51719 ], [ -88.01382, 15.51753 ], [ -88.01377, 15.51776 ], [ -88.01369, 15.51811 ], [ -88.0136, 15.51852 ], [ -88.01353, 15.51881 ], [ -88.01349, 15.51906 ], [ -88.01344, 15.51923 ], [ -88.01341, 15.51941 ], [ -88.01335, 15.51968 ], [ -88.01332, 15.51981 ] ], [ [ -88.0145, 15.51392 ], [ -88.01413, 15.51385 ], [ -88.01384, 15.5138 ], [ -88.01346, 15.51372 ], [ -88.01316, 15.51363 ], [ -88.01283, 15.51358 ], [ -88.0126, 15.51357 ], [ -88.01252, 15.51321 ], [ -88.0122, 15.51324 ], [ -88.01218, 15.51323 ], [ -88.01189, 15.51326 ], [ -88.01166, 15.51329 ] ], [ [ -88.0133, 15.51991 ], [ -88.01332, 15.51981 ] ], [ [ -88.01332, 15.51981 ], [ -88.01306, 15.51978 ] ] ] } },
{ "type": "Feature", "properties": { "ID_TRAMOMT": 70760, "ID_APOYO1": 61236, "ID_APOYO2": 62613, "SUBESTACION": "BER", "CIRCUITO": "BER205", "SECTOR": "SAN PEDRO SULA", "LATITUDFINAL": 15.53952042, "LATITUDINICIO": 15.53974059, "LONGITUDFINAL": -87.92866239, "LONGITUDINICIO": -87.92894198, "TIPO": "RAMAL", "ID_EQUIPO": 307213, "CIRCUITO_2": "BER205" }, "geometry": { "type": "MultiLineString", "coordinates": [ [ [ -87.9291, 15.53987 ], [ -87.92894, 15.53974 ], [ -87.92866, 15.53952 ], [ -87.92832, 15.53925 ], [ -87.92804, 15.53902 ], [ -87.92783, 15.53882 ] ] ] } },
{ "type": "Feature", "properties": { "ID_TRAMOMT": 92382, "ID_APOYO1": 113702, "ID_APOYO2": 114734, "SUBESTACION": "BER", "CIRCUITO": "BER282", "SECTOR": "SAN PEDRO SULA", "LATITUDFINAL": 15.53745621, "LATITUDINICIO": 15.53769118, "LONGITUDFINAL": -88.03112672, "LONGITUDINICIO": -88.03113721, "TIPO": "RAMAL", "ID_EQUIPO": 2029731, "CIRCUITO_2": "BER282" }, "geometry": { "type": "MultiLineString", "coordinates": [ [ [ -88.03123, 15.53729 ], [ -88.03112, 15.53729 ] ], [ [ -88.03118, 15.53658 ], [ -88.03109, 15.53659 ] ], [ [ -88.03114, 15.53769 ], [ -88.03113, 15.53746 ], [ -88.03112, 15.53729 ] ], [ [ -88.03112, 15.53729 ], [ -88.03082, 15.53729 ] ], [ [ -88.03109, 15.53659 ], [ -88.0311, 15.53678 ], [ -88.03111, 15.5371 ], [ -88.03112, 15.53729 ] ], [ [ -88.03109, 15.53659 ], [ -88.03081, 15.5366 ] ] ] } },
{ "type": "Feature", "properties": { "ID_TRAMOMT": 69960, "ID_APOYO1": 63365, "ID_APOYO2": 63366, "SUBESTACION": "BER", "CIRCUITO": "BER207", "SECTOR": "SAN PEDRO SULA", "LATITUDFINAL": 15.53239718, "LATITUDINICIO": 15.53203532, "LONGITUDFINAL": -88.01119807000001, "LONGITUDINICIO": -88.0112268, "TIPO": "RAMAL", "ID_EQUIPO": 2020471, "CIRCUITO_2": "BER207" }, "geometry": { "type": "MultiLineString", "coordinates": [ [ [ -88.01128, 15.53173 ], [ -88.01123, 15.53204 ], [ -88.0112, 15.5324 ] ] ] } },
{ "type": "Feature", "properties": { "ID_TRAMOMT": 70769, "ID_APOYO1": 61238, "ID_APOYO2": 61938, "SUBESTACION": "BER", "CIRCUITO": "BER205", "SECTOR": "SAN PEDRO SULA", "LATITUDFINAL": 15.53739785, "LATITUDINICIO": 15.53758147, "LONGITUDFINAL": -87.92608868000001, "LONGITUDINICIO": -87.92631599000001, "TIPO": "RAMAL", "ID_EQUIPO": 307241, "CIRCUITO_2": "BER205" }, "geometry": { "type": "MultiLineString", "coordinates": [ [ [ -87.92609, 15.5374 ], [ -87.92632, 15.53758 ], [ -87.92614, 15.53793 ], [ -87.92595, 15.5383 ], [ -87.92575, 15.53872 ], [ -87.92562, 15.53898 ], [ -87.92543, 15.53934 ], [ -87.92526, 15.53968 ], [ -87.92518, 15.53991 ] ], [ [ -87.92518, 15.53991 ], [ -87.92578, 15.54017 ] ], [ [ -87.9248, 15.5398 ], [ -87.92518, 15.53991 ] ] ] } },
{ "type": "Feature", "properties": { "ID_TRAMOMT": 92418, "ID_APOYO1": 114051, "ID_APOYO2": 113958, "SUBESTACION": "BER", "CIRCUITO": "BER206", "SECTOR": "SAN PEDRO SULA", "LATITUDFINAL": 15.53804285, "LATITUDINICIO": 15.53810072, "LONGITUDFINAL": -88.02273645, "LONGITUDINICIO": -88.02266369, "TIPO": "RAMAL", "ID_EQUIPO": 307305, "CIRCUITO_2": "BER206" }, "geometry": { "type": "MultiLineString", "coordinates": [ [ [ -88.02274, 15.53804 ], [ -88.02266, 15.5381 ], [ -88.02279, 15.53821 ], [ -88.02281, 15.53842 ] ] ] } },
{ "type": "Feature", "properties": { "ID_TRAMOMT": 70787, "ID_APOYO1": 62284, "ID_APOYO2": 62285, "SUBESTACION": "BER", "CIRCUITO": "BER205", "SECTOR": "SAN PEDRO SULA", "LATITUDFINAL": 15.53896001, "LATITUDINICIO": 15.53880365, "LONGITUDFINAL": -87.9267828, "LONGITUDINICIO": -87.92653311, "TIPO": "RAMAL", "ID_EQUIPO": 307238, "CIRCUITO_2": "BER205" }, "geometry": { "type": "MultiLineString", "coordinates": [ [ [ -87.92653, 15.5388 ], [ -87.92678, 15.53896 ] ] ] } },
{ "type": "Feature", "properties": { "ID_TRAMOMT": 89488, "ID_APOYO1": 113012, "ID_APOYO2": 113013, "SUBESTACION": "BER", "CIRCUITO": "BER282", "SECTOR": "SAN PEDRO SULA", "LATITUDFINAL": 15.51744743, "LATITUDINICIO": 15.51749254, "LONGITUDFINAL": -88.02816505, "LONGITUDINICIO": -88.02818392, "TIPO": "RAMAL", "ID_EQUIPO": 306493, "CIRCUITO_2": "BER282" }, "geometry": { "type": "MultiLineString", "coordinates": [ [ [ -88.02848, 15.51792 ], [ -88.02825, 15.51794 ] ], [ [ -88.02848, 15.51792 ], [ -88.02844, 15.51836 ], [ -88.02835, 15.51887 ] ], [ [ -88.02848, 15.51792 ], [ -88.02856, 15.51751 ], [ -88.02834, 15.5175 ], [ -88.02818, 15.51749 ] ], [ [ -88.02818, 15.51749 ], [ -88.02817, 15.51745 ] ], [ [ -88.02818, 15.51749 ], [ -88.02779, 15.51745 ], [ -88.02762, 15.51742 ], [ -88.02759, 15.51778 ], [ -88.02757, 15.51802 ] ] ] } },
{ "type": "Feature", "properties": { "ID_TRAMOMT": 3132479, "ID_APOYO1": 114783, "ID_APOYO2": 113630, "SUBESTACION": "BER", "CIRCUITO": "BER282", "SECTOR": "SAN PEDRO SULA", "LATITUDFINAL": 15.53540612, "LATITUDINICIO": 15.53541875, "LONGITUDFINAL": -88.03188256, "LONGITUDINICIO": -88.03155634, "TIPO": "RAMAL", "ID_EQUIPO": 2029739, "CIRCUITO_2": "BER282" }, "geometry": { "type": "MultiLineString", "coordinates": [ [ [ -88.03225, 15.53539 ], [ -88.03188, 15.53541 ], [ -88.03156, 15.53542 ], [ -88.03118, 15.53543 ], [ -88.0311, 15.53544 ] ] ] } },
{ "type": "Feature", "properties": { "ID_TRAMOMT": 3000170, "ID_APOYO1": 112865, "ID_APOYO2": 112837, "SUBESTACION": "BER", "CIRCUITO": "BER282", "SECTOR": "SAN PEDRO SULA", "LATITUDFINAL": 15.53383336, "LATITUDINICIO": 15.53394087, "LONGITUDFINAL": -88.02681968, "LONGITUDINICIO": -88.02679882, "TIPO": "RAMAL", "ID_EQUIPO": 2000119, "CIRCUITO_2": "BER282" }, "geometry": { "type": "MultiLineString", "coordinates": [ [ [ -88.02682, 15.53383 ], [ -88.0268, 15.53394 ], [ -88.02672, 15.53418 ], [ -88.02672, 15.53444 ], [ -88.02643, 15.5345 ] ] ] } },
{ "type": "Feature", "properties": { "ID_TRAMOMT": 72506, "ID_APOYO1": 65332, "ID_APOYO2": 65331, "SUBESTACION": "BER", "CIRCUITO": "BER207", "SECTOR": "SAN PEDRO SULA", "LATITUDFINAL": 15.51314604, "LATITUDINICIO": 15.5128208, "LONGITUDFINAL": -88.01219198, "LONGITUDINICIO": -88.0121531, "TIPO": "RAMAL", "ID_EQUIPO": 306249, "CIRCUITO_2": "BER207" }, "geometry": { "type": "MultiLineString", "coordinates": [ [ [ -88.01213, 15.51193 ], [ -88.01213, 15.51212 ], [ -88.01213, 15.51241 ], [ -88.01215, 15.51282 ], [ -88.01219, 15.51315 ] ] ] } },
{ "type": "Feature", "properties": { "ID_TRAMOMT": 96475, "ID_APOYO1": 126072, "ID_APOYO2": 125753, "SUBESTACION": "BER", "CIRCUITO": "BER288", "SECTOR": "SAN PEDRO SULA", "LATITUDFINAL": 15.52196338, "LATITUDINICIO": 15.52207643, "LONGITUDFINAL": -88.02419689, "LONGITUDINICIO": -88.02411363, "TIPO": "RAMAL", "ID_EQUIPO": 302616, "CIRCUITO_2": "BER288" }, "geometry": { "type": "MultiLineString", "coordinates": [ [ [ -88.02411, 15.52208 ], [ -88.0242, 15.52196 ] ] ] } },
{ "type": "Feature", "properties": { "ID_TRAMOMT": 72942, "ID_APOYO1": 65708, "ID_APOYO2": 65798, "SUBESTACION": "BER", "CIRCUITO": "BER208", "SECTOR": "SAN PEDRO SULA", "LATITUDFINAL": 15.51852533, "LATITUDINICIO": 15.5187787, "LONGITUDFINAL": -88.0179334, "LONGITUDINICIO": -88.0178787, "TIPO": "RAMAL", "ID_EQUIPO": 302580, "CIRCUITO_2": "BER208" }, "geometry": { "type": "MultiLineString", "coordinates": [ [ [ -88.01788, 15.51878 ], [ -88.01823, 15.51882 ], [ -88.01848, 15.51884 ], [ -88.01877, 15.51886 ], [ -88.019, 15.51888 ], [ -88.01951, 15.51892 ], [ -88.01977, 15.51897 ] ], [ [ -88.01788, 15.51878 ], [ -88.01793, 15.51853 ], [ -88.01798, 15.51833 ] ], [ [ -88.01738, 15.51875 ], [ -88.01752, 15.51876 ], [ -88.01788, 15.51878 ] ] ] } },
{ "type": "Feature", "properties": { "ID_TRAMOMT": 84893, "ID_APOYO1": 108800, "ID_APOYO2": 108802, "SUBESTACION": "BER", "CIRCUITO": "BER290", "SECTOR": "SAN PEDRO SULA", "LATITUDFINAL": 15.54312126, "LATITUDINICIO": 15.54312203, "LONGITUDFINAL": -88.03362801, "LONGITUDINICIO": -88.03347668000001, "TIPO": "RAMAL", "ID_EQUIPO": 305924, "CIRCUITO_2": "BER290" }, "geometry": { "type": "MultiLineString", "coordinates": [ [ [ -88.03289, 15.54316 ], [ -88.0331, 15.54314 ], [ -88.03326, 15.54313 ], [ -88.03348, 15.54312 ], [ -88.03363, 15.54312 ], [ -88.03378, 15.54312 ], [ -88.03388, 15.54312 ], [ -88.03404, 15.54312 ] ] ] } },
{ "type": "Feature", "properties": { "ID_TRAMOMT": 72502, "ID_APOYO1": 63840, "ID_APOYO2": 63841, "SUBESTACION": "BER", "CIRCUITO": "BER207", "SECTOR": "SAN PEDRO SULA", "LATITUDFINAL": 15.51243086, "LATITUDINICIO": 15.51283747, "LONGITUDFINAL": -88.01242157, "LONGITUDINICIO": -88.01246084, "TIPO": "RAMAL", "ID_EQUIPO": 306241, "CIRCUITO_2": "BER207" }, "geometry": { "type": "MultiLineString", "coordinates": [ [ [ -88.01246, 15.51284 ], [ -88.01242, 15.51243 ], [ -88.01241, 15.512 ], [ -88.01242, 15.51178 ], [ -88.01244, 15.51146 ] ] ] } },
{ "type": "Feature", "properties": { "ID_TRAMOMT": 72876, "ID_APOYO1": 65768, "ID_APOYO2": 65800, "SUBESTACION": "BER", "CIRCUITO": "BER208", "SECTOR": "SAN PEDRO SULA", "LATITUDFINAL": 15.52113655, "LATITUDINICIO": 15.52138996, "LONGITUDFINAL": -88.01819794, "LONGITUDINICIO": -88.01813391, "TIPO": "RAMAL", "ID_EQUIPO": 302572, "CIRCUITO_2": "BER208" }, "geometry": { "type": "MultiLineString", "coordinates": [ [ [ -88.01846, 15.51983 ], [ -88.01852, 15.51959 ], [ -88.01865, 15.51949 ], [ -88.01871, 15.51916 ] ], [ [ -88.01846, 15.51983 ], [ -88.0184, 15.51984 ] ], [ [ -88.01804, 15.52154 ], [ -88.01813, 15.52139 ], [ -88.0182, 15.52114 ], [ -88.01827, 15.52075 ], [ -88.01833, 15.52046 ], [ -88.01839, 15.52018 ], [ -88.01846, 15.51983 ] ] ] } },
{ "type": "Feature", "properties": { "ID_TRAMOMT": 92348, "ID_APOYO1": 113639, "ID_APOYO2": 114300, "SUBESTACION": "BER", "CIRCUITO": "BER282", "SECTOR": "SAN PEDRO SULA", "LATITUDFINAL": 15.53656852, "LATITUDINICIO": 15.53654883, "LONGITUDFINAL": -88.03151392, "LONGITUDINICIO": -88.03185881, "TIPO": "RAMAL", "ID_EQUIPO": 2029728, "CIRCUITO_2": "BER282" }, "geometry": { "type": "MultiLineString", "coordinates": [ [ [ -88.03186, 15.53655 ], [ -88.03223, 15.53654 ] ], [ [ -88.03186, 15.53655 ], [ -88.03191, 15.53663 ] ], [ [ -88.03186, 15.53655 ], [ -88.03151, 15.53657 ], [ -88.03118, 15.53658 ] ] ] } },
{ "type": "Feature", "properties": { "ID_TRAMOMT": 89480, "ID_APOYO1": 113047, "ID_APOYO2": 113067, "SUBESTACION": "BER", "CIRCUITO": "BER282", "SECTOR": "SAN PEDRO SULA", "LATITUDFINAL": 15.51684818, "LATITUDINICIO": 15.51691137, "LONGITUDFINAL": -88.0287308, "LONGITUDINICIO": -88.02874976, "TIPO": "RAMAL", "ID_EQUIPO": 306481, "CIRCUITO_2": "BER282" }, "geometry": { "type": "MultiLineString", "coordinates": [ [ [ -88.02902, 15.51695 ], [ -88.02875, 15.51691 ], [ -88.02873, 15.51685 ] ] ] } },
{ "type": "Feature", "properties": { "ID_TRAMOMT": 89466, "ID_APOYO1": 112934, "ID_APOYO2": 113023, "SUBESTACION": "BER", "CIRCUITO": "BER282", "SECTOR": "SAN PEDRO SULA", "LATITUDFINAL": 15.51689373, "LATITUDINICIO": 15.51646857, "LONGITUDFINAL": -88.02865644000001, "LONGITUDINICIO": -88.02871959, "TIPO": "RAMAL", "ID_EQUIPO": 306475, "CIRCUITO_2": "BER282" }, "geometry": { "type": "MultiLineString", "coordinates": [ [ [ -88.02872, 15.51647 ], [ -88.02866, 15.51689 ] ] ] } },
{ "type": "Feature", "properties": { "ID_TRAMOMT": 89481, "ID_APOYO1": 112954, "ID_APOYO2": 112961, "SUBESTACION": "BER", "CIRCUITO": "BER282", "SECTOR": "SAN PEDRO SULA", "LATITUDFINAL": 15.51703079, "LATITUDINICIO": 15.51711085, "LONGITUDFINAL": -88.02834013, "LONGITUDINICIO": -88.02862022, "TIPO": "RAMAL", "ID_EQUIPO": 306478, "CIRCUITO_2": "BER282" }, "geometry": { "type": "MultiLineString", "coordinates": [ [ [ -88.02875, 15.51691 ], [ -88.02866, 15.51689 ], [ -88.02862, 15.51711 ] ], [ [ -88.02862, 15.51711 ], [ -88.0286, 15.51732 ], [ -88.02858, 15.51743 ], [ -88.02856, 15.51751 ] ], [ [ -88.02862, 15.51711 ], [ -88.02834, 15.51703 ] ] ] } },
{ "type": "Feature", "properties": { "ID_TRAMOMT": 72865, "ID_APOYO1": 65932, "ID_APOYO2": 6598518, "SUBESTACION": "BER", "CIRCUITO": "BER208", "SECTOR": "SAN PEDRO SULA", "LATITUDFINAL": 15.51981276, "LATITUDINICIO": 15.51962387, "LONGITUDFINAL": -88.01727869, "LONGITUDINICIO": -88.01690389, "TIPO": "RAMAL", "ID_EQUIPO": 302576, "CIRCUITO_2": "BER208" }, "geometry": { "type": "MultiLineString", "coordinates": [ [ [ -88.0169, 15.51962 ], [ -88.01728, 15.51981 ] ] ] } },
{ "type": "Feature", "properties": { "ID_TRAMOMT": 92086, "ID_APOYO1": 115411, "ID_APOYO2": 113982, "SUBESTACION": "BER", "CIRCUITO": "BER206", "SECTOR": "SAN PEDRO SULA", "LATITUDFINAL": 15.53627455, "LATITUDINICIO": 15.5362732, "LONGITUDFINAL": -88.03274478, "LONGITUDINICIO": -88.0328085, "TIPO": "RAMAL", "ID_EQUIPO": 307318, "CIRCUITO_2": "BER206" }, "geometry": { "type": "MultiLineString", "coordinates": [ [ [ -88.03281, 15.53627 ], [ -88.03274, 15.53627 ] ] ] } },
{ "type": "Feature", "properties": { "ID_TRAMOMT": 87508, "ID_APOYO1": 125957, "ID_APOYO2": 125818, "SUBESTACION": "BER", "CIRCUITO": "BER288", "SECTOR": "SAN PEDRO SULA", "LATITUDFINAL": 15.52255417, "LATITUDINICIO": 15.52229158, "LONGITUDFINAL": -88.02343197, "LONGITUDINICIO": -88.02332738, "TIPO": "RAMAL", "ID_EQUIPO": 302601, "CIRCUITO_2": "BER288" }, "geometry": { "type": "MultiLineString", "coordinates": [ [ [ -88.02323, 15.522 ], [ -88.02333, 15.52229 ], [ -88.02343, 15.52255 ] ] ] } },
{ "type": "Feature", "properties": { "ID_TRAMOMT": 90300, "ID_APOYO1": 111839, "ID_APOYO2": 111727, "SUBESTACION": "BER", "CIRCUITO": "BER248", "SECTOR": "SAN PEDRO SULA", "LATITUDFINAL": 15.54796461, "LATITUDINICIO": 15.54778819, "LONGITUDFINAL": -88.00932557, "LONGITUDINICIO": -88.00968486, "TIPO": "TRONCAL", "ID_EQUIPO": 306418, "CIRCUITO_2": "BER248" }, "geometry": { "type": "MultiLineString", "coordinates": [ [ [ -88.00919, 15.54774 ], [ -88.00933, 15.54796 ], [ -88.00968, 15.54779 ], [ -88.00978, 15.54791 ], [ -88.00991, 15.54814 ], [ -88.01006, 15.54843 ], [ -88.01035, 15.54901 ], [ -88.01049, 15.54928 ], [ -88.01068, 15.54969 ], [ -88.01077, 15.54986 ], [ -88.01088, 15.55011 ], [ -88.0111, 15.55055 ], [ -88.01129, 15.55099 ], [ -88.01146, 15.55134 ], [ -88.01168, 15.55176 ], [ -88.01188, 15.55217 ], [ -88.01227, 15.55297 ] ] ] } },
{ "type": "Feature", "properties": { "ID_TRAMOMT": 91955, "ID_APOYO1": 113340, "ID_APOYO2": 112787, "SUBESTACION": "BER", "CIRCUITO": "BER282", "SECTOR": "SAN PEDRO SULA", "LATITUDFINAL": 15.51594512, "LATITUDINICIO": 15.51620748, "LONGITUDFINAL": -88.02853986, "LONGITUDINICIO": -88.02849454, "TIPO": "RAMAL", "ID_EQUIPO": 306458, "CIRCUITO_2": "BER282" }, "geometry": { "type": "MultiLineString", "coordinates": [ [ [ -88.02849, 15.51621 ], [ -88.02854, 15.51595 ] ] ] } },
{ "type": "Feature", "properties": { "ID_TRAMOMT": 92636, "ID_APOYO1": 115541, "ID_APOYO2": 113726, "SUBESTACION": "BER", "CIRCUITO": "BER206", "SECTOR": "SAN PEDRO SULA", "LATITUDFINAL": 15.5378546, "LATITUDINICIO": 15.53783709, "LONGITUDFINAL": -88.03291894, "LONGITUDINICIO": -88.03279764, "TIPO": "RAMAL", "ID_EQUIPO": 307320, "CIRCUITO_2": "BER206" }, "geometry": { "type": "MultiLineString", "coordinates": [ [ [ -88.0328, 15.53784 ], [ -88.03292, 15.53785 ] ] ] } },
{ "type": "Feature", "properties": { "ID_TRAMOMT": 72539, "ID_APOYO1": 65256, "ID_APOYO2": 64487, "SUBESTACION": "BER", "CIRCUITO": "BER207", "SECTOR": "SAN PEDRO SULA", "LATITUDFINAL": 15.51371588, "LATITUDINICIO": 15.51348089, "LONGITUDFINAL": -88.01014367000001, "LONGITUDINICIO": -88.0101332, "TIPO": "RAMAL", "ID_EQUIPO": 306267, "CIRCUITO_2": "BER207" }, "geometry": { "type": "MultiLineString", "coordinates": [ [ [ -88.01014, 15.51331 ], [ -88.01013, 15.51348 ], [ -88.01014, 15.51372 ], [ -88.01015, 15.51404 ], [ -88.01015, 15.51438 ], [ -88.01015, 15.51466 ] ] ] } },
{ "type": "Feature", "properties": { "ID_TRAMOMT": 89428, "ID_APOYO1": 108187, "ID_APOYO2": 108942, "SUBESTACION": "BER", "CIRCUITO": "BER290", "SECTOR": "SAN PEDRO SULA", "LATITUDFINAL": 15.55665151, "LATITUDINICIO": 15.55707841, "LONGITUDFINAL": -88.03404773, "LONGITUDINICIO": -88.03361158, "TIPO": "RAMAL", "ID_EQUIPO": 305969, "CIRCUITO_2": "BER290" }, "geometry": { "type": "MultiLineString", "coordinates": [ [ [ -88.03405, 15.55665 ], [ -88.03361, 15.55708 ], [ -88.03332, 15.55693 ], [ -88.03306, 15.55679 ] ] ] } },
{ "type": "Feature", "properties": { "ID_TRAMOMT": 3113001, "ID_APOYO1": 6711512, "ID_APOYO2": 62864, "SUBESTACION": "BER", "CIRCUITO": "BER205", "SECTOR": "SAN PEDRO SULA", "LATITUDFINAL": 15.52285487, "LATITUDINICIO": 15.5226285, "LONGITUDFINAL": -87.97393809, "LONGITUDINICIO": -87.97391421, "TIPO": "RAMAL", "ID_EQUIPO": 2012187, "CIRCUITO_2": "BER205" }, "geometry": { "type": "MultiLineString", "coordinates": [ [ [ -87.97736, 15.52953 ], [ -87.9774, 15.5298 ] ], [ [ -87.97738, 15.52605 ], [ -87.97724, 15.52609 ] ], [ [ -87.97735, 15.52915 ], [ -87.97737, 15.52915 ] ], [ [ -87.97736, 15.52953 ], [ -87.97721, 15.52955 ], [ -87.97691, 15.52958 ], [ -87.97663, 15.52962 ] ], [ [ -87.97736, 15.52953 ], [ -87.97735, 15.52929 ], [ -87.97735, 15.52915 ] ], [ [ -87.97735, 15.52915 ], [ -87.97713, 15.52917 ], [ -87.97684, 15.5292 ], [ -87.97657, 15.52922 ] ], [ [ -87.9773, 15.52872 ], [ -87.97733, 15.52901 ], [ -87.97735, 15.52915 ] ], [ [ -87.9773, 15.52872 ], [ -87.9771, 15.52874 ], [ -87.9768, 15.52879 ], [ -87.97648, 15.52884 ] ], [ [ -87.97725, 15.52837 ], [ -87.9773, 15.52872 ] ], [ [ -87.97727, 15.52624 ], [ -87.97724, 15.52609 ] ], [ [ -87.97725, 15.52837 ], [ -87.97705, 15.52841 ], [ -87.9767, 15.52845 ], [ -87.97641, 15.52852 ], [ -87.97608, 15.52858 ] ], [ [ -87.97706, 15.5272 ], [ -87.97709, 15.52736 ], [ -87.97715, 15.52757 ], [ -87.9772, 15.52781 ], [ -87.97723, 15.52809 ], [ -87.97725, 15.52837 ] ], [ [ -87.97724, 15.52609 ], [ -87.9771, 15.52611 ], [ -87.97697, 15.52613 ] ], [ [ -87.97724, 15.52609 ], [ -87.97722, 15.526 ], [ -87.97715, 15.52558 ], [ -87.97709, 15.5252 ], [ -87.97705, 15.52499 ], [ -87.97695, 15.52449 ], [ -87.97689, 15.52418 ], [ -87.9768, 15.5238 ], [ -87.97675, 15.52347 ], [ -87.97671, 15.52311 ], [ -87.97668, 15.52283 ], [ -87.97659, 15.52283 ], [ -87.97663, 15.52261 ], [ -87.9766, 15.52229 ] ], [ [ -87.97722, 15.52276 ], [ -87.97736, 15.52249 ], [ -87.97735, 15.52215 ], [ -87.97675, 15.52227 ], [ -87.97664, 15.52228 ], [ -87.9766, 15.52229 ] ], [ [ -87.97712, 15.52716 ], [ -87.97706, 15.5272 ] ], [ [ -87.97706, 15.5272 ], [ -87.97685, 15.52724 ], [ -87.97662, 15.52728 ], [ -87.97634, 15.52736 ] ], [ [ -87.97702, 15.52681 ], [ -87.97706, 15.52705 ], [ -87.97706, 15.5272 ] ], [ [ -87.97702, 15.52681 ], [ -87.9769, 15.52681 ], [ -87.97661, 15.52683 ], [ -87.97634, 15.52686 ], [ -87.97606, 15.52691 ], [ -87.97577, 15.52696 ], [ -87.97551, 15.52697 ], [ -87.97524, 15.52701 ] ], [ [ -87.97702, 15.52681 ], [ -87.977, 15.52645 ] ], [ [ -87.97697, 15.52613 ], [ -87.97698, 15.52618 ], [ -87.977, 15.52645 ] ], [ [ -87.977, 15.52645 ], [ -87.97681, 15.52645 ], [ -87.97654, 15.52644 ], [ -87.97627, 15.52647 ] ], [ [ -87.97694, 15.52563 ], [ -87.97692, 15.52592 ], [ -87.97697, 15.52613 ] ], [ [ -87.97697, 15.52613 ], [ -87.97686, 15.52612 ], [ -87.97644, 15.52616 ], [ -87.97607, 15.52621 ] ], [ [ -87.97694, 15.52563 ], [ -87.97689, 15.52526 ] ], [ [ -87.97694, 15.52563 ], [ -87.97674, 15.52559 ], [ -87.97638, 15.52565 ] ], [ [ -87.97689, 15.52526 ], [ -87.97673, 15.52527 ], [ -87.97645, 15.52532 ] ], [ [ -87.97682, 15.52506 ], [ -87.97689, 15.52526 ] ], [ [ -87.9766, 15.52229 ], [ -87.9759, 15.52236 ] ], [ [ -87.97634, 15.52736 ], [ -87.97606, 15.52738 ], [ -87.97583, 15.52739 ], [ -87.97547, 15.52741 ] ], [ [ -87.97634, 15.52736 ], [ -87.97628, 15.52745 ], [ -87.9762, 15.52765 ], [ -87.97608, 15.52803 ] ], [ [ -87.97547, 15.52741 ], [ -87.97519, 15.52744 ], [ -87.97491, 15.52742 ] ], [ [ -87.97547, 15.52741 ], [ -87.97535, 15.52764 ], [ -87.97529, 15.52789 ], [ -87.97523, 15.52819 ] ], [ [ -87.97491, 15.52742 ], [ -87.97496, 15.52728 ] ], [ [ -87.97491, 15.52742 ], [ -87.97471, 15.52744 ] ], [ [ -87.97491, 15.52742 ], [ -87.97481, 15.5277 ] ], [ [ -87.97391, 15.52263 ], [ -87.97394, 15.52285 ] ], [ [ -87.96903, 15.52331 ], [ -87.96923, 15.52329 ] ], [ [ -87.96903, 15.52331 ], [ -87.96848, 15.52339 ], [ -87.96793, 15.52344 ] ], [ [ -87.9687, 15.52306 ], [ -87.96903, 15.52331 ] ], [ [ -87.96793, 15.52344 ], [ -87.96753, 15.52344 ] ], [ [ -87.96793, 15.52344 ], [ -87.96781, 15.52392 ], [ -87.96772, 15.52447 ], [ -87.96765, 15.52498 ] ] ] } },
{ "type": "Feature", "properties": { "ID_TRAMOMT": 355795, "ID_APOYO1": 113282, "ID_APOYO2": 311967, "SUBESTACION": "BER", "CIRCUITO": "BER282", "SECTOR": "SAN PEDRO SULA", "LATITUDFINAL": 15.51892269, "LATITUDINICIO": 15.5189091, "LONGITUDFINAL": -88.02667729, "LONGITUDINICIO": -88.02681108, "TIPO": "RAMAL", "ID_EQUIPO": 306453, "CIRCUITO_2": "BER282" }, "geometry": { "type": "MultiLineString", "coordinates": [ [ [ -88.02681, 15.51891 ], [ -88.02668, 15.51892 ] ], [ [ -88.02669, 15.51845 ], [ -88.02686, 15.51845 ], [ -88.02681, 15.51891 ] ], [ [ -88.02681, 15.51891 ], [ -88.02656, 15.5189 ] ] ] } },
{ "type": "Feature", "properties": { "ID_TRAMOMT": 91927, "ID_APOYO1": 113329, "ID_APOYO2": 112786, "SUBESTACION": "BER", "CIRCUITO": "BER282", "SECTOR": "SAN PEDRO SULA", "LATITUDFINAL": 15.51653331, "LATITUDINICIO": 15.51643301, "LONGITUDFINAL": -88.0264637, "LONGITUDINICIO": -88.02664967, "TIPO": "RAMAL", "ID_EQUIPO": 2011473, "CIRCUITO_2": "BER282" }, "geometry": { "type": "MultiLineString", "coordinates": [ [ [ -88.02665, 15.51643 ], [ -88.02646, 15.51653 ] ] ] } },
{ "type": "Feature", "properties": { "ID_TRAMOMT": 72515, "ID_APOYO1": 64053, "ID_APOYO2": 64075, "SUBESTACION": "BER", "CIRCUITO": "BER207", "SECTOR": "SAN PEDRO SULA", "LATITUDFINAL": 15.51447966, "LATITUDINICIO": 15.5144525, "LONGITUDFINAL": -88.01114496, "LONGITUDINICIO": -88.01115415, "TIPO": "RAMAL", "ID_EQUIPO": 306257, "CIRCUITO_2": "BER207" }, "geometry": { "type": "MultiLineString", "coordinates": [ [ [ -88.01119, 15.51412 ], [ -88.01152, 15.51409 ], [ -88.01154, 15.51408 ] ], [ [ -88.01127, 15.51332 ], [ -88.01123, 15.51373 ], [ -88.01119, 15.51412 ] ], [ [ -88.01119, 15.51412 ], [ -88.01114, 15.51448 ] ], [ [ -88.01115, 15.51445 ], [ -88.01114, 15.51448 ] ], [ [ -88.01114, 15.51448 ], [ -88.01113, 15.51477 ], [ -88.01109, 15.51518 ], [ -88.01107, 15.51548 ], [ -88.01104, 15.5159 ] ] ] } },
{ "type": "Feature", "properties": { "ID_TRAMOMT": 91929, "ID_APOYO1": 113273, "ID_APOYO2": 113283, "SUBESTACION": "BER", "CIRCUITO": "BER282", "SECTOR": "SAN PEDRO SULA", "LATITUDFINAL": 15.51552942, "LATITUDINICIO": 15.51552877, "LONGITUDFINAL": -88.02657061, "LONGITUDINICIO": -88.02671046, "TIPO": "RAMAL", "ID_EQUIPO": 306466, "CIRCUITO_2": "BER282" }, "geometry": { "type": "MultiLineString", "coordinates": [ [ [ -88.02668, 15.51592 ], [ -88.02671, 15.51553 ], [ -88.02657, 15.51553 ] ] ] } },
{ "type": "Feature", "properties": { "ID_TRAMOMT": 72548, "ID_APOYO1": 63806, "ID_APOYO2": 63807, "SUBESTACION": "BER", "CIRCUITO": "BER207", "SECTOR": "SAN PEDRO SULA", "LATITUDFINAL": 15.51549092, "LATITUDINICIO": 15.51591594, "LONGITUDFINAL": -88.01140161, "LONGITUDINICIO": -88.01136639000001, "TIPO": "RAMAL", "ID_EQUIPO": 306283, "CIRCUITO_2": "BER207" }, "geometry": { "type": "MultiLineString", "coordinates": [ [ [ -88.01218, 15.51599 ], [ -88.01255, 15.51603 ], [ -88.01291, 15.51604 ], [ -88.01329, 15.51595 ] ], [ [ -88.01218, 15.51599 ], [ -88.0122, 15.51569 ], [ -88.01223, 15.51541 ] ], [ [ -88.01172, 15.51595 ], [ -88.01218, 15.51599 ] ], [ [ -88.01172, 15.51595 ], [ -88.01175, 15.51565 ], [ -88.01179, 15.51518 ] ], [ [ -88.01137, 15.51592 ], [ -88.01172, 15.51595 ] ], [ [ -88.01137, 15.51592 ], [ -88.0114, 15.51549 ], [ -88.01141, 15.5153 ] ], [ [ -88.01137, 15.51592 ], [ -88.01104, 15.5159 ], [ -88.01057, 15.51586 ] ], [ [ -88.01057, 15.51586 ], [ -88.0106, 15.51549 ], [ -88.01062, 15.51522 ], [ -88.01065, 15.5149 ] ], [ [ -88.01057, 15.51586 ], [ -88.01041, 15.51583 ], [ -88.01004, 15.51581 ] ] ] } },
{ "type": "Feature", "properties": { "ID_TRAMOMT": 3131220, "ID_APOYO1": 6886061, "ID_APOYO2": 63550, "SUBESTACION": "BER", "CIRCUITO": "BER205", "SECTOR": "SAN PEDRO SULA", "LATITUDFINAL": 15.51443458, "LATITUDINICIO": 15.51418678, "LONGITUDFINAL": -87.9911745, "LONGITUDINICIO": -87.99158297, "TIPO": "TRONCAL", "ID_EQUIPO": null, "CIRCUITO_2": null }, "geometry": { "type": "MultiLineString", "coordinates": [ [ [ -88.01333, 15.53439 ], [ -88.01356, 15.53435 ], [ -88.01364, 15.53403 ], [ -88.01371, 15.5337 ], [ -88.01376, 15.53349 ], [ -88.01356, 15.53343 ], [ -88.01337, 15.5334 ], [ -88.01303, 15.53333 ], [ -88.01269, 15.53327 ], [ -88.01236, 15.53321 ], [ -88.01212, 15.53315 ] ], [ [ -88.01212, 15.53315 ], [ -88.01201, 15.5334 ], [ -88.0119, 15.53367 ] ], [ [ -88.01212, 15.53315 ], [ -88.01207, 15.53288 ], [ -88.01192, 15.53253 ], [ -88.01177, 15.53222 ], [ -88.01157, 15.53197 ], [ -88.01131, 15.53165 ], [ -88.0114, 15.53143 ], [ -88.01148, 15.53121 ], [ -88.01162, 15.53086 ], [ -88.01174, 15.53055 ], [ -88.0118, 15.53044 ], [ -88.01144, 15.53 ], [ -88.01107, 15.5296 ], [ -88.01065, 15.52918 ], [ -88.01026, 15.52879 ], [ -88.00991, 15.52844 ], [ -88.00956, 15.52806 ], [ -88.00921, 15.5277 ], [ -88.00888, 15.52734 ], [ -88.00845, 15.52687 ], [ -88.00817, 15.52636 ], [ -88.00805, 15.5258 ], [ -88.00802, 15.52528 ], [ -88.00795, 15.52472 ], [ -88.008, 15.52418 ], [ -88.00804, 15.52361 ], [ -88.00809, 15.52308 ], [ -88.00806, 15.52254 ], [ -88.00794, 15.52196 ], [ -88.00776, 15.52146 ], [ -88.00757, 15.52097 ], [ -88.00739, 15.52048 ], [ -88.00723, 15.51998 ], [ -88.00692, 15.51952 ], [ -88.00665, 15.51901 ], [ -88.00639, 15.51859 ], [ -88.00606, 15.51814 ], [ -88.00571, 15.5178 ], [ -88.00524, 15.51757 ], [ -88.00478, 15.51731 ], [ -88.00417, 15.51713 ], [ -88.00365, 15.51699 ], [ -88.00316, 15.51686 ], [ -88.00274, 15.51671 ], [ -88.00232, 15.51658 ], [ -88.00201, 15.51647 ], [ -88.00184, 15.51646 ], [ -88.00136, 15.51633 ], [ -88.00086, 15.51616 ], [ -88.00038, 15.51603 ], [ -87.99991, 15.51586 ], [ -87.99941, 15.51568 ], [ -87.99887, 15.51554 ], [ -87.99819, 15.51533 ], [ -87.99765, 15.51517 ], [ -87.99714, 15.51501 ], [ -87.99658, 15.51483 ], [ -87.99603, 15.51465 ], [ -87.99552, 15.51448 ], [ -87.99498, 15.51431 ], [ -87.99446, 15.51418 ], [ -87.99374, 15.51394 ], [ -87.99324, 15.51379 ], [ -87.99272, 15.51366 ], [ -87.99236, 15.51372 ], [ -87.99204, 15.5139 ], [ -87.99158, 15.51419 ], [ -87.99117, 15.51443 ], [ -87.9908, 15.51466 ], [ -87.99004, 15.51514 ], [ -87.98942, 15.51554 ] ], [ [ -87.97784, 15.52205 ], [ -87.97742, 15.52211 ] ] ] } },
{ "type": "Feature", "properties": { "ID_TRAMOMT": 95985, "ID_APOYO1": 125900, "ID_APOYO2": 126033, "SUBESTACION": "BER", "CIRCUITO": "BER288", "SECTOR": "SAN PEDRO SULA", "LATITUDFINAL": 15.51994175, "LATITUDINICIO": 15.51994854, "LONGITUDFINAL": -88.02357924, "LONGITUDINICIO": -88.02383981, "TIPO": "RAMAL", "ID_EQUIPO": 302691, "CIRCUITO_2": "BER288" }, "geometry": { "type": "MultiLineString", "coordinates": [ [ [ -88.02384, 15.51995 ], [ -88.02358, 15.51994 ], [ -88.02331, 15.51993 ], [ -88.02328, 15.52019 ], [ -88.02325, 15.5205 ] ] ] } },
{ "type": "Feature", "properties": { "ID_TRAMOMT": 3133371, "ID_APOYO1": 113997, "ID_APOYO2": 113999, "SUBESTACION": "BER", "CIRCUITO": "BER206", "SECTOR": "SAN PEDRO SULA", "LATITUDFINAL": 15.53735192, "LATITUDINICIO": 15.53725365, "LONGITUDFINAL": -88.02635224, "LONGITUDINICIO": -88.02610001, "TIPO": "RAMAL", "ID_EQUIPO": 2029888, "CIRCUITO_2": "BER206" }, "geometry": { "type": "MultiLineString", "coordinates": [ [ [ -88.02635, 15.53735 ], [ -88.0261, 15.53725 ], [ -88.02568, 15.53714 ], [ -88.02532, 15.53704 ] ] ] } },
{ "type": "Feature", "properties": { "ID_TRAMOMT": 72537, "ID_APOYO1": 63835, "ID_APOYO2": 63834, "SUBESTACION": "BER", "CIRCUITO": "BER207", "SECTOR": "SAN PEDRO SULA", "LATITUDFINAL": 15.5133091, "LATITUDINICIO": 15.513056, "LONGITUDFINAL": -88.01014169, "LONGITUDINICIO": -88.01014046, "TIPO": "RAMAL", "ID_EQUIPO": 306269, "CIRCUITO_2": "BER207" }, "geometry": { "type": "MultiLineString", "coordinates": [ [ [ -88.01018, 15.5127 ], [ -88.01014, 15.51306 ], [ -88.01014, 15.51331 ] ] ] } },
{ "type": "Feature", "properties": { "ID_TRAMOMT": 88913, "ID_APOYO1": 108814, "ID_APOYO2": 108815, "SUBESTACION": "BER", "CIRCUITO": "BER290", "SECTOR": "SAN PEDRO SULA", "LATITUDFINAL": 15.54429432, "LATITUDINICIO": 15.54430516, "LONGITUDFINAL": -88.03600945, "LONGITUDINICIO": -88.0356272, "TIPO": "RAMAL", "ID_EQUIPO": 305947, "CIRCUITO_2": "BER290" }, "geometry": { "type": "MultiLineString", "coordinates": [ [ [ -88.03563, 15.54431 ], [ -88.03601, 15.54429 ] ] ] } },
{ "type": "Feature", "properties": { "ID_TRAMOMT": 72543, "ID_APOYO1": 64098, "ID_APOYO2": 64101, "SUBESTACION": "BER", "CIRCUITO": "BER207", "SECTOR": "SAN PEDRO SULA", "LATITUDFINAL": 15.5126844, "LATITUDINICIO": 15.51270329, "LONGITUDFINAL": -88.01035308, "LONGITUDINICIO": -88.01017604, "TIPO": "RAMAL", "ID_EQUIPO": 306271, "CIRCUITO_2": "BER207" }, "geometry": { "type": "MultiLineString", "coordinates": [ [ [ -88.01018, 15.5127 ], [ -88.01035, 15.51268 ], [ -88.01074, 15.51264 ], [ -88.01092, 15.51262 ], [ -88.01131, 15.51268 ] ] ] } },
{ "type": "Feature", "properties": { "ID_TRAMOMT": 89236, "ID_APOYO1": 109075, "ID_APOYO2": 108820, "SUBESTACION": "BER", "CIRCUITO": "BER290", "SECTOR": "SAN PEDRO SULA", "LATITUDFINAL": 15.54460458, "LATITUDINICIO": 15.54456954, "LONGITUDFINAL": -88.03312199, "LONGITUDINICIO": -88.03322281, "TIPO": "RAMAL", "ID_EQUIPO": 305948, "CIRCUITO_2": "BER290" }, "geometry": { "type": "MultiLineString", "coordinates": [ [ [ -88.03322, 15.54457 ], [ -88.03312, 15.5446 ] ] ] } },
{ "type": "Feature", "properties": { "ID_TRAMOMT": 89230, "ID_APOYO1": 108836, "ID_APOYO2": 108840, "SUBESTACION": "BER", "CIRCUITO": "BER290", "SECTOR": "SAN PEDRO SULA", "LATITUDFINAL": 15.54546353, "LATITUDINICIO": 15.5453665, "LONGITUDFINAL": -88.0313045, "LONGITUDINICIO": -88.03171222, "TIPO": "RAMAL", "ID_EQUIPO": 305951, "CIRCUITO_2": "BER290" }, "geometry": { "type": "MultiLineString", "coordinates": [ [ [ -88.03326, 15.54467 ], [ -88.03313, 15.54482 ], [ -88.03296, 15.54491 ], [ -88.03272, 15.54502 ], [ -88.03242, 15.54515 ], [ -88.03222, 15.54525 ] ], [ [ -88.03222, 15.54525 ], [ -88.0319, 15.54532 ], [ -88.03171, 15.54537 ], [ -88.0313, 15.54546 ] ], [ [ -88.03222, 15.54525 ], [ -88.03219, 15.54546 ], [ -88.03195, 15.54558 ], [ -88.03162, 15.54569 ], [ -88.03145, 15.54596 ], [ -88.03123, 15.54628 ] ] ] } },
{ "type": "Feature", "properties": { "ID_TRAMOMT": 307252, "ID_APOYO1": 115563, "ID_APOYO2": 114193, "SUBESTACION": "BER", "CIRCUITO": "BER206", "SECTOR": "SAN PEDRO SULA", "LATITUDFINAL": 15.53319188, "LATITUDINICIO": 15.53308423, "LONGITUDFINAL": -88.03256005, "LONGITUDINICIO": -88.03276485000001, "TIPO": "RAMAL", "ID_EQUIPO": 2026812, "CIRCUITO_2": "BER206" }, "geometry": { "type": "MultiLineString", "coordinates": [ [ [ -88.03386, 15.533 ], [ -88.03356, 15.53302 ], [ -88.03314, 15.53304 ], [ -88.03276, 15.53308 ], [ -88.03256, 15.53319 ] ] ] } },
{ "type": "Feature", "properties": { "ID_TRAMOMT": 301897, "ID_APOYO1": 125908, "ID_APOYO2": 126043, "SUBESTACION": "BER", "CIRCUITO": "BER288", "SECTOR": "SAN PEDRO SULA", "LATITUDFINAL": 15.51904803, "LATITUDINICIO": 15.51902191, "LONGITUDFINAL": -88.0241453, "LONGITUDINICIO": -88.02393074, "TIPO": "RAMAL", "ID_EQUIPO": 302698, "CIRCUITO_2": "BER288" }, "geometry": { "type": "MultiLineString", "coordinates": [ [ [ -88.02393, 15.51902 ], [ -88.02415, 15.51905 ], [ -88.02452, 15.51908 ], [ -88.02464, 15.51908 ], [ -88.0247, 15.51908 ] ] ] } },
{ "type": "Feature", "properties": { "ID_TRAMOMT": 71113, "ID_APOYO1": 126009, "ID_APOYO2": 63690, "SUBESTACION": "BER", "CIRCUITO": "BER247", "SECTOR": "SAN PEDRO SULA", "LATITUDFINAL": 15.52921409, "LATITUDINICIO": 15.52927581, "LONGITUDFINAL": -88.01728882, "LONGITUDINICIO": -88.01740806, "TIPO": "RAMAL", "ID_EQUIPO": null, "CIRCUITO_2": null }, "geometry": { "type": "MultiLineString", "coordinates": [ [ [ -88.02275, 15.52577 ], [ -88.02278, 15.52573 ], [ -88.02278, 15.52572 ] ], [ [ -88.01947, 15.52592 ], [ -88.01946, 15.52594 ], [ -88.01945, 15.52596 ] ], [ [ -88.01886, 15.52579 ], [ -88.01883, 15.52576 ], [ -88.01885, 15.52579 ] ], [ [ -88.01741, 15.52928 ], [ -88.01729, 15.52921 ] ], [ [ -88.01665, 15.52371 ], [ -88.01662, 15.52383 ], [ -88.01658, 15.52396 ] ] ] } },
{ "type": "Feature", "properties": { "ID_TRAMOMT": 72451, "ID_APOYO1": 64062, "ID_APOYO2": 63768, "SUBESTACION": "BER", "CIRCUITO": "BER207", "SECTOR": "SAN PEDRO SULA", "LATITUDFINAL": 15.51560306, "LATITUDINICIO": 15.51555003, "LONGITUDFINAL": -88.01454408, "LONGITUDINICIO": -88.01428277, "TIPO": "RAMAL", "ID_EQUIPO": 306295, "CIRCUITO_2": "BER207" }, "geometry": { "type": "MultiLineString", "coordinates": [ [ [ -88.01415, 15.51554 ], [ -88.01428, 15.51555 ], [ -88.01454, 15.5156 ], [ -88.01488, 15.51567 ], [ -88.01519, 15.51574 ], [ -88.01547, 15.5158 ] ] ] } },
{ "type": "Feature", "properties": { "ID_TRAMOMT": 89437, "ID_APOYO1": 108943, "ID_APOYO2": 108913, "SUBESTACION": "BER", "CIRCUITO": "BER290", "SECTOR": "SAN PEDRO SULA", "LATITUDFINAL": 15.55641859, "LATITUDINICIO": 15.556544, "LONGITUDFINAL": -88.03359896000001, "LONGITUDINICIO": -88.03384204, "TIPO": "RAMAL", "ID_EQUIPO": 302864, "CIRCUITO_2": "BER290" }, "geometry": { "type": "MultiLineString", "coordinates": [ [ [ -88.03506, 15.55564 ], [ -88.03481, 15.55591 ], [ -88.03443, 15.55628 ], [ -88.0342, 15.55649 ], [ -88.03405, 15.55665 ], [ -88.03384, 15.55654 ], [ -88.0336, 15.55642 ], [ -88.03341, 15.55632 ], [ -88.03309, 15.55615 ], [ -88.03282, 15.55601 ], [ -88.03254, 15.55586 ], [ -88.03233, 15.55574 ] ] ] } },
{ "type": "Feature", "properties": { "ID_TRAMOMT": 88933, "ID_APOYO1": 107960, "ID_APOYO2": 107962, "SUBESTACION": "BER", "CIRCUITO": "BER281", "SECTOR": "SAN PEDRO SULA", "LATITUDFINAL": 15.53840967, "LATITUDINICIO": 15.53826492, "LONGITUDFINAL": -88.01459966, "LONGITUDINICIO": -88.01462692, "TIPO": "RAMAL", "ID_EQUIPO": 302394, "CIRCUITO_2": "BER281" }, "geometry": { "type": "MultiLineString", "coordinates": [ [ [ -88.0146, 15.53841 ], [ -88.01463, 15.53826 ], [ -88.01446, 15.53821 ] ] ] } },
{ "type": "Feature", "properties": { "ID_TRAMOMT": 88928, "ID_APOYO1": 107945, "ID_APOYO2": 107952, "SUBESTACION": "BER", "CIRCUITO": "BER281", "SECTOR": "SAN PEDRO SULA", "LATITUDFINAL": 15.53883708, "LATITUDINICIO": 15.53887273, "LONGITUDFINAL": -88.01600971000001, "LONGITUDINICIO": -88.01612177, "TIPO": "RAMAL", "ID_EQUIPO": 302392, "CIRCUITO_2": "BER281" }, "geometry": { "type": "MultiLineString", "coordinates": [ [ [ -88.01592, 15.53933 ], [ -88.01612, 15.53887 ], [ -88.01601, 15.53884 ], [ -88.01567, 15.53869 ], [ -88.01518, 15.53848 ], [ -88.01491, 15.53838 ], [ -88.01463, 15.53826 ] ] ] } },
{ "type": "Feature", "properties": { "ID_TRAMOMT": 3133561, "ID_APOYO1": 112925, "ID_APOYO2": 112931, "SUBESTACION": "BER", "CIRCUITO": "BER282", "SECTOR": "SAN PEDRO SULA", "LATITUDFINAL": 15.5322756, "LATITUDINICIO": 15.53257385, "LONGITUDFINAL": -88.02745531, "LONGITUDINICIO": -88.02746611000001, "TIPO": "RAMAL", "ID_EQUIPO": 302474, "CIRCUITO_2": "BER282" }, "geometry": { "type": "MultiLineString", "coordinates": [ [ [ -88.03069, 15.53246 ], [ -88.03025, 15.53247 ], [ -88.03019, 15.53247 ] ], [ [ -88.03021, 15.5326 ], [ -88.03019, 15.53247 ] ], [ [ -88.02772, 15.53258 ], [ -88.02777, 15.53258 ], [ -88.02812, 15.53256 ], [ -88.02856, 15.53255 ], [ -88.02894, 15.53253 ], [ -88.02922, 15.53252 ], [ -88.02949, 15.53251 ], [ -88.02986, 15.5325 ], [ -88.03019, 15.53247 ] ], [ [ -88.02772, 15.53258 ], [ -88.02774, 15.53285 ] ], [ [ -88.02772, 15.53258 ], [ -88.02747, 15.5326 ] ], [ [ -88.02772, 15.53258 ], [ -88.02772, 15.5324 ], [ -88.02772, 15.53217 ], [ -88.02771, 15.53199 ], [ -88.0277, 15.53169 ] ], [ [ -88.02749, 15.53277 ], [ -88.02747, 15.5326 ] ], [ [ -88.02412, 15.53272 ], [ -88.02445, 15.53271 ], [ -88.02475, 15.53268 ], [ -88.02506, 15.53267 ], [ -88.02533, 15.53267 ], [ -88.0256, 15.53265 ], [ -88.02589, 15.53264 ], [ -88.02621, 15.53263 ], [ -88.02652, 15.53262 ], [ -88.02688, 15.53261 ], [ -88.02719, 15.5326 ], [ -88.02747, 15.5326 ] ], [ [ -88.02747, 15.5326 ], [ -88.02747, 15.53257 ], [ -88.02746, 15.53228 ], [ -88.02744, 15.53199 ] ] ] } },
{ "type": "Feature", "properties": { "ID_TRAMOMT": 89413, "ID_APOYO1": 109196, "ID_APOYO2": 109052, "SUBESTACION": "BER", "CIRCUITO": "BER290", "SECTOR": "SAN PEDRO SULA", "LATITUDFINAL": 15.55342102, "LATITUDINICIO": 15.5536098, "LONGITUDFINAL": -88.03476826000001, "LONGITUDINICIO": -88.034993, "TIPO": "RAMAL", "ID_EQUIPO": 302857, "CIRCUITO_2": "BER290" }, "geometry": { "type": "MultiLineString", "coordinates": [ [ [ -88.03519, 15.55379 ], [ -88.03499, 15.55361 ], [ -88.03477, 15.55342 ] ] ] } },
{ "type": "Feature", "properties": { "ID_TRAMOMT": 88879, "ID_APOYO1": 107557, "ID_APOYO2": 107559, "SUBESTACION": "BER", "CIRCUITO": "BER290", "SECTOR": "SAN PEDRO SULA", "LATITUDFINAL": 15.54349683, "LATITUDINICIO": 15.54322586, "LONGITUDFINAL": -88.03065325, "LONGITUDINICIO": -88.03060528, "TIPO": "RAMAL", "ID_EQUIPO": 302858, "CIRCUITO_2": "BER290" }, "geometry": { "type": "MultiLineString", "coordinates": [ [ [ -88.03061, 15.54323 ], [ -88.03065, 15.5435 ], [ -88.03068, 15.54356 ], [ -88.03076, 15.5438 ], [ -88.03082, 15.54407 ], [ -88.0309, 15.54435 ], [ -88.03093, 15.54458 ] ] ] } },
{ "type": "Feature", "properties": { "ID_TRAMOMT": 3111769, "ID_APOYO1": 6697805, "ID_APOYO2": 6697806, "SUBESTACION": "BER", "CIRCUITO": "BER205", "SECTOR": "SAN PEDRO SULA", "LATITUDFINAL": 15.52135744, "LATITUDINICIO": 15.5210226, "LONGITUDFINAL": -87.98005101, "LONGITUDINICIO": -87.98053338, "TIPO": "TRONCAL", "ID_EQUIPO": 2026666, "CIRCUITO_2": "BER205" }, "geometry": { "type": "MultiLineString", "coordinates": [ [ [ -87.98216, 15.5199 ], [ -87.98176, 15.52017 ], [ -87.9813, 15.52049 ], [ -87.98093, 15.52076 ], [ -87.98053, 15.52102 ], [ -87.98005, 15.52136 ], [ -87.97981, 15.52152 ], [ -87.9795, 15.52172 ], [ -87.97913, 15.52185 ], [ -87.97883, 15.5219 ] ], [ [ -87.97883, 15.5219 ], [ -87.97888, 15.52216 ] ], [ [ -87.97883, 15.5219 ], [ -87.97867, 15.52193 ], [ -87.97829, 15.52198 ], [ -87.97784, 15.52205 ] ], [ [ -87.97883, 15.5219 ], [ -87.9788, 15.52178 ] ] ] } },
{ "type": "Feature", "properties": { "ID_TRAMOMT": 358663, "ID_APOYO1": 6037388, "ID_APOYO2": 113459, "SUBESTACION": "BER", "CIRCUITO": "BER206", "SECTOR": "SAN PEDRO SULA", "LATITUDFINAL": 15.53834923, "LATITUDINICIO": 15.53836444, "LONGITUDFINAL": -88.03346221, "LONGITUDINICIO": -88.03356435000001, "TIPO": "RAMAL", "ID_EQUIPO": 2026827, "CIRCUITO_2": "BER206" }, "geometry": { "type": "MultiLineString", "coordinates": [ [ [ -88.03356, 15.53836 ], [ -88.03346, 15.53835 ], [ -88.03304, 15.53842 ], [ -88.03281, 15.53846 ] ] ] } },
{ "type": "Feature", "properties": { "ID_TRAMOMT": 70314, "ID_APOYO1": 62480, "ID_APOYO2": 62482, "SUBESTACION": "BER", "CIRCUITO": "BER205", "SECTOR": "SAN PEDRO SULA", "LATITUDFINAL": 15.54142364, "LATITUDINICIO": 15.54131465, "LONGITUDFINAL": -87.92750535, "LONGITUDINICIO": -87.92762608, "TIPO": "TRONCAL", "ID_EQUIPO": 2026664, "CIRCUITO_2": "BER205" }, "geometry": { "type": "MultiLineString", "coordinates": [ [ [ -87.9417, 15.53303 ], [ -87.94147, 15.53294 ], [ -87.94119, 15.53278 ], [ -87.94075, 15.53259 ], [ -87.94031, 15.53238 ], [ -87.93989, 15.53218 ], [ -87.93965, 15.53208 ], [ -87.93944, 15.53196 ], [ -87.93902, 15.53177 ], [ -87.93879, 15.53175 ], [ -87.93827, 15.53195 ], [ -87.93805, 15.53205 ], [ -87.93779, 15.53212 ], [ -87.9373, 15.5323 ], [ -87.93681, 15.53246 ], [ -87.93644, 15.53259 ], [ -87.93586, 15.53283 ], [ -87.93531, 15.53304 ], [ -87.93488, 15.5332 ], [ -87.93449, 15.53339 ], [ -87.93405, 15.53366 ], [ -87.93368, 15.53395 ], [ -87.93332, 15.53426 ], [ -87.93299, 15.53458 ], [ -87.93264, 15.53493 ], [ -87.93232, 15.53526 ], [ -87.93199, 15.53557 ], [ -87.93155, 15.53602 ], [ -87.93125, 15.53629 ], [ -87.93101, 15.53658 ], [ -87.93086, 15.53691 ], [ -87.93067, 15.53732 ], [ -87.93052, 15.53767 ], [ -87.9303, 15.53811 ], [ -87.93006, 15.53847 ], [ -87.92987, 15.53877 ], [ -87.92967, 15.53913 ], [ -87.92937, 15.53948 ], [ -87.92922, 15.5397 ], [ -87.9291, 15.53987 ], [ -87.92877, 15.54031 ], [ -87.92838, 15.5407 ], [ -87.92825, 15.5408 ], [ -87.92802, 15.541 ], [ -87.92763, 15.54131 ], [ -87.92751, 15.54142 ], [ -87.92717, 15.54171 ], [ -87.92658, 15.54205 ], [ -87.92657, 15.54213 ], [ -87.92657, 15.54255 ], [ -87.92654, 15.54294 ], [ -87.92649, 15.54324 ], [ -87.92642, 15.54359 ], [ -87.92639, 15.54401 ], [ -87.92623, 15.54451 ], [ -87.92604, 15.54482 ], [ -87.92596, 15.54496 ], [ -87.92563, 15.54535 ] ] ] } },
{ "type": "Feature", "properties": { "ID_TRAMOMT": 313852, "ID_APOYO1": 65156, "ID_APOYO2": 65157, "SUBESTACION": "BER", "CIRCUITO": "BER207", "SECTOR": "SAN PEDRO SULA", "LATITUDFINAL": 15.51031014, "LATITUDINICIO": 15.51070826, "LONGITUDFINAL": -88.019506, "LONGITUDINICIO": -88.01942405, "TIPO": "TRONCAL", "ID_EQUIPO": 302489, "CIRCUITO_2": "BER207" }, "geometry": { "type": "MultiLineString", "coordinates": [ [ [ -88.01951, 15.51031 ], [ -88.01983, 15.51038 ], [ -88.02034, 15.51046 ], [ -88.02051, 15.51049 ], [ -88.02094, 15.51058 ], [ -88.02122, 15.51064 ], [ -88.02149, 15.51067 ], [ -88.02184, 15.51071 ] ], [ [ -88.01969, 15.50947 ], [ -88.01965, 15.50967 ], [ -88.01958, 15.51002 ], [ -88.01953, 15.51025 ], [ -88.01951, 15.51031 ] ], [ [ -88.01951, 15.51031 ], [ -88.01942, 15.51071 ], [ -88.01937, 15.511 ], [ -88.01931, 15.51128 ], [ -88.01927, 15.51144 ], [ -88.01921, 15.51172 ], [ -88.01916, 15.51197 ], [ -88.01911, 15.51218 ], [ -88.0191, 15.51224 ], [ -88.01903, 15.51259 ], [ -88.01899, 15.51283 ], [ -88.01891, 15.51319 ] ], [ [ -88.01951, 15.51031 ], [ -88.01935, 15.51027 ] ], [ [ -88.01921, 15.51325 ], [ -88.01891, 15.51319 ] ], [ [ -88.01891, 15.51319 ], [ -88.01886, 15.51347 ] ], [ [ -88.01891, 15.51319 ], [ -88.01864, 15.51314 ], [ -88.01829, 15.51308 ], [ -88.01801, 15.51304 ], [ -88.01791, 15.51302 ], [ -88.01759, 15.51296 ], [ -88.01725, 15.5129 ] ], [ [ -88.01824, 15.51639 ], [ -88.01825, 15.51635 ] ], [ [ -88.01671, 15.51811 ], [ -88.01649, 15.51806 ], [ -88.01654, 15.51771 ], [ -88.01656, 15.51759 ], [ -88.0166, 15.51727 ], [ -88.0166, 15.51726 ], [ -88.01666, 15.51695 ], [ -88.01671, 15.51656 ], [ -88.01673, 15.51645 ], [ -88.01677, 15.51617 ], [ -88.01681, 15.51591 ], [ -88.01686, 15.51561 ], [ -88.0169, 15.51534 ], [ -88.01696, 15.51493 ], [ -88.01699, 15.51468 ], [ -88.01703, 15.51446 ], [ -88.01707, 15.51415 ], [ -88.01713, 15.51379 ], [ -88.01719, 15.51336 ], [ -88.01725, 15.5129 ] ], [ [ -88.01725, 15.5129 ], [ -88.01697, 15.51284 ], [ -88.01668, 15.51279 ], [ -88.01644, 15.51276 ], [ -88.01611, 15.5127 ] ] ] } },
{ "type": "Feature", "properties": { "ID_TRAMOMT": 90137, "ID_APOYO1": 107885, "ID_APOYO2": 107966, "SUBESTACION": "BER", "CIRCUITO": "BER281", "SECTOR": "SAN PEDRO SULA", "LATITUDFINAL": 15.53873461, "LATITUDINICIO": 15.53878906, "LONGITUDFINAL": -88.01862931, "LONGITUDINICIO": -88.01858296, "TIPO": "RAMAL", "ID_EQUIPO": 302398, "CIRCUITO_2": "BER281" }, "geometry": { "type": "MultiLineString", "coordinates": [ [ [ -88.01858, 15.53879 ], [ -88.01863, 15.53873 ] ] ] } },
{ "type": "Feature", "properties": { "ID_TRAMOMT": 92637, "ID_APOYO1": 6766994, "ID_APOYO2": 113722, "SUBESTACION": "BER", "CIRCUITO": "BER206", "SECTOR": "SAN PEDRO SULA", "LATITUDFINAL": 15.53746582, "LATITUDINICIO": 15.5375195, "LONGITUDFINAL": -88.03293565, "LONGITUDINICIO": -88.03280042, "TIPO": "RAMAL", "ID_EQUIPO": 2026822, "CIRCUITO_2": "BER206" }, "geometry": { "type": "MultiLineString", "coordinates": [ [ [ -88.0328, 15.53752 ], [ -88.03294, 15.53747 ] ] ] } },
{ "type": "Feature", "properties": { "ID_TRAMOMT": 88924, "ID_APOYO1": 109070, "ID_APOYO2": 107950, "SUBESTACION": "BER", "CIRCUITO": "BER281", "SECTOR": "SAN PEDRO SULA", "LATITUDFINAL": 15.53920954, "LATITUDINICIO": 15.53933468, "LONGITUDFINAL": -88.01561059, "LONGITUDINICIO": -88.0159189, "TIPO": "RAMAL", "ID_EQUIPO": 302396, "CIRCUITO_2": "BER281" }, "geometry": { "type": "MultiLineString", "coordinates": [ [ [ -88.01585, 15.5395 ], [ -88.01592, 15.53933 ], [ -88.01561, 15.53921 ] ] ] } },
{ "type": "Feature", "properties": { "ID_TRAMOMT": 3055750, "ID_APOYO1": 65967, "ID_APOYO2": 6475019, "SUBESTACION": "BER", "CIRCUITO": "BER208", "SECTOR": "SAN PEDRO SULA", "LATITUDFINAL": 15.51697275, "LATITUDINICIO": 15.51694601, "LONGITUDFINAL": -88.02270448, "LONGITUDINICIO": -88.02250793, "TIPO": "RAMAL", "ID_EQUIPO": null, "CIRCUITO_2": null }, "geometry": { "type": "MultiLineString", "coordinates": [ [ [ -88.02829, 15.50695 ], [ -88.02822, 15.50686 ] ], [ [ -88.02763, 15.5056 ], [ -88.02759, 15.50559 ], [ -88.02749, 15.50567 ] ], [ [ -88.0275, 15.50739 ], [ -88.02752, 15.50702 ], [ -88.02752, 15.50689 ] ], [ [ -88.02703, 15.50759 ], [ -88.02665, 15.50758 ] ], [ [ -88.02673, 15.50671 ], [ -88.02672, 15.50682 ] ], [ [ -88.02665, 15.50758 ], [ -88.02662, 15.50766 ], [ -88.02662, 15.50791 ], [ -88.02658, 15.50824 ], [ -88.02656, 15.50861 ], [ -88.02652, 15.50894 ], [ -88.02651, 15.50906 ] ], [ [ -88.02665, 15.50758 ], [ -88.02629, 15.50756 ] ], [ [ -88.02629, 15.50756 ], [ -88.02641, 15.50766 ] ], [ [ -88.02629, 15.50756 ], [ -88.0259, 15.50754 ] ], [ [ -88.02568, 15.5072 ], [ -88.0257, 15.50684 ], [ -88.0257, 15.50675 ], [ -88.02571, 15.50648 ], [ -88.02574, 15.50627 ] ], [ [ -88.024, 15.50575 ], [ -88.02362, 15.50573 ], [ -88.02348, 15.50571 ], [ -88.02346, 15.50571 ], [ -88.02299, 15.50567 ] ], [ [ -88.02309, 15.5099 ], [ -88.02319, 15.50991 ], [ -88.02324, 15.50991 ], [ -88.02359, 15.50992 ], [ -88.02383, 15.50995 ] ], [ [ -88.02377, 15.50498 ], [ -88.02356, 15.50497 ], [ -88.02352, 15.50497 ] ], [ [ -88.02344, 15.50741 ], [ -88.02341, 15.50741 ], [ -88.0233, 15.50739 ] ], [ [ -88.02342, 15.509 ], [ -88.02326, 15.50899 ], [ -88.02317, 15.50897 ] ], [ [ -88.02299, 15.50567 ], [ -88.02302, 15.50545 ] ], [ [ -88.023, 15.51375 ], [ -88.02283, 15.51373 ], [ -88.02272, 15.51371 ], [ -88.02243, 15.5137 ], [ -88.02217, 15.51367 ] ], [ [ -88.02299, 15.50567 ], [ -88.02253, 15.50563 ] ], [ [ -88.02292, 15.51623 ], [ -88.02281, 15.51621 ] ], [ [ -88.02281, 15.51621 ], [ -88.02279, 15.51635 ] ], [ [ -88.02281, 15.51621 ], [ -88.02258, 15.5162 ], [ -88.02248, 15.51618 ] ], [ [ -88.02277, 15.50641 ], [ -88.02253, 15.50638 ] ], [ [ -88.02274, 15.51575 ], [ -88.02264, 15.51574 ], [ -88.02239, 15.51572 ] ], [ [ -88.02251, 15.51695 ], [ -88.0227, 15.51697 ] ] ] } },
{ "type": "Feature", "properties": { "ID_TRAMOMT": 70804, "ID_APOYO1": 62455, "ID_APOYO2": 61723, "SUBESTACION": "BER", "CIRCUITO": "BER205", "SECTOR": "SAN PEDRO SULA", "LATITUDFINAL": 15.53372332, "LATITUDINICIO": 15.53429733, "LONGITUDFINAL": -87.92281812, "LONGITUDINICIO": -87.92390228, "TIPO": "RAMAL", "ID_EQUIPO": 2008093, "CIRCUITO_2": "BER205" }, "geometry": { "type": "MultiLineString", "coordinates": [ [ [ -87.92464, 15.53466 ], [ -87.9239, 15.5343 ], [ -87.92282, 15.53372 ] ] ] } },
{ "type": "Feature", "properties": { "ID_TRAMOMT": 89509, "ID_APOYO1": 113192, "ID_APOYO2": 113209, "SUBESTACION": "BER", "CIRCUITO": "BER282", "SECTOR": "SAN PEDRO SULA", "LATITUDFINAL": 15.5310105, "LATITUDINICIO": 15.53102993, "LONGITUDFINAL": -88.02541645, "LONGITUDINICIO": -88.0251275, "TIPO": "RAMAL", "ID_EQUIPO": 302454, "CIRCUITO_2": "BER282" }, "geometry": { "type": "MultiLineString", "coordinates": [ [ [ -88.02367, 15.53107 ], [ -88.02398, 15.53105 ], [ -88.02425, 15.53104 ], [ -88.02454, 15.53104 ], [ -88.02482, 15.53104 ], [ -88.02513, 15.53103 ], [ -88.02542, 15.53101 ], [ -88.02569, 15.531 ], [ -88.02616, 15.53099 ], [ -88.02654, 15.53097 ] ] ] } },
{ "type": "Feature", "properties": { "ID_TRAMOMT": 89421, "ID_APOYO1": 109043, "ID_APOYO2": 109042, "SUBESTACION": "BER", "CIRCUITO": "BER290", "SECTOR": "SAN PEDRO SULA", "LATITUDFINAL": 15.5548642, "LATITUDINICIO": 15.55464831, "LONGITUDFINAL": -88.03543754, "LONGITUDINICIO": -88.03521266, "TIPO": "RAMAL", "ID_EQUIPO": 302844, "CIRCUITO_2": "BER290" }, "geometry": { "type": "MultiLineString", "coordinates": [ [ [ -88.03458, 15.55405 ], [ -88.03482, 15.55428 ], [ -88.03504, 15.55449 ], [ -88.03521, 15.55465 ], [ -88.03544, 15.55486 ] ], [ [ -88.03477, 15.55342 ], [ -88.03455, 15.55366 ], [ -88.03437, 15.55386 ], [ -88.03458, 15.55405 ] ], [ [ -88.03447, 15.55413 ], [ -88.03458, 15.55405 ] ] ] } },
{ "type": "Feature", "properties": { "ID_TRAMOMT": 89521, "ID_APOYO1": 113227, "ID_APOYO2": 113261, "SUBESTACION": "BER", "CIRCUITO": "BER282", "SECTOR": "SAN PEDRO SULA", "LATITUDFINAL": 15.53145892, "LATITUDINICIO": 15.53147847, "LONGITUDFINAL": -88.02618322, "LONGITUDINICIO": -88.02586631, "TIPO": "RAMAL", "ID_EQUIPO": 302463, "CIRCUITO_2": "BER282" }, "geometry": { "type": "MultiLineString", "coordinates": [ [ [ -88.02382, 15.53154 ], [ -88.02415, 15.53152 ], [ -88.02443, 15.53151 ], [ -88.02467, 15.53149 ], [ -88.02501, 15.53149 ], [ -88.02525, 15.53148 ], [ -88.02555, 15.53147 ], [ -88.02587, 15.53148 ], [ -88.02618, 15.53146 ], [ -88.02651, 15.53143 ] ] ] } },
{ "type": "Feature", "properties": { "ID_TRAMOMT": 89530, "ID_APOYO1": 113213, "ID_APOYO2": 113228, "SUBESTACION": "BER", "CIRCUITO": "BER282", "SECTOR": "SAN PEDRO SULA", "LATITUDFINAL": 15.53204721, "LATITUDINICIO": 15.53206668, "LONGITUDFINAL": -88.02602762, "LONGITUDINICIO": -88.02572936, "TIPO": "RAMAL", "ID_EQUIPO": 302466, "CIRCUITO_2": "BER282" }, "geometry": { "type": "MultiLineString", "coordinates": [ [ [ -88.02409, 15.53213 ], [ -88.02434, 15.53212 ], [ -88.02458, 15.53211 ], [ -88.02487, 15.5321 ], [ -88.02513, 15.53209 ], [ -88.0255, 15.53208 ], [ -88.02573, 15.53207 ], [ -88.02603, 15.53205 ], [ -88.0265, 15.53205 ] ] ] } },
{ "type": "Feature", "properties": { "ID_TRAMOMT": 92875, "ID_APOYO1": 114587, "ID_APOYO2": 113662, "SUBESTACION": "BER", "CIRCUITO": "BER206", "SECTOR": "SAN PEDRO SULA", "LATITUDFINAL": 15.53912194, "LATITUDINICIO": 15.53877836, "LONGITUDFINAL": -88.03253364, "LONGITUDINICIO": -88.03255058000001, "TIPO": "RAMAL", "ID_EQUIPO": 2026839, "CIRCUITO_2": "BER206" }, "geometry": { "type": "MultiLineString", "coordinates": [ [ [ -88.03255, 15.53878 ], [ -88.03256, 15.53857 ], [ -88.03257, 15.53839 ], [ -88.03256, 15.53827 ] ], [ [ -88.03255, 15.53878 ], [ -88.03229, 15.53878 ], [ -88.03204, 15.53877 ], [ -88.03176, 15.53877 ] ], [ [ -88.03255, 15.53878 ], [ -88.03253, 15.53912 ] ] ] } },
{ "type": "Feature", "properties": { "ID_TRAMOMT": 87184, "ID_APOYO1": 108290, "ID_APOYO2": 108273, "SUBESTACION": "BER", "CIRCUITO": "BER290", "SECTOR": "SAN PEDRO SULA", "LATITUDFINAL": 15.55438309, "LATITUDINICIO": 15.55415554, "LONGITUDFINAL": -88.0320129, "LONGITUDINICIO": -88.03234746, "TIPO": "RAMAL", "ID_EQUIPO": 302896, "CIRCUITO_2": "BER290" }, "geometry": { "type": "MultiLineString", "coordinates": [ [ [ -88.03204, 15.55341 ], [ -88.03183, 15.55372 ], [ -88.03169, 15.55394 ], [ -88.03184, 15.55421 ], [ -88.03201, 15.55438 ], [ -88.03235, 15.55416 ] ] ] } },
{ "type": "Feature", "properties": { "ID_TRAMOMT": 3058967, "ID_APOYO1": 65947, "ID_APOYO2": 6499565, "SUBESTACION": "BER", "CIRCUITO": "BER208", "SECTOR": "SAN PEDRO SULA", "LATITUDFINAL": 15.52085492, "LATITUDINICIO": 15.52096285, "LONGITUDFINAL": -88.02229891, "LONGITUDINICIO": -88.02209976, "TIPO": "RAMAL", "ID_EQUIPO": 2010951, "CIRCUITO_2": "BER208" }, "geometry": { "type": "MultiLineString", "coordinates": [ [ [ -88.0221, 15.52096 ], [ -88.0223, 15.52085 ], [ -88.02267, 15.52088 ] ] ] } },
{ "type": "Feature", "properties": { "ID_TRAMOMT": 3063188, "ID_APOYO1": 6522269, "ID_APOYO2": 6522268, "SUBESTACION": "BER", "CIRCUITO": "BER247", "SECTOR": "SAN PEDRO SULA", "LATITUDFINAL": 15.52370546, "LATITUDINICIO": 15.52324801, "LONGITUDFINAL": -88.0166548, "LONGITUDINICIO": -88.01678771, "TIPO": "RAMAL", "ID_EQUIPO": 2012116, "CIRCUITO_2": "BER247" }, "geometry": { "type": "MultiLineString", "coordinates": [ [ [ -88.01689, 15.52277 ], [ -88.01679, 15.52325 ], [ -88.01665, 15.52371 ] ] ] } },
{ "type": "Feature", "properties": { "ID_TRAMOMT": 313459, "ID_APOYO1": 64822, "ID_APOYO2": 64868, "SUBESTACION": "BER", "CIRCUITO": "BER207", "SECTOR": "SAN PEDRO SULA", "LATITUDFINAL": 15.51853915, "LATITUDINICIO": 15.5185562, "LONGITUDFINAL": -88.01493136000001, "LONGITUDINICIO": -88.0151552, "TIPO": "RAMAL", "ID_EQUIPO": 306321, "CIRCUITO_2": "BER207" }, "geometry": { "type": "MultiLineString", "coordinates": [ [ [ -88.01536, 15.51758 ], [ -88.01539, 15.51739 ] ], [ [ -88.01536, 15.51758 ], [ -88.01536, 15.51762 ] ], [ [ -88.01516, 15.51856 ], [ -88.01518, 15.51844 ], [ -88.01526, 15.51804 ], [ -88.01536, 15.51758 ] ], [ [ -88.01534, 15.51856 ], [ -88.01516, 15.51856 ] ], [ [ -88.01484, 15.5199 ], [ -88.01495, 15.51947 ], [ -88.01501, 15.51918 ], [ -88.0151, 15.5188 ], [ -88.01516, 15.51856 ] ], [ [ -88.01516, 15.51856 ], [ -88.01493, 15.51854 ] ] ] } },
{ "type": "Feature", "properties": { "ID_TRAMOMT": 84767, "ID_APOYO1": 108290, "ID_APOYO2": 108309, "SUBESTACION": "BER", "CIRCUITO": "BER290", "SECTOR": "SAN PEDRO SULA", "LATITUDFINAL": 15.55453431, "LATITUDINICIO": 15.55415554, "LONGITUDFINAL": -88.03253585, "LONGITUDINICIO": -88.03234746, "TIPO": "RAMAL", "ID_EQUIPO": 302898, "CIRCUITO_2": "BER290" }, "geometry": { "type": "MultiLineString", "coordinates": [ [ [ -88.03281, 15.55448 ], [ -88.03254, 15.55453 ], [ -88.03235, 15.55416 ], [ -88.03247, 15.55398 ], [ -88.03264, 15.55369 ], [ -88.03277, 15.55348 ], [ -88.03295, 15.55321 ], [ -88.03311, 15.55293 ] ] ] } },
{ "type": "Feature", "properties": { "ID_TRAMOMT": 92879, "ID_APOYO1": 114241, "ID_APOYO2": 113787, "SUBESTACION": "BER", "CIRCUITO": "BER206", "SECTOR": "SAN PEDRO SULA", "LATITUDFINAL": 15.53847713, "LATITUDINICIO": 15.53824202, "LONGITUDFINAL": -88.03124369, "LONGITUDINICIO": -88.03126117, "TIPO": "RAMAL", "ID_EQUIPO": 2026834, "CIRCUITO_2": "BER206" }, "geometry": { "type": "MultiLineString", "coordinates": [ [ [ -88.03126, 15.53824 ], [ -88.03124, 15.53848 ], [ -88.03125, 15.53884 ] ] ] } },
{ "type": "Feature", "properties": { "ID_TRAMOMT": 92416, "ID_APOYO1": 114080, "ID_APOYO2": 114006, "SUBESTACION": "BER", "CIRCUITO": "BER206", "SECTOR": "SAN PEDRO SULA", "LATITUDFINAL": 15.53801929, "LATITUDINICIO": 15.53784564, "LONGITUDFINAL": -88.02256512, "LONGITUDINICIO": -88.02231087, "TIPO": "RAMAL", "ID_EQUIPO": 2026835, "CIRCUITO_2": "BER206" }, "geometry": { "type": "MultiLineString", "coordinates": [ [ [ -88.0217, 15.53749 ], [ -88.02231, 15.53785 ], [ -88.02257, 15.53802 ], [ -88.02266, 15.5381 ] ] ] } },
{ "type": "Feature", "properties": { "ID_TRAMOMT": 71098, "ID_APOYO1": 63673, "ID_APOYO2": 126037, "SUBESTACION": "BER", "CIRCUITO": "BER247", "SECTOR": "SAN PEDRO SULA", "LATITUDFINAL": 15.52548492, "LATITUDINICIO": 15.52580164, "LONGITUDFINAL": -88.01812603, "LONGITUDINICIO": -88.018053, "TIPO": "TRONCAL", "ID_EQUIPO": 2003563, "CIRCUITO_2": "BER247" }, "geometry": { "type": "MultiLineString", "coordinates": [ [ [ -88.01805, 15.5258 ], [ -88.01813, 15.52548 ] ] ] } },
{ "type": "Feature", "properties": { "ID_TRAMOMT": 3058971, "ID_APOYO1": 6499568, "ID_APOYO2": 6499595, "SUBESTACION": "BER", "CIRCUITO": "BER208", "SECTOR": "SAN PEDRO SULA", "LATITUDFINAL": 15.52082249, "LATITUDINICIO": 15.52083003, "LONGITUDFINAL": -88.02270971, "LONGITUDINICIO": -88.02270798000001, "TIPO": "RAMAL", "ID_EQUIPO": 2010952, "CIRCUITO_2": "BER208" }, "geometry": { "type": "MultiLineString", "coordinates": [ [ [ -88.02267, 15.52088 ], [ -88.02271, 15.52083 ], [ -88.02271, 15.52082 ] ] ] } },
{ "type": "Feature", "properties": { "ID_TRAMOMT": 88744, "ID_APOYO1": 108339, "ID_APOYO2": 108340, "SUBESTACION": "BER", "CIRCUITO": "BER290", "SECTOR": "SAN PEDRO SULA", "LATITUDFINAL": 15.555261, "LATITUDINICIO": 15.55543191, "LONGITUDFINAL": -88.03178415, "LONGITUDINICIO": -88.03196217, "TIPO": "RAMAL", "ID_EQUIPO": 302891, "CIRCUITO_2": "BER290" }, "geometry": { "type": "MultiLineString", "coordinates": [ [ [ -88.03196, 15.55543 ], [ -88.03176, 15.55562 ], [ -88.03158, 15.5558 ], [ -88.03142, 15.55594 ] ], [ [ -88.03173, 15.55466 ], [ -88.03208, 15.555 ], [ -88.03226, 15.5552 ], [ -88.03206, 15.55536 ], [ -88.03196, 15.55543 ] ], [ [ -88.03196, 15.55543 ], [ -88.03178, 15.55526 ], [ -88.03162, 15.55509 ], [ -88.03138, 15.55484 ], [ -88.03117, 15.5546 ], [ -88.03097, 15.55442 ], [ -88.03079, 15.55421 ], [ -88.03059, 15.55401 ], [ -88.03041, 15.55381 ], [ -88.03023, 15.5536 ], [ -88.03019, 15.55383 ], [ -88.03022, 15.55416 ], [ -88.03032, 15.55434 ], [ -88.03047, 15.5546 ], [ -88.0306, 15.55474 ], [ -88.03078, 15.55494 ], [ -88.03092, 15.55512 ], [ -88.03097, 15.5552 ] ], [ [ -88.0311, 15.55535 ], [ -88.03097, 15.5552 ] ], [ [ -88.03108, 15.55516 ], [ -88.03097, 15.5552 ] ], [ [ -88.03097, 15.5552 ], [ -88.0308, 15.55527 ], [ -88.03066, 15.55531 ], [ -88.03053, 15.55535 ], [ -88.03021, 15.55544 ], [ -88.02997, 15.5555 ] ] ] } },
{ "type": "Feature", "properties": { "ID_TRAMOMT": 3062444, "ID_APOYO1": 6517748, "ID_APOYO2": 6517752, "SUBESTACION": "BER", "CIRCUITO": "BER205", "SECTOR": "SAN PEDRO SULA", "LATITUDFINAL": 15.51806659, "LATITUDINICIO": 15.51770914, "LONGITUDFINAL": -88.00616657, "LONGITUDINICIO": -88.0057272, "TIPO": "RAMAL", "ID_EQUIPO": 2021246, "CIRCUITO_2": "BER205" }, "geometry": { "type": "MultiLineString", "coordinates": [ [ [ -88.00322, 15.51672 ], [ -88.00369, 15.51689 ], [ -88.00419, 15.51704 ], [ -88.00482, 15.51722 ], [ -88.00531, 15.51744 ], [ -88.00573, 15.51771 ], [ -88.00617, 15.51807 ], [ -88.0065, 15.51852 ], [ -88.00674, 15.51895 ] ] ] } },
{ "type": "Feature", "properties": { "ID_TRAMOMT": 3095953, "ID_APOYO1": 6517748, "ID_APOYO2": 62737, "SUBESTACION": "BER", "CIRCUITO": "BER205", "SECTOR": "SAN PEDRO SULA", "LATITUDFINAL": 15.51780394, "LATITUDINICIO": 15.51770914, "LONGITUDFINAL": -88.00570702, "LONGITUDINICIO": -88.0057272, "TIPO": "RAMAL", "ID_EQUIPO": 2021245, "CIRCUITO_2": "BER205" }, "geometry": { "type": "MultiLineString", "coordinates": [ [ [ -88.00573, 15.51771 ], [ -88.00571, 15.5178 ], [ -88.00564, 15.51832 ], [ -88.00528, 15.51823 ], [ -88.00494, 15.51813 ], [ -88.00465, 15.51806 ], [ -88.00462, 15.51835 ], [ -88.00461, 15.51857 ], [ -88.00459, 15.51893 ], [ -88.00457, 15.51926 ], [ -88.00456, 15.51954 ], [ -88.00455, 15.51988 ], [ -88.00461, 15.52014 ] ] ] } },
{ "type": "Feature", "properties": { "ID_TRAMOMT": 87185, "ID_APOYO1": 108273, "ID_APOYO2": 108272, "SUBESTACION": "BER", "CIRCUITO": "BER290", "SECTOR": "SAN PEDRO SULA", "LATITUDFINAL": 15.5545196, "LATITUDINICIO": 15.55438309, "LONGITUDFINAL": -88.03181775, "LONGITUDINICIO": -88.0320129, "TIPO": "RAMAL", "ID_EQUIPO": 302893, "CIRCUITO_2": "BER290" }, "geometry": { "type": "MultiLineString", "coordinates": [ [ [ -88.03201, 15.55438 ], [ -88.03182, 15.55452 ], [ -88.03173, 15.55466 ], [ -88.03144, 15.55434 ], [ -88.03113, 15.55401 ], [ -88.03086, 15.55369 ] ] ] } },
{ "type": "Feature", "properties": { "ID_TRAMOMT": 3061151, "ID_APOYO1": 113361, "ID_APOYO2": 113092, "SUBESTACION": "BER", "CIRCUITO": "BER282", "SECTOR": "SAN PEDRO SULA", "LATITUDFINAL": 15.51836914, "LATITUDINICIO": 15.51833364, "LONGITUDFINAL": -88.03017412, "LONGITUDINICIO": -88.03003409, "TIPO": "RAMAL", "ID_EQUIPO": 2011509, "CIRCUITO_2": "BER282" }, "geometry": { "type": "MultiLineString", "coordinates": [ [ [ -88.03003, 15.51833 ], [ -88.03017, 15.51837 ], [ -88.03015, 15.51808 ] ] ] } },
{ "type": "Feature", "properties": { "ID_TRAMOMT": 88872, "ID_APOYO1": 107549, "ID_APOYO2": 107550, "SUBESTACION": "BER", "CIRCUITO": "BER290", "SECTOR": "SAN PEDRO SULA", "LATITUDFINAL": 15.5422767, "LATITUDINICIO": 15.54257696, "LONGITUDFINAL": -88.03254003000001, "LONGITUDINICIO": -88.03256136, "TIPO": "RAMAL", "ID_EQUIPO": 302892, "CIRCUITO_2": "BER290" }, "geometry": { "type": "MultiLineString", "coordinates": [ [ [ -88.03256, 15.54258 ], [ -88.03254, 15.54228 ], [ -88.03253, 15.54182 ] ] ] } },
{ "type": "Feature", "properties": { "ID_TRAMOMT": 88870, "ID_APOYO1": 107458, "ID_APOYO2": 107457, "SUBESTACION": "BER", "CIRCUITO": "BER290", "SECTOR": "SAN PEDRO SULA", "LATITUDFINAL": 15.54292723, "LATITUDINICIO": 15.5432705, "LONGITUDFINAL": -88.03260854, "LONGITUDINICIO": -88.03265687, "TIPO": "RAMAL", "ID_EQUIPO": 302895, "CIRCUITO_2": "BER290" }, "geometry": { "type": "MultiLineString", "coordinates": [ [ [ -88.03197, 15.54347 ], [ -88.0324, 15.54335 ], [ -88.03266, 15.54327 ] ], [ [ -88.0319, 15.54408 ], [ -88.03223, 15.54397 ], [ -88.03257, 15.54389 ], [ -88.03273, 15.54378 ], [ -88.03272, 15.54359 ], [ -88.03266, 15.54327 ] ], [ [ -88.03266, 15.54327 ], [ -88.03261, 15.54293 ] ] ] } },
{ "type": "Feature", "properties": { "ID_TRAMOMT": 90120, "ID_APOYO1": 108459, "ID_APOYO2": 108460, "SUBESTACION": "BER", "CIRCUITO": "BER290", "SECTOR": "SAN PEDRO SULA", "LATITUDFINAL": 15.55814268, "LATITUDINICIO": 15.55789925, "LONGITUDFINAL": -88.03406943, "LONGITUDINICIO": -88.03423371, "TIPO": "RAMAL", "ID_EQUIPO": 2003773, "CIRCUITO_2": "BER290" }, "geometry": { "type": "MultiLineString", "coordinates": [ [ [ -88.03357, 15.55733 ], [ -88.03384, 15.55758 ], [ -88.03423, 15.5579 ], [ -88.03407, 15.55814 ], [ -88.03398, 15.55851 ] ] ] } },
{ "type": "Feature", "properties": { "ID_TRAMOMT": 3060262, "ID_APOYO1": 6506566, "ID_APOYO2": 6506586, "SUBESTACION": "BER", "CIRCUITO": "BER290", "SECTOR": "SAN PEDRO SULA", "LATITUDFINAL": 15.54863756, "LATITUDINICIO": 15.54855574, "LONGITUDFINAL": -88.03684987, "LONGITUDINICIO": -88.03685112, "TIPO": "RAMAL", "ID_EQUIPO": 2011446, "CIRCUITO_2": "BER290" }, "geometry": { "type": "MultiLineString", "coordinates": [ [ [ -88.03685, 15.54856 ], [ -88.03685, 15.54864 ], [ -88.03711, 15.54864 ], [ -88.0374, 15.54864 ], [ -88.03771, 15.54866 ], [ -88.03802, 15.54867 ], [ -88.03833, 15.54869 ], [ -88.03858, 15.54872 ], [ -88.03849, 15.54906 ], [ -88.03843, 15.5493 ], [ -88.03832, 15.54962 ] ] ] } },
{ "type": "Feature", "properties": { "ID_TRAMOMT": 3059024, "ID_APOYO1": 6499623, "ID_APOYO2": 6499625, "SUBESTACION": "BER", "CIRCUITO": "BER208", "SECTOR": "SAN PEDRO SULA", "LATITUDFINAL": 15.51898541, "LATITUDINICIO": 15.51887392, "LONGITUDFINAL": -88.02194357, "LONGITUDINICIO": -88.02193648, "TIPO": "RAMAL", "ID_EQUIPO": 2010966, "CIRCUITO_2": "BER208" }, "geometry": { "type": "MultiLineString", "coordinates": [ [ [ -88.02189, 15.51898 ], [ -88.02194, 15.51899 ], [ -88.02194, 15.51887 ], [ -88.02183, 15.51887 ], [ -88.02123, 15.51883 ] ], [ [ -88.02123, 15.51883 ], [ -88.0212, 15.51922 ] ], [ [ -88.02123, 15.51883 ], [ -88.02073, 15.5188 ] ] ] } },
{ "type": "Feature", "properties": { "ID_TRAMOMT": 3038924, "ID_APOYO1": 6224848, "ID_APOYO2": 6224853, "SUBESTACION": "BER", "CIRCUITO": "BER205", "SECTOR": "SAN PEDRO SULA", "LATITUDFINAL": 15.51690877, "LATITUDINICIO": 15.51723357, "LONGITUDFINAL": -87.97961607000001, "LONGITUDINICIO": -87.97975746, "TIPO": "RAMAL", "ID_EQUIPO": 2006058, "CIRCUITO_2": "BER205" }, "geometry": { "type": "MultiLineString", "coordinates": [ [ [ -87.97994, 15.51746 ], [ -87.97976, 15.51723 ], [ -87.97962, 15.51691 ] ], [ [ -87.97962, 15.51691 ], [ -87.97971, 15.51672 ] ], [ [ -87.97871, 15.51552 ], [ -87.97879, 15.51566 ], [ -87.97894, 15.51591 ], [ -87.97904, 15.51606 ], [ -87.97922, 15.51631 ], [ -87.97934, 15.51649 ], [ -87.97947, 15.51668 ], [ -87.97962, 15.51691 ] ] ] } },
{ "type": "Feature", "properties": { "ID_TRAMOMT": 89476, "ID_APOYO1": 112899, "ID_APOYO2": 112900, "SUBESTACION": "BER", "CIRCUITO": "BER282", "SECTOR": "SAN PEDRO SULA", "LATITUDFINAL": 15.51897764, "LATITUDINICIO": 15.51899389, "LONGITUDFINAL": -88.02762255, "LONGITUDINICIO": -88.02801421, "TIPO": "RAMAL", "ID_EQUIPO": 306629, "CIRCUITO_2": "BER282" }, "geometry": { "type": "MultiLineString", "coordinates": [ [ [ -88.02801, 15.51899 ], [ -88.02762, 15.51898 ], [ -88.02763, 15.51889 ] ] ] } },
{ "type": "Feature", "properties": { "ID_TRAMOMT": 88905, "ID_APOYO1": 107588, "ID_APOYO2": 107589, "SUBESTACION": "BER", "CIRCUITO": "BER290", "SECTOR": "SAN PEDRO SULA", "LATITUDFINAL": 15.54259237, "LATITUDINICIO": 15.54295451, "LONGITUDFINAL": -88.03076065, "LONGITUDINICIO": -88.03064123, "TIPO": "RAMAL", "ID_EQUIPO": 302873, "CIRCUITO_2": "BER290" }, "geometry": { "type": "MultiLineString", "coordinates": [ [ [ -88.03076, 15.54259 ], [ -88.03105, 15.54255 ], [ -88.03127, 15.5425 ], [ -88.03158, 15.54242 ], [ -88.03153, 15.54225 ], [ -88.03162, 15.54196 ], [ -88.03168, 15.54172 ], [ -88.03172, 15.54141 ], [ -88.03173, 15.54105 ], [ -88.03174, 15.5409 ] ], [ [ -88.03076, 15.54259 ], [ -88.03095, 15.5422 ], [ -88.03106, 15.5419 ] ], [ [ -88.03064, 15.54295 ], [ -88.03076, 15.54259 ] ] ] } },
{ "type": "Feature", "properties": { "ID_TRAMOMT": 87143, "ID_APOYO1": 108887, "ID_APOYO2": 108948, "SUBESTACION": "BER", "CIRCUITO": "BER290", "SECTOR": "SAN PEDRO SULA", "LATITUDFINAL": 15.55573755, "LATITUDINICIO": 15.55583755, "LONGITUDFINAL": -88.03232737, "LONGITUDINICIO": -88.03220665000001, "TIPO": "RAMAL", "ID_EQUIPO": 302872, "CIRCUITO_2": "BER290" }, "geometry": { "type": "MultiLineString", "coordinates": [ [ [ -88.03258, 15.5555 ], [ -88.03274, 15.55537 ] ], [ [ -88.03266, 15.55556 ], [ -88.03258, 15.5555 ] ], [ [ -88.03221, 15.55584 ], [ -88.03233, 15.55574 ], [ -88.0324, 15.55566 ], [ -88.03258, 15.5555 ] ], [ [ -88.03258, 15.5555 ], [ -88.03238, 15.55531 ], [ -88.03226, 15.5552 ] ] ] } },
{ "type": "Feature", "properties": { "ID_TRAMOMT": 3133183, "ID_APOYO1": 113088, "ID_APOYO2": 113781, "SUBESTACION": "BER", "CIRCUITO": "BER282", "SECTOR": "SAN PEDRO SULA", "LATITUDFINAL": 15.53377729, "LATITUDINICIO": 15.53379532, "LONGITUDFINAL": -88.03108978, "LONGITUDINICIO": -88.03077129, "TIPO": "RAMAL", "ID_EQUIPO": 2029860, "CIRCUITO_2": "BER282" }, "geometry": { "type": "MultiLineString", "coordinates": [ [ [ -88.02909, 15.53385 ], [ -88.02946, 15.53384 ], [ -88.02987, 15.53383 ], [ -88.03027, 15.53381 ], [ -88.03077, 15.5338 ], [ -88.03109, 15.53378 ] ] ] } },
{ "type": "Feature", "properties": { "ID_TRAMOMT": 72350, "ID_APOYO1": 64152, "ID_APOYO2": 64153, "SUBESTACION": "BER", "CIRCUITO": "BER207", "SECTOR": "SAN PEDRO SULA", "LATITUDFINAL": 15.52000831, "LATITUDINICIO": 15.51969457, "LONGITUDFINAL": -88.01192708000001, "LONGITUDINICIO": -88.01199669, "TIPO": "RAMAL", "ID_EQUIPO": 306359, "CIRCUITO_2": "BER207" }, "geometry": { "type": "MultiLineString", "coordinates": [ [ [ -88.01306, 15.51978 ], [ -88.01275, 15.51975 ], [ -88.01234, 15.51973 ], [ -88.012, 15.51969 ] ], [ [ -88.012, 15.51969 ], [ -88.01204, 15.51947 ] ], [ [ -88.012, 15.51969 ], [ -88.01193, 15.52001 ] ], [ [ -88.01058, 15.51919 ], [ -88.01088, 15.51936 ], [ -88.01109, 15.51947 ], [ -88.01134, 15.51961 ], [ -88.01168, 15.51966 ], [ -88.012, 15.51969 ] ] ] } },
{ "type": "Feature", "properties": { "ID_TRAMOMT": 92367, "ID_APOYO1": 114766, "ID_APOYO2": 114768, "SUBESTACION": "BER", "CIRCUITO": "BER282", "SECTOR": "SAN PEDRO SULA", "LATITUDFINAL": 15.53667537, "LATITUDINICIO": 15.53634997, "LONGITUDFINAL": -88.02848145, "LONGITUDINICIO": -88.02847554, "TIPO": "RAMAL", "ID_EQUIPO": 2029859, "CIRCUITO_2": "BER282" }, "geometry": { "type": "MultiLineString", "coordinates": [ [ [ -88.02847, 15.53622 ], [ -88.02848, 15.53635 ], [ -88.02848, 15.53668 ], [ -88.0285, 15.53705 ], [ -88.02852, 15.53739 ], [ -88.02853, 15.53775 ], [ -88.02852, 15.53817 ] ] ] } },
{ "type": "Feature", "properties": { "ID_TRAMOMT": 92477, "ID_APOYO1": 115337, "ID_APOYO2": 114547, "SUBESTACION": "BER", "CIRCUITO": "BER206", "SECTOR": "SAN PEDRO SULA", "LATITUDFINAL": 15.53763997, "LATITUDINICIO": 15.53784726, "LONGITUDFINAL": -88.03435379, "LONGITUDINICIO": -88.03448536000001, "TIPO": "RAMAL", "ID_EQUIPO": 307433, "CIRCUITO_2": "BER206" }, "geometry": { "type": "MultiLineString", "coordinates": [ [ [ -88.03458, 15.53743 ], [ -88.03435, 15.53764 ], [ -88.03449, 15.53785 ], [ -88.0348, 15.53752 ], [ -88.03487, 15.53745 ], [ -88.03498, 15.53736 ] ] ] } },
{ "type": "Feature", "properties": { "ID_TRAMOMT": 92474, "ID_APOYO1": 115001, "ID_APOYO2": 115030, "SUBESTACION": "BER", "CIRCUITO": "BER206", "SECTOR": "SAN PEDRO SULA", "LATITUDFINAL": 15.53703869, "LATITUDINICIO": 15.53720241, "LONGITUDFINAL": -88.03534847, "LONGITUDINICIO": -88.03513483, "TIPO": "RAMAL", "ID_EQUIPO": 307436, "CIRCUITO_2": "BER206" }, "geometry": { "type": "MultiLineString", "coordinates": [ [ [ -88.03577, 15.53667 ], [ -88.03535, 15.53704 ], [ -88.03513, 15.5372 ], [ -88.03498, 15.53736 ], [ -88.03502, 15.53738 ] ] ] } },
{ "type": "Feature", "properties": { "ID_TRAMOMT": 3133268, "ID_APOYO1": 113075, "ID_APOYO2": 113077, "SUBESTACION": "BER", "CIRCUITO": "BER282", "SECTOR": "SAN PEDRO SULA", "LATITUDFINAL": 15.53135246, "LATITUDINICIO": 15.53168687, "LONGITUDFINAL": -88.02769316, "LONGITUDINICIO": -88.02770414, "TIPO": "RAMAL", "ID_EQUIPO": 2029870, "CIRCUITO_2": "BER282" }, "geometry": { "type": "MultiLineString", "coordinates": [ [ [ -88.0277, 15.53169 ], [ -88.02769, 15.53135 ], [ -88.02767, 15.53095 ] ] ] } },
{ "type": "Feature", "properties": { "ID_TRAMOMT": 87340, "ID_APOYO1": 115022, "ID_APOYO2": 113967, "SUBESTACION": "BER", "CIRCUITO": "BER206", "SECTOR": "SAN PEDRO SULA", "LATITUDFINAL": 15.5383015, "LATITUDINICIO": 15.53828587, "LONGITUDFINAL": -88.03400277, "LONGITUDINICIO": -88.03348054, "TIPO": "RAMAL", "ID_EQUIPO": 307431, "CIRCUITO_2": "BER206" }, "geometry": { "type": "MultiLineString", "coordinates": [ [ [ -88.03297, 15.53829 ], [ -88.03348, 15.53829 ], [ -88.034, 15.5383 ], [ -88.03449, 15.53785 ] ] ] } },
{ "type": "Feature", "properties": { "ID_TRAMOMT": 3064139, "ID_APOYO1": 6531982, "ID_APOYO2": 6522716, "SUBESTACION": "BER", "CIRCUITO": "BER206", "SECTOR": "SAN PEDRO SULA", "LATITUDFINAL": 15.53030167, "LATITUDINICIO": 15.53045548, "LONGITUDFINAL": -88.03284792, "LONGITUDINICIO": -88.03274172, "TIPO": "RAMAL", "ID_EQUIPO": 2012461, "CIRCUITO_2": "BER206" }, "geometry": { "type": "MultiLineString", "coordinates": [ [ [ -88.03274, 15.53046 ], [ -88.03285, 15.5303 ] ] ] } },
{ "type": "Feature", "properties": { "ID_TRAMOMT": 73006, "ID_APOYO1": 65952, "ID_APOYO2": 63624, "SUBESTACION": "BER", "CIRCUITO": "BER208", "SECTOR": "SAN PEDRO SULA", "LATITUDFINAL": 15.52183362, "LATITUDINICIO": 15.52154406, "LONGITUDFINAL": -88.01797759, "LONGITUDINICIO": -88.01804144, "TIPO": "TRONCAL", "ID_EQUIPO": null, "CIRCUITO_2": null }, "geometry": { "type": "MultiLineString", "coordinates": [ [ [ -88.02317, 15.51088 ], [ -88.0231, 15.51087 ] ], [ [ -88.02314, 15.51037 ], [ -88.02312, 15.5107 ], [ -88.0231, 15.51087 ] ], [ [ -88.02222, 15.51985 ], [ -88.02224, 15.5197 ], [ -88.02226, 15.51939 ], [ -88.02233, 15.5189 ], [ -88.02235, 15.51856 ], [ -88.02236, 15.51837 ], [ -88.02241, 15.51812 ], [ -88.02244, 15.51778 ], [ -88.02246, 15.51758 ], [ -88.02247, 15.51741 ], [ -88.02251, 15.51695 ], [ -88.02253, 15.51668 ], [ -88.02256, 15.51642 ], [ -88.02258, 15.5162 ], [ -88.02259, 15.51615 ], [ -88.02263, 15.51582 ], [ -88.02264, 15.51574 ], [ -88.02265, 15.51554 ], [ -88.02268, 15.51524 ], [ -88.02271, 15.515 ], [ -88.02273, 15.51487 ], [ -88.02275, 15.51452 ], [ -88.02279, 15.51422 ], [ -88.0228, 15.51415 ], [ -88.02282, 15.51398 ], [ -88.02283, 15.51373 ], [ -88.02284, 15.51359 ], [ -88.02289, 15.51316 ], [ -88.02292, 15.51276 ], [ -88.02294, 15.51251 ], [ -88.02298, 15.51212 ], [ -88.02302, 15.51179 ], [ -88.02304, 15.51149 ], [ -88.02304, 15.51141 ], [ -88.02305, 15.51135 ], [ -88.02309, 15.51096 ], [ -88.0231, 15.51087 ] ], [ [ -88.0231, 15.51087 ], [ -88.02298, 15.51085 ] ], [ [ -88.02222, 15.51985 ], [ -88.02226, 15.51985 ] ], [ [ -88.02201, 15.5219 ], [ -88.02204, 15.52167 ], [ -88.02208, 15.5213 ], [ -88.0221, 15.52096 ], [ -88.02215, 15.52056 ], [ -88.0222, 15.52011 ], [ -88.02222, 15.51985 ] ], [ [ -88.01804, 15.52154 ], [ -88.01847, 15.52158 ], [ -88.01887, 15.52161 ], [ -88.01891, 15.52162 ], [ -88.01898, 15.52131 ], [ -88.01906, 15.52101 ], [ -88.01926, 15.52068 ], [ -88.01931, 15.52042 ], [ -88.0194, 15.51997 ], [ -88.01947, 15.51967 ], [ -88.01965, 15.51967 ], [ -88.02006, 15.51969 ], [ -88.02048, 15.51972 ], [ -88.02089, 15.51977 ], [ -88.02129, 15.51979 ], [ -88.02163, 15.51983 ], [ -88.022, 15.51984 ], [ -88.02222, 15.51985 ] ], [ [ -88.01804, 15.52154 ], [ -88.01798, 15.52183 ] ], [ [ -88.01657, 15.52127 ], [ -88.01688, 15.52145 ], [ -88.01724, 15.52148 ], [ -88.01765, 15.5215 ], [ -88.01804, 15.52154 ] ], [ [ -88.01657, 15.52127 ], [ -88.01663, 15.52094 ], [ -88.01672, 15.52047 ], [ -88.01678, 15.52019 ], [ -88.01679, 15.52009 ], [ -88.01687, 15.51978 ], [ -88.0169, 15.51962 ], [ -88.01696, 15.51932 ], [ -88.01706, 15.51892 ], [ -88.01716, 15.51839 ], [ -88.01738, 15.51875 ] ], [ [ -88.01355, 15.53444 ], [ -88.01381, 15.53442 ], [ -88.01387, 15.53404 ], [ -88.01392, 15.53365 ], [ -88.01402, 15.53325 ], [ -88.01409, 15.5329 ], [ -88.01444, 15.53134 ], [ -88.01454, 15.53084 ], [ -88.01461, 15.53052 ], [ -88.01468, 15.53019 ], [ -88.01474, 15.52987 ], [ -88.01481, 15.52958 ], [ -88.01487, 15.52927 ], [ -88.01494, 15.529 ], [ -88.01501, 15.52865 ], [ -88.0151, 15.52819 ], [ -88.01515, 15.52794 ], [ -88.01521, 15.5277 ], [ -88.01532, 15.52711 ], [ -88.01536, 15.52688 ], [ -88.01547, 15.52647 ], [ -88.01556, 15.52611 ], [ -88.0157, 15.52528 ], [ -88.01578, 15.52491 ], [ -88.01588, 15.52441 ], [ -88.01597, 15.52401 ], [ -88.01605, 15.52373 ], [ -88.01606, 15.52355 ], [ -88.01609, 15.52339 ], [ -88.01614, 15.52316 ], [ -88.01625, 15.52266 ], [ -88.01632, 15.52234 ], [ -88.01638, 15.52208 ], [ -88.01646, 15.52176 ], [ -88.01657, 15.52127 ] ], [ [ -88.01633, 15.52117 ], [ -88.01657, 15.52127 ] ] ] } },
{ "type": "Feature", "properties": { "ID_TRAMOMT": 3029863, "ID_APOYO1": 6144239, "ID_APOYO2": 108705, "SUBESTACION": "BER", "CIRCUITO": "BER290", "SECTOR": "SAN PEDRO SULA", "LATITUDFINAL": 15.56728331, "LATITUDINICIO": 15.56718215, "LONGITUDFINAL": -88.03183475, "LONGITUDINICIO": -88.03135303000001, "TIPO": "RAMAL", "ID_EQUIPO": 2003803, "CIRCUITO_2": "BER290" }, "geometry": { "type": "MultiLineString", "coordinates": [ [ [ -88.03098, 15.5683 ], [ -88.03122, 15.56789 ], [ -88.03135, 15.56739 ], [ -88.03135, 15.56718 ], [ -88.03183, 15.56728 ], [ -88.03229, 15.56725 ], [ -88.03273, 15.56723 ] ] ] } },
{ "type": "Feature", "properties": { "ID_TRAMOMT": 72663, "ID_APOYO1": 65207, "ID_APOYO2": 63938, "SUBESTACION": "BER", "CIRCUITO": "BER207", "SECTOR": "SAN PEDRO SULA", "LATITUDFINAL": 15.51678152, "LATITUDINICIO": 15.51678984, "LONGITUDFINAL": -88.01382262, "LONGITUDINICIO": -88.01398116, "TIPO": "RAMAL", "ID_EQUIPO": 306376, "CIRCUITO_2": "BER207" }, "geometry": { "type": "MultiLineString", "coordinates": [ [ [ -88.01398, 15.51679 ], [ -88.01382, 15.51678 ], [ -88.01351, 15.51676 ], [ -88.01321, 15.5167 ] ] ] } },
{ "type": "Feature", "properties": { "ID_TRAMOMT": 92024, "ID_APOYO1": 113100, "ID_APOYO2": 113156, "SUBESTACION": "BER", "CIRCUITO": "BER282", "SECTOR": "SAN PEDRO SULA", "LATITUDFINAL": 15.53470998, "LATITUDINICIO": 15.53459307, "LONGITUDFINAL": -88.02492192, "LONGITUDINICIO": -88.0247908, "TIPO": "RAMAL", "ID_EQUIPO": 302534, "CIRCUITO_2": "BER282" }, "geometry": { "type": "MultiLineString", "coordinates": [ [ [ -88.02492, 15.53471 ], [ -88.02529, 15.53492 ] ], [ [ -88.02492, 15.53471 ], [ -88.02489, 15.5349 ], [ -88.02463, 15.53521 ] ], [ [ -88.02434, 15.53434 ], [ -88.02464, 15.53443 ], [ -88.02479, 15.53459 ], [ -88.02492, 15.53471 ] ] ] } },
{ "type": "Feature", "properties": { "ID_TRAMOMT": 3100579, "ID_APOYO1": 6144288, "ID_APOYO2": 107220, "SUBESTACION": "BER", "CIRCUITO": "BER290", "SECTOR": "SAN PEDRO SULA", "LATITUDFINAL": 15.5558484, "LATITUDINICIO": 15.55599272, "LONGITUDFINAL": -88.02544942, "LONGITUDINICIO": -88.02565495, "TIPO": "RAMAL", "ID_EQUIPO": 2003807, "CIRCUITO_2": "BER290" }, "geometry": { "type": "MultiLineString", "coordinates": [ [ [ -88.02565, 15.55599 ], [ -88.02545, 15.55585 ] ], [ [ -88.02545, 15.55585 ], [ -88.02551, 15.55576 ] ], [ [ -88.02545, 15.55585 ], [ -88.02537, 15.55596 ], [ -88.02517, 15.55624 ] ], [ [ -88.02545, 15.55585 ], [ -88.0254, 15.55581 ] ] ] } },
{ "type": "Feature", "properties": { "ID_TRAMOMT": 72380, "ID_APOYO1": 64270, "ID_APOYO2": 64269, "SUBESTACION": "BER", "CIRCUITO": "BER207", "SECTOR": "SAN PEDRO SULA", "LATITUDFINAL": 15.52062423, "LATITUDINICIO": 15.52084953, "LONGITUDFINAL": -88.01165971, "LONGITUDINICIO": -88.01180998, "TIPO": "RAMAL", "ID_EQUIPO": 306366, "CIRCUITO_2": "BER207" }, "geometry": { "type": "MultiLineString", "coordinates": [ [ [ -88.01226, 15.52153 ], [ -88.01218, 15.52142 ], [ -88.01196, 15.52108 ], [ -88.01181, 15.52085 ], [ -88.01166, 15.52062 ] ], [ [ -88.01193, 15.52001 ], [ -88.01183, 15.52034 ], [ -88.01166, 15.52062 ] ], [ [ -88.01166, 15.52062 ], [ -88.01144, 15.52093 ], [ -88.01131, 15.52118 ], [ -88.0112, 15.5212 ] ] ] } },
{ "type": "Feature", "properties": { "ID_TRAMOMT": 92869, "ID_APOYO1": 114382, "ID_APOYO2": 114407, "SUBESTACION": "BER", "CIRCUITO": "BER282", "SECTOR": "SAN PEDRO SULA", "LATITUDFINAL": 15.53488266, "LATITUDINICIO": 15.53487174, "LONGITUDFINAL": -88.03054516, "LONGITUDINICIO": -88.03094604, "TIPO": "RAMAL", "ID_EQUIPO": 2029852, "CIRCUITO_2": "BER282" }, "geometry": { "type": "MultiLineString", "coordinates": [ [ [ -88.03095, 15.53487 ], [ -88.03055, 15.53488 ], [ -88.03015, 15.5349 ], [ -88.02984, 15.53492 ], [ -88.02949, 15.53493 ] ] ] } },
{ "type": "Feature", "properties": { "ID_TRAMOMT": 3019972, "ID_APOYO1": 6142928, "ID_APOYO2": 109150, "SUBESTACION": "BER", "CIRCUITO": "BER290", "SECTOR": "SAN PEDRO SULA", "LATITUDFINAL": 15.55694916, "LATITUDINICIO": 15.55711107, "LONGITUDFINAL": -88.02697127, "LONGITUDINICIO": -88.02719067, "TIPO": "RAMAL", "ID_EQUIPO": 2003733, "CIRCUITO_2": "BER290" }, "geometry": { "type": "MultiLineString", "coordinates": [ [ [ -88.02707, 15.55723 ], [ -88.02719, 15.55711 ], [ -88.02697, 15.55695 ] ] ] } },
{ "type": "Feature", "properties": { "ID_TRAMOMT": 72641, "ID_APOYO1": 65022, "ID_APOYO2": 64268, "SUBESTACION": "BER", "CIRCUITO": "BER207", "SECTOR": "SAN PEDRO SULA", "LATITUDFINAL": 15.53179115, "LATITUDINICIO": 15.53172748, "LONGITUDFINAL": -88.01297139, "LONGITUDINICIO": -88.01305649, "TIPO": "RAMAL", "ID_EQUIPO": 302261, "CIRCUITO_2": "BER207" }, "geometry": { "type": "MultiLineString", "coordinates": [ [ [ -88.01306, 15.53173 ], [ -88.01297, 15.53179 ] ] ] } },
{ "type": "Feature", "properties": { "ID_TRAMOMT": 3033417, "ID_APOYO1": 6143596, "ID_APOYO2": 6143027, "SUBESTACION": "BER", "CIRCUITO": "BER290", "SECTOR": "SAN PEDRO SULA", "LATITUDFINAL": 15.555814, "LATITUDINICIO": 15.55577625, "LONGITUDFINAL": -88.02539834, "LONGITUDINICIO": -88.0253466, "TIPO": "RAMAL", "ID_EQUIPO": 2003735, "CIRCUITO_2": "BER290" }, "geometry": { "type": "MultiLineString", "coordinates": [ [ [ -88.02535, 15.55578 ], [ -88.0254, 15.55581 ] ] ] } },
{ "type": "Feature", "properties": { "ID_TRAMOMT": 92032, "ID_APOYO1": 112929, "ID_APOYO2": 112846, "SUBESTACION": "BER", "CIRCUITO": "BER282", "SECTOR": "SAN PEDRO SULA", "LATITUDFINAL": 15.53491707, "LATITUDINICIO": 15.53513224, "LONGITUDFINAL": -88.02315137, "LONGITUDINICIO": -88.02353472, "TIPO": "RAMAL", "ID_EQUIPO": 302541, "CIRCUITO_2": "BER282" }, "geometry": { "type": "MultiLineString", "coordinates": [ [ [ -88.02397, 15.53542 ], [ -88.02403, 15.53536 ], [ -88.02353, 15.53513 ], [ -88.02315, 15.53492 ], [ -88.02324, 15.53479 ] ] ] } },
{ "type": "Feature", "properties": { "ID_TRAMOMT": 89558, "ID_APOYO1": 113216, "ID_APOYO2": 113252, "SUBESTACION": "BER", "CIRCUITO": "BER282", "SECTOR": "SAN PEDRO SULA", "LATITUDFINAL": 15.53321173, "LATITUDINICIO": 15.53322215, "LONGITUDFINAL": -88.02636905, "LONGITUDINICIO": -88.02607073, "TIPO": "RAMAL", "ID_EQUIPO": 302519, "CIRCUITO_2": "BER282" }, "geometry": { "type": "MultiLineString", "coordinates": [ [ [ -88.02433, 15.53329 ], [ -88.02464, 15.53328 ], [ -88.02491, 15.53327 ], [ -88.02519, 15.53326 ], [ -88.02544, 15.53325 ], [ -88.02578, 15.53324 ], [ -88.02607, 15.53322 ], [ -88.02637, 15.53321 ], [ -88.02664, 15.53321 ] ] ] } },
{ "type": "Feature", "properties": { "ID_TRAMOMT": 91852, "ID_APOYO1": 113265, "ID_APOYO2": 112854, "SUBESTACION": "BER", "CIRCUITO": "BER282", "SECTOR": "SAN PEDRO SULA", "LATITUDFINAL": 15.53330986, "LATITUDINICIO": 15.53321047, "LONGITUDFINAL": -88.02664925000001, "LONGITUDINICIO": -88.02663944, "TIPO": "RAMAL", "ID_EQUIPO": 302521, "CIRCUITO_2": "BER282" }, "geometry": { "type": "MultiLineString", "coordinates": [ [ [ -88.02665, 15.53331 ], [ -88.02664, 15.53321 ], [ -88.02693, 15.53319 ], [ -88.02725, 15.53319 ], [ -88.02781, 15.53316 ] ] ] } },
{ "type": "Feature", "properties": { "ID_TRAMOMT": 72370, "ID_APOYO1": 64242, "ID_APOYO2": 64241, "SUBESTACION": "BER", "CIRCUITO": "BER207", "SECTOR": "SAN PEDRO SULA", "LATITUDFINAL": 15.51903966, "LATITUDINICIO": 15.51884237, "LONGITUDFINAL": -88.0102628, "LONGITUDINICIO": -88.00991688000001, "TIPO": "RAMAL", "ID_EQUIPO": 306391, "CIRCUITO_2": "BER207" }, "geometry": { "type": "MultiLineString", "coordinates": [ [ [ -88.01073, 15.51895 ], [ -88.01058, 15.51919 ] ], [ [ -88.01058, 15.51919 ], [ -88.01044, 15.51944 ], [ -88.01018, 15.51987 ] ], [ [ -88.00894, 15.51832 ], [ -88.00928, 15.51851 ], [ -88.00958, 15.51867 ], [ -88.00992, 15.51884 ], [ -88.01026, 15.51904 ], [ -88.01058, 15.51919 ] ] ] } },
{ "type": "Feature", "properties": { "ID_TRAMOMT": 72642, "ID_APOYO1": 65020, "ID_APOYO2": 64266, "SUBESTACION": "BER", "CIRCUITO": "BER207", "SECTOR": "SAN PEDRO SULA", "LATITUDFINAL": 15.53148551, "LATITUDINICIO": 15.5313764, "LONGITUDFINAL": -88.01259843, "LONGITUDINICIO": -88.01273776, "TIPO": "RAMAL", "ID_EQUIPO": 302259, "CIRCUITO_2": "BER207" }, "geometry": { "type": "MultiLineString", "coordinates": [ [ [ -88.01274, 15.53138 ], [ -88.0126, 15.53149 ], [ -88.01256, 15.53151 ] ] ] } },
{ "type": "Feature", "properties": { "ID_TRAMOMT": 90001, "ID_APOYO1": 108640, "ID_APOYO2": 108643, "SUBESTACION": "BER", "CIRCUITO": "BER290", "SECTOR": "SAN PEDRO SULA", "LATITUDFINAL": 15.56632649, "LATITUDINICIO": 15.56616104, "LONGITUDFINAL": -88.02961052000001, "LONGITUDINICIO": -88.02917264, "TIPO": "RAMAL", "ID_EQUIPO": 2003725, "CIRCUITO_2": "BER290" }, "geometry": { "type": "MultiLineString", "coordinates": [ [ [ -88.0287, 15.56598 ], [ -88.02917, 15.56616 ], [ -88.02961, 15.56633 ], [ -88.03012, 15.56653 ] ] ] } },
{ "type": "Feature", "properties": { "ID_TRAMOMT": 70113, "ID_APOYO1": 62878, "ID_APOYO2": 62880, "SUBESTACION": "BER", "CIRCUITO": "BER205", "SECTOR": "SAN PEDRO SULA", "LATITUDFINAL": 15.52330105, "LATITUDINICIO": 15.52344352, "LONGITUDFINAL": -87.96703136, "LONGITUDINICIO": -87.96752618, "TIPO": "RAMAL", "ID_EQUIPO": 306076, "CIRCUITO_2": "BER205" }, "geometry": { "type": "MultiLineString", "coordinates": [ [ [ -87.96753, 15.52344 ], [ -87.96703, 15.5233 ], [ -87.96675, 15.5232 ], [ -87.96643, 15.52312 ], [ -87.96616, 15.52302 ], [ -87.96585, 15.52294 ], [ -87.96559, 15.52286 ], [ -87.96555, 15.52285 ], [ -87.96489, 15.52262 ], [ -87.96487, 15.52213 ], [ -87.96483, 15.5214 ] ] ] } },
{ "type": "Feature", "properties": { "ID_TRAMOMT": 3000159, "ID_APOYO1": 113441, "ID_APOYO2": 112775, "SUBESTACION": "BER", "CIRCUITO": "BER282", "SECTOR": "SAN PEDRO SULA", "LATITUDFINAL": 15.53403363, "LATITUDINICIO": 15.53408025, "LONGITUDFINAL": -88.02457358, "LONGITUDINICIO": -88.02426612, "TIPO": "TRONCAL", "ID_EQUIPO": 302473, "CIRCUITO_2": "BER282" }, "geometry": { "type": "MultiLineString", "coordinates": [ [ [ -88.02427, 15.53408 ], [ -88.02457, 15.53403 ], [ -88.02489, 15.53402 ], [ -88.02517, 15.53402 ], [ -88.02552, 15.534 ], [ -88.02582, 15.53399 ], [ -88.02609, 15.53398 ], [ -88.0264, 15.53397 ], [ -88.0267, 15.53395 ] ], [ [ -88.02427, 15.53408 ], [ -88.02434, 15.53434 ] ], [ [ -88.02383, 15.53288 ], [ -88.02391, 15.53283 ], [ -88.02405, 15.53331 ], [ -88.02418, 15.53374 ], [ -88.02427, 15.53408 ] ] ] } },
{ "type": "Feature", "properties": { "ID_TRAMOMT": 69965, "ID_APOYO1": 62158, "ID_APOYO2": 62159, "SUBESTACION": "BER", "CIRCUITO": "BER207", "SECTOR": "SAN PEDRO SULA", "LATITUDFINAL": 15.53409672, "LATITUDINICIO": 15.53413228, "LONGITUDFINAL": -88.01089556, "LONGITUDINICIO": -88.01102627, "TIPO": "RAMAL", "ID_EQUIPO": 302283, "CIRCUITO_2": "BER207" }, "geometry": { "type": "MultiLineString", "coordinates": [ [ [ -88.0112, 15.5324 ], [ -88.01149, 15.53242 ], [ -88.01175, 15.53246 ] ], [ [ -88.0112, 15.5324 ], [ -88.01114, 15.5328 ], [ -88.01111, 15.53317 ], [ -88.01107, 15.53345 ], [ -88.01103, 15.53413 ], [ -88.0109, 15.5341 ] ], [ [ -88.0112, 15.5324 ], [ -88.01091, 15.53237 ], [ -88.0106, 15.53234 ], [ -88.01026, 15.5323 ], [ -88.01027, 15.53202 ], [ -88.01031, 15.53174 ] ] ] } },
{ "type": "Feature", "properties": { "ID_TRAMOMT": 340323, "ID_APOYO1": 306082, "ID_APOYO2": 65914, "SUBESTACION": "BER", "CIRCUITO": "BER208", "SECTOR": "SAN PEDRO SULA", "LATITUDFINAL": 15.51301089, "LATITUDINICIO": 15.51300185, "LONGITUDFINAL": -88.02191528, "LONGITUDINICIO": -88.02191524, "TIPO": "RAMAL", "ID_EQUIPO": 302869, "CIRCUITO_2": "BER208" }, "geometry": { "type": "MultiLineString", "coordinates": [ [ [ -88.02185, 15.51365 ], [ -88.02217, 15.51367 ] ], [ [ -88.02192, 15.51301 ], [ -88.02194, 15.51269 ] ], [ [ -88.02185, 15.51365 ], [ -88.02188, 15.51333 ], [ -88.02192, 15.51301 ] ], [ [ -88.02192, 15.513 ], [ -88.02192, 15.51301 ] ], [ [ -88.02185, 15.51365 ], [ -88.02164, 15.51374 ], [ -88.02102, 15.51369 ], [ -88.02127, 15.51379 ] ] ] } },
{ "type": "Feature", "properties": { "ID_TRAMOMT": 70697, "ID_APOYO1": 63251, "ID_APOYO2": 63252, "SUBESTACION": "BER", "CIRCUITO": "BER205", "SECTOR": "SAN PEDRO SULA", "LATITUDFINAL": 15.52780248, "LATITUDINICIO": 15.52776601, "LONGITUDFINAL": -87.93564949, "LONGITUDINICIO": -87.93572391, "TIPO": "RAMAL", "ID_EQUIPO": 307136, "CIRCUITO_2": "BER205" }, "geometry": { "type": "MultiLineString", "coordinates": [ [ [ -87.93565, 15.5278 ], [ -87.93572, 15.52777 ], [ -87.93564, 15.52721 ], [ -87.93549, 15.52666 ], [ -87.93524, 15.5261 ], [ -87.93499, 15.52554 ], [ -87.93472, 15.52498 ], [ -87.93454, 15.52472 ], [ -87.93436, 15.5242 ], [ -87.93402, 15.52387 ], [ -87.93384, 15.52406 ] ] ] } },
{ "type": "Feature", "properties": { "ID_TRAMOMT": 71328, "ID_APOYO1": 65026, "ID_APOYO2": 64276, "SUBESTACION": "BER", "CIRCUITO": "BER207", "SECTOR": "SAN PEDRO SULA", "LATITUDFINAL": 15.53100587, "LATITUDINICIO": 15.53122504, "LONGITUDFINAL": -88.01399719, "LONGITUDINICIO": -88.01420087, "TIPO": "RAMAL", "ID_EQUIPO": 302279, "CIRCUITO_2": "BER207" }, "geometry": { "type": "MultiLineString", "coordinates": [ [ [ -88.0142, 15.53123 ], [ -88.014, 15.53101 ] ] ] } },
{ "type": "Feature", "properties": { "ID_TRAMOMT": 3134279, "ID_APOYO1": 112894, "ID_APOYO2": 113115, "SUBESTACION": "BER", "CIRCUITO": "BER282", "SECTOR": "SAN PEDRO SULA", "LATITUDFINAL": 15.53101922, "LATITUDINICIO": 15.53138075, "LONGITUDFINAL": -88.02743044, "LONGITUDINICIO": -88.02744156, "TIPO": "RAMAL", "ID_EQUIPO": 2029942, "CIRCUITO_2": "BER282" }, "geometry": { "type": "MultiLineString", "coordinates": [ [ [ -88.02744, 15.53199 ], [ -88.02744, 15.53169 ], [ -88.02744, 15.53138 ], [ -88.02743, 15.53102 ] ] ] } },
{ "type": "Feature", "properties": { "ID_TRAMOMT": 71315, "ID_APOYO1": 65251, "ID_APOYO2": 65252, "SUBESTACION": "BER", "CIRCUITO": "BER207", "SECTOR": "SAN PEDRO SULA", "LATITUDFINAL": 15.51332202, "LATITUDINICIO": 15.51329311, "LONGITUDFINAL": -88.01126985000001, "LONGITUDINICIO": -88.01166128, "TIPO": "TRONCAL", "ID_EQUIPO": 306252, "CIRCUITO_2": "BER207" }, "geometry": { "type": "MultiLineString", "coordinates": [ [ [ -88.01166, 15.51329 ], [ -88.01127, 15.51332 ], [ -88.01097, 15.51337 ], [ -88.01066, 15.51342 ], [ -88.01037, 15.51348 ], [ -88.01013, 15.51348 ], [ -88.00996, 15.51348 ] ] ] } },
{ "type": "Feature", "properties": { "ID_TRAMOMT": 92010, "ID_APOYO1": 113143, "ID_APOYO2": 113076, "SUBESTACION": "BER", "CIRCUITO": "BER282", "SECTOR": "SAN PEDRO SULA", "LATITUDFINAL": 15.53388246, "LATITUDINICIO": 15.53389629, "LONGITUDFINAL": -88.02857286, "LONGITUDINICIO": -88.02806433000001, "TIPO": "RAMAL", "ID_EQUIPO": 2000225, "CIRCUITO_2": "BER282" }, "geometry": { "type": "MultiLineString", "coordinates": [ [ [ -88.02857, 15.53388 ], [ -88.02909, 15.53385 ] ], [ [ -88.02857, 15.53388 ], [ -88.02876, 15.53397 ] ], [ [ -88.02784, 15.5339 ], [ -88.02806, 15.5339 ], [ -88.02857, 15.53388 ] ] ] } },
{ "type": "Feature", "properties": { "ID_TRAMOMT": 70703, "ID_APOYO1": 63277, "ID_APOYO2": 63276, "SUBESTACION": "BER", "CIRCUITO": "BER205", "SECTOR": "SAN PEDRO SULA", "LATITUDFINAL": 15.53766848, "LATITUDINICIO": 15.53757007, "LONGITUDFINAL": -87.93051897, "LONGITUDINICIO": -87.93027609000001, "TIPO": "RAMAL", "ID_EQUIPO": 307160, "CIRCUITO_2": "BER205" }, "geometry": { "type": "MultiLineString", "coordinates": [ [ [ -87.93028, 15.53757 ], [ -87.93052, 15.53767 ] ] ] } },
{ "type": "Feature", "properties": { "ID_TRAMOMT": 70918, "ID_APOYO1": 62891, "ID_APOYO2": 62892, "SUBESTACION": "BER", "CIRCUITO": "BER205", "SECTOR": "SAN PEDRO SULA", "LATITUDFINAL": 15.52525081, "LATITUDINICIO": 15.52497975, "LONGITUDFINAL": -87.96767446, "LONGITUDINICIO": -87.96764523, "TIPO": "RAMAL", "ID_EQUIPO": 306088, "CIRCUITO_2": "BER205" }, "geometry": { "type": "MultiLineString", "coordinates": [ [ [ -87.96595, 15.52537 ], [ -87.96653, 15.52525 ], [ -87.96717, 15.52512 ], [ -87.96765, 15.52498 ], [ -87.96767, 15.52525 ], [ -87.96769, 15.5255 ], [ -87.96771, 15.52578 ], [ -87.96771, 15.52605 ], [ -87.96761, 15.52625 ], [ -87.9675, 15.52651 ] ] ] } },
{ "type": "Feature", "properties": { "ID_TRAMOMT": 69978, "ID_APOYO1": 62752, "ID_APOYO2": 62753, "SUBESTACION": "BER", "CIRCUITO": "BER207", "SECTOR": "SAN PEDRO SULA", "LATITUDFINAL": 15.53395298, "LATITUDINICIO": 15.53402427, "LONGITUDFINAL": -88.00674567, "LONGITUDINICIO": -88.00696979, "TIPO": "RAMAL", "ID_EQUIPO": 302297, "CIRCUITO_2": "BER207" }, "geometry": { "type": "MultiLineString", "coordinates": [ [ [ -88.00697, 15.53402 ], [ -88.00675, 15.53395 ], [ -88.00663, 15.53417 ], [ -88.00646, 15.53444 ] ] ] } },
{ "type": "Feature", "properties": { "ID_TRAMOMT": 3033408, "ID_APOYO1": 6142999, "ID_APOYO2": 107401, "SUBESTACION": "BER", "CIRCUITO": "BER290", "SECTOR": "SAN PEDRO SULA", "LATITUDFINAL": 15.55639095, "LATITUDINICIO": 15.5566651, "LONGITUDFINAL": -88.02621269, "LONGITUDINICIO": -88.02658319, "TIPO": "RAMAL", "ID_EQUIPO": 2003765, "CIRCUITO_2": "BER290" }, "geometry": { "type": "MultiLineString", "coordinates": [ [ [ -88.02678, 15.55709 ], [ -88.02683, 15.55701 ], [ -88.02691, 15.55691 ], [ -88.02658, 15.55667 ], [ -88.02621, 15.55639 ] ] ] } },
{ "type": "Feature", "properties": { "ID_TRAMOMT": 69966, "ID_APOYO1": 62159, "ID_APOYO2": 62160, "SUBESTACION": "BER", "CIRCUITO": "BER207", "SECTOR": "SAN PEDRO SULA", "LATITUDFINAL": 15.53400756, "LATITUDINICIO": 15.53409672, "LONGITUDFINAL": -88.01062473, "LONGITUDINICIO": -88.01089556, "TIPO": "RAMAL", "ID_EQUIPO": 302293, "CIRCUITO_2": "BER207" }, "geometry": { "type": "MultiLineString", "coordinates": [ [ [ -88.0109, 15.5341 ], [ -88.01062, 15.53401 ], [ -88.01035, 15.53393 ], [ -88.01012, 15.53388 ], [ -88.00961, 15.53379 ], [ -88.00922, 15.53378 ], [ -88.00874, 15.53385 ], [ -88.00849, 15.53389 ] ] ] } },
{ "type": "Feature", "properties": { "ID_TRAMOMT": 70702, "ID_APOYO1": 63271, "ID_APOYO2": 63272, "SUBESTACION": "BER", "CIRCUITO": "BER205", "SECTOR": "SAN PEDRO SULA", "LATITUDFINAL": 15.5361997, "LATITUDINICIO": 15.53629135, "LONGITUDFINAL": -87.93154738, "LONGITUDINICIO": -87.93124941000001, "TIPO": "RAMAL", "ID_EQUIPO": 307153, "CIRCUITO_2": "BER205" }, "geometry": { "type": "MultiLineString", "coordinates": [ [ [ -87.93125, 15.53629 ], [ -87.93155, 15.5362 ] ] ] } },
{ "type": "Feature", "properties": { "ID_TRAMOMT": 69976, "ID_APOYO1": 63534, "ID_APOYO2": 63557, "SUBESTACION": "BER", "CIRCUITO": "BER207", "SECTOR": "SAN PEDRO SULA", "LATITUDFINAL": 15.53414925, "LATITUDINICIO": 15.53423828, "LONGITUDFINAL": -88.00731539, "LONGITUDINICIO": -88.00761419, "TIPO": "RAMAL", "ID_EQUIPO": 302296, "CIRCUITO_2": "BER207" }, "geometry": { "type": "MultiLineString", "coordinates": [ [ [ -88.00852, 15.53458 ], [ -88.00831, 15.53463 ], [ -88.00812, 15.53454 ], [ -88.00794, 15.5343 ], [ -88.00761, 15.53424 ], [ -88.00732, 15.53415 ], [ -88.00697, 15.53402 ] ] ] } },
{ "type": "Feature", "properties": { "ID_TRAMOMT": 69998, "ID_APOYO1": 63525, "ID_APOYO2": 63524, "SUBESTACION": "BER", "CIRCUITO": "BER207", "SECTOR": "SAN PEDRO SULA", "LATITUDFINAL": 15.53389078, "LATITUDINICIO": 15.53381855, "LONGITUDFINAL": -88.00848896, "LONGITUDINICIO": -88.00846996, "TIPO": "RAMAL", "ID_EQUIPO": 302295, "CIRCUITO_2": "BER207" }, "geometry": { "type": "MultiLineString", "coordinates": [ [ [ -88.00847, 15.53382 ], [ -88.00849, 15.53389 ], [ -88.00822, 15.53411 ], [ -88.00794, 15.5343 ] ] ] } },
{ "type": "Feature", "properties": { "ID_TRAMOMT": 89410, "ID_APOYO1": 109022, "ID_APOYO2": 109023, "SUBESTACION": "BER", "CIRCUITO": "BER290", "SECTOR": "SAN PEDRO SULA", "LATITUDFINAL": 15.55379467, "LATITUDINICIO": 15.55402855, "LONGITUDFINAL": -88.03604763, "LONGITUDINICIO": -88.03629125, "TIPO": "RAMAL", "ID_EQUIPO": 302812, "CIRCUITO_2": "BER290" }, "geometry": { "type": "MultiLineString", "coordinates": [ [ [ -88.03629, 15.55403 ], [ -88.03605, 15.55379 ], [ -88.03582, 15.5536 ] ] ] } },
{ "type": "Feature", "properties": { "ID_TRAMOMT": 84909, "ID_APOYO1": 115142, "ID_APOYO2": 114185, "SUBESTACION": "BER", "CIRCUITO": "BER290", "SECTOR": "SAN PEDRO SULA", "LATITUDFINAL": 15.53788858, "LATITUDINICIO": 15.53780784, "LONGITUDFINAL": -88.03915696, "LONGITUDINICIO": -88.03902602, "TIPO": "TRONCAL", "ID_EQUIPO": 307471, "CIRCUITO_2": "BER290" }, "geometry": { "type": "MultiLineString", "coordinates": [ [ [ -88.04088, 15.53824 ], [ -88.04103, 15.53791 ] ], [ [ -88.03916, 15.53789 ], [ -88.03921, 15.53791 ], [ -88.03953, 15.53803 ], [ -88.0399, 15.53819 ], [ -88.04031, 15.53834 ], [ -88.0406, 15.53843 ], [ -88.04075, 15.5385 ], [ -88.04088, 15.53824 ] ], [ [ -88.04088, 15.53824 ], [ -88.04073, 15.5382 ] ], [ [ -88.03928, 15.53777 ], [ -88.03916, 15.53789 ] ], [ [ -88.03321, 15.54056 ], [ -88.03364, 15.54056 ], [ -88.03401, 15.54058 ], [ -88.03439, 15.54058 ], [ -88.0347, 15.54059 ], [ -88.03504, 15.5406 ], [ -88.0354, 15.54062 ], [ -88.03559, 15.5406 ], [ -88.03584, 15.54059 ], [ -88.03625, 15.54047 ], [ -88.0367, 15.54023 ], [ -88.03695, 15.54 ], [ -88.03727, 15.53969 ], [ -88.03745, 15.53951 ], [ -88.03759, 15.53938 ], [ -88.03776, 15.53921 ], [ -88.03792, 15.53903 ], [ -88.03817, 15.53883 ], [ -88.03836, 15.53865 ], [ -88.03854, 15.53848 ], [ -88.03873, 15.5383 ], [ -88.03901, 15.53802 ], [ -88.03916, 15.53789 ] ], [ [ -88.03903, 15.53781 ], [ -88.03916, 15.53789 ] ] ] } },
{ "type": "Feature", "properties": { "ID_TRAMOMT": 3033413, "ID_APOYO1": 6143608, "ID_APOYO2": 6144288, "SUBESTACION": "BER", "CIRCUITO": "BER290", "SECTOR": "SAN PEDRO SULA", "LATITUDFINAL": 15.55599272, "LATITUDINICIO": 15.55622014, "LONGITUDFINAL": -88.02565495, "LONGITUDINICIO": -88.02597263, "TIPO": "RAMAL", "ID_EQUIPO": 2004772, "CIRCUITO_2": "BER290" }, "geometry": { "type": "MultiLineString", "coordinates": [ [ [ -88.02597, 15.55622 ], [ -88.02565, 15.55599 ] ] ] } },
{ "type": "Feature", "properties": { "ID_TRAMOMT": 3020158, "ID_APOYO1": 6143614, "ID_APOYO2": 6143596, "SUBESTACION": "BER", "CIRCUITO": "BER290", "SECTOR": "SAN PEDRO SULA", "LATITUDFINAL": 15.55577625, "LATITUDINICIO": 15.55580633, "LONGITUDFINAL": -88.0253466, "LONGITUDINICIO": -88.02532716, "TIPO": "RAMAL", "ID_EQUIPO": 2003758, "CIRCUITO_2": "BER290" }, "geometry": { "type": "MultiLineString", "coordinates": [ [ [ -88.02533, 15.55581 ], [ -88.02535, 15.55578 ] ] ] } },
{ "type": "Feature", "properties": { "ID_TRAMOMT": 87562, "ID_APOYO1": 125788, "ID_APOYO2": 125863, "SUBESTACION": "BER", "CIRCUITO": "BER288", "SECTOR": "SAN PEDRO SULA", "LATITUDFINAL": 15.51550531, "LATITUDINICIO": 15.51548823, "LONGITUDFINAL": -88.02786641, "LONGITUDINICIO": -88.0276519, "TIPO": "RAMAL", "ID_EQUIPO": 307750, "CIRCUITO_2": "BER288" }, "geometry": { "type": "MultiLineString", "coordinates": [ [ [ -88.02746, 15.51483 ], [ -88.02762, 15.51485 ], [ -88.02779, 15.51486 ], [ -88.02796, 15.51488 ] ], [ [ -88.02738, 15.51546 ], [ -88.02765, 15.51549 ], [ -88.02787, 15.51551 ] ], [ [ -88.02746, 15.51483 ], [ -88.02741, 15.51523 ], [ -88.02738, 15.51546 ] ], [ [ -88.02746, 15.51483 ], [ -88.02711, 15.51479 ] ], [ [ -88.02738, 15.51546 ], [ -88.02733, 15.51591 ] ] ] } },
{ "type": "Feature", "properties": { "ID_TRAMOMT": 69995, "ID_APOYO1": 62751, "ID_APOYO2": 63494, "SUBESTACION": "BER", "CIRCUITO": "BER207", "SECTOR": "SAN PEDRO SULA", "LATITUDFINAL": 15.53167916, "LATITUDINICIO": 15.53170491, "LONGITUDFINAL": -88.00979288000001, "LONGITUDINICIO": -88.01009137, "TIPO": "RAMAL", "ID_EQUIPO": 302287, "CIRCUITO_2": "BER207" }, "geometry": { "type": "MultiLineString", "coordinates": [ [ [ -88.0104, 15.5307 ], [ -88.0104, 15.531 ], [ -88.01034, 15.53141 ], [ -88.01031, 15.53174 ], [ -88.01009, 15.5317 ], [ -88.00979, 15.53168 ], [ -88.00957, 15.53166 ], [ -88.0094, 15.53165 ] ] ] } },
{ "type": "Feature", "properties": { "ID_TRAMOMT": 70928, "ID_APOYO1": 63025, "ID_APOYO2": 63026, "SUBESTACION": "BER", "CIRCUITO": "BER205", "SECTOR": "SAN PEDRO SULA", "LATITUDFINAL": 15.5281688, "LATITUDINICIO": 15.52777991, "LONGITUDFINAL": -87.96602842, "LONGITUDINICIO": -87.96646335, "TIPO": "RAMAL", "ID_EQUIPO": 306103, "CIRCUITO_2": "BER205" }, "geometry": { "type": "MultiLineString", "coordinates": [ [ [ -87.96808, 15.52695 ], [ -87.9679, 15.5268 ], [ -87.96772, 15.52667 ], [ -87.9675, 15.52651 ], [ -87.96727, 15.52683 ], [ -87.96702, 15.52719 ], [ -87.96675, 15.52748 ], [ -87.96646, 15.52778 ], [ -87.96603, 15.52817 ], [ -87.9658, 15.5284 ], [ -87.96567, 15.52853 ] ] ] } },
{ "type": "Feature", "properties": { "ID_TRAMOMT": 95957, "ID_APOYO1": 125811, "ID_APOYO2": 125806, "SUBESTACION": "BER", "CIRCUITO": "BER288", "SECTOR": "SAN PEDRO SULA", "LATITUDFINAL": 15.50912245, "LATITUDINICIO": 15.50892354, "LONGITUDFINAL": -88.0280679, "LONGITUDINICIO": -88.02807623, "TIPO": "RAMAL", "ID_EQUIPO": 307752, "CIRCUITO_2": "BER288" }, "geometry": { "type": "MultiLineString", "coordinates": [ [ [ -88.02808, 15.50892 ], [ -88.02807, 15.50912 ] ] ] } },
{ "type": "Feature", "properties": { "ID_TRAMOMT": 70983, "ID_APOYO1": 61421, "ID_APOYO2": 61427, "SUBESTACION": "BER", "CIRCUITO": "BER205", "SECTOR": "SAN PEDRO SULA", "LATITUDFINAL": 15.51940362, "LATITUDINICIO": 15.52005409, "LONGITUDFINAL": -87.9755535, "LONGITUDINICIO": -87.97564047, "TIPO": "RAMAL", "ID_EQUIPO": 2006950, "CIRCUITO_2": "BER205" }, "geometry": { "type": "MultiLineString", "coordinates": [ [ [ -87.97507, 15.51637 ], [ -87.97518, 15.51686 ], [ -87.97526, 15.5176 ], [ -87.97542, 15.51842 ], [ -87.97547, 15.51873 ], [ -87.97555, 15.5194 ], [ -87.97564, 15.52005 ], [ -87.97506, 15.52016 ], [ -87.97445, 15.52028 ], [ -87.97372, 15.52042 ], [ -87.97298, 15.52051 ] ] ] } },
{ "type": "Feature", "properties": { "ID_TRAMOMT": 92039, "ID_APOYO1": 113101, "ID_APOYO2": 112806, "SUBESTACION": "BER", "CIRCUITO": "BER282", "SECTOR": "SAN PEDRO SULA", "LATITUDFINAL": 15.52944246, "LATITUDINICIO": 15.52951434, "LONGITUDFINAL": -88.02242508, "LONGITUDINICIO": -88.02251867, "TIPO": "RAMAL", "ID_EQUIPO": 302599, "CIRCUITO_2": "BER282" }, "geometry": { "type": "MultiLineString", "coordinates": [ [ [ -88.02314, 15.5295 ], [ -88.02283, 15.5295 ], [ -88.02252, 15.52951 ] ], [ [ -88.02252, 15.52951 ], [ -88.02218, 15.52952 ] ], [ [ -88.02252, 15.52951 ], [ -88.02243, 15.52944 ], [ -88.02218, 15.52944 ] ] ] } },
{ "type": "Feature", "properties": { "ID_TRAMOMT": 70732, "ID_APOYO1": 63219, "ID_APOYO2": 62554, "SUBESTACION": "BER", "CIRCUITO": "BER205", "SECTOR": "SAN PEDRO SULA", "LATITUDFINAL": 15.54130145, "LATITUDINICIO": 15.54147222, "LONGITUDFINAL": -87.93075906, "LONGITUDINICIO": -87.93099294, "TIPO": "RAMAL", "ID_EQUIPO": 307166, "CIRCUITO_2": "BER205" }, "geometry": { "type": "MultiLineString", "coordinates": [ [ [ -87.93197, 15.54015 ], [ -87.93222, 15.53981 ], [ -87.93242, 15.53956 ], [ -87.93263, 15.53924 ], [ -87.93284, 15.53899 ], [ -87.93293, 15.53881 ], [ -87.93317, 15.53847 ] ], [ [ -87.93197, 15.54015 ], [ -87.93227, 15.54035 ], [ -87.9325, 15.54053 ], [ -87.9327, 15.54064 ], [ -87.93304, 15.54086 ] ], [ [ -87.93099, 15.54147 ], [ -87.93131, 15.54169 ], [ -87.93157, 15.54187 ], [ -87.93181, 15.54203 ], [ -87.93204, 15.54219 ], [ -87.93232, 15.5424 ] ], [ [ -87.93099, 15.54147 ], [ -87.93126, 15.54109 ], [ -87.9315, 15.54077 ], [ -87.93179, 15.54039 ], [ -87.93197, 15.54015 ] ], [ [ -87.92987, 15.53877 ], [ -87.92989, 15.53879 ], [ -87.93015, 15.53895 ], [ -87.9304, 15.53911 ], [ -87.93063, 15.53927 ], [ -87.9309, 15.53945 ], [ -87.93119, 15.53962 ], [ -87.93143, 15.5398 ], [ -87.93173, 15.54 ], [ -87.93197, 15.54015 ] ], [ [ -87.93099, 15.54147 ], [ -87.93077, 15.54176 ], [ -87.93054, 15.54207 ] ], [ [ -87.93099, 15.54147 ], [ -87.93076, 15.5413 ], [ -87.9305, 15.54113 ], [ -87.93026, 15.54099 ], [ -87.93003, 15.54081 ] ] ] } },
{ "type": "Feature", "properties": { "ID_TRAMOMT": 91833, "ID_APOYO1": 113250, "ID_APOYO2": 112879, "SUBESTACION": "BER", "CIRCUITO": "BER282", "SECTOR": "SAN PEDRO SULA", "LATITUDFINAL": 15.52868852, "LATITUDINICIO": 15.52866062, "LONGITUDFINAL": -88.02321388, "LONGITUDINICIO": -88.02309761, "TIPO": "RAMAL", "ID_EQUIPO": 302602, "CIRCUITO_2": "BER282" }, "geometry": { "type": "MultiLineString", "coordinates": [ [ [ -88.0231, 15.52866 ], [ -88.02321, 15.52869 ] ] ] } },
{ "type": "Feature", "properties": { "ID_TRAMOMT": 92068, "ID_APOYO1": 112964, "ID_APOYO2": 112969, "SUBESTACION": "BER", "CIRCUITO": "BER282", "SECTOR": "SAN PEDRO SULA", "LATITUDFINAL": 15.51326482, "LATITUDINICIO": 15.5132672, "LONGITUDFINAL": -88.02921099, "LONGITUDINICIO": -88.02928714, "TIPO": "RAMAL", "ID_EQUIPO": 2011546, "CIRCUITO_2": "BER282" }, "geometry": { "type": "MultiLineString", "coordinates": [ [ [ -88.02943, 15.51328 ], [ -88.02946, 15.51328 ] ], [ [ -88.02943, 15.51328 ], [ -88.02943, 15.51339 ] ], [ [ -88.02943, 15.51328 ], [ -88.02929, 15.51327 ], [ -88.02921, 15.51326 ] ] ] } },
{ "type": "Feature", "properties": { "ID_TRAMOMT": 72775, "ID_APOYO1": 65539, "ID_APOYO2": 65832, "SUBESTACION": "BER", "CIRCUITO": "BER208", "SECTOR": "SAN PEDRO SULA", "LATITUDFINAL": 15.51261544, "LATITUDINICIO": 15.51259826, "LONGITUDFINAL": -88.02141921, "LONGITUDINICIO": -88.02122335, "TIPO": "RAMAL", "ID_EQUIPO": 302905, "CIRCUITO_2": "BER208" }, "geometry": { "type": "MultiLineString", "coordinates": [ [ [ -88.02122, 15.5126 ], [ -88.02142, 15.51262 ], [ -88.02148, 15.51262 ], [ -88.02149, 15.51259 ] ] ] } },
{ "type": "Feature", "properties": { "ID_TRAMOMT": 70342, "ID_APOYO1": 62906, "ID_APOYO2": 62907, "SUBESTACION": "BER", "CIRCUITO": "BER205", "SECTOR": "SAN PEDRO SULA", "LATITUDFINAL": 15.52475183, "LATITUDINICIO": 15.52536684, "LONGITUDFINAL": -87.96602184, "LONGITUDINICIO": -87.96595011, "TIPO": "RAMAL", "ID_EQUIPO": 306094, "CIRCUITO_2": "BER205" }, "geometry": { "type": "MultiLineString", "coordinates": [ [ [ -87.96602, 15.52475 ], [ -87.96595, 15.52537 ], [ -87.96574, 15.52537 ] ] ] } },
{ "type": "Feature", "properties": { "ID_TRAMOMT": 72649, "ID_APOYO1": 63931, "ID_APOYO2": 64704, "SUBESTACION": "BER", "CIRCUITO": "BER207", "SECTOR": "SAN PEDRO SULA", "LATITUDFINAL": 15.52799434, "LATITUDINICIO": 15.52756906, "LONGITUDFINAL": -88.01301029, "LONGITUDINICIO": -88.01310145, "TIPO": "RAMAL", "ID_EQUIPO": 302308, "CIRCUITO_2": "BER207" }, "geometry": { "type": "MultiLineString", "coordinates": [ [ [ -88.01391, 15.52817 ], [ -88.014, 15.52776 ], [ -88.01403, 15.52756 ], [ -88.0141, 15.52728 ], [ -88.01382, 15.52723 ], [ -88.0135, 15.52718 ], [ -88.01319, 15.52712 ] ], [ [ -88.01319, 15.52712 ], [ -88.01324, 15.52694 ] ], [ [ -88.01319, 15.52712 ], [ -88.01315, 15.52736 ], [ -88.0131, 15.52757 ], [ -88.01301, 15.52799 ], [ -88.01296, 15.52825 ] ], [ [ -88.01319, 15.52712 ], [ -88.01289, 15.52705 ] ] ] } },
{ "type": "Feature", "properties": { "ID_TRAMOMT": 73032, "ID_APOYO1": 65541, "ID_APOYO2": 65735, "SUBESTACION": "BER", "CIRCUITO": "BER208", "SECTOR": "SAN PEDRO SULA", "LATITUDFINAL": 15.51169757, "LATITUDINICIO": 15.51164197, "LONGITUDFINAL": -88.02181974, "LONGITUDINICIO": -88.02130876, "TIPO": "RAMAL", "ID_EQUIPO": 302904, "CIRCUITO_2": "BER208" }, "geometry": { "type": "MultiLineString", "coordinates": [ [ [ -88.02203, 15.51172 ], [ -88.02238, 15.51177 ] ], [ [ -88.02148, 15.51262 ], [ -88.02194, 15.51269 ], [ -88.02197, 15.51229 ], [ -88.022, 15.512 ], [ -88.02203, 15.51172 ] ], [ [ -88.02079, 15.51158 ], [ -88.02096, 15.51161 ], [ -88.02131, 15.51164 ], [ -88.02182, 15.5117 ], [ -88.02198, 15.51171 ], [ -88.02203, 15.51172 ] ] ] } },
{ "type": "Feature", "properties": { "ID_TRAMOMT": 95951, "ID_APOYO1": 125588, "ID_APOYO2": 125510, "SUBESTACION": "BER", "CIRCUITO": "BER288", "SECTOR": "SAN PEDRO SULA", "LATITUDFINAL": 15.50870997, "LATITUDINICIO": 15.50859595, "LONGITUDFINAL": -88.02853371, "LONGITUDINICIO": -88.02854076, "TIPO": "RAMAL", "ID_EQUIPO": 307733, "CIRCUITO_2": "BER288" }, "geometry": { "type": "MultiLineString", "coordinates": [ [ [ -88.02898, 15.50865 ], [ -88.02881, 15.50864 ], [ -88.02854, 15.5086 ] ], [ [ -88.02854, 15.5086 ], [ -88.02853, 15.50871 ] ], [ [ -88.02854, 15.5086 ], [ -88.02826, 15.50857 ], [ -88.02811, 15.50857 ] ], [ [ -88.02811, 15.50857 ], [ -88.02814, 15.50843 ] ], [ [ -88.02811, 15.50857 ], [ -88.02809, 15.50871 ], [ -88.02808, 15.50892 ] ], [ [ -88.02811, 15.50857 ], [ -88.02794, 15.50855 ], [ -88.02786, 15.50865 ] ] ] } },
{ "type": "Feature", "properties": { "ID_TRAMOMT": 72657, "ID_APOYO1": 64527, "ID_APOYO2": 64526, "SUBESTACION": "BER", "CIRCUITO": "BER207", "SECTOR": "SAN PEDRO SULA", "LATITUDFINAL": 15.52521651, "LATITUDINICIO": 15.5249904, "LONGITUDFINAL": -88.01359344, "LONGITUDINICIO": -88.0136203, "TIPO": "RAMAL", "ID_EQUIPO": 302304, "CIRCUITO_2": "BER207" }, "geometry": { "type": "MultiLineString", "coordinates": [ [ [ -88.01518, 15.52659 ], [ -88.01501, 15.52657 ], [ -88.01478, 15.52652 ], [ -88.01458, 15.52649 ], [ -88.01428, 15.52642 ] ], [ [ -88.01428, 15.52642 ], [ -88.01417, 15.52688 ], [ -88.01414, 15.52709 ], [ -88.0141, 15.52728 ] ], [ [ -88.01355, 15.52545 ], [ -88.01386, 15.52552 ], [ -88.01419, 15.5256 ], [ -88.01444, 15.52565 ], [ -88.01435, 15.52605 ], [ -88.01428, 15.52642 ] ], [ [ -88.01363, 15.52494 ], [ -88.01362, 15.52499 ], [ -88.01359, 15.52522 ], [ -88.01355, 15.52545 ] ], [ [ -88.01219, 15.52521 ], [ -88.01234, 15.52525 ], [ -88.01259, 15.52529 ], [ -88.01284, 15.52534 ], [ -88.01329, 15.5254 ], [ -88.01355, 15.52545 ] ], [ [ -88.01167, 15.52526 ], [ -88.01199, 15.52533 ], [ -88.01219, 15.52521 ] ], [ [ -88.01219, 15.52521 ], [ -88.01222, 15.52509 ], [ -88.01227, 15.5248 ], [ -88.01232, 15.52453 ], [ -88.0124, 15.5242 ], [ -88.01241, 15.52393 ], [ -88.01213, 15.52394 ] ] ] } },
{ "type": "Feature", "properties": { "ID_TRAMOMT": 96042, "ID_APOYO1": 125873, "ID_APOYO2": 125696, "SUBESTACION": "BER", "CIRCUITO": "BER288", "SECTOR": "SAN PEDRO SULA", "LATITUDFINAL": 15.51323069, "LATITUDINICIO": 15.51327381, "LONGITUDFINAL": -88.0271466, "LONGITUDINICIO": -88.02759432000001, "TIPO": "RAMAL", "ID_EQUIPO": 307734, "CIRCUITO_2": "BER288" }, "geometry": { "type": "MultiLineString", "coordinates": [ [ [ -88.02759, 15.51327 ], [ -88.02715, 15.51323 ] ] ] } },
{ "type": "Feature", "properties": { "ID_TRAMOMT": 70565, "ID_APOYO1": 62443, "ID_APOYO2": 62444, "SUBESTACION": "BER", "CIRCUITO": "BER205", "SECTOR": "SAN PEDRO SULA", "LATITUDFINAL": 15.51132981, "LATITUDINICIO": 15.51163719, "LONGITUDFINAL": -87.98198579, "LONGITUDINICIO": -87.98197792000001, "TIPO": "RAMAL", "ID_EQUIPO": 2026265, "CIRCUITO_2": "BER205" }, "geometry": { "type": "MultiLineString", "coordinates": [ [ [ -87.98177, 15.51174 ], [ -87.98198, 15.51164 ], [ -87.98199, 15.51133 ], [ -87.98201, 15.51094 ], [ -87.98198, 15.51094 ] ] ] } },
{ "type": "Feature", "properties": { "ID_TRAMOMT": 87555, "ID_APOYO1": 126150, "ID_APOYO2": 126151, "SUBESTACION": "BER", "CIRCUITO": "BER288", "SECTOR": "SAN PEDRO SULA", "LATITUDFINAL": 15.51378909, "LATITUDINICIO": 15.51343389, "LONGITUDFINAL": -88.02758755000001, "LONGITUDINICIO": -88.02760448, "TIPO": "RAMAL", "ID_EQUIPO": 307741, "CIRCUITO_2": "BER288" }, "geometry": { "type": "MultiLineString", "coordinates": [ [ [ -88.0276, 15.51343 ], [ -88.02759, 15.51379 ], [ -88.02752, 15.51421 ] ] ] } },
{ "type": "Feature", "properties": { "ID_TRAMOMT": 70348, "ID_APOYO1": 62912, "ID_APOYO2": 62913, "SUBESTACION": "BER", "CIRCUITO": "BER205", "SECTOR": "SAN PEDRO SULA", "LATITUDFINAL": 15.52549975, "LATITUDINICIO": 15.52557089, "LONGITUDFINAL": -87.96449622, "LONGITUDINICIO": -87.96476694, "TIPO": "RAMAL", "ID_EQUIPO": 306116, "CIRCUITO_2": "BER205" }, "geometry": { "type": "MultiLineString", "coordinates": [ [ [ -87.96574, 15.52537 ], [ -87.9656, 15.52558 ], [ -87.96542, 15.52578 ] ], [ [ -87.96542, 15.52578 ], [ -87.96506, 15.52615 ] ], [ [ -87.96542, 15.52578 ], [ -87.9651, 15.52566 ], [ -87.96477, 15.52557 ], [ -87.9645, 15.5255 ], [ -87.96423, 15.52535 ] ], [ [ -87.96423, 15.52535 ], [ -87.96429, 15.52512 ] ], [ [ -87.96423, 15.52535 ], [ -87.96384, 15.52526 ], [ -87.96353, 15.52516 ], [ -87.96319, 15.52504 ], [ -87.96295, 15.52497 ], [ -87.96268, 15.52488 ], [ -87.96242, 15.52479 ] ] ] } },
{ "type": "Feature", "properties": { "ID_TRAMOMT": 92046, "ID_APOYO1": 112758, "ID_APOYO2": 112944, "SUBESTACION": "BER", "CIRCUITO": "BER282", "SECTOR": "SAN PEDRO SULA", "LATITUDFINAL": 15.52830156, "LATITUDINICIO": 15.52828495, "LONGITUDFINAL": -88.02478769, "LONGITUDINICIO": -88.0244706, "TIPO": "RAMAL", "ID_EQUIPO": 302606, "CIRCUITO_2": "BER282" }, "geometry": { "type": "MultiLineString", "coordinates": [ [ [ -88.02384, 15.52897 ], [ -88.02393, 15.52846 ], [ -88.02396, 15.52823 ], [ -88.02427, 15.52827 ], [ -88.02431, 15.52827 ], [ -88.02447, 15.52828 ], [ -88.02479, 15.5283 ] ] ] } },
{ "type": "Feature", "properties": { "ID_TRAMOMT": 90289, "ID_APOYO1": 111828, "ID_APOYO2": 111829, "SUBESTACION": "BER", "CIRCUITO": "BER248", "SECTOR": "SAN PEDRO SULA", "LATITUDFINAL": 15.54533975, "LATITUDINICIO": 15.54471376, "LONGITUDFINAL": -88.0133468, "LONGITUDINICIO": -88.01383793, "TIPO": "TRONCAL", "ID_EQUIPO": 302789, "CIRCUITO_2": "BER248" }, "geometry": { "type": "MultiLineString", "coordinates": [ [ [ -88.01627, 15.53951 ], [ -88.01614, 15.53982 ], [ -88.01593, 15.54024 ], [ -88.01581, 15.54057 ], [ -88.01573, 15.54078 ], [ -88.01555, 15.54125 ], [ -88.0153, 15.54177 ], [ -88.0151, 15.54228 ], [ -88.01505, 15.54239 ], [ -88.01496, 15.54252 ], [ -88.01485, 15.54287 ], [ -88.01464, 15.54337 ], [ -88.01446, 15.54379 ], [ -88.01411, 15.54432 ], [ -88.01384, 15.54471 ], [ -88.01335, 15.54534 ], [ -88.01298, 15.5457 ], [ -88.01253, 15.54612 ], [ -88.01219, 15.54642 ], [ -88.01181, 15.54665 ], [ -88.01163, 15.54678 ], [ -88.0113, 15.54697 ], [ -88.01092, 15.54716 ], [ -88.01067, 15.54729 ], [ -88.01018, 15.54754 ], [ -88.00984, 15.54773 ], [ -88.00968, 15.54779 ] ] ] } },
{ "type": "Feature", "properties": { "ID_TRAMOMT": 87557, "ID_APOYO1": 126152, "ID_APOYO2": 125861, "SUBESTACION": "BER", "CIRCUITO": "BER288", "SECTOR": "SAN PEDRO SULA", "LATITUDFINAL": 15.51450368, "LATITUDINICIO": 15.51420521, "LONGITUDFINAL": -88.02748853, "LONGITUDINICIO": -88.02752435, "TIPO": "RAMAL", "ID_EQUIPO": 307743, "CIRCUITO_2": "BER288" }, "geometry": { "type": "MultiLineString", "coordinates": [ [ [ -88.02746, 15.51483 ], [ -88.02749, 15.5145 ], [ -88.02752, 15.51421 ], [ -88.02726, 15.51418 ], [ -88.02689, 15.51414 ], [ -88.02655, 15.51402 ], [ -88.0263, 15.51399 ], [ -88.02611, 15.51398 ] ] ] } },
{ "type": "Feature", "properties": { "ID_TRAMOMT": 92042, "ID_APOYO1": 112880, "ID_APOYO2": 112990, "SUBESTACION": "BER", "CIRCUITO": "BER282", "SECTOR": "SAN PEDRO SULA", "LATITUDFINAL": 15.52819828, "LATITUDINICIO": 15.52814612, "LONGITUDFINAL": -88.02366833000001, "LONGITUDINICIO": -88.02322053, "TIPO": "RAMAL", "ID_EQUIPO": 302605, "CIRCUITO_2": "BER282" }, "geometry": { "type": "MultiLineString", "coordinates": [ [ [ -88.02309, 15.52826 ], [ -88.02322, 15.52815 ], [ -88.02367, 15.5282 ], [ -88.02396, 15.52823 ] ] ] } },
{ "type": "Feature", "properties": { "ID_TRAMOMT": 96007, "ID_APOYO1": 125882, "ID_APOYO2": 125883, "SUBESTACION": "BER", "CIRCUITO": "BER288", "SECTOR": "SAN PEDRO SULA", "LATITUDFINAL": 15.50937188, "LATITUDINICIO": 15.50937967, "LONGITUDFINAL": -88.02692171, "LONGITUDINICIO": -88.0271835, "TIPO": "RAMAL", "ID_EQUIPO": 307715, "CIRCUITO_2": "BER288" }, "geometry": { "type": "MultiLineString", "coordinates": [ [ [ -88.02692, 15.50937 ], [ -88.02718, 15.50938 ], [ -88.02763, 15.50942 ], [ -88.02772, 15.50943 ], [ -88.02787, 15.50946 ], [ -88.02804, 15.50948 ], [ -88.02827, 15.50949 ], [ -88.02856, 15.50951 ] ] ] } },
{ "type": "Feature", "properties": { "ID_TRAMOMT": 70378, "ID_APOYO1": 62209, "ID_APOYO2": 62210, "SUBESTACION": "BER", "CIRCUITO": "BER205", "SECTOR": "SAN PEDRO SULA", "LATITUDFINAL": 15.52703041, "LATITUDINICIO": 15.52694848, "LONGITUDFINAL": -87.96795315, "LONGITUDINICIO": -87.9680833, "TIPO": "RAMAL", "ID_EQUIPO": 306109, "CIRCUITO_2": "BER205" }, "geometry": { "type": "MultiLineString", "coordinates": [ [ [ -87.96808, 15.52695 ], [ -87.96795, 15.52703 ] ] ] } },
{ "type": "Feature", "properties": { "ID_TRAMOMT": 310817, "ID_APOYO1": 125990, "ID_APOYO2": 125945, "SUBESTACION": "BER", "CIRCUITO": "BER288", "SECTOR": "SAN PEDRO SULA", "LATITUDFINAL": 15.52144786, "LATITUDINICIO": 15.52164851, "LONGITUDFINAL": -88.01929963000001, "LONGITUDINICIO": -88.01936511, "TIPO": "RAMAL", "ID_EQUIPO": 302542, "CIRCUITO_2": "BER288" }, "geometry": { "type": "MultiLineString", "coordinates": [ [ [ -88.01937, 15.52165 ], [ -88.0193, 15.52145 ] ] ] } },
{ "type": "Feature", "properties": { "ID_TRAMOMT": 72792, "ID_APOYO1": 65534, "ID_APOYO2": 65729, "SUBESTACION": "BER", "CIRCUITO": "BER208", "SECTOR": "SAN PEDRO SULA", "LATITUDFINAL": 15.51365298, "LATITUDINICIO": 15.51402386, "LONGITUDFINAL": -88.02185318, "LONGITUDINICIO": -88.02179907, "TIPO": "RAMAL", "ID_EQUIPO": 302782, "CIRCUITO_2": "BER208" }, "geometry": { "type": "MultiLineString", "coordinates": [ [ [ -88.0218, 15.51402 ], [ -88.02185, 15.51365 ] ], [ [ -88.0218, 15.51402 ], [ -88.02182, 15.51399 ] ], [ [ -88.0218, 15.51402 ], [ -88.02178, 15.51434 ], [ -88.02133, 15.51436 ], [ -88.02102, 15.51434 ] ] ] } },
{ "type": "Feature", "properties": { "ID_TRAMOMT": 72405, "ID_APOYO1": 63813, "ID_APOYO2": 63814, "SUBESTACION": "BER", "CIRCUITO": "BER207", "SECTOR": "SAN PEDRO SULA", "LATITUDFINAL": 15.51811965, "LATITUDINICIO": 15.51808502, "LONGITUDFINAL": -88.01254461000001, "LONGITUDINICIO": -88.01221073000001, "TIPO": "RAMAL", "ID_EQUIPO": 306507, "CIRCUITO_2": "BER207" }, "geometry": { "type": "MultiLineString", "coordinates": [ [ [ -88.01221, 15.51809 ], [ -88.01254, 15.51812 ], [ -88.01289, 15.51815 ] ] ] } },
{ "type": "Feature", "properties": { "ID_TRAMOMT": 313528, "ID_APOYO1": 63862, "ID_APOYO2": 63861, "SUBESTACION": "BER", "CIRCUITO": "BER207", "SECTOR": "SAN PEDRO SULA", "LATITUDFINAL": 15.51781954, "LATITUDINICIO": 15.51781961, "LONGITUDFINAL": -88.01218679, "LONGITUDINICIO": -88.01226597, "TIPO": "RAMAL", "ID_EQUIPO": 306502, "CIRCUITO_2": "BER207" }, "geometry": { "type": "MultiLineString", "coordinates": [ [ [ -88.0123, 15.51728 ], [ -88.01224, 15.51728 ] ], [ [ -88.01224, 15.51728 ], [ -88.01225, 15.51712 ], [ -88.01227, 15.51693 ], [ -88.01228, 15.51682 ] ], [ [ -88.01227, 15.51782 ], [ -88.01219, 15.51782 ] ], [ [ -88.01219, 15.51782 ], [ -88.0122, 15.51772 ], [ -88.01223, 15.51745 ], [ -88.01224, 15.51728 ] ], [ [ -88.01224, 15.51728 ], [ -88.01201, 15.51724 ], [ -88.01168, 15.5172 ] ], [ [ -88.01221, 15.51809 ], [ -88.01217, 15.51808 ] ], [ [ -88.01217, 15.51808 ], [ -88.01217, 15.51807 ], [ -88.01219, 15.51782 ] ], [ [ -88.01219, 15.51782 ], [ -88.01196, 15.5178 ] ], [ [ -88.01214, 15.51838 ], [ -88.01217, 15.51808 ] ], [ [ -88.01217, 15.51808 ], [ -88.01191, 15.51806 ] ] ] } },
{ "type": "Feature", "properties": { "ID_TRAMOMT": 70389, "ID_APOYO1": 63204, "ID_APOYO2": 62821, "SUBESTACION": "BER", "CIRCUITO": "BER205", "SECTOR": "SAN PEDRO SULA", "LATITUDFINAL": 15.53008702, "LATITUDINICIO": 15.53029349, "LONGITUDFINAL": -87.94261551, "LONGITUDINICIO": -87.94295211, "TIPO": "RAMAL", "ID_EQUIPO": 306951, "CIRCUITO_2": "BER205" }, "geometry": { "type": "MultiLineString", "coordinates": [ [ [ -87.94271, 15.53132 ], [ -87.943, 15.53157 ] ], [ [ -87.94271, 15.53132 ], [ -87.94291, 15.53104 ], [ -87.94311, 15.53081 ], [ -87.94329, 15.53053 ], [ -87.94295, 15.53029 ], [ -87.94262, 15.53009 ], [ -87.94221, 15.52983 ] ], [ [ -87.94206, 15.53084 ], [ -87.94239, 15.53109 ], [ -87.94271, 15.53132 ] ] ] } },
{ "type": "Feature", "properties": { "ID_TRAMOMT": 70380, "ID_APOYO1": 63189, "ID_APOYO2": 63190, "SUBESTACION": "BER", "CIRCUITO": "BER205", "SECTOR": "SAN PEDRO SULA", "LATITUDFINAL": 15.53239529, "LATITUDINICIO": 15.53264016, "LONGITUDFINAL": -87.94188007, "LONGITUDINICIO": -87.9416947, "TIPO": "RAMAL", "ID_EQUIPO": 306950, "CIRCUITO_2": "BER205" }, "geometry": { "type": "MultiLineString", "coordinates": [ [ [ -87.94169, 15.53264 ], [ -87.94188, 15.5324 ], [ -87.94209, 15.53212 ], [ -87.94231, 15.53186 ], [ -87.94248, 15.53162 ], [ -87.94271, 15.53132 ] ] ] } },
{ "type": "Feature", "properties": { "ID_TRAMOMT": 71356, "ID_APOYO1": 64656, "ID_APOYO2": 64005, "SUBESTACION": "BER", "CIRCUITO": "BER207", "SECTOR": "SAN PEDRO SULA", "LATITUDFINAL": 15.52726865, "LATITUDINICIO": 15.52749485, "LONGITUDFINAL": -88.01158954, "LONGITUDINICIO": -88.01154402, "TIPO": "RAMAL", "ID_EQUIPO": 302348, "CIRCUITO_2": "BER207" }, "geometry": { "type": "MultiLineString", "coordinates": [ [ [ -88.01289, 15.52705 ], [ -88.01269, 15.52701 ], [ -88.01237, 15.52696 ], [ -88.01219, 15.52692 ], [ -88.01198, 15.52687 ], [ -88.0117, 15.52682 ] ], [ [ -88.0117, 15.52682 ], [ -88.01174, 15.52664 ], [ -88.01179, 15.5264 ], [ -88.01183, 15.52623 ], [ -88.01188, 15.52596 ] ], [ [ -88.01139, 15.52823 ], [ -88.01148, 15.52782 ], [ -88.01154, 15.52749 ], [ -88.01159, 15.52727 ], [ -88.01164, 15.52706 ], [ -88.0117, 15.52682 ] ] ] } },
{ "type": "Feature", "properties": { "ID_TRAMOMT": 315583, "ID_APOYO1": 107581, "ID_APOYO2": 107570, "SUBESTACION": "BER", "CIRCUITO": "BER290", "SECTOR": "SAN PEDRO SULA", "LATITUDFINAL": 15.54551468, "LATITUDINICIO": 15.54551198, "LONGITUDFINAL": -88.03065724, "LONGITUDINICIO": -88.03079382, "TIPO": "RAMAL", "ID_EQUIPO": 2029752, "CIRCUITO_2": "BER290" }, "geometry": { "type": "MultiLineString", "coordinates": [ [ [ -88.03087, 15.54498 ], [ -88.03109, 15.54499 ] ], [ [ -88.03093, 15.54458 ], [ -88.03092, 15.54483 ], [ -88.03087, 15.54498 ] ], [ [ -88.03087, 15.54498 ], [ -88.03086, 15.54505 ], [ -88.03076, 15.5453 ], [ -88.03066, 15.54551 ] ], [ [ -88.03087, 15.54498 ], [ -88.0308, 15.54498 ], [ -88.03053, 15.54497 ], [ -88.03016, 15.54496 ] ], [ [ -88.03079, 15.54551 ], [ -88.03066, 15.54551 ] ], [ [ -88.03066, 15.54551 ], [ -88.03061, 15.54563 ] ], [ [ -88.03066, 15.54551 ], [ -88.03058, 15.5455 ], [ -88.03035, 15.5455 ], [ -88.03001, 15.5455 ], [ -88.02969, 15.54549 ] ] ] } },
{ "type": "Feature", "properties": { "ID_TRAMOMT": 72412, "ID_APOYO1": 64078, "ID_APOYO2": 64084, "SUBESTACION": "BER", "CIRCUITO": "BER207", "SECTOR": "SAN PEDRO SULA", "LATITUDFINAL": 15.51891378, "LATITUDINICIO": 15.51911273, "LONGITUDFINAL": -88.01208957, "LONGITUDINICIO": -88.01207189, "TIPO": "RAMAL", "ID_EQUIPO": 306496, "CIRCUITO_2": "BER207" }, "geometry": { "type": "MultiLineString", "coordinates": [ [ [ -88.01204, 15.51947 ], [ -88.01207, 15.51911 ], [ -88.01209, 15.51891 ], [ -88.0121, 15.51865 ], [ -88.01214, 15.51838 ] ] ] } },
{ "type": "Feature", "properties": { "ID_TRAMOMT": 90270, "ID_APOYO1": 109225, "ID_APOYO2": 109227, "SUBESTACION": "BER", "CIRCUITO": "BER248", "SECTOR": "SAN PEDRO SULA", "LATITUDFINAL": 15.53766628, "LATITUDINICIO": 15.53726773, "LONGITUDFINAL": -88.01702963, "LONGITUDINICIO": -88.01720484000001, "TIPO": "TRONCAL", "ID_EQUIPO": 302786, "CIRCUITO_2": "BER248" }, "geometry": { "type": "MultiLineString", "coordinates": [ [ [ -88.0172, 15.53727 ], [ -88.01703, 15.53767 ], [ -88.01681, 15.53817 ], [ -88.01657, 15.53883 ], [ -88.01641, 15.5392 ], [ -88.01627, 15.53951 ] ] ] } },
{ "type": "Feature", "properties": { "ID_TRAMOMT": 3045779, "ID_APOYO1": 62596, "ID_APOYO2": 62597, "SUBESTACION": "BER", "CIRCUITO": "BER205", "SECTOR": "SAN PEDRO SULA", "LATITUDFINAL": 15.52735306, "LATITUDINICIO": 15.52765905, "LONGITUDFINAL": -87.93930243, "LONGITUDINICIO": -87.93962083, "TIPO": "RAMAL", "ID_EQUIPO": 306972, "CIRCUITO_2": "BER205" }, "geometry": { "type": "MultiLineString", "coordinates": [ [ [ -87.93949, 15.53122 ], [ -87.93973, 15.53098 ], [ -87.93994, 15.53074 ], [ -87.94028, 15.53042 ], [ -87.94049, 15.5302 ], [ -87.94074, 15.52995 ], [ -87.94105, 15.52967 ] ], [ [ -87.93983, 15.52787 ], [ -87.94, 15.5277 ], [ -87.94025, 15.52744 ], [ -87.94039, 15.52728 ] ], [ [ -87.93991, 15.52795 ], [ -87.93983, 15.52787 ] ], [ [ -87.93949, 15.53122 ], [ -87.93941, 15.53088 ], [ -87.93934, 15.53056 ], [ -87.93921, 15.52999 ], [ -87.93915, 15.52964 ], [ -87.93912, 15.52922 ], [ -87.93917, 15.52887 ], [ -87.93932, 15.52852 ], [ -87.9395, 15.5282 ], [ -87.93976, 15.52792 ], [ -87.93983, 15.52787 ] ], [ [ -87.93983, 15.52787 ], [ -87.93962, 15.52766 ], [ -87.9393, 15.52735 ] ], [ [ -87.93963, 15.53194 ], [ -87.93955, 15.53158 ], [ -87.93949, 15.53122 ] ] ] } },
{ "type": "Feature", "properties": { "ID_TRAMOMT": 3061773, "ID_APOYO1": 125875, "ID_APOYO2": 6509757, "SUBESTACION": "BER", "CIRCUITO": "BER288", "SECTOR": "SAN PEDRO SULA", "LATITUDFINAL": 15.5102831, "LATITUDINICIO": 15.51048096, "LONGITUDFINAL": -88.0294796, "LONGITUDINICIO": -88.02945441, "TIPO": "RAMAL", "ID_EQUIPO": 307700, "CIRCUITO_2": "BER288" }, "geometry": { "type": "MultiLineString", "coordinates": [ [ [ -88.02945, 15.51048 ], [ -88.02988, 15.51052 ], [ -88.03017, 15.51055 ] ], [ [ -88.02945, 15.51048 ], [ -88.02948, 15.51028 ] ], [ [ -88.02945, 15.51048 ], [ -88.02941, 15.51075 ], [ -88.02937, 15.51099 ], [ -88.0293, 15.5113 ] ], [ [ -88.02892, 15.51044 ], [ -88.02923, 15.51045 ], [ -88.02945, 15.51048 ] ], [ [ -88.02892, 15.51044 ], [ -88.02904, 15.5106 ], [ -88.0291, 15.51061 ] ], [ [ -88.02788, 15.51031 ], [ -88.02832, 15.51036 ], [ -88.02853, 15.51039 ], [ -88.02892, 15.51044 ] ] ] } },
{ "type": "Feature", "properties": { "ID_TRAMOMT": 3115521, "ID_APOYO1": 6736644, "ID_APOYO2": 6736646, "SUBESTACION": "BER", "CIRCUITO": "BER205", "SECTOR": "SAN PEDRO SULA", "LATITUDFINAL": 15.51254211, "LATITUDINICIO": 15.51269097, "LONGITUDFINAL": -87.97343116, "LONGITUDINICIO": -87.97362369, "TIPO": "RAMAL", "ID_EQUIPO": 2026271, "CIRCUITO_2": "BER205" }, "geometry": { "type": "MultiLineString", "coordinates": [ [ [ -87.98137, 15.5117 ], [ -87.9811, 15.51167 ], [ -87.98076, 15.51168 ], [ -87.98042, 15.51162 ], [ -87.98013, 15.5116 ], [ -87.97989, 15.51158 ], [ -87.97954, 15.51157 ], [ -87.97931, 15.51153 ], [ -87.97912, 15.51152 ], [ -87.97878, 15.51158 ], [ -87.97859, 15.51175 ], [ -87.97827, 15.51183 ], [ -87.97802, 15.51183 ], [ -87.97776, 15.5117 ], [ -87.97756, 15.51156 ], [ -87.97735, 15.51145 ], [ -87.97703, 15.51138 ], [ -87.97688, 15.51132 ] ], [ [ -87.97688, 15.51132 ], [ -87.97683, 15.51146 ] ], [ [ -87.97688, 15.51132 ], [ -87.9769, 15.51117 ], [ -87.97697, 15.51102 ], [ -87.97693, 15.51077 ], [ -87.97687, 15.51063 ], [ -87.97668, 15.51063 ], [ -87.97638, 15.51061 ], [ -87.97608, 15.51059 ], [ -87.97597, 15.51059 ] ], [ [ -87.97569, 15.51124 ], [ -87.97591, 15.51119 ], [ -87.97625, 15.51115 ], [ -87.97645, 15.5112 ], [ -87.97673, 15.51129 ], [ -87.97688, 15.51132 ] ], [ [ -87.97571, 15.51179 ], [ -87.97598, 15.51173 ], [ -87.97636, 15.51176 ] ], [ [ -87.97628, 15.5123 ], [ -87.97601, 15.51228 ], [ -87.97568, 15.51225 ], [ -87.9757, 15.51198 ], [ -87.97571, 15.51179 ] ], [ [ -87.97597, 15.51059 ], [ -87.97586, 15.51059 ] ], [ [ -87.97597, 15.51059 ], [ -87.97596, 15.51083 ] ], [ [ -87.97597, 15.51059 ], [ -87.97596, 15.51051 ], [ -87.97595, 15.5103 ], [ -87.97573, 15.51029 ], [ -87.97547, 15.51028 ] ], [ [ -87.97571, 15.51179 ], [ -87.97572, 15.5114 ], [ -87.97569, 15.51124 ] ], [ [ -87.97569, 15.51124 ], [ -87.97536, 15.51138 ], [ -87.97511, 15.51164 ], [ -87.97486, 15.51192 ], [ -87.97461, 15.5122 ], [ -87.97442, 15.5124 ], [ -87.97424, 15.51263 ], [ -87.974, 15.51289 ], [ -87.97375, 15.51314 ], [ -87.97357, 15.51335 ], [ -87.9734, 15.51353 ] ], [ [ -87.97547, 15.51028 ], [ -87.97534, 15.51047 ], [ -87.97535, 15.51073 ], [ -87.97538, 15.51094 ], [ -87.97523, 15.51087 ], [ -87.97502, 15.51105 ], [ -87.97487, 15.51126 ], [ -87.97474, 15.51146 ], [ -87.97456, 15.5117 ], [ -87.97439, 15.51188 ], [ -87.97419, 15.51206 ], [ -87.97401, 15.51228 ], [ -87.97382, 15.51249 ], [ -87.97362, 15.51269 ] ], [ [ -87.97547, 15.51028 ], [ -87.97518, 15.51027 ], [ -87.97501, 15.51027 ], [ -87.97471, 15.51027 ] ], [ [ -87.97362, 15.51269 ], [ -87.97344, 15.5129 ], [ -87.97327, 15.51311 ], [ -87.9731, 15.51332 ], [ -87.97297, 15.51345 ] ], [ [ -87.97362, 15.51269 ], [ -87.97343, 15.51254 ], [ -87.97325, 15.51242 ] ] ] } },
{ "type": "Feature", "properties": { "ID_TRAMOMT": 72398, "ID_APOYO1": 63812, "ID_APOYO2": 63753, "SUBESTACION": "BER", "CIRCUITO": "BER207", "SECTOR": "SAN PEDRO SULA", "LATITUDFINAL": 15.5173294, "LATITUDINICIO": 15.51727666, "LONGITUDFINAL": -88.01262259000001, "LONGITUDINICIO": -88.01229602, "TIPO": "RAMAL", "ID_EQUIPO": 306518, "CIRCUITO_2": "BER207" }, "geometry": { "type": "MultiLineString", "coordinates": [ [ [ -88.0123, 15.51728 ], [ -88.01262, 15.51733 ], [ -88.01294, 15.51737 ], [ -88.01328, 15.51742 ] ] ] } },
{ "type": "Feature", "properties": { "ID_TRAMOMT": 3115325, "ID_APOYO1": 6735532, "ID_APOYO2": 6508073, "SUBESTACION": "BER", "CIRCUITO": "BER205", "SECTOR": "SAN PEDRO SULA", "LATITUDFINAL": 15.51175562, "LATITUDINICIO": 15.51174129, "LONGITUDFINAL": -87.98177337, "LONGITUDINICIO": -87.98177434, "TIPO": "RAMAL", "ID_EQUIPO": 2026270, "CIRCUITO_2": "BER205" }, "geometry": { "type": "MultiLineString", "coordinates": [ [ [ -87.98177, 15.51176 ], [ -87.98177, 15.51174 ], [ -87.98137, 15.5117 ] ] ] } },
{ "type": "Feature", "properties": { "ID_TRAMOMT": 92449, "ID_APOYO1": 114273, "ID_APOYO2": 114175, "SUBESTACION": "BER", "CIRCUITO": "BER282", "SECTOR": "SAN PEDRO SULA", "LATITUDFINAL": 15.53895389, "LATITUDINICIO": 15.5389548, "LONGITUDFINAL": -88.02776225, "LONGITUDINICIO": -88.02767489, "TIPO": "RAMAL", "ID_EQUIPO": 2030009, "CIRCUITO_2": "BER282" }, "geometry": { "type": "MultiLineString", "coordinates": [ [ [ -88.02797, 15.53895 ], [ -88.02776, 15.53895 ] ], [ [ -88.0271, 15.53887 ], [ -88.02736, 15.53889 ], [ -88.02767, 15.53895 ], [ -88.02776, 15.53895 ] ], [ [ -88.02776, 15.53895 ], [ -88.02776, 15.53915 ] ], [ [ -88.02775, 15.53886 ], [ -88.02776, 15.53895 ] ], [ [ -88.0271, 15.53887 ], [ -88.0271, 15.53862 ], [ -88.02709, 15.53838 ], [ -88.02708, 15.53812 ] ], [ [ -88.02651, 15.53876 ], [ -88.02678, 15.53881 ], [ -88.0271, 15.53887 ] ], [ [ -88.02651, 15.53876 ], [ -88.02652, 15.53848 ], [ -88.02652, 15.53822 ], [ -88.02649, 15.5379 ], [ -88.02648, 15.53764 ], [ -88.02645, 15.53709 ], [ -88.02644, 15.53674 ], [ -88.02637, 15.53667 ] ], [ [ -88.02594, 15.53866 ], [ -88.02633, 15.53874 ], [ -88.02651, 15.53876 ] ], [ [ -88.02637, 15.53667 ], [ -88.02638, 15.53709 ] ], [ [ -88.02637, 15.53667 ], [ -88.02635, 15.53629 ] ], [ [ -88.02592, 15.53842 ], [ -88.02594, 15.53866 ] ], [ [ -88.02524, 15.53857 ], [ -88.02561, 15.53862 ], [ -88.02594, 15.53866 ] ], [ [ -88.02524, 15.53857 ], [ -88.02525, 15.53831 ], [ -88.02525, 15.53795 ], [ -88.02523, 15.53761 ] ], [ [ -88.02467, 15.53846 ], [ -88.02498, 15.53852 ], [ -88.02524, 15.53857 ] ] ] } },
{ "type": "Feature", "properties": { "ID_TRAMOMT": 70652, "ID_APOYO1": 63237, "ID_APOYO2": 63238, "SUBESTACION": "BER", "CIRCUITO": "BER205", "SECTOR": "SAN PEDRO SULA", "LATITUDFINAL": 15.52960667, "LATITUDINICIO": 15.52986066, "LONGITUDFINAL": -87.94501891, "LONGITUDINICIO": -87.94481494, "TIPO": "RAMAL", "ID_EQUIPO": 306966, "CIRCUITO_2": "BER205" }, "geometry": { "type": "MultiLineString", "coordinates": [ [ [ -87.94481, 15.52986 ], [ -87.94502, 15.52961 ], [ -87.94517, 15.5294 ], [ -87.94544, 15.52904 ] ] ] } },
{ "type": "Feature", "properties": { "ID_TRAMOMT": 71378, "ID_APOYO1": 64916, "ID_APOYO2": 64896, "SUBESTACION": "BER", "CIRCUITO": "BER207", "SECTOR": "SAN PEDRO SULA", "LATITUDFINAL": 15.52582568, "LATITUDINICIO": 15.52606152, "LONGITUDFINAL": -88.01085526, "LONGITUDINICIO": -88.01067925, "TIPO": "RAMAL", "ID_EQUIPO": 302382, "CIRCUITO_2": "BER207" }, "geometry": { "type": "MultiLineString", "coordinates": [ [ [ -88.01136, 15.52544 ], [ -88.01111, 15.52539 ] ], [ [ -88.01048, 15.52627 ], [ -88.01068, 15.52606 ], [ -88.01086, 15.52583 ], [ -88.01098, 15.52564 ], [ -88.01111, 15.52539 ] ], [ [ -88.01111, 15.52539 ], [ -88.01119, 15.52516 ], [ -88.01124, 15.5249 ], [ -88.01093, 15.52484 ], [ -88.01065, 15.52478 ], [ -88.01038, 15.52472 ] ], [ [ -88.01038, 15.52472 ], [ -88.01042, 15.52432 ], [ -88.01048, 15.52406 ] ], [ [ -88.00937, 15.52437 ], [ -88.00953, 15.52435 ], [ -88.00985, 15.52448 ], [ -88.01006, 15.52458 ], [ -88.01038, 15.52472 ] ], [ [ -88.00939, 15.52521 ], [ -88.00939, 15.52485 ], [ -88.00938, 15.52461 ], [ -88.00937, 15.52437 ] ], [ [ -88.00937, 15.52437 ], [ -88.00911, 15.52446 ] ] ] } },
{ "type": "Feature", "properties": { "ID_TRAMOMT": 72346, "ID_APOYO1": 64756, "ID_APOYO2": 64561, "SUBESTACION": "BER", "CIRCUITO": "BER207", "SECTOR": "SAN PEDRO SULA", "LATITUDFINAL": 15.52051081, "LATITUDINICIO": 15.52013981, "LONGITUDFINAL": -88.01470791, "LONGITUDINICIO": -88.01479001, "TIPO": "TRONCAL", "ID_EQUIPO": 306327, "CIRCUITO_2": "BER207" }, "geometry": { "type": "MultiLineString", "coordinates": [ [ [ -88.01479, 15.52014 ], [ -88.01471, 15.52051 ], [ -88.01467, 15.52068 ], [ -88.0146, 15.5211 ] ] ] } },
{ "type": "Feature", "properties": { "ID_TRAMOMT": 70650, "ID_APOYO1": 63235, "ID_APOYO2": 63236, "SUBESTACION": "BER", "CIRCUITO": "BER205", "SECTOR": "SAN PEDRO SULA", "LATITUDFINAL": 15.53031411, "LATITUDINICIO": 15.5306043, "LONGITUDFINAL": -87.94447202000001, "LONGITUDINICIO": -87.94425889, "TIPO": "RAMAL", "ID_EQUIPO": 306963, "CIRCUITO_2": "BER205" }, "geometry": { "type": "MultiLineString", "coordinates": [ [ [ -87.94338, 15.53177 ], [ -87.94349, 15.53165 ], [ -87.94367, 15.53138 ], [ -87.94381, 15.53119 ], [ -87.94396, 15.531 ], [ -87.94426, 15.5306 ], [ -87.94447, 15.53031 ], [ -87.94481, 15.52986 ] ] ] } },
{ "type": "Feature", "properties": { "ID_TRAMOMT": 90209, "ID_APOYO1": 111728, "ID_APOYO2": 112697, "SUBESTACION": "BER", "CIRCUITO": "BER248", "SECTOR": "SAN PEDRO SULA", "LATITUDFINAL": 15.54875106, "LATITUDINICIO": 15.54837217, "LONGITUDFINAL": -88.00866383, "LONGITUDINICIO": -88.00849414, "TIPO": "RAMAL", "ID_EQUIPO": null, "CIRCUITO_2": null }, "geometry": { "type": "MultiLineString", "coordinates": [ [ [ -88.02093, 15.56238 ], [ -88.02096, 15.56234 ] ], [ [ -88.02032, 15.56013 ], [ -88.02011, 15.55996 ], [ -88.01991, 15.5598 ], [ -88.01982, 15.5597 ] ], [ [ -88.01982, 15.5597 ], [ -88.01992, 15.55945 ], [ -88.01998, 15.55927 ], [ -88.02014, 15.55896 ], [ -88.02028, 15.55871 ] ], [ [ -88.01982, 15.5597 ], [ -88.01979, 15.55981 ] ], [ [ -88.01982, 15.5597 ], [ -88.01968, 15.55957 ], [ -88.01953, 15.55943 ], [ -88.01924, 15.55918 ], [ -88.01895, 15.55891 ], [ -88.01865, 15.55864 ], [ -88.01838, 15.55841 ], [ -88.0182, 15.55823 ] ], [ [ -88.01912, 15.5563 ], [ -88.01928, 15.55613 ] ], [ [ -88.01912, 15.5563 ], [ -88.01925, 15.55654 ] ], [ [ -88.01852, 15.55693 ], [ -88.01879, 15.55664 ], [ -88.01903, 15.55638 ], [ -88.01912, 15.5563 ] ], [ [ -88.01882, 15.55569 ], [ -88.01897, 15.556 ], [ -88.01909, 15.55625 ], [ -88.01912, 15.5563 ] ], [ [ -88.01882, 15.55569 ], [ -88.01899, 15.55552 ] ], [ [ -88.01882, 15.55569 ], [ -88.01877, 15.55574 ], [ -88.01851, 15.55606 ], [ -88.01839, 15.55634 ], [ -88.01823, 15.55651 ], [ -88.01801, 15.55663 ], [ -88.01779, 15.55679 ], [ -88.01754, 15.55705 ], [ -88.01723, 15.55734 ], [ -88.01695, 15.55762 ] ], [ [ -88.01851, 15.55508 ], [ -88.0186, 15.55528 ], [ -88.01877, 15.55559 ], [ -88.01882, 15.55569 ] ], [ [ -88.0182, 15.55823 ], [ -88.01825, 15.55819 ] ], [ [ -88.0182, 15.55823 ], [ -88.01803, 15.55843 ] ], [ [ -88.01787, 15.55793 ], [ -88.01794, 15.55799 ], [ -88.01817, 15.55819 ], [ -88.0182, 15.55823 ] ], [ [ -88.01787, 15.55793 ], [ -88.01789, 15.55789 ], [ -88.01816, 15.55762 ] ], [ [ -88.01787, 15.55793 ], [ -88.01768, 15.55812 ] ], [ [ -88.01771, 15.55778 ], [ -88.01787, 15.55793 ] ], [ [ -88.01523, 15.54221 ], [ -88.01516, 15.54234 ] ], [ [ -88.00849, 15.54837 ], [ -88.00866, 15.54875 ], [ -88.00985, 15.55129 ], [ -88.01007, 15.55177 ], [ -88.01037, 15.55221 ], [ -88.01059, 15.55262 ], [ -88.01087, 15.55312 ], [ -88.01113, 15.55362 ], [ -88.01138, 15.55405 ], [ -88.01162, 15.5545 ], [ -88.01196, 15.55493 ], [ -88.01234, 15.55535 ], [ -88.0127, 15.5558 ], [ -88.01309, 15.55628 ], [ -88.01347, 15.55668 ], [ -88.01381, 15.55711 ], [ -88.01413, 15.55752 ], [ -88.01453, 15.55793 ], [ -88.01481, 15.55844 ] ], [ [ -88.0113, 15.54697 ], [ -88.01139, 15.54702 ], [ -88.01147, 15.54713 ] ], [ [ -88.01088, 15.55011 ], [ -88.0109, 15.55009 ] ] ] } },
{ "type": "Feature", "properties": { "ID_TRAMOMT": 306335, "ID_APOYO1": 113555, "ID_APOYO2": 113526, "SUBESTACION": "BER", "CIRCUITO": "BER282", "SECTOR": "SAN PEDRO SULA", "LATITUDFINAL": 15.53620699, "LATITUDINICIO": 15.53619333, "LONGITUDFINAL": -88.02581978000001, "LONGITUDINICIO": -88.02621508, "TIPO": "RAMAL", "ID_EQUIPO": 2030015, "CIRCUITO_2": "BER282" }, "geometry": { "type": "MultiLineString", "coordinates": [ [ [ -88.02622, 15.53619 ], [ -88.02582, 15.53621 ] ] ] } },
{ "type": "Feature", "properties": { "ID_TRAMOMT": 96037, "ID_APOYO1": 125856, "ID_APOYO2": 126185, "SUBESTACION": "BER", "CIRCUITO": "BER288", "SECTOR": "SAN PEDRO SULA", "LATITUDFINAL": 15.51229274, "LATITUDINICIO": 15.51225815, "LONGITUDFINAL": -88.02862432000001, "LONGITUDINICIO": -88.02828852, "TIPO": "RAMAL", "ID_EQUIPO": 307711, "CIRCUITO_2": "BER288" }, "geometry": { "type": "MultiLineString", "coordinates": [ [ [ -88.02829, 15.51226 ], [ -88.02862, 15.51229 ], [ -88.02898, 15.51233 ], [ -88.02897, 15.51248 ] ] ] } },
{ "type": "Feature", "properties": { "ID_TRAMOMT": 70644, "ID_APOYO1": 61754, "ID_APOYO2": 61541, "SUBESTACION": "BER", "CIRCUITO": "BER205", "SECTOR": "SAN PEDRO SULA", "LATITUDFINAL": 15.53177419, "LATITUDINICIO": 15.53156787, "LONGITUDFINAL": -87.94337842, "LONGITUDINICIO": -87.94300452, "TIPO": "RAMAL", "ID_EQUIPO": 306959, "CIRCUITO_2": "BER205" }, "geometry": { "type": "MultiLineString", "coordinates": [ [ [ -87.94338, 15.53177 ], [ -87.943, 15.53157 ], [ -87.94324, 15.53128 ], [ -87.94343, 15.53101 ], [ -87.94363, 15.53074 ] ] ] } },
{ "type": "Feature", "properties": { "ID_TRAMOMT": 92429, "ID_APOYO1": 114476, "ID_APOYO2": 114448, "SUBESTACION": "BER", "CIRCUITO": "BER282", "SECTOR": "SAN PEDRO SULA", "LATITUDFINAL": 15.53846256, "LATITUDINICIO": 15.53841871, "LONGITUDFINAL": -88.02467006000001, "LONGITUDINICIO": -88.0243808, "TIPO": "RAMAL", "ID_EQUIPO": 2030012, "CIRCUITO_2": "BER282" }, "geometry": { "type": "MultiLineString", "coordinates": [ [ [ -88.02408, 15.53838 ], [ -88.02438, 15.53842 ], [ -88.02467, 15.53846 ], [ -88.02467, 15.53821 ], [ -88.02465, 15.53793 ], [ -88.02463, 15.53768 ] ] ] } },
{ "type": "Feature", "properties": { "ID_TRAMOMT": 70007, "ID_APOYO1": 62730, "ID_APOYO2": 62777, "SUBESTACION": "BER", "CIRCUITO": "BER205", "SECTOR": "SAN PEDRO SULA", "LATITUDFINAL": 15.5210961, "LATITUDINICIO": 15.52096836, "LONGITUDFINAL": -88.00730795, "LONGITUDINICIO": -88.00756839, "TIPO": "RAMAL", "ID_EQUIPO": 2011898, "CIRCUITO_2": "BER205" }, "geometry": { "type": "MultiLineString", "coordinates": [ [ [ -88.00757, 15.52097 ], [ -88.00731, 15.5211 ], [ -88.00711, 15.52117 ] ] ] } },
{ "type": "Feature", "properties": { "ID_TRAMOMT": 96040, "ID_APOYO1": 125732, "ID_APOYO2": 126192, "SUBESTACION": "BER", "CIRCUITO": "BER288", "SECTOR": "SAN PEDRO SULA", "LATITUDFINAL": 15.51281691, "LATITUDINICIO": 15.51265386, "LONGITUDFINAL": -88.02835424, "LONGITUDINICIO": -88.02822117, "TIPO": "RAMAL", "ID_EQUIPO": 307712, "CIRCUITO_2": "BER288" }, "geometry": { "type": "MultiLineString", "coordinates": [ [ [ -88.02822, 15.51265 ], [ -88.02835, 15.51282 ] ] ] } },
{ "type": "Feature", "properties": { "ID_TRAMOMT": 72402, "ID_APOYO1": 63862, "ID_APOYO2": 63863, "SUBESTACION": "BER", "CIRCUITO": "BER207", "SECTOR": "SAN PEDRO SULA", "LATITUDFINAL": 15.51783595, "LATITUDINICIO": 15.51781961, "LONGITUDFINAL": -88.01255048, "LONGITUDINICIO": -88.01226597, "TIPO": "RAMAL", "ID_EQUIPO": 306511, "CIRCUITO_2": "BER207" }, "geometry": { "type": "MultiLineString", "coordinates": [ [ [ -88.01227, 15.51782 ], [ -88.01255, 15.51784 ], [ -88.01292, 15.51787 ] ] ] } },
{ "type": "Feature", "properties": { "ID_TRAMOMT": 84786, "ID_APOYO1": 108806, "ID_APOYO2": 108807, "SUBESTACION": "BER", "CIRCUITO": "BER290", "SECTOR": "SAN PEDRO SULA", "LATITUDFINAL": 15.54427627, "LATITUDINICIO": 15.54438478, "LONGITUDFINAL": -88.0340792, "LONGITUDINICIO": -88.03407042000001, "TIPO": "RAMAL", "ID_EQUIPO": 2011301, "CIRCUITO_2": "BER290" }, "geometry": { "type": "MultiLineString", "coordinates": [ [ [ -88.03407, 15.54438 ], [ -88.03462, 15.54437 ], [ -88.03517, 15.54433 ], [ -88.03563, 15.54431 ] ], [ [ -88.03407, 15.54438 ], [ -88.03408, 15.54428 ] ], [ [ -88.03407, 15.54438 ], [ -88.03402, 15.54439 ], [ -88.03403, 15.5445 ] ] ] } },
{ "type": "Feature", "properties": { "ID_TRAMOMT": 90404, "ID_APOYO1": 109227, "ID_APOYO2": 111804, "SUBESTACION": "BER", "CIRCUITO": "BER248", "SECTOR": "SAN PEDRO SULA", "LATITUDFINAL": 15.53759341, "LATITUDINICIO": 15.53766628, "LONGITUDFINAL": -88.01715049000001, "LONGITUDINICIO": -88.01702963, "TIPO": "RAMAL", "ID_EQUIPO": 302787, "CIRCUITO_2": "BER248" }, "geometry": { "type": "MultiLineString", "coordinates": [ [ [ -88.01703, 15.53767 ], [ -88.01715, 15.53759 ] ] ] } },
{ "type": "Feature", "properties": { "ID_TRAMOMT": 70683, "ID_APOYO1": 62606, "ID_APOYO2": 63247, "SUBESTACION": "BER", "CIRCUITO": "BER205", "SECTOR": "SAN PEDRO SULA", "LATITUDFINAL": 15.53009573, "LATITUDINICIO": 15.53060013, "LONGITUDFINAL": -87.93632183, "LONGITUDINICIO": -87.93675302, "TIPO": "RAMAL", "ID_EQUIPO": 306987, "CIRCUITO_2": "BER205" }, "geometry": { "type": "MultiLineString", "coordinates": [ [ [ -87.93805, 15.53205 ], [ -87.93767, 15.53157 ], [ -87.93729, 15.53102 ], [ -87.93675, 15.5306 ], [ -87.93632, 15.5301 ], [ -87.93597, 15.52955 ], [ -87.93565, 15.52898 ], [ -87.93574, 15.52834 ], [ -87.93572, 15.52777 ] ] ] } },
{ "type": "Feature", "properties": { "ID_TRAMOMT": 72386, "ID_APOYO1": 64154, "ID_APOYO2": 64135, "SUBESTACION": "BER", "CIRCUITO": "BER207", "SECTOR": "SAN PEDRO SULA", "LATITUDFINAL": 15.51868435, "LATITUDINICIO": 15.51845819, "LONGITUDFINAL": -88.01086709, "LONGITUDINICIO": -88.01090328, "TIPO": "RAMAL", "ID_EQUIPO": 306540, "CIRCUITO_2": "BER207" }, "geometry": { "type": "MultiLineString", "coordinates": [ [ [ -88.01043, 15.51863 ], [ -88.01064, 15.51865 ], [ -88.01087, 15.51868 ], [ -88.0109, 15.51846 ] ] ] } },
{ "type": "Feature", "properties": { "ID_TRAMOMT": 70092, "ID_APOYO1": 63090, "ID_APOYO2": 62539, "SUBESTACION": "BER", "CIRCUITO": "BER205", "SECTOR": "SAN PEDRO SULA", "LATITUDFINAL": 15.5216652, "LATITUDINICIO": 15.521526, "LONGITUDFINAL": -87.97983377, "LONGITUDINICIO": -87.98007607, "TIPO": "RAMAL", "ID_EQUIPO": 302854, "CIRCUITO_2": "BER205" }, "geometry": { "type": "MultiLineString", "coordinates": [ [ [ -87.98172, 15.51835 ], [ -87.98189, 15.51863 ], [ -87.98207, 15.51891 ], [ -87.98225, 15.51918 ], [ -87.98243, 15.51945 ], [ -87.98263, 15.51975 ], [ -87.98224, 15.52003 ], [ -87.9819, 15.52027 ], [ -87.98129, 15.5207 ], [ -87.98066, 15.52111 ], [ -87.98008, 15.52153 ], [ -87.97983, 15.52167 ] ] ] } },
{ "type": "Feature", "properties": { "ID_TRAMOMT": 72668, "ID_APOYO1": 63873, "ID_APOYO2": 63800, "SUBESTACION": "BER", "CIRCUITO": "BER207", "SECTOR": "SAN PEDRO SULA", "LATITUDFINAL": 15.51722016, "LATITUDINICIO": 15.51686386, "LONGITUDFINAL": -88.0167243, "LONGITUDINICIO": -88.01679897, "TIPO": "RAMAL", "ID_EQUIPO": 2016574, "CIRCUITO_2": "BER207" }, "geometry": { "type": "MultiLineString", "coordinates": [ [ [ -88.0168, 15.51686 ], [ -88.01672, 15.51722 ], [ -88.0166, 15.51726 ] ] ] } },
{ "type": "Feature", "properties": { "ID_TRAMOMT": 72387, "ID_APOYO1": 64135, "ID_APOYO2": 64134, "SUBESTACION": "BER", "CIRCUITO": "BER207", "SECTOR": "SAN PEDRO SULA", "LATITUDFINAL": 15.51894713, "LATITUDINICIO": 15.51868435, "LONGITUDFINAL": -88.01072852, "LONGITUDINICIO": -88.01086709, "TIPO": "RAMAL", "ID_EQUIPO": 306539, "CIRCUITO_2": "BER207" }, "geometry": { "type": "MultiLineString", "coordinates": [ [ [ -88.01087, 15.51868 ], [ -88.01073, 15.51895 ] ] ] } },
{ "type": "Feature", "properties": { "ID_TRAMOMT": 90403, "ID_APOYO1": 109224, "ID_APOYO2": 110313, "SUBESTACION": "BER", "CIRCUITO": "BER248", "SECTOR": "SAN PEDRO SULA", "LATITUDFINAL": 15.537258, "LATITUDINICIO": 15.5372224, "LONGITUDFINAL": -88.01735397, "LONGITUDINICIO": -88.01723259000001, "TIPO": "RAMAL", "ID_EQUIPO": 302784, "CIRCUITO_2": "BER248" }, "geometry": { "type": "MultiLineString", "coordinates": [ [ [ -88.01723, 15.53722 ], [ -88.01735, 15.53726 ] ] ] } },
{ "type": "Feature", "properties": { "ID_TRAMOMT": 70086, "ID_APOYO1": 62447, "ID_APOYO2": 62502, "SUBESTACION": "BER", "CIRCUITO": "BER205", "SECTOR": "SAN PEDRO SULA", "LATITUDFINAL": 15.51975191, "LATITUDINICIO": 15.5194699, "LONGITUDFINAL": -87.98263164, "LONGITUDINICIO": -87.98303122, "TIPO": "RAMAL", "ID_EQUIPO": 302847, "CIRCUITO_2": "BER205" }, "geometry": { "type": "MultiLineString", "coordinates": [ [ [ -87.98263, 15.51975 ], [ -87.98303, 15.51947 ], [ -87.98286, 15.51919 ], [ -87.98269, 15.51892 ], [ -87.98251, 15.51864 ], [ -87.98233, 15.51837 ], [ -87.98216, 15.51811 ] ] ] } },
{ "type": "Feature", "properties": { "ID_TRAMOMT": 71400, "ID_APOYO1": 64326, "ID_APOYO2": 64330, "SUBESTACION": "BER", "CIRCUITO": "BER207", "SECTOR": "SAN PEDRO SULA", "LATITUDFINAL": 15.52248459, "LATITUDINICIO": 15.52257436, "LONGITUDFINAL": -88.01386602, "LONGITUDINICIO": -88.01415859, "TIPO": "RAMAL", "ID_EQUIPO": 302426, "CIRCUITO_2": "BER207" }, "geometry": { "type": "MultiLineString", "coordinates": [ [ [ -88.0159, 15.52315 ], [ -88.0158, 15.5231 ], [ -88.01535, 15.52297 ], [ -88.01501, 15.52284 ], [ -88.01457, 15.52272 ] ], [ [ -88.01457, 15.52272 ], [ -88.01452, 15.52298 ], [ -88.01444, 15.52328 ], [ -88.01408, 15.52322 ] ], [ [ -88.01457, 15.52272 ], [ -88.01416, 15.52257 ], [ -88.01387, 15.52248 ], [ -88.01362, 15.52241 ] ] ] } },
{ "type": "Feature", "properties": { "ID_TRAMOMT": 72366, "ID_APOYO1": 64205, "ID_APOYO2": 64204, "SUBESTACION": "BER", "CIRCUITO": "BER207", "SECTOR": "SAN PEDRO SULA", "LATITUDFINAL": 15.51987166, "LATITUDINICIO": 15.5197978, "LONGITUDFINAL": -88.01018294000001, "LONGITUDINICIO": -88.01001776, "TIPO": "RAMAL", "ID_EQUIPO": 306528, "CIRCUITO_2": "BER207" }, "geometry": { "type": "MultiLineString", "coordinates": [ [ [ -88.0092, 15.51955 ], [ -88.00941, 15.51948 ], [ -88.00969, 15.51963 ], [ -88.01002, 15.5198 ], [ -88.01018, 15.51987 ], [ -88.01001, 15.52014 ], [ -88.00988, 15.5204 ], [ -88.00968, 15.52073 ], [ -88.00952, 15.521 ], [ -88.00936, 15.52123 ] ] ] } },
{ "type": "Feature", "properties": { "ID_TRAMOMT": 340175, "ID_APOYO1": 65903, "ID_APOYO2": 306079, "SUBESTACION": "BER", "CIRCUITO": "BER208", "SECTOR": "SAN PEDRO SULA", "LATITUDFINAL": 15.51435344, "LATITUDINICIO": 15.51434385, "LONGITUDFINAL": -88.0210175, "LONGITUDINICIO": -88.0210175, "TIPO": "RAMAL", "ID_EQUIPO": 302841, "CIRCUITO_2": "BER208" }, "geometry": { "type": "MultiLineString", "coordinates": [ [ [ -88.02102, 15.51434 ], [ -88.02102, 15.51435 ] ] ] } },
{ "type": "Feature", "properties": { "ID_TRAMOMT": 90123, "ID_APOYO1": 109185, "ID_APOYO2": 109208, "SUBESTACION": "BER", "CIRCUITO": "BER290", "SECTOR": "SAN PEDRO SULA", "LATITUDFINAL": 15.56558986, "LATITUDINICIO": 15.56562961, "LONGITUDFINAL": -88.02668801, "LONGITUDINICIO": -88.02682996, "TIPO": "RAMAL", "ID_EQUIPO": 2012235, "CIRCUITO_2": "BER290" }, "geometry": { "type": "MultiLineString", "coordinates": [ [ [ -88.02683, 15.56563 ], [ -88.02669, 15.56559 ], [ -88.02662, 15.56509 ], [ -88.02649, 15.56453 ], [ -88.02641, 15.564 ], [ -88.02651, 15.56364 ], [ -88.02688, 15.56324 ], [ -88.02683, 15.56319 ] ] ] } },
{ "type": "Feature", "properties": { "ID_TRAMOMT": 90077, "ID_APOYO1": 108463, "ID_APOYO2": 108464, "SUBESTACION": "BER", "CIRCUITO": "BER290", "SECTOR": "SAN PEDRO SULA", "LATITUDFINAL": 15.57454435, "LATITUDINICIO": 15.57469943, "LONGITUDFINAL": -88.03519096, "LONGITUDINICIO": -88.03489331, "TIPO": "RAMAL", "ID_EQUIPO": 306683, "CIRCUITO_2": "BER290" }, "geometry": { "type": "MultiLineString", "coordinates": [ [ [ -88.03489, 15.5747 ], [ -88.03519, 15.57454 ], [ -88.03548, 15.57466 ], [ -88.036, 15.57463 ] ] ] } },
{ "type": "Feature", "properties": { "ID_TRAMOMT": 71394, "ID_APOYO1": 64875, "ID_APOYO2": 64281, "SUBESTACION": "BER", "CIRCUITO": "BER207", "SECTOR": "SAN PEDRO SULA", "LATITUDFINAL": 15.52438219, "LATITUDINICIO": 15.52441162, "LONGITUDFINAL": -88.01562328, "LONGITUDINICIO": -88.01564069, "TIPO": "RAMAL", "ID_EQUIPO": 302424, "CIRCUITO_2": "BER207" }, "geometry": { "type": "MultiLineString", "coordinates": [ [ [ -88.01564, 15.52441 ], [ -88.01562, 15.52438 ] ] ] } },
{ "type": "Feature", "properties": { "ID_TRAMOMT": 3008804, "ID_APOYO1": 6080518, "ID_APOYO2": 62836, "SUBESTACION": "BER", "CIRCUITO": "BER205", "SECTOR": "SAN PEDRO SULA", "LATITUDFINAL": 15.53339396, "LATITUDINICIO": 15.53321294, "LONGITUDFINAL": -87.93449054, "LONGITUDINICIO": -87.93454567000001, "TIPO": "RAMAL", "ID_EQUIPO": 307000, "CIRCUITO_2": "BER205" }, "geometry": { "type": "MultiLineString", "coordinates": [ [ [ -87.93455, 15.53321 ], [ -87.93449, 15.53339 ] ] ] } },
{ "type": "Feature", "properties": { "ID_TRAMOMT": 70338, "ID_APOYO1": 62854, "ID_APOYO2": 62855, "SUBESTACION": "BER", "CIRCUITO": "BER205", "SECTOR": "SAN PEDRO SULA", "LATITUDFINAL": 15.522724, "LATITUDINICIO": 15.52246712, "LONGITUDFINAL": -87.97491645, "LONGITUDINICIO": -87.97517181000001, "TIPO": "RAMAL", "ID_EQUIPO": 305927, "CIRCUITO_2": "BER205" }, "geometry": { "type": "MultiLineString", "coordinates": [ [ [ -87.97492, 15.52272 ], [ -87.97517, 15.52247 ], [ -87.97444, 15.52258 ] ], [ [ -87.97444, 15.52258 ], [ -87.97392, 15.52266 ], [ -87.97381, 15.52267 ] ], [ [ -87.97444, 15.52258 ], [ -87.97437, 15.523 ], [ -87.97428, 15.52348 ], [ -87.97418, 15.52394 ], [ -87.97416, 15.52448 ], [ -87.97415, 15.52457 ] ] ] } },
{ "type": "Feature", "properties": { "ID_TRAMOMT": 70698, "ID_APOYO1": 63264, "ID_APOYO2": 63265, "SUBESTACION": "BER", "CIRCUITO": "BER205", "SECTOR": "SAN PEDRO SULA", "LATITUDFINAL": 15.53438457, "LATITUDINICIO": 15.53320247, "LONGITUDFINAL": -87.9353808, "LONGITUDINICIO": -87.93488129000001, "TIPO": "RAMAL", "ID_EQUIPO": 306997, "CIRCUITO_2": "BER205" }, "geometry": { "type": "MultiLineString", "coordinates": [ [ [ -87.93488, 15.5332 ], [ -87.93538, 15.53438 ], [ -87.93554, 15.53486 ], [ -87.93579, 15.53614 ], [ -87.9361, 15.53766 ] ] ] } },
{ "type": "Feature", "properties": { "ID_TRAMOMT": 3134354, "ID_APOYO1": 6519739, "ID_APOYO2": 6900775, "SUBESTACION": "BER", "CIRCUITO": "BER206", "SECTOR": "SAN PEDRO SULA", "LATITUDFINAL": 15.53849472, "LATITUDINICIO": 15.53841694, "LONGITUDFINAL": -88.02300532, "LONGITUDINICIO": -88.02281432, "TIPO": "RAMAL", "ID_EQUIPO": 2030124, "CIRCUITO_2": "BER206" }, "geometry": { "type": "MultiLineString", "coordinates": [ [ [ -88.02287, 15.53853 ], [ -88.02281, 15.53842 ], [ -88.02301, 15.53849 ], [ -88.02315, 15.53854 ], [ -88.02372, 15.53874 ] ] ] } },
{ "type": "Feature", "properties": { "ID_TRAMOMT": 3063455, "ID_APOYO1": 6143645, "ID_APOYO2": 6308230, "SUBESTACION": "BER", "CIRCUITO": "BER290", "SECTOR": "SAN PEDRO SULA", "LATITUDFINAL": 15.56354027, "LATITUDINICIO": 15.56352485, "LONGITUDFINAL": -88.03029965, "LONGITUDINICIO": -88.03045167000001, "TIPO": "RAMAL", "ID_EQUIPO": 2012228, "CIRCUITO_2": "BER290" }, "geometry": { "type": "MultiLineString", "coordinates": [ [ [ -88.03045, 15.56352 ], [ -88.0303, 15.56354 ] ] ] } },
{ "type": "Feature", "properties": { "ID_TRAMOMT": 70988, "ID_APOYO1": 61401, "ID_APOYO2": 61404, "SUBESTACION": "BER", "CIRCUITO": "BER205", "SECTOR": "SAN PEDRO SULA", "LATITUDFINAL": 15.52098182, "LATITUDINICIO": 15.52109895, "LONGITUDFINAL": -87.97640003, "LONGITUDINICIO": -87.97576328, "TIPO": "RAMAL", "ID_EQUIPO": 305923, "CIRCUITO_2": "BER205" }, "geometry": { "type": "MultiLineString", "coordinates": [ [ [ -87.97564, 15.52005 ], [ -87.97571, 15.52055 ], [ -87.97576, 15.5211 ], [ -87.9764, 15.52098 ], [ -87.97635, 15.5205 ], [ -87.97629, 15.51997 ] ] ] } },
{ "type": "Feature", "properties": { "ID_TRAMOMT": 70212, "ID_APOYO1": 62539, "ID_APOYO2": 62540, "SUBESTACION": "BER", "CIRCUITO": "BER205", "SECTOR": "SAN PEDRO SULA", "LATITUDFINAL": 15.52207416, "LATITUDINICIO": 15.5216652, "LONGITUDFINAL": -87.97984069, "LONGITUDINICIO": -87.97983377, "TIPO": "RAMAL", "ID_EQUIPO": 302861, "CIRCUITO_2": "BER205" }, "geometry": { "type": "MultiLineString", "coordinates": [ [ [ -87.97985, 15.5221 ], [ -87.97984, 15.52207 ], [ -87.97983, 15.52167 ], [ -87.97962, 15.5218 ], [ -87.97888, 15.52192 ] ], [ [ -87.97888, 15.52192 ], [ -87.97813, 15.52204 ], [ -87.97735, 15.52215 ] ], [ [ -87.97888, 15.52192 ], [ -87.97887, 15.52185 ], [ -87.97885, 15.52172 ] ], [ [ -87.97885, 15.52172 ], [ -87.97876, 15.52173 ], [ -87.97861, 15.52175 ] ], [ [ -87.97885, 15.52172 ], [ -87.97873, 15.5214 ] ] ] } },
{ "type": "Feature", "properties": { "ID_TRAMOMT": 89184, "ID_APOYO1": 107449, "ID_APOYO2": 107450, "SUBESTACION": "BER", "CIRCUITO": "BER290", "SECTOR": "SAN PEDRO SULA", "LATITUDFINAL": 15.55196626, "LATITUDINICIO": 15.55183162, "LONGITUDFINAL": -88.02690952, "LONGITUDINICIO": -88.0267037, "TIPO": "RAMAL", "ID_EQUIPO": 306743, "CIRCUITO_2": "BER290" }, "geometry": { "type": "MultiLineString", "coordinates": [ [ [ -88.02786, 15.55264 ], [ -88.02754, 15.55242 ], [ -88.02721, 15.5522 ], [ -88.02691, 15.55197 ], [ -88.0267, 15.55183 ], [ -88.02647, 15.55168 ], [ -88.02673, 15.55139 ], [ -88.02693, 15.55137 ], [ -88.02727, 15.55157 ], [ -88.02762, 15.55177 ], [ -88.02796, 15.55198 ], [ -88.02832, 15.55219 ] ] ] } },
{ "type": "Feature", "properties": { "ID_TRAMOMT": 70986, "ID_APOYO1": 62050, "ID_APOYO2": 61400, "SUBESTACION": "BER", "CIRCUITO": "BER205", "SECTOR": "SAN PEDRO SULA", "LATITUDFINAL": 15.52175269, "LATITUDINICIO": 15.52235716, "LONGITUDFINAL": -87.97583492, "LONGITUDINICIO": -87.97589656, "TIPO": "RAMAL", "ID_EQUIPO": 305921, "CIRCUITO_2": "BER205" }, "geometry": { "type": "MultiLineString", "coordinates": [ [ [ -87.97575, 15.52238 ], [ -87.9759, 15.52236 ], [ -87.97583, 15.52175 ], [ -87.97576, 15.5211 ] ], [ [ -87.97517, 15.52247 ], [ -87.97575, 15.52238 ] ], [ [ -87.97575, 15.52238 ], [ -87.97574, 15.52238 ] ] ] } },
{ "type": "Feature", "properties": { "ID_TRAMOMT": 333348, "ID_APOYO1": 109203, "ID_APOYO2": 109153, "SUBESTACION": "BER", "CIRCUITO": "BER290", "SECTOR": "SAN PEDRO SULA", "LATITUDFINAL": 15.55748081, "LATITUDINICIO": 15.55722653, "LONGITUDFINAL": -88.02681564, "LONGITUDINICIO": -88.02706615, "TIPO": "RAMAL", "ID_EQUIPO": 2012219, "CIRCUITO_2": "BER290" }, "geometry": { "type": "MultiLineString", "coordinates": [ [ [ -88.02701, 15.55718 ], [ -88.02707, 15.55723 ], [ -88.02682, 15.55748 ] ] ] } },
{ "type": "Feature", "properties": { "ID_TRAMOMT": 313588, "ID_APOYO1": 64168, "ID_APOYO2": 64160, "SUBESTACION": "BER", "CIRCUITO": "BER207", "SECTOR": "SAN PEDRO SULA", "LATITUDFINAL": 15.51796081, "LATITUDINICIO": 15.51795173, "LONGITUDFINAL": -88.01094748, "LONGITUDINICIO": -88.01095676, "TIPO": "RAMAL", "ID_EQUIPO": 306543, "CIRCUITO_2": "BER207" }, "geometry": { "type": "MultiLineString", "coordinates": [ [ [ -88.01101, 15.51771 ], [ -88.01087, 15.51769 ] ], [ [ -88.01095, 15.51796 ], [ -88.01096, 15.51796 ] ], [ [ -88.01095, 15.51796 ], [ -88.01094, 15.51817 ], [ -88.0109, 15.51846 ] ], [ [ -88.01087, 15.51769 ], [ -88.01089, 15.51774 ], [ -88.01096, 15.51795 ], [ -88.01095, 15.51796 ] ], [ [ -88.01095, 15.51796 ], [ -88.01068, 15.51793 ] ], [ [ -88.01065, 15.51726 ], [ -88.01083, 15.5176 ], [ -88.01087, 15.51769 ] ], [ [ -88.01087, 15.51769 ], [ -88.01075, 15.51768 ] ] ] } },
{ "type": "Feature", "properties": { "ID_TRAMOMT": 90130, "ID_APOYO1": 108629, "ID_APOYO2": 108630, "SUBESTACION": "BER", "CIRCUITO": "BER290", "SECTOR": "SAN PEDRO SULA", "LATITUDFINAL": 15.56353893, "LATITUDINICIO": 15.5631937, "LONGITUDFINAL": -88.02646335, "LONGITUDINICIO": -88.02683465, "TIPO": "RAMAL", "ID_EQUIPO": 306733, "CIRCUITO_2": "BER290" }, "geometry": { "type": "MultiLineString", "coordinates": [ [ [ -88.02683, 15.56319 ], [ -88.02646, 15.56354 ], [ -88.02612, 15.56386 ], [ -88.02578, 15.56419 ] ] ] } },
{ "type": "Feature", "properties": { "ID_TRAMOMT": 95999, "ID_APOYO1": 125761, "ID_APOYO2": 125751, "SUBESTACION": "BER", "CIRCUITO": "BER288", "SECTOR": "SAN PEDRO SULA", "LATITUDFINAL": 15.51700852, "LATITUDINICIO": 15.51702827, "LONGITUDFINAL": -88.02288988, "LONGITUDINICIO": -88.02304452, "TIPO": "RAMAL", "ID_EQUIPO": 9836, "CIRCUITO_2": "BER288" }, "geometry": { "type": "MultiLineString", "coordinates": [ [ [ -88.02305, 15.51689 ], [ -88.02304, 15.51703 ], [ -88.02289, 15.51701 ] ] ] } },
{ "type": "Feature", "properties": { "ID_TRAMOMT": 327123, "ID_APOYO1": 125516, "ID_APOYO2": 125517, "SUBESTACION": "BER", "CIRCUITO": "BER288", "SECTOR": "SAN PEDRO SULA", "LATITUDFINAL": 15.5084683, "LATITUDINICIO": 15.50846817, "LONGITUDFINAL": -88.02683404, "LONGITUDINICIO": -88.02686201, "TIPO": "RAMAL", "ID_EQUIPO": 307783, "CIRCUITO_2": "BER288" }, "geometry": { "type": "MultiLineString", "coordinates": [ [ [ -88.02894, 15.5077 ], [ -88.02866, 15.50767 ], [ -88.02855, 15.50766 ], [ -88.0282, 15.50766 ], [ -88.02786, 15.50764 ], [ -88.02769, 15.50763 ], [ -88.02738, 15.50756 ] ], [ [ -88.02738, 15.50756 ], [ -88.0274, 15.5073 ], [ -88.02741, 15.5072 ] ], [ [ -88.02738, 15.50756 ], [ -88.02702, 15.5076 ] ], [ [ -88.02735, 15.5085 ], [ -88.02735, 15.50823 ], [ -88.02736, 15.50804 ], [ -88.02738, 15.50756 ] ], [ [ -88.02735, 15.5085 ], [ -88.02735, 15.50868 ] ], [ [ -88.02735, 15.5085 ], [ -88.02712, 15.50849 ], [ -88.02686, 15.50847 ] ], [ [ -88.02686, 15.50847 ], [ -88.02683, 15.50847 ] ], [ [ -88.02686, 15.50847 ], [ -88.02678, 15.50857 ] ], [ [ -88.0267, 15.50846 ], [ -88.02686, 15.50847 ] ] ] } },
{ "type": "Feature", "properties": { "ID_TRAMOMT": 90133, "ID_APOYO1": 108632, "ID_APOYO2": 108635, "SUBESTACION": "BER", "CIRCUITO": "BER290", "SECTOR": "SAN PEDRO SULA", "LATITUDFINAL": 15.56406795, "LATITUDINICIO": 15.56419298, "LONGITUDFINAL": -88.02544951, "LONGITUDINICIO": -88.02577652, "TIPO": "RAMAL", "ID_EQUIPO": 306735, "CIRCUITO_2": "BER290" }, "geometry": { "type": "MultiLineString", "coordinates": [ [ [ -88.02578, 15.56419 ], [ -88.02545, 15.56407 ] ] ] } },
{ "type": "Feature", "properties": { "ID_TRAMOMT": 72362, "ID_APOYO1": 63979, "ID_APOYO2": 64003, "SUBESTACION": "BER", "CIRCUITO": "BER207", "SECTOR": "SAN PEDRO SULA", "LATITUDFINAL": 15.52203774, "LATITUDINICIO": 15.52181995, "LONGITUDFINAL": -88.01171521000001, "LONGITUDINICIO": -88.01157538, "TIPO": "RAMAL", "ID_EQUIPO": 306568, "CIRCUITO_2": "BER207" }, "geometry": { "type": "MultiLineString", "coordinates": [ [ [ -88.0115, 15.52151 ], [ -88.01141, 15.52155 ], [ -88.01158, 15.52182 ], [ -88.01172, 15.52204 ] ] ] } },
{ "type": "Feature", "properties": { "ID_TRAMOMT": 72360, "ID_APOYO1": 63968, "ID_APOYO2": 63976, "SUBESTACION": "BER", "CIRCUITO": "BER207", "SECTOR": "SAN PEDRO SULA", "LATITUDFINAL": 15.5215474, "LATITUDINICIO": 15.52119585, "LONGITUDFINAL": -88.01141247, "LONGITUDINICIO": -88.01119632, "TIPO": "RAMAL", "ID_EQUIPO": 306561, "CIRCUITO_2": "BER207" }, "geometry": { "type": "MultiLineString", "coordinates": [ [ [ -88.01146, 15.52212 ], [ -88.01132, 15.52188 ], [ -88.01121, 15.52171 ], [ -88.01103, 15.52146 ] ], [ [ -88.01141, 15.52155 ], [ -88.0112, 15.5212 ], [ -88.01103, 15.52146 ] ], [ [ -88.01103, 15.52146 ], [ -88.01081, 15.5218 ] ] ] } },
{ "type": "Feature", "properties": { "ID_TRAMOMT": 3042019, "ID_APOYO1": 6293444, "ID_APOYO2": 6293426, "SUBESTACION": "BER", "CIRCUITO": "BER205", "SECTOR": "SAN PEDRO SULA", "LATITUDFINAL": 15.52059294, "LATITUDINICIO": 15.52051271, "LONGITUDFINAL": -87.97234248, "LONGITUDINICIO": -87.97297522, "TIPO": "RAMAL", "ID_EQUIPO": 2021181, "CIRCUITO_2": "BER205" }, "geometry": { "type": "MultiLineString", "coordinates": [ [ [ -87.97234, 15.52059 ], [ -87.97298, 15.52051 ], [ -87.97306, 15.52115 ], [ -87.97314, 15.52155 ] ] ] } },
{ "type": "Feature", "properties": { "ID_TRAMOMT": 303052, "ID_APOYO1": 125502, "ID_APOYO2": 125846, "SUBESTACION": "BER", "CIRCUITO": "BER288", "SECTOR": "SAN PEDRO SULA", "LATITUDFINAL": 15.5076993, "LATITUDINICIO": 15.50759965, "LONGITUDFINAL": -88.02697008, "LONGITUDINICIO": -88.02701621, "TIPO": "RAMAL", "ID_EQUIPO": 307788, "CIRCUITO_2": "BER288" }, "geometry": { "type": "MultiLineString", "coordinates": [ [ [ -88.02702, 15.5076 ], [ -88.02697, 15.5077 ] ] ] } },
{ "type": "Feature", "properties": { "ID_TRAMOMT": 90122, "ID_APOYO1": 108617, "ID_APOYO2": 109185, "SUBESTACION": "BER", "CIRCUITO": "BER290", "SECTOR": "SAN PEDRO SULA", "LATITUDFINAL": 15.56562961, "LATITUDINICIO": 15.56551637, "LONGITUDFINAL": -88.02682996, "LONGITUDINICIO": -88.02693943, "TIPO": "RAMAL", "ID_EQUIPO": 306727, "CIRCUITO_2": "BER290" }, "geometry": { "type": "MultiLineString", "coordinates": [ [ [ -88.02694, 15.56552 ], [ -88.02683, 15.56563 ] ] ] } },
{ "type": "Feature", "properties": { "ID_TRAMOMT": 72945, "ID_APOYO1": 66111, "ID_APOYO2": 65693, "SUBESTACION": "BER", "CIRCUITO": "BER208", "SECTOR": "SAN PEDRO SULA", "LATITUDFINAL": 15.5078367, "LATITUDINICIO": 15.50777868, "LONGITUDFINAL": -88.02326931, "LONGITUDINICIO": -88.02337608000001, "TIPO": "RAMAL", "ID_EQUIPO": 306334, "CIRCUITO_2": "BER208" }, "geometry": { "type": "MultiLineString", "coordinates": [ [ [ -88.02338, 15.50778 ], [ -88.02327, 15.50784 ], [ -88.02326, 15.50804 ] ] ] } },
{ "type": "Feature", "properties": { "ID_TRAMOMT": 87539, "ID_APOYO1": 126167, "ID_APOYO2": 126168, "SUBESTACION": "BER", "CIRCUITO": "BER288", "SECTOR": "SAN PEDRO SULA", "LATITUDFINAL": 15.50775734, "LATITUDINICIO": 15.50773248, "LONGITUDFINAL": -88.03003758, "LONGITUDINICIO": -88.02955267, "TIPO": "RAMAL", "ID_EQUIPO": 307790, "CIRCUITO_2": "BER288" }, "geometry": { "type": "MultiLineString", "coordinates": [ [ [ -88.02955, 15.50773 ], [ -88.03004, 15.50776 ], [ -88.03039, 15.50779 ] ], [ [ -88.02955, 15.50773 ], [ -88.02961, 15.50788 ] ], [ [ -88.02955, 15.50773 ], [ -88.02932, 15.50772 ], [ -88.02914, 15.50772 ] ] ] } },
{ "type": "Feature", "properties": { "ID_TRAMOMT": 3013904, "ID_APOYO1": 108656, "ID_APOYO2": 6098589, "SUBESTACION": "BER", "CIRCUITO": "BER290", "SECTOR": "SAN PEDRO SULA", "LATITUDFINAL": 15.56689438, "LATITUDINICIO": 15.56636818, "LONGITUDFINAL": -88.0280187, "LONGITUDINICIO": -88.0284264, "TIPO": "TRONCAL", "ID_EQUIPO": 2003373, "CIRCUITO_2": "BER290" }, "geometry": { "type": "MultiLineString", "coordinates": [ [ [ -88.02843, 15.56637 ], [ -88.02802, 15.56689 ], [ -88.02822, 15.56699 ], [ -88.02804, 15.56726 ], [ -88.02778, 15.56763 ], [ -88.02756, 15.56791 ], [ -88.02734, 15.56824 ], [ -88.02709, 15.56858 ], [ -88.02681, 15.56894 ], [ -88.02657, 15.56929 ], [ -88.02635, 15.56957 ], [ -88.02608, 15.56997 ], [ -88.02586, 15.57027 ], [ -88.02559, 15.57065 ], [ -88.02536, 15.57098 ], [ -88.02509, 15.57136 ], [ -88.0248, 15.57178 ], [ -88.02453, 15.57217 ], [ -88.02423, 15.57261 ], [ -88.024, 15.57248 ], [ -88.02367, 15.57291 ], [ -88.02329, 15.57333 ] ] ] } },
{ "type": "Feature", "properties": { "ID_TRAMOMT": 359716, "ID_APOYO1": 125886, "ID_APOYO2": 313009, "SUBESTACION": "BER", "CIRCUITO": "BER288", "SECTOR": "SAN PEDRO SULA", "LATITUDFINAL": 15.50871308, "LATITUDINICIO": 15.50870795, "LONGITUDFINAL": -88.02972388000001, "LONGITUDINICIO": -88.02972531, "TIPO": "RAMAL", "ID_EQUIPO": 307763, "CIRCUITO_2": "BER288" }, "geometry": { "type": "MultiLineString", "coordinates": [ [ [ -88.02973, 15.50872 ], [ -88.02971, 15.5089 ], [ -88.02965, 15.50931 ], [ -88.02959, 15.50962 ], [ -88.03018, 15.50967 ], [ -88.03049, 15.5097 ] ], [ [ -88.02973, 15.50872 ], [ -88.02993, 15.50873 ], [ -88.03038, 15.50875 ] ], [ [ -88.02973, 15.50872 ], [ -88.02974, 15.50864 ] ], [ [ -88.02973, 15.50871 ], [ -88.02973, 15.50872 ] ], [ [ -88.02973, 15.50871 ], [ -88.02972, 15.50871 ] ], [ [ -88.02898, 15.50865 ], [ -88.02917, 15.50867 ], [ -88.02927, 15.50867 ], [ -88.0294, 15.50868 ], [ -88.02973, 15.50871 ] ] ] } },
{ "type": "Feature", "properties": { "ID_TRAMOMT": 96099, "ID_APOYO1": 125664, "ID_APOYO2": 125590, "SUBESTACION": "BER", "CIRCUITO": "BER288", "SECTOR": "SAN PEDRO SULA", "LATITUDFINAL": 15.53322402, "LATITUDINICIO": 15.53345711, "LONGITUDFINAL": -88.01686403, "LONGITUDINICIO": -88.01736705, "TIPO": "RAMAL", "ID_EQUIPO": 302336, "CIRCUITO_2": "BER288" }, "geometry": { "type": "MultiLineString", "coordinates": [ [ [ -88.01737, 15.53346 ], [ -88.01686, 15.53322 ] ] ] } },
{ "type": "Feature", "properties": { "ID_TRAMOMT": 95946, "ID_APOYO1": 125889, "ID_APOYO2": 125575, "SUBESTACION": "BER", "CIRCUITO": "BER288", "SECTOR": "SAN PEDRO SULA", "LATITUDFINAL": 15.50888548, "LATITUDINICIO": 15.5087501, "LONGITUDFINAL": -88.03042541000001, "LONGITUDINICIO": -88.03037812, "TIPO": "RAMAL", "ID_EQUIPO": 307771, "CIRCUITO_2": "BER288" }, "geometry": { "type": "MultiLineString", "coordinates": [ [ [ -88.03038, 15.50875 ], [ -88.03043, 15.50889 ] ] ] } },
{ "type": "Feature", "properties": { "ID_TRAMOMT": 70910, "ID_APOYO1": 62861, "ID_APOYO2": 62862, "SUBESTACION": "BER", "CIRCUITO": "BER205", "SECTOR": "SAN PEDRO SULA", "LATITUDFINAL": 15.52387276, "LATITUDINICIO": 15.52391677, "LONGITUDFINAL": -87.96859108, "LONGITUDINICIO": -87.96886167, "TIPO": "RAMAL", "ID_EQUIPO": 305957, "CIRCUITO_2": "BER205" }, "geometry": { "type": "MultiLineString", "coordinates": [ [ [ -87.96861, 15.52414 ], [ -87.96868, 15.52417 ], [ -87.96886, 15.52392 ], [ -87.96859, 15.52387 ] ] ] } },
{ "type": "Feature", "properties": { "ID_TRAMOMT": 337935, "ID_APOYO1": 65046, "ID_APOYO2": 62709, "SUBESTACION": "BER", "CIRCUITO": "BER207", "SECTOR": "SAN PEDRO SULA", "LATITUDFINAL": 15.53121042, "LATITUDINICIO": 15.53142775, "LONGITUDFINAL": -88.01147822, "LONGITUDINICIO": -88.01139537, "TIPO": "TRONCAL", "ID_EQUIPO": 302248, "CIRCUITO_2": "BER207" }, "geometry": { "type": "MultiLineString", "coordinates": [ [ [ -88.0158, 15.52368 ], [ -88.01586, 15.5234 ], [ -88.0159, 15.52315 ], [ -88.01593, 15.523 ], [ -88.01602, 15.52262 ], [ -88.01605, 15.52249 ], [ -88.01613, 15.5221 ], [ -88.01619, 15.52181 ], [ -88.01633, 15.52117 ], [ -88.01638, 15.52093 ], [ -88.01643, 15.52063 ] ], [ [ -88.01605, 15.52373 ], [ -88.0158, 15.52368 ] ], [ [ -88.01128, 15.53173 ], [ -88.01131, 15.53165 ], [ -88.0114, 15.53143 ], [ -88.01148, 15.53121 ], [ -88.01162, 15.53086 ], [ -88.01174, 15.53055 ], [ -88.0118, 15.53044 ], [ -88.01232, 15.53094 ], [ -88.01274, 15.53138 ], [ -88.01306, 15.53173 ], [ -88.01323, 15.53193 ], [ -88.0142, 15.53123 ], [ -88.01429, 15.53088 ], [ -88.01438, 15.53037 ], [ -88.01448, 15.52996 ], [ -88.01457, 15.52958 ], [ -88.01465, 15.52921 ], [ -88.01472, 15.5288 ], [ -88.01483, 15.52833 ], [ -88.01492, 15.52793 ], [ -88.01501, 15.52745 ], [ -88.01508, 15.52705 ], [ -88.01518, 15.52659 ], [ -88.01526, 15.52618 ], [ -88.01531, 15.52577 ], [ -88.0155, 15.52503 ], [ -88.0156, 15.52464 ], [ -88.01564, 15.52441 ], [ -88.01575, 15.5239 ], [ -88.0158, 15.52368 ] ] ] } },
{ "type": "Feature", "properties": { "ID_TRAMOMT": 3095563, "ID_APOYO1": 62873, "ID_APOYO2": 6635926, "SUBESTACION": "BER", "CIRCUITO": "BER205", "SECTOR": "SAN PEDRO SULA", "LATITUDFINAL": 15.52371664, "LATITUDINICIO": 15.52373537, "LONGITUDFINAL": -87.96892501000001, "LONGITUDINICIO": -87.96900068, "TIPO": "RAMAL", "ID_EQUIPO": 305954, "CIRCUITO_2": "BER205" }, "geometry": { "type": "MultiLineString", "coordinates": [ [ [ -87.96938, 15.52332 ], [ -87.96932, 15.52346 ], [ -87.969, 15.52374 ] ], [ [ -87.969, 15.52374 ], [ -87.96886, 15.52392 ] ], [ [ -87.969, 15.52374 ], [ -87.96893, 15.52372 ] ] ] } },
{ "type": "Feature", "properties": { "ID_TRAMOMT": 95938, "ID_APOYO1": 126068, "ID_APOYO2": 126164, "SUBESTACION": "BER", "CIRCUITO": "BER288", "SECTOR": "SAN PEDRO SULA", "LATITUDFINAL": 15.50817797, "LATITUDINICIO": 15.50835041, "LONGITUDFINAL": -88.02900483000001, "LONGITUDINICIO": -88.02885652000001, "TIPO": "RAMAL", "ID_EQUIPO": 307776, "CIRCUITO_2": "BER288" }, "geometry": { "type": "MultiLineString", "coordinates": [ [ [ -88.02886, 15.50835 ], [ -88.029, 15.50818 ] ] ] } },
{ "type": "Feature", "properties": { "ID_TRAMOMT": 70244, "ID_APOYO1": 63380, "ID_APOYO2": 61807, "SUBESTACION": "BER", "CIRCUITO": "BER205", "SECTOR": "SAN PEDRO SULA", "LATITUDFINAL": 15.53929354, "LATITUDINICIO": 15.53896642, "LONGITUDFINAL": -87.9542849, "LONGITUDINICIO": -87.95467501, "TIPO": "TRONCAL", "ID_EQUIPO": 302581, "CIRCUITO_2": "BER205" }, "geometry": { "type": "MultiLineString", "coordinates": [ [ [ -87.98565, 15.51775 ], [ -87.98498, 15.51816 ], [ -87.98479, 15.51829 ] ], [ [ -87.9847, 15.51817 ], [ -87.98473, 15.51815 ], [ -87.98512, 15.51791 ] ], [ [ -87.98479, 15.51829 ], [ -87.98435, 15.51862 ] ], [ [ -87.98479, 15.51829 ], [ -87.9847, 15.51817 ] ], [ [ -87.9847, 15.51817 ], [ -87.98453, 15.51828 ], [ -87.98413, 15.51855 ], [ -87.98379, 15.51878 ], [ -87.98347, 15.519 ], [ -87.98313, 15.51924 ], [ -87.98287, 15.51942 ], [ -87.98243, 15.51971 ], [ -87.98216, 15.5199 ] ], [ [ -87.9847, 15.51817 ], [ -87.98464, 15.51808 ] ], [ [ -87.97742, 15.52211 ], [ -87.97705, 15.52216 ], [ -87.97662, 15.52221 ] ], [ [ -87.97662, 15.52221 ], [ -87.97622, 15.52228 ], [ -87.97576, 15.52237 ], [ -87.9754, 15.52241 ], [ -87.97505, 15.52246 ], [ -87.97463, 15.5225 ], [ -87.97431, 15.52256 ], [ -87.97391, 15.52263 ], [ -87.97369, 15.52265 ], [ -87.9733, 15.52271 ], [ -87.97278, 15.52279 ], [ -87.9723, 15.52285 ], [ -87.97184, 15.52292 ], [ -87.97142, 15.52296 ], [ -87.97102, 15.52302 ], [ -87.97054, 15.52307 ], [ -87.97012, 15.52314 ], [ -87.96967, 15.52322 ], [ -87.96946, 15.52328 ], [ -87.96923, 15.52329 ] ], [ [ -87.97662, 15.52221 ], [ -87.9766, 15.52229 ] ], [ [ -87.95887, 15.53386 ], [ -87.95853, 15.53431 ], [ -87.95818, 15.53474 ], [ -87.95787, 15.53516 ], [ -87.95752, 15.53557 ], [ -87.95718, 15.53601 ], [ -87.95681, 15.53644 ], [ -87.95646, 15.53687 ], [ -87.9561, 15.53728 ], [ -87.95578, 15.53771 ], [ -87.9554, 15.53813 ], [ -87.95506, 15.53854 ], [ -87.95468, 15.53897 ], [ -87.95428, 15.53929 ], [ -87.95379, 15.53952 ], [ -87.95323, 15.53958 ], [ -87.95271, 15.5396 ], [ -87.95231, 15.5396 ], [ -87.9519, 15.53961 ], [ -87.95133, 15.53962 ], [ -87.95078, 15.53963 ] ] ] } },
{ "type": "Feature", "properties": { "ID_TRAMOMT": 3038904, "ID_APOYO1": 6224725, "ID_APOYO2": 6224691, "SUBESTACION": "BER", "CIRCUITO": "BER205", "SECTOR": "SAN PEDRO SULA", "LATITUDFINAL": 15.51269759, "LATITUDINICIO": 15.5125181, "LONGITUDFINAL": -87.97899708, "LONGITUDINICIO": -87.97902665, "TIPO": "RAMAL", "ID_EQUIPO": 2005981, "CIRCUITO_2": "BER205" }, "geometry": { "type": "MultiLineString", "coordinates": [ [ [ -87.98032, 15.51295 ], [ -87.98003, 15.51291 ], [ -87.98, 15.51292 ] ], [ [ -87.98008, 15.51187 ], [ -87.98007, 15.51203 ], [ -87.98003, 15.5123 ], [ -87.98002, 15.51255 ], [ -87.98, 15.51276 ], [ -87.98, 15.51292 ] ], [ [ -87.98, 15.51292 ], [ -87.97996, 15.51311 ], [ -87.97994, 15.51344 ] ], [ [ -87.97949, 15.51287 ], [ -87.97952, 15.51289 ], [ -87.97988, 15.51291 ], [ -87.98, 15.51292 ] ], [ [ -87.97951, 15.5125 ], [ -87.97949, 15.51275 ], [ -87.97949, 15.51287 ] ], [ [ -87.97897, 15.51283 ], [ -87.97907, 15.51284 ], [ -87.97935, 15.51287 ], [ -87.97949, 15.51287 ] ], [ [ -87.97945, 15.51345 ], [ -87.97948, 15.51319 ], [ -87.97949, 15.51287 ] ], [ [ -87.97903, 15.51252 ], [ -87.979, 15.5127 ], [ -87.97897, 15.51283 ] ], [ [ -87.97845, 15.51283 ], [ -87.97855, 15.51282 ], [ -87.97891, 15.51284 ], [ -87.97897, 15.51283 ] ], [ [ -87.97897, 15.51283 ], [ -87.97897, 15.51307 ], [ -87.97897, 15.51344 ], [ -87.97894, 15.51377 ], [ -87.97891, 15.514 ] ], [ [ -87.97845, 15.51283 ], [ -87.97848, 15.51268 ], [ -87.9785, 15.51251 ] ], [ [ -87.97842, 15.5134 ], [ -87.97846, 15.51304 ], [ -87.97845, 15.51283 ] ], [ [ -87.97789, 15.51278 ], [ -87.97797, 15.51278 ], [ -87.97838, 15.51282 ], [ -87.97845, 15.51283 ] ], [ [ -87.97789, 15.51274 ], [ -87.97789, 15.51278 ] ], [ [ -87.97783, 15.51395 ], [ -87.97784, 15.51364 ], [ -87.97783, 15.51341 ], [ -87.97788, 15.51314 ], [ -87.97789, 15.51278 ] ], [ [ -87.97789, 15.51278 ], [ -87.97782, 15.51277 ], [ -87.97755, 15.51275 ], [ -87.97734, 15.51281 ] ], [ [ -87.97739, 15.51187 ], [ -87.97737, 15.51211 ], [ -87.97736, 15.51237 ], [ -87.97732, 15.51266 ], [ -87.97734, 15.51281 ] ], [ [ -87.97734, 15.51281 ], [ -87.97727, 15.51284 ], [ -87.97699, 15.51288 ], [ -87.97685, 15.5129 ] ], [ [ -87.97734, 15.51281 ], [ -87.9773, 15.51291 ] ], [ [ -87.97681, 15.51297 ], [ -87.97685, 15.5129 ] ], [ [ -87.97685, 15.5129 ], [ -87.97682, 15.51281 ], [ -87.97681, 15.51263 ] ], [ [ -87.97685, 15.5129 ], [ -87.97677, 15.51289 ], [ -87.97663, 15.5129 ], [ -87.97637, 15.51284 ] ] ] } },
{ "type": "Feature", "properties": { "ID_TRAMOMT": 72861, "ID_APOYO1": 65615, "ID_APOYO2": 65616, "SUBESTACION": "BER", "CIRCUITO": "BER208", "SECTOR": "SAN PEDRO SULA", "LATITUDFINAL": 15.50749105, "LATITUDINICIO": 15.50739092, "LONGITUDFINAL": -88.02314671000001, "LONGITUDINICIO": -88.02329538, "TIPO": "RAMAL", "ID_EQUIPO": 306352, "CIRCUITO_2": "BER208" }, "geometry": { "type": "MultiLineString", "coordinates": [ [ [ -88.02292, 15.50737 ], [ -88.0233, 15.50739 ], [ -88.02315, 15.50749 ] ], [ [ -88.02292, 15.50737 ], [ -88.02292, 15.50732 ] ], [ [ -88.02239, 15.50738 ], [ -88.02272, 15.50738 ], [ -88.02281, 15.50738 ], [ -88.02292, 15.50737 ] ] ] } },
{ "type": "Feature", "properties": { "ID_TRAMOMT": 91848, "ID_APOYO1": 113063, "ID_APOYO2": 112825, "SUBESTACION": "BER", "CIRCUITO": "BER282", "SECTOR": "SAN PEDRO SULA", "LATITUDFINAL": 15.52741929, "LATITUDINICIO": 15.52741125, "LONGITUDFINAL": -88.02400946, "LONGITUDINICIO": -88.02379498000001, "TIPO": "RAMAL", "ID_EQUIPO": 302614, "CIRCUITO_2": "BER282" }, "geometry": { "type": "MultiLineString", "coordinates": [ [ [ -88.02278, 15.52817 ], [ -88.0231, 15.52787 ], [ -88.02347, 15.5274 ], [ -88.02379, 15.52741 ], [ -88.02401, 15.52742 ], [ -88.02433, 15.52743 ] ] ] } },
{ "type": "Feature", "properties": { "ID_TRAMOMT": 3092210, "ID_APOYO1": 6631368, "ID_APOYO2": 6631378, "SUBESTACION": "BER", "CIRCUITO": "BER205", "SECTOR": "SAN PEDRO SULA", "LATITUDFINAL": 15.55737389, "LATITUDINICIO": 15.55714456, "LONGITUDFINAL": -87.92275344, "LONGITUDINICIO": -87.92256105, "TIPO": "RAMAL", "ID_EQUIPO": 2020189, "CIRCUITO_2": "BER205" }, "geometry": { "type": "MultiLineString", "coordinates": [ [ [ -87.92256, 15.55714 ], [ -87.92275, 15.55737 ], [ -87.92325, 15.55739 ], [ -87.9235, 15.55778 ], [ -87.92346, 15.5582 ], [ -87.92374, 15.55831 ] ] ] } },
{ "type": "Feature", "properties": { "ID_TRAMOMT": 70253, "ID_APOYO1": 63187, "ID_APOYO2": 62800, "SUBESTACION": "BER", "CIRCUITO": "BER205", "SECTOR": "SAN PEDRO SULA", "LATITUDFINAL": 15.53953005, "LATITUDINICIO": 15.53969955, "LONGITUDFINAL": -87.94975432, "LONGITUDINICIO": -87.95027726, "TIPO": "TRONCAL", "ID_EQUIPO": 306795, "CIRCUITO_2": "BER205" }, "geometry": { "type": "MultiLineString", "coordinates": [ [ [ -87.95064, 15.54465 ], [ -87.95071, 15.54424 ], [ -87.95081, 15.54383 ], [ -87.95086, 15.54336 ], [ -87.9508, 15.54292 ], [ -87.95074, 15.54251 ], [ -87.95067, 15.54202 ], [ -87.95067, 15.54161 ], [ -87.95071, 15.5411 ], [ -87.95079, 15.54062 ], [ -87.95082, 15.54019 ], [ -87.95087, 15.53982 ], [ -87.95078, 15.53963 ], [ -87.95028, 15.5397 ], [ -87.94975, 15.53953 ], [ -87.94922, 15.53932 ], [ -87.94875, 15.53904 ], [ -87.94829, 15.53879 ], [ -87.94782, 15.53851 ], [ -87.94735, 15.53825 ], [ -87.94689, 15.53795 ], [ -87.94652, 15.53756 ], [ -87.94619, 15.53711 ], [ -87.94593, 15.53663 ], [ -87.94566, 15.53618 ], [ -87.94543, 15.53573 ], [ -87.94513, 15.53526 ], [ -87.94498, 15.53472 ], [ -87.94451, 15.53436 ], [ -87.94399, 15.53407 ], [ -87.94352, 15.53388 ], [ -87.94306, 15.53366 ], [ -87.94256, 15.53341 ], [ -87.94212, 15.53321 ], [ -87.9417, 15.53303 ] ] ] } },
{ "type": "Feature", "properties": { "ID_TRAMOMT": 73057, "ID_APOYO1": 66040, "ID_APOYO2": 66041, "SUBESTACION": "BER", "CIRCUITO": "BER208", "SECTOR": "SAN PEDRO SULA", "LATITUDFINAL": 15.50653669, "LATITUDINICIO": 15.50656242, "LONGITUDFINAL": -88.02427006000001, "LONGITUDINICIO": -88.02456852, "TIPO": "TRONCAL", "ID_EQUIPO": 2010934, "CIRCUITO_2": "BER208" }, "geometry": { "type": "MultiLineString", "coordinates": [ [ [ -88.02457, 15.50656 ], [ -88.02427, 15.50654 ] ] ] } },
{ "type": "Feature", "properties": { "ID_TRAMOMT": 90402, "ID_APOYO1": 109222, "ID_APOYO2": 110610, "SUBESTACION": "BER", "CIRCUITO": "BER248", "SECTOR": "SAN PEDRO SULA", "LATITUDFINAL": 15.53704919, "LATITUDINICIO": 15.53695966, "LONGITUDFINAL": -88.01754876, "LONGITUDINICIO": -88.01736183, "TIPO": "RAMAL", "ID_EQUIPO": 302717, "CIRCUITO_2": "BER248" }, "geometry": { "type": "MultiLineString", "coordinates": [ [ [ -88.01736, 15.53696 ], [ -88.01755, 15.53705 ] ] ] } },
{ "type": "Feature", "properties": { "ID_TRAMOMT": 92347, "ID_APOYO1": 113769, "ID_APOYO2": 113572, "SUBESTACION": "BER", "CIRCUITO": "BER282", "SECTOR": "SAN PEDRO SULA", "LATITUDFINAL": 15.53615519, "LATITUDINICIO": 15.53621467, "LONGITUDFINAL": -88.02516216, "LONGITUDINICIO": -88.02536077000001, "TIPO": "RAMAL", "ID_EQUIPO": 2030052, "CIRCUITO_2": "BER282" }, "geometry": { "type": "MultiLineString", "coordinates": [ [ [ -88.02554, 15.53621 ], [ -88.02536, 15.53621 ], [ -88.02516, 15.53616 ] ], [ [ -88.02516, 15.53616 ], [ -88.02519, 15.53635 ], [ -88.02519, 15.53659 ] ], [ [ -88.02516, 15.53616 ], [ -88.025, 15.53612 ], [ -88.02481, 15.53607 ], [ -88.02441, 15.53595 ], [ -88.02417, 15.53588 ], [ -88.02435, 15.53562 ] ] ] } },
{ "type": "Feature", "properties": { "ID_TRAMOMT": 92301, "ID_APOYO1": 114777, "ID_APOYO2": 114751, "SUBESTACION": "BER", "CIRCUITO": "BER206", "SECTOR": "SAN PEDRO SULA", "LATITUDFINAL": 15.53276096, "LATITUDINICIO": 15.53244458, "LONGITUDFINAL": -88.03192388, "LONGITUDINICIO": -88.03192231, "TIPO": "RAMAL", "ID_EQUIPO": 2030165, "CIRCUITO_2": "BER206" }, "geometry": { "type": "MultiLineString", "coordinates": [ [ [ -88.03164, 15.53245 ], [ -88.03192, 15.53244 ], [ -88.03192, 15.53276 ] ] ] } },
{ "type": "Feature", "properties": { "ID_TRAMOMT": 72825, "ID_APOYO1": 65565, "ID_APOYO2": 65568, "SUBESTACION": "BER", "CIRCUITO": "BER208", "SECTOR": "SAN PEDRO SULA", "LATITUDFINAL": 15.50905162, "LATITUDINICIO": 15.50903557, "LONGITUDFINAL": -88.02385361, "LONGITUDINICIO": -88.02369968, "TIPO": "RAMAL", "ID_EQUIPO": 306238, "CIRCUITO_2": "BER208" }, "geometry": { "type": "MultiLineString", "coordinates": [ [ [ -88.02385, 15.50905 ], [ -88.0237, 15.50904 ], [ -88.02363, 15.50916 ] ] ] } },
{ "type": "Feature", "properties": { "ID_TRAMOMT": 72824, "ID_APOYO1": 65564, "ID_APOYO2": 65565, "SUBESTACION": "BER", "CIRCUITO": "BER208", "SECTOR": "SAN PEDRO SULA", "LATITUDFINAL": 15.50903557, "LATITUDINICIO": 15.50900049, "LONGITUDFINAL": -88.02369968, "LONGITUDINICIO": -88.0234156, "TIPO": "RAMAL", "ID_EQUIPO": 306237, "CIRCUITO_2": "BER208" }, "geometry": { "type": "MultiLineString", "coordinates": [ [ [ -88.02342, 15.509 ], [ -88.0237, 15.50904 ] ] ] } },
{ "type": "Feature", "properties": { "ID_TRAMOMT": 339820, "ID_APOYO1": 110312, "ID_APOYO2": 109272, "SUBESTACION": "BER", "CIRCUITO": "BER248", "SECTOR": "SAN PEDRO SULA", "LATITUDFINAL": 15.53661548, "LATITUDINICIO": 15.53657867, "LONGITUDFINAL": -88.01750933, "LONGITUDINICIO": -88.01764901, "TIPO": "RAMAL", "ID_EQUIPO": 302712, "CIRCUITO_2": "BER248" }, "geometry": { "type": "MultiLineString", "coordinates": [ [ [ -88.01772, 15.53679 ], [ -88.01765, 15.53658 ], [ -88.01751, 15.53662 ] ] ] } },
{ "type": "Feature", "properties": { "ID_TRAMOMT": 89399, "ID_APOYO1": 108971, "ID_APOYO2": 108972, "SUBESTACION": "BER", "CIRCUITO": "BER290", "SECTOR": "SAN PEDRO SULA", "LATITUDFINAL": 15.55200641, "LATITUDINICIO": 15.55177043, "LONGITUDFINAL": -88.03186118000001, "LONGITUDINICIO": -88.03206515, "TIPO": "RAMAL", "ID_EQUIPO": 2012173, "CIRCUITO_2": "BER290" }, "geometry": { "type": "MultiLineString", "coordinates": [ [ [ -88.03271, 15.55103 ], [ -88.03292, 15.55109 ], [ -88.03327, 15.55115 ], [ -88.03362, 15.55122 ], [ -88.03398, 15.55128 ], [ -88.03428, 15.55134 ], [ -88.03458, 15.5514 ] ], [ [ -88.03296, 15.55055 ], [ -88.03306, 15.55032 ], [ -88.0332, 15.55024 ], [ -88.03347, 15.55022 ], [ -88.03374, 15.55018 ], [ -88.03409, 15.55014 ], [ -88.03444, 15.55011 ] ], [ [ -88.03296, 15.55055 ], [ -88.03321, 15.55059 ], [ -88.03348, 15.55064 ], [ -88.03381, 15.5507 ] ], [ [ -88.03222, 15.55158 ], [ -88.03248, 15.55161 ], [ -88.03282, 15.55169 ], [ -88.03316, 15.55177 ] ], [ [ -88.03271, 15.55103 ], [ -88.03287, 15.55076 ], [ -88.03296, 15.55055 ] ], [ [ -88.03222, 15.55158 ], [ -88.03227, 15.55153 ], [ -88.03251, 15.55125 ], [ -88.03271, 15.55103 ] ], [ [ -88.03222, 15.55158 ], [ -88.03207, 15.55177 ], [ -88.03186, 15.55201 ], [ -88.03209, 15.55211 ], [ -88.03229, 15.55216 ], [ -88.03262, 15.55223 ] ], [ [ -88.03222, 15.55158 ], [ -88.03217, 15.55156 ] ] ] } },
{ "type": "Feature", "properties": { "ID_TRAMOMT": 72832, "ID_APOYO1": 65568, "ID_APOYO2": 65567, "SUBESTACION": "BER", "CIRCUITO": "BER208", "SECTOR": "SAN PEDRO SULA", "LATITUDFINAL": 15.50915157, "LATITUDINICIO": 15.50905162, "LONGITUDFINAL": -88.02374223, "LONGITUDINICIO": -88.02385361, "TIPO": "RAMAL", "ID_EQUIPO": 306240, "CIRCUITO_2": "BER208" }, "geometry": { "type": "MultiLineString", "coordinates": [ [ [ -88.0242, 15.50909 ], [ -88.02446, 15.5091 ], [ -88.02506, 15.50916 ] ], [ [ -88.02415, 15.50955 ], [ -88.02418, 15.50933 ], [ -88.0242, 15.50909 ] ], [ [ -88.0242, 15.50909 ], [ -88.02421, 15.50903 ], [ -88.02422, 15.50881 ], [ -88.02411, 15.50874 ] ], [ [ -88.02374, 15.50915 ], [ -88.02385, 15.50905 ], [ -88.02407, 15.50907 ], [ -88.0242, 15.50909 ] ] ] } },
{ "type": "Feature", "properties": { "ID_TRAMOMT": 3044020, "ID_APOYO1": 6340007, "ID_APOYO2": 6340032, "SUBESTACION": "BER", "CIRCUITO": "BER248", "SECTOR": "SAN PEDRO SULA", "LATITUDFINAL": 15.55505483, "LATITUDINICIO": 15.55500856, "LONGITUDFINAL": -88.01387922000001, "LONGITUDINICIO": -88.01411212, "TIPO": "RAMAL", "ID_EQUIPO": 2007705, "CIRCUITO_2": "BER248" }, "geometry": { "type": "MultiLineString", "coordinates": [ [ [ -88.01408, 15.55482 ], [ -88.01398, 15.55493 ], [ -88.01411, 15.55501 ], [ -88.01388, 15.55505 ] ] ] } },
{ "type": "Feature", "properties": { "ID_TRAMOMT": 92030, "ID_APOYO1": 112866, "ID_APOYO2": 113839, "SUBESTACION": "BER", "CIRCUITO": "BER282", "SECTOR": "SAN PEDRO SULA", "LATITUDFINAL": 15.53549039, "LATITUDINICIO": 15.53553498, "LONGITUDFINAL": -88.02427309, "LONGITUDINICIO": -88.02440385, "TIPO": "RAMAL", "ID_EQUIPO": 2030048, "CIRCUITO_2": "BER282" }, "geometry": { "type": "MultiLineString", "coordinates": [ [ [ -88.02471, 15.53526 ], [ -88.02463, 15.53521 ], [ -88.0244, 15.53553 ], [ -88.02427, 15.53549 ], [ -88.02403, 15.53536 ] ] ] } },
{ "type": "Feature", "properties": { "ID_TRAMOMT": 3060828, "ID_APOYO1": 108487, "ID_APOYO2": 6506570, "SUBESTACION": "BER", "CIRCUITO": "BER290", "SECTOR": "SAN PEDRO SULA", "LATITUDFINAL": 15.57352179, "LATITUDINICIO": 15.57362082, "LONGITUDFINAL": -88.03165602, "LONGITUDINICIO": -88.03159013, "TIPO": "RAMAL", "ID_EQUIPO": 306679, "CIRCUITO_2": "BER290" }, "geometry": { "type": "MultiLineString", "coordinates": [ [ [ -88.03336, 15.57616 ], [ -88.03352, 15.57585 ], [ -88.0337, 15.5757 ], [ -88.03391, 15.5759 ], [ -88.03415, 15.57614 ], [ -88.03435, 15.57631 ], [ -88.03527, 15.57626 ], [ -88.03584, 15.57622 ], [ -88.03562, 15.57583 ] ], [ [ -88.03336, 15.57616 ], [ -88.0337, 15.57638 ], [ -88.03406, 15.57662 ] ], [ [ -88.03159, 15.57362 ], [ -88.0315, 15.57385 ], [ -88.03144, 15.57398 ], [ -88.03127, 15.57431 ], [ -88.03108, 15.57463 ], [ -88.03133, 15.57482 ], [ -88.03167, 15.57502 ], [ -88.03198, 15.57524 ], [ -88.0323, 15.57545 ], [ -88.03264, 15.57568 ], [ -88.03292, 15.57587 ], [ -88.03336, 15.57616 ] ], [ [ -88.03216, 15.57285 ], [ -88.0317, 15.57337 ], [ -88.03159, 15.57362 ] ], [ [ -88.03159, 15.57362 ], [ -88.03166, 15.57352 ] ] ] } },
{ "type": "Feature", "properties": { "ID_TRAMOMT": 71022, "ID_APOYO1": 61484, "ID_APOYO2": 61283, "SUBESTACION": "BER", "CIRCUITO": "BER205", "SECTOR": "SAN PEDRO SULA", "LATITUDFINAL": 15.54414534, "LATITUDINICIO": 15.54438941, "LONGITUDFINAL": -87.952778, "LONGITUDINICIO": -87.95277912, "TIPO": "RAMAL", "ID_EQUIPO": 306808, "CIRCUITO_2": "BER205" }, "geometry": { "type": "MultiLineString", "coordinates": [ [ [ -87.95278, 15.54439 ], [ -87.95278, 15.54481 ], [ -87.95276, 15.54525 ], [ -87.95277, 15.54546 ], [ -87.95278, 15.54564 ] ], [ [ -87.95278, 15.54439 ], [ -87.95278, 15.54415 ], [ -87.95278, 15.54379 ], [ -87.95275, 15.54347 ] ], [ [ -87.95094, 15.54426 ], [ -87.9512, 15.54426 ], [ -87.95156, 15.5443 ], [ -87.95186, 15.54432 ], [ -87.95228, 15.54436 ], [ -87.95256, 15.54437 ], [ -87.95278, 15.54439 ] ], [ [ -87.95098, 15.54383 ], [ -87.95106, 15.54336 ], [ -87.9513, 15.54334 ], [ -87.95171, 15.54326 ] ], [ [ -87.95098, 15.54383 ], [ -87.95125, 15.54384 ], [ -87.95164, 15.54387 ] ], [ [ -87.95086, 15.54468 ], [ -87.95116, 15.5447 ], [ -87.95161, 15.54472 ] ], [ [ -87.95078, 15.54511 ], [ -87.95103, 15.54513 ], [ -87.9514, 15.54514 ] ], [ [ -87.95104, 15.54552 ], [ -87.95072, 15.54547 ], [ -87.95078, 15.54511 ] ], [ [ -87.95094, 15.54426 ], [ -87.95098, 15.54383 ] ], [ [ -87.95086, 15.54468 ], [ -87.9509, 15.54453 ], [ -87.95094, 15.54426 ] ], [ [ -87.95086, 15.54468 ], [ -87.95085, 15.54472 ], [ -87.95078, 15.54511 ] ], [ [ -87.95064, 15.54465 ], [ -87.95086, 15.54468 ] ] ] } },
{ "type": "Feature", "properties": { "ID_TRAMOMT": 71408, "ID_APOYO1": 63783, "ID_APOYO2": 63819, "SUBESTACION": "BER", "CIRCUITO": "BER207", "SECTOR": "SAN PEDRO SULA", "LATITUDFINAL": 15.51629567, "LATITUDINICIO": 15.51627592, "LONGITUDFINAL": -88.01529332, "LONGITUDINICIO": -88.01565683, "TIPO": "RAMAL", "ID_EQUIPO": 302505, "CIRCUITO_2": "BER207" }, "geometry": { "type": "MultiLineString", "coordinates": [ [ [ -88.01653, 15.51643 ], [ -88.01623, 15.51637 ], [ -88.01607, 15.51636 ], [ -88.01592, 15.51633 ], [ -88.01566, 15.51628 ], [ -88.01529, 15.5163 ], [ -88.01513, 15.5163 ] ] ] } },
{ "type": "Feature", "properties": { "ID_TRAMOMT": 72953, "ID_APOYO1": 65875, "ID_APOYO2": 65874, "SUBESTACION": "BER", "CIRCUITO": "BER208", "SECTOR": "SAN PEDRO SULA", "LATITUDFINAL": 15.50833716, "LATITUDINICIO": 15.50832029, "LONGITUDFINAL": -88.02392467, "LONGITUDINICIO": -88.02366355, "TIPO": "RAMAL", "ID_EQUIPO": 306253, "CIRCUITO_2": "BER208" }, "geometry": { "type": "MultiLineString", "coordinates": [ [ [ -88.02392, 15.50834 ], [ -88.02366, 15.50832 ], [ -88.02333, 15.50831 ], [ -88.02323, 15.5083 ], [ -88.02312, 15.5083 ] ] ] } },
{ "type": "Feature", "properties": { "ID_TRAMOMT": 72949, "ID_APOYO1": 65692, "ID_APOYO2": 65871, "SUBESTACION": "BER", "CIRCUITO": "BER208", "SECTOR": "SAN PEDRO SULA", "LATITUDFINAL": 15.50826986, "LATITUDINICIO": 15.50829568, "LONGITUDFINAL": -88.02284289000001, "LONGITUDINICIO": -88.0231227, "TIPO": "RAMAL", "ID_EQUIPO": 306259, "CIRCUITO_2": "BER208" }, "geometry": { "type": "MultiLineString", "coordinates": [ [ [ -88.02309, 15.5082 ], [ -88.02312, 15.5083 ], [ -88.02284, 15.50827 ], [ -88.02254, 15.50824 ] ] ] } },
{ "type": "Feature", "properties": { "ID_TRAMOMT": 90072, "ID_APOYO1": 108424, "ID_APOYO2": 108445, "SUBESTACION": "BER", "CIRCUITO": "BER290", "SECTOR": "SAN PEDRO SULA", "LATITUDFINAL": 15.57357512, "LATITUDINICIO": 15.57312325, "LONGITUDFINAL": -88.03369398, "LONGITUDINICIO": -88.03367307000001, "TIPO": "RAMAL", "ID_EQUIPO": 306669, "CIRCUITO_2": "BER290" }, "geometry": { "type": "MultiLineString", "coordinates": [ [ [ -88.03221, 15.57254 ], [ -88.03233, 15.57258 ], [ -88.03259, 15.57262 ], [ -88.03303, 15.57268 ], [ -88.03335, 15.57272 ], [ -88.03366, 15.57274 ], [ -88.03367, 15.57312 ], [ -88.03369, 15.57358 ], [ -88.03382, 15.57395 ], [ -88.03404, 15.57415 ], [ -88.03444, 15.57443 ], [ -88.03489, 15.5747 ] ], [ [ -88.03334, 15.56976 ], [ -88.03308, 15.57024 ], [ -88.03295, 15.57055 ], [ -88.03276, 15.57089 ], [ -88.03259, 15.57126 ], [ -88.03244, 15.57157 ], [ -88.03228, 15.57189 ], [ -88.03227, 15.57225 ], [ -88.03221, 15.57254 ] ], [ [ -88.03221, 15.57254 ], [ -88.03216, 15.57285 ] ] ] } },
{ "type": "Feature", "properties": { "ID_TRAMOMT": 302021, "ID_APOYO1": 126013, "ID_APOYO2": 125778, "SUBESTACION": "BER", "CIRCUITO": "BER288", "SECTOR": "SAN PEDRO SULA", "LATITUDFINAL": 15.51102289, "LATITUDINICIO": 15.51090551, "LONGITUDFINAL": -88.02371416, "LONGITUDINICIO": -88.02368561, "TIPO": "RAMAL", "ID_EQUIPO": 307589, "CIRCUITO_2": "BER288" }, "geometry": { "type": "MultiLineString", "coordinates": [ [ [ -88.02369, 15.51091 ], [ -88.02371, 15.51102 ] ] ] } },
{ "type": "Feature", "properties": { "ID_TRAMOMT": 356757, "ID_APOYO1": 311991, "ID_APOYO2": 311990, "SUBESTACION": "BER", "CIRCUITO": "BER248", "SECTOR": "SAN PEDRO SULA", "LATITUDFINAL": 15.56236134, "LATITUDINICIO": 15.56234406, "LONGITUDFINAL": -88.02094953, "LONGITUDINICIO": -88.02098349000001, "TIPO": "TRONCAL", "ID_EQUIPO": 306842, "CIRCUITO_2": "BER248" }, "geometry": { "type": "MultiLineString", "coordinates": [ [ [ -88.02099, 15.56233 ], [ -88.02098, 15.56234 ], [ -88.02095, 15.56236 ] ] ] } },
{ "type": "Feature", "properties": { "ID_TRAMOMT": 71031, "ID_APOYO1": 61471, "ID_APOYO2": 61472, "SUBESTACION": "BER", "CIRCUITO": "BER205", "SECTOR": "SAN PEDRO SULA", "LATITUDFINAL": 15.54112523, "LATITUDINICIO": 15.54109883, "LONGITUDFINAL": -87.95088057, "LONGITUDINICIO": -87.9507126, "TIPO": "RAMAL", "ID_EQUIPO": 306800, "CIRCUITO_2": "BER205" }, "geometry": { "type": "MultiLineString", "coordinates": [ [ [ -87.95071, 15.5411 ], [ -87.95088, 15.54113 ], [ -87.95105, 15.54114 ] ] ] } },
{ "type": "Feature", "properties": { "ID_TRAMOMT": 96097, "ID_APOYO1": 125954, "ID_APOYO2": 125708, "SUBESTACION": "BER", "CIRCUITO": "BER288", "SECTOR": "SAN PEDRO SULA", "LATITUDFINAL": 15.53147371, "LATITUDINICIO": 15.5314911, "LONGITUDFINAL": -88.0171298, "LONGITUDINICIO": -88.01727906000001, "TIPO": "RAMAL", "ID_EQUIPO": 302391, "CIRCUITO_2": "BER288" }, "geometry": { "type": "MultiLineString", "coordinates": [ [ [ -88.01728, 15.53149 ], [ -88.01713, 15.53147 ], [ -88.01659, 15.53133 ] ] ] } },
{ "type": "Feature", "properties": { "ID_TRAMOMT": 72844, "ID_APOYO1": 65583, "ID_APOYO2": 65582, "SUBESTACION": "BER", "CIRCUITO": "BER208", "SECTOR": "SAN PEDRO SULA", "LATITUDFINAL": 15.50944395, "LATITUDINICIO": 15.5097243, "LONGITUDFINAL": -88.0250209, "LONGITUDINICIO": -88.02499432, "TIPO": "RAMAL", "ID_EQUIPO": 306281, "CIRCUITO_2": "BER208" }, "geometry": { "type": "MultiLineString", "coordinates": [ [ [ -88.02506, 15.50916 ], [ -88.02507, 15.50895 ], [ -88.0251, 15.50872 ], [ -88.02511, 15.50859 ], [ -88.02513, 15.50835 ], [ -88.02534, 15.50837 ] ], [ [ -88.02506, 15.50916 ], [ -88.02525, 15.50918 ] ], [ [ -88.02502, 15.50944 ], [ -88.02506, 15.50916 ] ], [ [ -88.02502, 15.50944 ], [ -88.02505, 15.50945 ] ], [ [ -88.02499, 15.50972 ], [ -88.02502, 15.50944 ] ] ] } },
{ "type": "Feature", "properties": { "ID_TRAMOMT": 91862, "ID_APOYO1": 112780, "ID_APOYO2": 113159, "SUBESTACION": "BER", "CIRCUITO": "BER282", "SECTOR": "SAN PEDRO SULA", "LATITUDFINAL": 15.52158045, "LATITUDINICIO": 15.52185754, "LONGITUDFINAL": -88.02854874000001, "LONGITUDINICIO": -88.02841998, "TIPO": "RAMAL", "ID_EQUIPO": 302718, "CIRCUITO_2": "BER282" }, "geometry": { "type": "MultiLineString", "coordinates": [ [ [ -88.02842, 15.52186 ], [ -88.02855, 15.52158 ], [ -88.02855, 15.52141 ], [ -88.02857, 15.52136 ], [ -88.02862, 15.52103 ], [ -88.0287, 15.52065 ], [ -88.02875, 15.52022 ], [ -88.02879, 15.51998 ], [ -88.02884, 15.51959 ], [ -88.02889, 15.51923 ] ], [ [ -88.02852, 15.52232 ], [ -88.0283, 15.52207 ], [ -88.02842, 15.52186 ] ], [ [ -88.02842, 15.52186 ], [ -88.02845, 15.5219 ] ] ] } },
{ "type": "Feature", "properties": { "ID_TRAMOMT": 3134174, "ID_APOYO1": 114233, "ID_APOYO2": 113984, "SUBESTACION": "BER", "CIRCUITO": "BER206", "SECTOR": "SAN PEDRO SULA", "LATITUDFINAL": 15.53662226, "LATITUDINICIO": 15.53674703, "LONGITUDFINAL": -88.02385909, "LONGITUDINICIO": -88.024242, "TIPO": "RAMAL", "ID_EQUIPO": 2030071, "CIRCUITO_2": "BER206" }, "geometry": { "type": "MultiLineString", "coordinates": [ [ [ -88.02498, 15.53693 ], [ -88.02456, 15.53684 ], [ -88.02424, 15.53675 ], [ -88.02386, 15.53662 ], [ -88.02354, 15.53653 ] ] ] } },
{ "type": "Feature", "properties": { "ID_TRAMOMT": 306618, "ID_APOYO1": 113916, "ID_APOYO2": 114186, "SUBESTACION": "BER", "CIRCUITO": "BER283", "SECTOR": "SAN PEDRO SULA", "LATITUDFINAL": 15.5232515, "LATITUDINICIO": 15.52328622, "LONGITUDFINAL": -88.03189523, "LONGITUDINICIO": -88.03220308, "TIPO": "RAMAL", "ID_EQUIPO": null, "CIRCUITO_2": null }, "geometry": { "type": "GeometryCollection", "geometries": [ { "type": "Point", "coordinates": [ -88.01909, 15.53278 ] }, { "type": "MultiLineString", "coordinates": [ [ [ -88.04592, 15.53021 ], [ -88.0461, 15.52978 ], [ -88.04619, 15.5295 ] ], [ [ -88.04592, 15.53021 ], [ -88.0458, 15.53045 ], [ -88.04571, 15.53064 ] ], [ [ -88.04333, 15.53111 ], [ -88.04353, 15.53092 ], [ -88.04374, 15.53073 ], [ -88.04392, 15.53055 ], [ -88.04411, 15.53038 ], [ -88.0443, 15.53021 ], [ -88.04453, 15.52999 ], [ -88.0447, 15.52984 ], [ -88.04504, 15.52969 ], [ -88.04528, 15.52981 ], [ -88.04557, 15.52993 ], [ -88.04582, 15.53003 ], [ -88.04592, 15.53021 ] ], [ [ -88.04389, 15.52695 ], [ -88.04414, 15.52696 ], [ -88.04442, 15.52707 ], [ -88.04481, 15.52716 ] ], [ [ -88.04398, 15.53265 ], [ -88.04425, 15.53244 ], [ -88.04455, 15.53216 ] ], [ [ -88.04398, 15.53265 ], [ -88.04412, 15.53281 ] ], [ [ -88.04394, 15.53268 ], [ -88.04398, 15.53265 ] ], [ [ -88.04287, 15.53152 ], [ -88.043, 15.53165 ], [ -88.04319, 15.53183 ], [ -88.04338, 15.53203 ], [ -88.04354, 15.53221 ], [ -88.04376, 15.53242 ], [ -88.04398, 15.53265 ] ], [ [ -88.04389, 15.52695 ], [ -88.04385, 15.52718 ], [ -88.04384, 15.52727 ], [ -88.04381, 15.52748 ], [ -88.0438, 15.52774 ], [ -88.04378, 15.52801 ] ], [ [ -88.04278, 15.52685 ], [ -88.0432, 15.52689 ], [ -88.04333, 15.52689 ], [ -88.04358, 15.52692 ], [ -88.04389, 15.52695 ] ], [ [ -88.04333, 15.53111 ], [ -88.04341, 15.53119 ], [ -88.04357, 15.53136 ], [ -88.04383, 15.53163 ] ], [ [ -88.04273, 15.52584 ], [ -88.04286, 15.52584 ], [ -88.04306, 15.52578 ], [ -88.04325, 15.52572 ], [ -88.04359, 15.52559 ], [ -88.04365, 15.52556 ] ], [ [ -88.04349, 15.53021 ], [ -88.0433, 15.5304 ], [ -88.04307, 15.53059 ], [ -88.04299, 15.53076 ], [ -88.04321, 15.53096 ], [ -88.04333, 15.53111 ] ], [ [ -88.04333, 15.53111 ], [ -88.04314, 15.53127 ], [ -88.04287, 15.53152 ] ], [ [ -88.04312, 15.52957 ], [ -88.04332, 15.52963 ] ], [ [ -88.04325, 15.52944 ], [ -88.04312, 15.52957 ] ], [ [ -88.04312, 15.52957 ], [ -88.04291, 15.52976 ], [ -88.04267, 15.52997 ], [ -88.04248, 15.53014 ], [ -88.04212, 15.53049 ], [ -88.04196, 15.53063 ] ], [ [ -88.04278, 15.52685 ], [ -88.04283, 15.52708 ], [ -88.04296, 15.52734 ] ], [ [ -88.04287, 15.53152 ], [ -88.04264, 15.53173 ], [ -88.04246, 15.53191 ], [ -88.04219, 15.53214 ], [ -88.04203, 15.5323 ] ], [ [ -88.04287, 15.53152 ], [ -88.04272, 15.53135 ], [ -88.04255, 15.53118 ] ], [ [ -88.04273, 15.52584 ], [ -88.04273, 15.52589 ], [ -88.04272, 15.52612 ], [ -88.04271, 15.52632 ], [ -88.0427, 15.52641 ], [ -88.04271, 15.52659 ], [ -88.04278, 15.52685 ] ], [ [ -88.04275, 15.52565 ], [ -88.04273, 15.52584 ] ], [ [ -88.04273, 15.52584 ], [ -88.0425, 15.52584 ], [ -88.04221, 15.52587 ] ], [ [ -88.04271, 15.52795 ], [ -88.0424, 15.52793 ], [ -88.04227, 15.52794 ] ], [ [ -88.04266, 15.53113 ], [ -88.04255, 15.53118 ] ], [ [ -88.04255, 15.53118 ], [ -88.04233, 15.53127 ] ], [ [ -88.04255, 15.53118 ], [ -88.04246, 15.53108 ], [ -88.04232, 15.53097 ], [ -88.04216, 15.53081 ], [ -88.04196, 15.53063 ] ], [ [ -88.04227, 15.52794 ], [ -88.04225, 15.52819 ], [ -88.04237, 15.52841 ] ], [ [ -88.04221, 15.52587 ], [ -88.04216, 15.52555 ], [ -88.04214, 15.52524 ], [ -88.04213, 15.52498 ], [ -88.04212, 15.52479 ], [ -88.04234, 15.52479 ] ], [ [ -88.04231, 15.53336 ], [ -88.04203, 15.53326 ], [ -88.04182, 15.5331 ], [ -88.04147, 15.53283 ] ], [ [ -88.04062, 15.52801 ], [ -88.04093, 15.528 ], [ -88.04131, 15.52797 ], [ -88.04163, 15.52796 ], [ -88.04198, 15.52796 ], [ -88.04227, 15.52794 ] ], [ [ -88.04213, 15.5269 ], [ -88.04227, 15.52704 ], [ -88.04227, 15.52717 ], [ -88.04228, 15.5275 ], [ -88.04229, 15.52779 ], [ -88.04227, 15.52794 ] ], [ [ -88.04221, 15.52587 ], [ -88.04206, 15.52588 ] ], [ [ -88.04213, 15.53241 ], [ -88.04203, 15.5323 ] ], [ [ -88.04206, 15.52588 ], [ -88.04199, 15.52588 ], [ -88.04158, 15.52585 ] ], [ [ -88.04179, 15.52652 ], [ -88.042, 15.52637 ], [ -88.042, 15.52612 ], [ -88.04206, 15.52588 ] ], [ [ -88.04203, 15.5323 ], [ -88.04195, 15.53236 ], [ -88.04171, 15.53259 ], [ -88.04147, 15.53283 ] ], [ [ -88.04184, 15.53211 ], [ -88.04203, 15.5323 ] ], [ [ -88.04009, 15.53233 ], [ -88.04034, 15.53211 ], [ -88.04054, 15.53193 ], [ -88.04075, 15.53173 ], [ -88.04097, 15.53153 ], [ -88.04119, 15.53133 ], [ -88.04135, 15.53119 ], [ -88.04156, 15.53101 ], [ -88.04177, 15.53079 ], [ -88.04196, 15.53063 ] ], [ [ -88.04196, 15.53063 ], [ -88.04195, 15.53062 ], [ -88.0417, 15.53038 ], [ -88.04148, 15.53016 ], [ -88.04127, 15.52992 ], [ -88.04111, 15.52976 ] ], [ [ -88.04158, 15.52585 ], [ -88.04157, 15.52568 ], [ -88.04155, 15.52537 ], [ -88.04151, 15.52495 ] ], [ [ -88.04158, 15.52585 ], [ -88.04106, 15.52584 ] ], [ [ -88.04147, 15.53283 ], [ -88.04115, 15.53274 ], [ -88.04081, 15.53266 ] ], [ [ -88.04127, 15.52963 ], [ -88.04111, 15.52976 ] ], [ [ -88.04111, 15.52976 ], [ -88.04107, 15.52981 ], [ -88.0408, 15.53006 ], [ -88.04068, 15.53017 ] ], [ [ -88.04045, 15.52872 ], [ -88.04058, 15.52901 ], [ -88.04071, 15.52924 ], [ -88.04091, 15.52955 ], [ -88.04111, 15.52976 ] ], [ [ -88.04096, 15.53042 ], [ -88.04068, 15.53017 ] ], [ [ -88.03967, 15.53112 ], [ -88.0399, 15.53088 ], [ -88.04011, 15.53068 ], [ -88.04029, 15.53052 ], [ -88.04047, 15.53035 ], [ -88.04068, 15.53017 ] ], [ [ -88.04068, 15.53017 ], [ -88.04055, 15.53003 ], [ -88.04041, 15.52989 ] ], [ [ -88.04045, 15.52872 ], [ -88.04063, 15.5287 ] ], [ [ -88.04032, 15.52712 ], [ -88.04056, 15.52694 ] ], [ [ -88.0405, 15.52582 ], [ -88.04019, 15.52582 ], [ -88.03992, 15.52582 ] ], [ [ -88.04047, 15.52639 ], [ -88.0403, 15.52654 ] ], [ [ -88.04045, 15.52872 ], [ -88.04039, 15.52842 ] ], [ [ -88.03997, 15.52803 ], [ -88.03986, 15.5281 ] ], [ [ -88.03989, 15.53254 ], [ -88.03974, 15.53267 ] ], [ [ -88.03974, 15.53305 ], [ -88.03974, 15.53267 ] ], [ [ -88.03974, 15.53267 ], [ -88.03953, 15.53284 ] ], [ [ -88.03967, 15.53112 ], [ -88.03969, 15.5313 ], [ -88.03969, 15.5315 ], [ -88.03971, 15.5318 ], [ -88.03973, 15.53208 ], [ -88.03974, 15.53256 ], [ -88.03974, 15.53267 ] ], [ [ -88.03967, 15.53112 ], [ -88.03952, 15.53127 ] ], [ [ -88.03966, 15.53085 ], [ -88.03967, 15.53112 ] ], [ [ -88.03925, 15.53312 ], [ -88.03953, 15.53284 ] ], [ [ -88.03953, 15.53284 ], [ -88.0395, 15.5326 ] ], [ [ -88.03941, 15.53328 ], [ -88.03925, 15.53312 ] ], [ [ -88.03739, 15.52422 ], [ -88.03761, 15.52441 ], [ -88.03783, 15.52462 ], [ -88.03814, 15.52483 ], [ -88.03845, 15.52498 ], [ -88.03894, 15.52522 ], [ -88.03915, 15.52532 ], [ -88.03941, 15.52544 ] ], [ [ -88.03935, 15.52723 ], [ -88.03935, 15.52702 ], [ -88.03933, 15.52666 ], [ -88.03933, 15.52659 ], [ -88.03933, 15.52646 ], [ -88.03933, 15.52643 ] ], [ [ -88.03783, 15.53444 ], [ -88.03802, 15.53424 ], [ -88.03821, 15.53408 ], [ -88.03847, 15.53382 ], [ -88.03877, 15.53357 ], [ -88.03901, 15.53334 ], [ -88.03925, 15.53312 ] ], [ [ -88.03922, 15.52748 ], [ -88.03917, 15.52759 ], [ -88.03917, 15.52774 ], [ -88.0392, 15.52776 ] ], [ [ -88.03845, 15.52767 ], [ -88.03845, 15.52751 ], [ -88.03845, 15.52736 ], [ -88.03845, 15.52721 ] ], [ [ -88.03845, 15.52721 ], [ -88.03823, 15.52724 ], [ -88.03784, 15.52725 ], [ -88.03753, 15.52725 ], [ -88.03724, 15.52726 ] ], [ [ -88.03845, 15.52721 ], [ -88.03842, 15.52676 ], [ -88.03829, 15.5268 ], [ -88.03803, 15.52669 ], [ -88.03779, 15.52657 ] ], [ [ -88.03832, 15.53018 ], [ -88.03809, 15.53022 ] ], [ [ -88.03825, 15.53337 ], [ -88.03805, 15.53354 ], [ -88.03787, 15.53369 ], [ -88.03771, 15.53385 ], [ -88.03758, 15.53396 ] ], [ [ -88.03817, 15.53129 ], [ -88.03816, 15.53088 ], [ -88.03829, 15.53062 ], [ -88.03809, 15.53022 ] ], [ [ -88.03815, 15.53263 ], [ -88.03799, 15.53279 ], [ -88.03777, 15.53299 ], [ -88.03757, 15.53318 ], [ -88.03727, 15.53344 ], [ -88.03716, 15.53354 ] ], [ [ -88.03809, 15.53022 ], [ -88.03782, 15.53026 ] ], [ [ -88.03807, 15.52867 ], [ -88.03763, 15.52869 ] ], [ [ -88.0379, 15.5252 ], [ -88.03789, 15.52527 ] ], [ [ -88.03783, 15.53444 ], [ -88.03771, 15.53453 ], [ -88.03757, 15.53467 ], [ -88.03732, 15.53488 ] ], [ [ -88.03783, 15.53444 ], [ -88.03787, 15.53428 ], [ -88.03766, 15.53404 ], [ -88.03758, 15.53396 ] ], [ [ -88.03714, 15.53232 ], [ -88.03728, 15.53231 ], [ -88.03758, 15.53231 ], [ -88.03782, 15.53229 ] ], [ [ -88.03782, 15.53026 ], [ -88.03763, 15.53028 ], [ -88.03735, 15.53035 ], [ -88.03679, 15.53033 ], [ -88.03679, 15.53079 ] ], [ [ -88.03782, 15.53026 ], [ -88.03762, 15.53039 ], [ -88.03758, 15.53061 ] ], [ [ -88.03763, 15.52869 ], [ -88.03734, 15.52896 ], [ -88.03749, 15.52906 ], [ -88.03781, 15.52914 ], [ -88.03783, 15.52942 ], [ -88.03782, 15.52963 ], [ -88.03782, 15.53026 ] ], [ [ -88.03715, 15.5319 ], [ -88.0373, 15.5319 ], [ -88.03751, 15.53189 ], [ -88.03772, 15.53188 ] ], [ [ -88.03763, 15.52869 ], [ -88.03712, 15.52871 ] ], [ [ -88.03758, 15.53396 ], [ -88.03739, 15.53413 ] ], [ [ -88.03758, 15.53396 ], [ -88.03745, 15.53382 ], [ -88.03721, 15.53359 ], [ -88.03716, 15.53354 ] ], [ [ -88.0375, 15.52467 ], [ -88.03728, 15.52507 ] ], [ [ -88.03739, 15.52422 ], [ -88.03748, 15.52415 ] ], [ [ -88.03739, 15.53413 ], [ -88.03727, 15.53413 ] ], [ [ -88.03739, 15.53413 ], [ -88.03722, 15.53428 ], [ -88.03706, 15.53442 ], [ -88.03686, 15.5346 ] ], [ [ -88.03722, 15.52401 ], [ -88.03739, 15.52422 ] ], [ [ -88.03712, 15.52871 ], [ -88.03716, 15.52887 ], [ -88.03723, 15.52907 ] ], [ [ -88.03719, 15.52438 ], [ -88.03699, 15.52466 ] ], [ [ -88.03716, 15.53354 ], [ -88.03699, 15.5337 ], [ -88.03681, 15.53383 ], [ -88.0366, 15.53404 ] ], [ [ -88.03716, 15.53354 ], [ -88.03704, 15.5334 ], [ -88.03686, 15.53321 ], [ -88.03671, 15.53304 ] ], [ [ -88.03644, 15.53191 ], [ -88.03666, 15.53191 ], [ -88.03692, 15.5319 ], [ -88.03715, 15.5319 ] ], [ [ -88.03715, 15.5319 ], [ -88.03715, 15.53211 ], [ -88.03714, 15.53232 ] ], [ [ -88.03715, 15.5319 ], [ -88.03715, 15.53176 ] ], [ [ -88.03714, 15.53239 ], [ -88.03714, 15.53232 ] ], [ [ -88.03714, 15.53232 ], [ -88.03692, 15.53232 ], [ -88.03665, 15.53233 ], [ -88.03641, 15.53233 ], [ -88.03614, 15.53234 ], [ -88.03593, 15.53224 ] ], [ [ -88.03656, 15.52873 ], [ -88.03687, 15.52873 ], [ -88.03712, 15.52871 ] ], [ [ -88.03679, 15.53079 ], [ -88.03685, 15.53113 ] ], [ [ -88.03591, 15.52439 ], [ -88.03595, 15.52471 ], [ -88.03596, 15.52481 ], [ -88.03598, 15.52501 ], [ -88.03599, 15.52535 ], [ -88.03599, 15.52565 ], [ -88.036, 15.52585 ], [ -88.03617, 15.52598 ], [ -88.03651, 15.52597 ], [ -88.03684, 15.52596 ] ], [ [ -88.03679, 15.53079 ], [ -88.03642, 15.53089 ] ], [ [ -88.03671, 15.53304 ], [ -88.03647, 15.53325 ], [ -88.0363, 15.53339 ], [ -88.03611, 15.53357 ], [ -88.03591, 15.53375 ], [ -88.03577, 15.53388 ] ], [ [ -88.03671, 15.53304 ], [ -88.03651, 15.53285 ], [ -88.03627, 15.53261 ] ], [ [ -88.03588, 15.52359 ], [ -88.03613, 15.52347 ], [ -88.03661, 15.52359 ] ], [ [ -88.0366, 15.53404 ], [ -88.03638, 15.53409 ] ], [ [ -88.0366, 15.53404 ], [ -88.03645, 15.53417 ] ], [ [ -88.03656, 15.52873 ], [ -88.03658, 15.52894 ], [ -88.0366, 15.52938 ], [ -88.0366, 15.52958 ] ], [ [ -88.03656, 15.52873 ], [ -88.03619, 15.52875 ], [ -88.03627, 15.52894 ] ], [ [ -88.03646, 15.52338 ], [ -88.03639, 15.52322 ], [ -88.03615, 15.52281 ], [ -88.03597, 15.52254 ], [ -88.0358, 15.52224 ], [ -88.03559, 15.52195 ], [ -88.03579, 15.52182 ], [ -88.03585, 15.5218 ], [ -88.03614, 15.52217 ], [ -88.03629, 15.52237 ] ], [ [ -88.03642, 15.53089 ], [ -88.03643, 15.5308 ] ], [ [ -88.03642, 15.53089 ], [ -88.03637, 15.53104 ], [ -88.03637, 15.53106 ], [ -88.03589, 15.53107 ] ], [ [ -88.03627, 15.53261 ], [ -88.03606, 15.5328 ], [ -88.03587, 15.53298 ], [ -88.03569, 15.53313 ], [ -88.03553, 15.53327 ] ], [ [ -88.03627, 15.53261 ], [ -88.03593, 15.53224 ] ], [ [ -88.03549, 15.52637 ], [ -88.03581, 15.52639 ], [ -88.03615, 15.5264 ] ], [ [ -88.03593, 15.53224 ], [ -88.03532, 15.5328 ], [ -88.03526, 15.53292 ], [ -88.03523, 15.53301 ], [ -88.03511, 15.533 ] ], [ [ -88.03545, 15.52757 ], [ -88.03549, 15.52714 ], [ -88.03553, 15.52671 ], [ -88.03549, 15.52637 ] ], [ [ -88.03549, 15.52637 ], [ -88.03505, 15.52631 ] ], [ [ -88.0353, 15.52791 ], [ -88.03527, 15.52791 ] ], [ [ -88.03505, 15.52631 ], [ -88.03517, 15.52621 ], [ -88.03458, 15.52603 ], [ -88.03445, 15.52615 ] ], [ [ -88.03505, 15.52631 ], [ -88.03477, 15.52625 ] ], [ [ -88.03503, 15.52965 ], [ -88.03504, 15.52965 ], [ -88.03504, 15.5297 ], [ -88.03501, 15.52995 ] ], [ [ -88.03471, 15.52463 ], [ -88.03474, 15.52478 ] ], [ [ -88.03313, 15.52251 ], [ -88.03335, 15.5226 ], [ -88.03378, 15.52279 ], [ -88.034, 15.52292 ], [ -88.03424, 15.52321 ], [ -88.03441, 15.52346 ], [ -88.03456, 15.52366 ], [ -88.03465, 15.524 ] ], [ [ -88.03313, 15.52251 ], [ -88.03313, 15.52244 ], [ -88.03349, 15.52241 ], [ -88.03396, 15.52237 ], [ -88.03436, 15.52235 ], [ -88.03452, 15.52219 ], [ -88.0345, 15.52211 ] ], [ [ -88.03419, 15.52763 ], [ -88.03431, 15.52762 ] ], [ [ -88.03305, 15.5277 ], [ -88.03322, 15.52767 ], [ -88.03363, 15.52766 ], [ -88.03406, 15.52764 ], [ -88.03419, 15.52763 ] ], [ [ -88.03419, 15.52763 ], [ -88.03417, 15.5281 ], [ -88.03414, 15.52839 ], [ -88.03409, 15.5288 ], [ -88.03391, 15.52888 ], [ -88.03372, 15.52896 ] ], [ [ -88.03368, 15.52726 ], [ -88.03399, 15.52726 ], [ -88.03421, 15.52739 ], [ -88.03419, 15.52763 ] ], [ [ -88.03417, 15.52974 ], [ -88.03419, 15.53 ], [ -88.034, 15.53002 ] ], [ [ -88.03391, 15.52529 ], [ -88.03384, 15.52522 ] ], [ [ -88.03387, 15.52975 ], [ -88.03386, 15.52968 ] ], [ [ -88.03372, 15.52535 ], [ -88.03383, 15.52547 ] ], [ [ -88.03369, 15.52976 ], [ -88.03368, 15.52969 ] ], [ [ -88.03312, 15.52374 ], [ -88.03329, 15.5239 ], [ -88.0333, 15.52396 ], [ -88.03344, 15.52424 ], [ -88.03341, 15.52472 ] ], [ [ -88.03323, 15.52693 ], [ -88.03338, 15.52693 ], [ -88.0334, 15.52693 ] ], [ [ -88.03335, 15.52636 ], [ -88.03304, 15.52631 ] ], [ [ -88.03312, 15.52374 ], [ -88.03319, 15.52367 ] ], [ [ -88.03319, 15.52977 ], [ -88.03319, 15.52967 ] ], [ [ -88.03313, 15.52251 ], [ -88.03281, 15.52249 ] ], [ [ -88.0319, 15.52325 ], [ -88.0322, 15.52329 ], [ -88.03246, 15.52337 ], [ -88.03263, 15.52343 ], [ -88.0329, 15.52356 ], [ -88.03312, 15.52374 ] ], [ [ -88.03277, 15.52198 ], [ -88.03302, 15.52193 ] ], [ [ -88.0328, 15.52882 ], [ -88.03299, 15.52859 ] ], [ [ -88.03271, 15.52945 ], [ -88.0329, 15.52943 ] ], [ [ -88.03282, 15.52257 ], [ -88.03281, 15.52249 ] ], [ [ -88.03281, 15.52249 ], [ -88.0328, 15.5223 ], [ -88.03277, 15.52198 ] ], [ [ -88.03162, 15.52251 ], [ -88.03201, 15.5225 ], [ -88.03231, 15.52248 ], [ -88.03275, 15.52247 ], [ -88.03281, 15.52249 ] ], [ [ -88.0327, 15.52199 ], [ -88.03277, 15.52198 ] ], [ [ -88.03277, 15.52198 ], [ -88.03277, 15.52191 ] ], [ [ -88.03178, 15.52295 ], [ -88.03207, 15.52296 ], [ -88.03237, 15.52297 ] ], [ [ -88.0317, 15.52432 ], [ -88.03201, 15.52433 ], [ -88.03239, 15.52448 ], [ -88.03236, 15.5249 ] ], [ [ -88.02943, 15.5294 ], [ -88.02973, 15.52939 ], [ -88.03, 15.52937 ], [ -88.03037, 15.52935 ], [ -88.03075, 15.52933 ], [ -88.03099, 15.52933 ], [ -88.03129, 15.52931 ], [ -88.03147, 15.52931 ], [ -88.03192, 15.5293 ], [ -88.0322, 15.52928 ] ], [ [ -88.03181, 15.5301 ], [ -88.03192, 15.5301 ] ], [ [ -88.0319, 15.52325 ], [ -88.03195, 15.52341 ], [ -88.03188, 15.52399 ], [ -88.0317, 15.52432 ] ], [ [ -88.03178, 15.52295 ], [ -88.0319, 15.52325 ] ], [ [ -88.0319, 15.52325 ], [ -88.03182, 15.52323 ] ], [ [ -88.03181, 15.5301 ], [ -88.03181, 15.53021 ] ], [ [ -88.03081, 15.53014 ], [ -88.03105, 15.53012 ], [ -88.03121, 15.53012 ], [ -88.03181, 15.5301 ] ], [ [ -88.03162, 15.52251 ], [ -88.03178, 15.52295 ] ], [ [ -88.03155, 15.52457 ], [ -88.0317, 15.52432 ] ], [ [ -88.03142, 15.5223 ], [ -88.03148, 15.52226 ], [ -88.03162, 15.52251 ] ], [ [ -88.03005, 15.52453 ], [ -88.03024, 15.52453 ], [ -88.03054, 15.52454 ], [ -88.03095, 15.52457 ], [ -88.0313, 15.52459 ], [ -88.03155, 15.52457 ] ], [ [ -88.03155, 15.52457 ], [ -88.03154, 15.5246 ], [ -88.03137, 15.52469 ], [ -88.03123, 15.52526 ], [ -88.03143, 15.52526 ] ], [ [ -88.03088, 15.53186 ], [ -88.03116, 15.53194 ], [ -88.03152, 15.53193 ] ], [ [ -88.03134, 15.52762 ], [ -88.03109, 15.52746 ] ], [ [ -88.03111, 15.52728 ], [ -88.03109, 15.52746 ] ], [ [ -88.03109, 15.52746 ], [ -88.03095, 15.52761 ], [ -88.03064, 15.52799 ], [ -88.03045, 15.5282 ], [ -88.03033, 15.52834 ], [ -88.03018, 15.52848 ], [ -88.03004, 15.52865 ], [ -88.02979, 15.52893 ], [ -88.02955, 15.52919 ], [ -88.02943, 15.5294 ] ], [ [ -88.03084, 15.53063 ], [ -88.03094, 15.53073 ] ], [ [ -88.03088, 15.53186 ], [ -88.03053, 15.53189 ], [ -88.03025, 15.5319 ], [ -88.02982, 15.53191 ], [ -88.0295, 15.53191 ] ], [ [ -88.03088, 15.53186 ], [ -88.03087, 15.53163 ], [ -88.03085, 15.53124 ], [ -88.03084, 15.5308 ], [ -88.03084, 15.53063 ] ], [ [ -88.03085, 15.52986 ], [ -88.03081, 15.53014 ] ], [ [ -88.03081, 15.53014 ], [ -88.03083, 15.53035 ], [ -88.03083, 15.53048 ], [ -88.03084, 15.53063 ] ], [ [ -88.03061, 15.52703 ], [ -88.03018, 15.52699 ], [ -88.02977, 15.52699 ], [ -88.02934, 15.52696 ] ], [ [ -88.02938, 15.52632 ], [ -88.02977, 15.52635 ], [ -88.03011, 15.52637 ], [ -88.03047, 15.52638 ] ], [ [ -88.03004, 15.5226 ], [ -88.0302, 15.52266 ] ], [ [ -88.02942, 15.52568 ], [ -88.02979, 15.5257 ], [ -88.03017, 15.52573 ] ], [ [ -88.03005, 15.52453 ], [ -88.03006, 15.52438 ] ], [ [ -88.03005, 15.52453 ], [ -88.02981, 15.52451 ], [ -88.02949, 15.52449 ] ], [ [ -88.02946, 15.52503 ], [ -88.02984, 15.52506 ], [ -88.02983, 15.52518 ] ], [ [ -88.02949, 15.52449 ], [ -88.02949, 15.52404 ], [ -88.02952, 15.5237 ], [ -88.02953, 15.52345 ], [ -88.0296, 15.52282 ], [ -88.02978, 15.52272 ], [ -88.02978, 15.52276 ] ], [ [ -88.0295, 15.53191 ], [ -88.02922, 15.53192 ], [ -88.02891, 15.53193 ], [ -88.02843, 15.53195 ], [ -88.0281, 15.53196 ] ], [ [ -88.02908, 15.53085 ], [ -88.02941, 15.53085 ], [ -88.02948, 15.53111 ], [ -88.02948, 15.53133 ], [ -88.0295, 15.53169 ], [ -88.0295, 15.53191 ] ], [ [ -88.02946, 15.52503 ], [ -88.02947, 15.52479 ], [ -88.02949, 15.52449 ] ], [ [ -88.02794, 15.52441 ], [ -88.02825, 15.52443 ], [ -88.02862, 15.52443 ], [ -88.02896, 15.52445 ], [ -88.02932, 15.52447 ], [ -88.02949, 15.52449 ] ], [ [ -88.02942, 15.52568 ], [ -88.02943, 15.52543 ], [ -88.02946, 15.52503 ] ], [ [ -88.02872, 15.525 ], [ -88.02915, 15.52503 ], [ -88.02946, 15.52503 ] ], [ [ -88.0292, 15.5294 ], [ -88.02943, 15.5294 ] ], [ [ -88.02941, 15.52946 ], [ -88.02943, 15.5294 ] ], [ [ -88.02938, 15.52632 ], [ -88.02939, 15.52608 ], [ -88.02942, 15.52568 ] ], [ [ -88.02828, 15.52563 ], [ -88.0287, 15.52564 ], [ -88.02913, 15.52567 ], [ -88.02942, 15.52568 ] ], [ [ -88.02934, 15.52696 ], [ -88.02935, 15.52673 ], [ -88.02938, 15.52632 ] ], [ [ -88.02778, 15.52624 ], [ -88.02828, 15.52626 ], [ -88.02866, 15.52629 ], [ -88.02905, 15.5263 ], [ -88.02938, 15.52632 ] ], [ [ -88.02931, 15.52761 ], [ -88.02931, 15.5273 ], [ -88.02934, 15.52696 ] ], [ [ -88.02934, 15.52696 ], [ -88.02906, 15.52694 ], [ -88.02865, 15.52694 ], [ -88.02837, 15.52692 ], [ -88.02804, 15.5269 ], [ -88.02782, 15.5269 ], [ -88.02732, 15.52687 ] ], [ [ -88.0292, 15.5294 ], [ -88.02921, 15.52912 ] ], [ [ -88.0292, 15.5294 ], [ -88.02891, 15.52942 ], [ -88.02865, 15.52943 ] ], [ [ -88.02865, 15.52943 ], [ -88.02866, 15.52921 ], [ -88.02868, 15.52882 ], [ -88.0287, 15.52839 ], [ -88.02872, 15.52819 ] ], [ [ -88.02865, 15.52943 ], [ -88.02849, 15.52943 ], [ -88.0283, 15.52944 ], [ -88.02806, 15.52944 ] ], [ [ -88.02737, 15.52946 ], [ -88.02773, 15.52945 ], [ -88.02806, 15.52944 ] ], [ [ -88.02806, 15.52944 ], [ -88.02805, 15.5291 ] ], [ [ -88.02754, 15.5244 ], [ -88.02756, 15.52421 ], [ -88.02769, 15.52413 ], [ -88.02796, 15.52395 ] ], [ [ -88.02794, 15.52441 ], [ -88.02795, 15.52426 ] ], [ [ -88.02754, 15.5244 ], [ -88.0277, 15.52441 ], [ -88.02794, 15.52441 ] ], [ [ -88.02743, 15.53066 ], [ -88.02768, 15.53062 ] ], [ [ -88.02575, 15.5243 ], [ -88.02615, 15.52434 ], [ -88.02647, 15.52434 ], [ -88.0268, 15.52437 ], [ -88.02717, 15.52439 ], [ -88.02754, 15.5244 ] ], [ [ -88.02738, 15.53 ], [ -88.02737, 15.52979 ], [ -88.02737, 15.52963 ], [ -88.02737, 15.52946 ] ], [ [ -88.02737, 15.52946 ], [ -88.02737, 15.52918 ], [ -88.02734, 15.52878 ], [ -88.02734, 15.52827 ], [ -88.02732, 15.52763 ], [ -88.02726, 15.5276 ] ], [ [ -88.02732, 15.52687 ], [ -88.02733, 15.52722 ], [ -88.02726, 15.5276 ] ], [ [ -88.02607, 15.52681 ], [ -88.02653, 15.52682 ], [ -88.02683, 15.52684 ], [ -88.02705, 15.52685 ], [ -88.02732, 15.52687 ] ], [ [ -88.02644, 15.52756 ], [ -88.0266, 15.52757 ], [ -88.02686, 15.52758 ], [ -88.0271, 15.52759 ], [ -88.02726, 15.5276 ] ], [ [ -88.02715, 15.53 ], [ -88.02721, 15.53027 ], [ -88.02721, 15.53028 ] ], [ [ -88.02568, 15.52549 ], [ -88.02606, 15.5255 ], [ -88.02634, 15.52552 ], [ -88.02663, 15.52554 ], [ -88.02709, 15.52557 ] ], [ [ -88.02321, 15.53042 ], [ -88.02346, 15.53037 ], [ -88.02373, 15.53036 ], [ -88.02403, 15.53034 ], [ -88.02437, 15.53034 ], [ -88.02466, 15.53033 ], [ -88.02495, 15.53033 ], [ -88.02521, 15.53032 ], [ -88.02532, 15.53031 ], [ -88.02554, 15.53031 ], [ -88.02605, 15.53029 ], [ -88.02634, 15.53029 ], [ -88.02657, 15.53028 ] ], [ [ -88.02572, 15.52484 ], [ -88.0261, 15.52485 ] ], [ [ -88.02564, 15.52612 ], [ -88.02564, 15.52623 ], [ -88.02582, 15.52623 ], [ -88.02606, 15.52623 ] ], [ [ -88.02581, 15.52614 ], [ -88.02564, 15.52612 ] ], [ [ -88.02574, 15.52455 ], [ -88.02575, 15.5243 ] ], [ [ -88.0251, 15.52426 ], [ -88.02545, 15.52428 ], [ -88.02575, 15.5243 ] ], [ [ -88.02574, 15.52455 ], [ -88.02561, 15.52456 ] ], [ [ -88.02572, 15.52484 ], [ -88.02574, 15.52455 ] ], [ [ -88.02541, 15.52484 ], [ -88.02572, 15.52484 ] ], [ [ -88.02568, 15.52549 ], [ -88.0257, 15.52514 ], [ -88.02572, 15.52484 ] ], [ [ -88.02564, 15.52612 ], [ -88.02565, 15.52584 ], [ -88.02568, 15.52559 ] ], [ [ -88.02568, 15.52549 ], [ -88.02568, 15.52559 ] ], [ [ -88.02537, 15.52548 ], [ -88.02537, 15.52557 ], [ -88.02568, 15.52559 ] ], [ [ -88.02545, 15.5291 ], [ -88.02544, 15.52914 ] ], [ [ -88.02544, 15.52914 ], [ -88.02492, 15.52914 ], [ -88.02477, 15.52912 ] ], [ [ -88.02544, 15.52914 ], [ -88.02542, 15.52967 ], [ -88.02539, 15.53006 ] ], [ [ -88.02417, 15.5301 ], [ -88.02439, 15.52989 ], [ -88.02439, 15.52953 ], [ -88.02438, 15.52935 ], [ -88.02438, 15.52922 ], [ -88.02412, 15.52916 ] ], [ [ -88.02282, 15.53044 ], [ -88.02276, 15.5302 ] ], [ [ -88.02168, 15.535 ], [ -88.02188, 15.53481 ], [ -88.02222, 15.53451 ], [ -88.0225, 15.53422 ], [ -88.02208, 15.53408 ] ], [ [ -88.02168, 15.535 ], [ -88.02195, 15.53511 ] ], [ [ -88.02077, 15.5343 ], [ -88.02118, 15.53466 ], [ -88.02145, 15.53492 ], [ -88.0216, 15.53507 ], [ -88.02168, 15.535 ] ], [ [ -88.02152, 15.53074 ], [ -88.02143, 15.53082 ] ], [ [ -88.02077, 15.5343 ], [ -88.02074, 15.53435 ], [ -88.02072, 15.53438 ], [ -88.0208, 15.53444 ] ], [ [ -88.02077, 15.5343 ], [ -88.02068, 15.53422 ], [ -88.02035, 15.53389 ] ], [ [ -88.02066, 15.53772 ], [ -88.02017, 15.53729 ], [ -88.02005, 15.53715 ] ], [ [ -88.02035, 15.53389 ], [ -88.02034, 15.53391 ] ], [ [ -88.01909, 15.53278 ], [ -88.01921, 15.53285 ], [ -88.01954, 15.53311 ], [ -88.0197, 15.53326 ], [ -88.01991, 15.53346 ], [ -88.01999, 15.53355 ], [ -88.02, 15.53356 ], [ -88.02035, 15.53389 ] ], [ [ -88.02025, 15.53514 ], [ -88.02022, 15.53517 ], [ -88.02033, 15.53395 ] ], [ [ -88.02024, 15.53135 ], [ -88.02033, 15.5314 ], [ -88.02052, 15.53146 ], [ -88.02071, 15.53154 ], [ -88.02062, 15.53167 ], [ -88.02055, 15.53177 ], [ -88.02046, 15.53188 ], [ -88.0203, 15.53206 ], [ -88.02021, 15.53213 ] ], [ [ -88.02011, 15.53704 ], [ -88.02005, 15.53715 ] ], [ [ -88.02005, 15.53715 ], [ -88.01999, 15.53722 ], [ -88.01979, 15.53762 ], [ -88.0196, 15.53795 ] ], [ [ -88.02005, 15.53715 ], [ -88.01987, 15.5369 ], [ -88.01963, 15.53661 ], [ -88.01956, 15.53652 ] ], [ [ -88.01964, 15.53639 ], [ -88.01956, 15.53652 ] ], [ [ -88.01956, 15.53652 ], [ -88.0195, 15.53661 ] ], [ [ -88.01956, 15.53652 ], [ -88.01925, 15.53616 ] ], [ [ -88.01943, 15.53605 ], [ -88.01925, 15.53616 ] ], [ [ -88.01926, 15.53325 ], [ -88.01905, 15.53312 ] ], [ [ -88.01858, 15.53544 ], [ -88.01925, 15.53616 ] ], [ [ -88.01906, 15.53276 ], [ -88.01909, 15.53278 ] ], [ [ -88.01905, 15.53363 ], [ -88.01879, 15.53363 ] ] ] } ] } },
{ "type": "Feature", "properties": { "ID_TRAMOMT": 3060605, "ID_APOYO1": 6508015, "ID_APOYO2": 113643, "SUBESTACION": "BER", "CIRCUITO": "BER282", "SECTOR": "SAN PEDRO SULA", "LATITUDFINAL": 15.53451656, "LATITUDINICIO": 15.53442784, "LONGITUDFINAL": -88.02778468, "LONGITUDINICIO": -88.02778083, "TIPO": "TRONCAL", "ID_EQUIPO": 2000224, "CIRCUITO_2": "BER282" }, "geometry": { "type": "MultiLineString", "coordinates": [ [ [ -88.02777, 15.53428 ], [ -88.02778, 15.53443 ], [ -88.02778, 15.53452 ], [ -88.02783, 15.53496 ], [ -88.02784, 15.53527 ], [ -88.02784, 15.53539 ], [ -88.02785, 15.53566 ], [ -88.02787, 15.53593 ] ], [ [ -88.02776, 15.5339 ], [ -88.02784, 15.5339 ] ], [ [ -88.02777, 15.53375 ], [ -88.02776, 15.5339 ] ], [ [ -88.0267, 15.53395 ], [ -88.0268, 15.53394 ], [ -88.027, 15.53393 ], [ -88.02723, 15.53392 ], [ -88.02744, 15.53392 ], [ -88.02776, 15.5339 ] ], [ [ -88.02776, 15.5339 ], [ -88.02776, 15.53395 ] ] ] } },
{ "type": "Feature", "properties": { "ID_TRAMOMT": 72816, "ID_APOYO1": 65544, "ID_APOYO2": 6499397, "SUBESTACION": "BER", "CIRCUITO": "BER208", "SECTOR": "SAN PEDRO SULA", "LATITUDFINAL": 15.50995766, "LATITUDINICIO": 15.50994664, "LONGITUDFINAL": -88.02390161, "LONGITUDINICIO": -88.02383005, "TIPO": "RAMAL", "ID_EQUIPO": 306272, "CIRCUITO_2": "BER208" }, "geometry": { "type": "MultiLineString", "coordinates": [ [ [ -88.02383, 15.51004 ], [ -88.02383, 15.50995 ], [ -88.0239, 15.50996 ], [ -88.02423, 15.51 ], [ -88.02435, 15.51011 ] ] ] } },
{ "type": "Feature", "properties": { "ID_TRAMOMT": 72670, "ID_APOYO1": 65087, "ID_APOYO2": 64362, "SUBESTACION": "BER", "CIRCUITO": "BER207", "SECTOR": "SAN PEDRO SULA", "LATITUDFINAL": 15.51487023, "LATITUDINICIO": 15.51493209, "LONGITUDFINAL": -88.01664753, "LONGITUDINICIO": -88.0169555, "TIPO": "RAMAL", "ID_EQUIPO": 302514, "CIRCUITO_2": "BER207" }, "geometry": { "type": "MultiLineString", "coordinates": [ [ [ -88.01696, 15.51493 ], [ -88.01665, 15.51487 ] ] ] } },
{ "type": "Feature", "properties": { "ID_TRAMOMT": 96101, "ID_APOYO1": 125744, "ID_APOYO2": 125795, "SUBESTACION": "BER", "CIRCUITO": "BER288", "SECTOR": "SAN PEDRO SULA", "LATITUDFINAL": 15.5107191, "LATITUDINICIO": 15.51100849, "LONGITUDFINAL": -88.02489667, "LONGITUDINICIO": -88.02487013, "TIPO": "RAMAL", "ID_EQUIPO": 307575, "CIRCUITO_2": "BER288" }, "geometry": { "type": "MultiLineString", "coordinates": [ [ [ -88.02487, 15.51101 ], [ -88.0249, 15.51072 ], [ -88.02491, 15.51047 ], [ -88.02492, 15.51038 ] ] ] } },
{ "type": "Feature", "properties": { "ID_TRAMOMT": 3061313, "ID_APOYO1": 6511911, "ID_APOYO2": 6511912, "SUBESTACION": "BER", "CIRCUITO": "BER288", "SECTOR": "SAN PEDRO SULA", "LATITUDFINAL": 15.51685463, "LATITUDINICIO": 15.51688824, "LONGITUDFINAL": -88.02305366, "LONGITUDINICIO": -88.0230519, "TIPO": "RAMAL", "ID_EQUIPO": 2011539, "CIRCUITO_2": "BER288" }, "geometry": { "type": "MultiLineString", "coordinates": [ [ [ -88.02305, 15.51689 ], [ -88.02305, 15.51685 ] ] ] } },
{ "type": "Feature", "properties": { "ID_TRAMOMT": 71249, "ID_APOYO1": 65216, "ID_APOYO2": 65217, "SUBESTACION": "BER", "CIRCUITO": "BER207", "SECTOR": "SAN PEDRO SULA", "LATITUDFINAL": 15.51251772, "LATITUDINICIO": 15.51258836, "LONGITUDFINAL": -88.01516297000001, "LONGITUDINICIO": -88.01552691000001, "TIPO": "TRONCAL", "ID_EQUIPO": 302867, "CIRCUITO_2": "BER207" }, "geometry": { "type": "MultiLineString", "coordinates": [ [ [ -88.01611, 15.5127 ], [ -88.01587, 15.51266 ], [ -88.01553, 15.51259 ], [ -88.01516, 15.51252 ], [ -88.01483, 15.51245 ], [ -88.01454, 15.5124 ] ] ] } },
{ "type": "Feature", "properties": { "ID_TRAMOMT": 312418, "ID_APOYO1": 65225, "ID_APOYO2": 65226, "SUBESTACION": "BER", "CIRCUITO": "BER207", "SECTOR": "SAN PEDRO SULA", "LATITUDFINAL": 15.51213004, "LATITUDINICIO": 15.51214769, "LONGITUDFINAL": -88.01297016, "LONGITUDINICIO": -88.01306348, "TIPO": "TRONCAL", "ID_EQUIPO": 305933, "CIRCUITO_2": "BER207" }, "geometry": { "type": "MultiLineString", "coordinates": [ [ [ -88.01454, 15.5124 ], [ -88.01426, 15.51235 ], [ -88.01398, 15.51231 ], [ -88.01393, 15.51229 ], [ -88.01361, 15.51224 ], [ -88.01332, 15.51219 ], [ -88.01306, 15.51215 ], [ -88.01297, 15.51213 ] ] ] } },
{ "type": "Feature", "properties": { "ID_TRAMOMT": 89422, "ID_APOYO1": 109042, "ID_APOYO2": 109041, "SUBESTACION": "BER", "CIRCUITO": "BER290", "SECTOR": "SAN PEDRO SULA", "LATITUDFINAL": 15.55507114, "LATITUDINICIO": 15.5548642, "LONGITUDFINAL": -88.03564372, "LONGITUDINICIO": -88.03543754, "TIPO": "RAMAL", "ID_EQUIPO": 2012195, "CIRCUITO_2": "BER290" }, "geometry": { "type": "MultiLineString", "coordinates": [ [ [ -88.03699, 15.55307 ], [ -88.0374, 15.55334 ], [ -88.03713, 15.5536 ], [ -88.03689, 15.55383 ], [ -88.03659, 15.55412 ], [ -88.03648, 15.55423 ] ], [ [ -88.03652, 15.55425 ], [ -88.03648, 15.55423 ] ], [ [ -88.03648, 15.55423 ], [ -88.03633, 15.55437 ], [ -88.0362, 15.5545 ], [ -88.03608, 15.55463 ], [ -88.03582, 15.55491 ], [ -88.03564, 15.55507 ] ], [ [ -88.03648, 15.55423 ], [ -88.03629, 15.55403 ] ], [ [ -88.03506, 15.55564 ], [ -88.03537, 15.55536 ], [ -88.03564, 15.55507 ] ], [ [ -88.03544, 15.55486 ], [ -88.03564, 15.55507 ] ] ] } },
{ "type": "Feature", "properties": { "ID_TRAMOMT": 96105, "ID_APOYO1": 125718, "ID_APOYO2": 125832, "SUBESTACION": "BER", "CIRCUITO": "BER288", "SECTOR": "SAN PEDRO SULA", "LATITUDFINAL": 15.51036691, "LATITUDINICIO": 15.51037548, "LONGITUDFINAL": -88.02482035, "LONGITUDINICIO": -88.02492295, "TIPO": "RAMAL", "ID_EQUIPO": 307576, "CIRCUITO_2": "BER288" }, "geometry": { "type": "MultiLineString", "coordinates": [ [ [ -88.02482, 15.51037 ], [ -88.02492, 15.51038 ], [ -88.02497, 15.51007 ], [ -88.02499, 15.50981 ] ] ] } },
{ "type": "Feature", "properties": { "ID_TRAMOMT": 71414, "ID_APOYO1": 65083, "ID_APOYO2": 63978, "SUBESTACION": "BER", "CIRCUITO": "BER207", "SECTOR": "SAN PEDRO SULA", "LATITUDFINAL": 15.51622424, "LATITUDINICIO": 15.51617138, "LONGITUDFINAL": -88.01706438, "LONGITUDINICIO": -88.01676578, "TIPO": "RAMAL", "ID_EQUIPO": 302509, "CIRCUITO_2": "BER207" }, "geometry": { "type": "MultiLineString", "coordinates": [ [ [ -88.01677, 15.51617 ], [ -88.01706, 15.51622 ], [ -88.01716, 15.51613 ] ] ] } },
{ "type": "Feature", "properties": { "ID_TRAMOMT": 3019960, "ID_APOYO1": 6142901, "ID_APOYO2": 6142906, "SUBESTACION": "BER", "CIRCUITO": "BER290", "SECTOR": "SAN PEDRO SULA", "LATITUDFINAL": 15.56834497, "LATITUDINICIO": 15.56829973, "LONGITUDFINAL": -88.03097277000001, "LONGITUDINICIO": -88.03098187000001, "TIPO": "TRONCAL", "ID_EQUIPO": 2007317, "CIRCUITO_2": "BER290" }, "geometry": { "type": "MultiLineString", "coordinates": [ [ [ -88.03403, 15.54641 ], [ -88.03422, 15.54633 ] ], [ [ -88.03403, 15.54641 ], [ -88.03401, 15.54642 ] ], [ [ -88.03403, 15.54641 ], [ -88.03406, 15.54648 ], [ -88.03434, 15.54695 ], [ -88.0347, 15.54749 ], [ -88.03486, 15.54773 ], [ -88.03506, 15.54799 ], [ -88.03516, 15.5481 ], [ -88.03558, 15.54861 ], [ -88.03586, 15.54887 ], [ -88.03633, 15.54934 ], [ -88.03667, 15.54963 ], [ -88.03688, 15.5498 ], [ -88.03714, 15.55001 ], [ -88.0374, 15.55027 ], [ -88.03759, 15.5505 ], [ -88.03779, 15.55081 ], [ -88.0379, 15.5511 ], [ -88.03802, 15.55147 ], [ -88.03809, 15.5519 ], [ -88.03807, 15.55228 ], [ -88.03796, 15.55272 ], [ -88.03794, 15.5528 ], [ -88.03788, 15.55298 ], [ -88.03781, 15.55318 ], [ -88.0376, 15.55347 ], [ -88.03747, 15.55358 ], [ -88.03717, 15.55388 ], [ -88.03679, 15.55423 ], [ -88.03655, 15.55443 ], [ -88.03619, 15.55478 ], [ -88.03592, 15.55506 ], [ -88.03563, 15.55531 ], [ -88.03527, 15.55567 ], [ -88.03456, 15.55633 ], [ -88.03423, 15.55667 ], [ -88.03396, 15.55693 ], [ -88.03379, 15.55711 ], [ -88.03357, 15.55733 ], [ -88.03333, 15.55762 ], [ -88.03306, 15.55798 ], [ -88.03298, 15.55809 ], [ -88.03276, 15.55838 ], [ -88.03245, 15.55884 ], [ -88.03221, 15.55922 ], [ -88.03196, 15.55968 ], [ -88.03185, 15.5599 ], [ -88.03179, 15.56002 ], [ -88.03168, 15.56024 ], [ -88.0316, 15.56039 ], [ -88.03154, 15.56053 ], [ -88.03137, 15.56094 ], [ -88.03125, 15.56126 ], [ -88.03113, 15.56155 ], [ -88.03091, 15.56224 ], [ -88.03082, 15.56274 ], [ -88.03075, 15.563 ], [ -88.03045, 15.56352 ], [ -88.03026, 15.56381 ], [ -88.03014, 15.56398 ], [ -88.02998, 15.56421 ], [ -88.02971, 15.56455 ], [ -88.02944, 15.56494 ], [ -88.02922, 15.56524 ], [ -88.02911, 15.5654 ], [ -88.02896, 15.56562 ], [ -88.02883, 15.5658 ], [ -88.0287, 15.56598 ], [ -88.02858, 15.56613 ], [ -88.02854, 15.5662 ], [ -88.02843, 15.56637 ] ], [ [ -88.03366, 15.54568 ], [ -88.03373, 15.54583 ], [ -88.03375, 15.54588 ], [ -88.03403, 15.54641 ] ], [ [ -88.03098, 15.5683 ], [ -88.03097, 15.56834 ] ] ] } },
{ "type": "Feature", "properties": { "ID_TRAMOMT": 71419, "ID_APOYO1": 65085, "ID_APOYO2": 64432, "SUBESTACION": "BER", "CIRCUITO": "BER207", "SECTOR": "SAN PEDRO SULA", "LATITUDFINAL": 15.5156638, "LATITUDINICIO": 15.51561051, "LONGITUDFINAL": -88.01706163, "LONGITUDINICIO": -88.01685626, "TIPO": "RAMAL", "ID_EQUIPO": 302511, "CIRCUITO_2": "BER207" }, "geometry": { "type": "MultiLineString", "coordinates": [ [ [ -88.01604, 15.51544 ], [ -88.01624, 15.51548 ], [ -88.01657, 15.51554 ], [ -88.01686, 15.51561 ], [ -88.01706, 15.51566 ], [ -88.01731, 15.51571 ] ] ] } },
{ "type": "Feature", "properties": { "ID_TRAMOMT": 90477, "ID_APOYO1": 111830, "ID_APOYO2": 111923, "SUBESTACION": "BER", "CIRCUITO": "BER248", "SECTOR": "SAN PEDRO SULA", "LATITUDFINAL": 15.54600926, "LATITUDINICIO": 15.54570299, "LONGITUDFINAL": -88.01321953, "LONGITUDINICIO": -88.01298491, "TIPO": "RAMAL", "ID_EQUIPO": 306016, "CIRCUITO_2": "BER248" }, "geometry": { "type": "MultiLineString", "coordinates": [ [ [ -88.01298, 15.5457 ], [ -88.01322, 15.54601 ] ] ] } },
{ "type": "Feature", "properties": { "ID_TRAMOMT": 302025, "ID_APOYO1": 125850, "ID_APOYO2": 125834, "SUBESTACION": "BER", "CIRCUITO": "BER288", "SECTOR": "SAN PEDRO SULA", "LATITUDFINAL": 15.5105602, "LATITUDINICIO": 15.51055172, "LONGITUDFINAL": -88.02407547, "LONGITUDINICIO": -88.02395423, "TIPO": "RAMAL", "ID_EQUIPO": 307584, "CIRCUITO_2": "BER288" }, "geometry": { "type": "MultiLineString", "coordinates": [ [ [ -88.02391, 15.51093 ], [ -88.02395, 15.51055 ], [ -88.02408, 15.51056 ] ] ] } },
{ "type": "Feature", "properties": { "ID_TRAMOMT": 90475, "ID_APOYO1": 111828, "ID_APOYO2": 111921, "SUBESTACION": "BER", "CIRCUITO": "BER248", "SECTOR": "SAN PEDRO SULA", "LATITUDFINAL": 15.5448484, "LATITUDINICIO": 15.54471376, "LONGITUDFINAL": -88.01404373, "LONGITUDINICIO": -88.01383793, "TIPO": "RAMAL", "ID_EQUIPO": 306009, "CIRCUITO_2": "BER248" }, "geometry": { "type": "MultiLineString", "coordinates": [ [ [ -88.01384, 15.54471 ], [ -88.01404, 15.54485 ], [ -88.0141, 15.54479 ] ] ] } },
{ "type": "Feature", "properties": { "ID_TRAMOMT": 313535, "ID_APOYO1": 111725, "ID_APOYO2": 111726, "SUBESTACION": "BER", "CIRCUITO": "BER248", "SECTOR": "SAN PEDRO SULA", "LATITUDFINAL": 15.56238048, "LATITUDINICIO": 15.5623896, "LONGITUDFINAL": -88.02092771, "LONGITUDINICIO": -88.02090911000001, "TIPO": "TRONCAL", "ID_EQUIPO": 306806, "CIRCUITO_2": "BER248" }, "geometry": { "type": "MultiLineString", "coordinates": [ [ [ -88.02091, 15.56239 ], [ -88.02093, 15.56238 ], [ -88.02098, 15.56234 ] ] ] } },
{ "type": "Feature", "properties": { "ID_TRAMOMT": 88926, "ID_APOYO1": 109090, "ID_APOYO2": 107943, "SUBESTACION": "BER", "CIRCUITO": "BER281", "SECTOR": "SAN PEDRO SULA", "LATITUDFINAL": 15.53841073, "LATITUDINICIO": 15.53817541, "LONGITUDFINAL": -88.01633397000001, "LONGITUDINICIO": -88.01639808, "TIPO": "RAMAL", "ID_EQUIPO": 302604, "CIRCUITO_2": "BER281" }, "geometry": { "type": "MultiLineString", "coordinates": [ [ [ -88.01645, 15.53799 ], [ -88.0164, 15.53818 ], [ -88.01633, 15.53841 ], [ -88.01623, 15.53855 ], [ -88.01612, 15.53887 ] ] ] } },
{ "type": "Feature", "properties": { "ID_TRAMOMT": 70959, "ID_APOYO1": 62185, "ID_APOYO2": 62186, "SUBESTACION": "BER", "CIRCUITO": "BER205", "SECTOR": "SAN PEDRO SULA", "LATITUDFINAL": 15.51370312, "LATITUDINICIO": 15.51332338, "LONGITUDFINAL": -87.98087823, "LONGITUDINICIO": -87.98089508, "TIPO": "RAMAL", "ID_EQUIPO": 302725, "CIRCUITO_2": "BER205" }, "geometry": { "type": "MultiLineString", "coordinates": [ [ [ -87.9809, 15.51332 ], [ -87.98088, 15.5137 ], [ -87.98087, 15.51406 ], [ -87.98085, 15.51423 ] ] ] } },
{ "type": "Feature", "properties": { "ID_TRAMOMT": 90474, "ID_APOYO1": 110586, "ID_APOYO2": 110489, "SUBESTACION": "BER", "CIRCUITO": "BER248", "SECTOR": "SAN PEDRO SULA", "LATITUDFINAL": 15.54201593, "LATITUDINICIO": 15.54187263, "LONGITUDFINAL": -88.016678, "LONGITUDINICIO": -88.01638824, "TIPO": "RAMAL", "ID_EQUIPO": 305968, "CIRCUITO_2": "BER248" }, "geometry": { "type": "MultiLineString", "coordinates": [ [ [ -88.01639, 15.54187 ], [ -88.01654, 15.54156 ], [ -88.01671, 15.54118 ] ], [ [ -88.01639, 15.54187 ], [ -88.01668, 15.54202 ] ], [ [ -88.01619, 15.54225 ], [ -88.01639, 15.54187 ] ] ] } },
{ "type": "Feature", "properties": { "ID_TRAMOMT": 3063200, "ID_APOYO1": 6522286, "ID_APOYO2": 114859, "SUBESTACION": "BER", "CIRCUITO": "BER290", "SECTOR": "SAN PEDRO SULA", "LATITUDFINAL": 15.5376328, "LATITUDINICIO": 15.53787876, "LONGITUDFINAL": -88.03780368, "LONGITUDINICIO": -88.03803013, "TIPO": "RAMAL", "ID_EQUIPO": 2012119, "CIRCUITO_2": "BER290" }, "geometry": { "type": "MultiLineString", "coordinates": [ [ [ -88.03836, 15.53865 ], [ -88.03802, 15.53832 ], [ -88.03803, 15.53788 ], [ -88.0378, 15.53763 ] ] ] } },
{ "type": "Feature", "properties": { "ID_TRAMOMT": 89464, "ID_APOYO1": 113365, "ID_APOYO2": 112876, "SUBESTACION": "BER", "CIRCUITO": "BER282", "SECTOR": "SAN PEDRO SULA", "LATITUDFINAL": 15.5200095, "LATITUDINICIO": 15.51991478, "LONGITUDFINAL": -88.02998001, "LONGITUDINICIO": -88.03020044, "TIPO": "RAMAL", "ID_EQUIPO": 302791, "CIRCUITO_2": "BER282" }, "geometry": { "type": "MultiLineString", "coordinates": [ [ [ -88.03032, 15.51992 ], [ -88.03041, 15.51992 ] ], [ [ -88.03032, 15.51992 ], [ -88.03031, 15.51968 ], [ -88.03028, 15.51932 ] ], [ [ -88.03032, 15.51992 ], [ -88.0302, 15.51991 ], [ -88.02998, 15.52001 ] ] ] } },
{ "type": "Feature", "properties": { "ID_TRAMOMT": 95908, "ID_APOYO1": 126048, "ID_APOYO2": 125798, "SUBESTACION": "BER", "CIRCUITO": "BER288", "SECTOR": "SAN PEDRO SULA", "LATITUDFINAL": 15.51144057, "LATITUDINICIO": 15.5114065, "LONGITUDFINAL": -88.02915151000001, "LONGITUDINICIO": -88.02870384000001, "TIPO": "RAMAL", "ID_EQUIPO": 307696, "CIRCUITO_2": "BER288" }, "geometry": { "type": "MultiLineString", "coordinates": [ [ [ -88.0287, 15.51141 ], [ -88.02915, 15.51144 ], [ -88.02961, 15.51149 ], [ -88.02986, 15.51153 ], [ -88.0301, 15.51155 ], [ -88.0301, 15.51167 ] ] ] } },
{ "type": "Feature", "properties": { "ID_TRAMOMT": 3095224, "ID_APOYO1": 6635469, "ID_APOYO2": 6635470, "SUBESTACION": "BER", "CIRCUITO": "BER205", "SECTOR": "SAN PEDRO SULA", "LATITUDFINAL": 15.53547891, "LATITUDINICIO": 15.53571391, "LONGITUDFINAL": -87.95637444, "LONGITUDINICIO": -87.95674035, "TIPO": "RAMAL", "ID_EQUIPO": 2021023, "CIRCUITO_2": "BER205" }, "geometry": { "type": "MultiLineString", "coordinates": [ [ [ -87.95674, 15.53571 ], [ -87.95637, 15.53548 ], [ -87.9559, 15.53519 ] ] ] } },
{ "type": "Feature", "properties": { "ID_TRAMOMT": 327167, "ID_APOYO1": 125747, "ID_APOYO2": 115484, "SUBESTACION": "BER", "CIRCUITO": "BER288", "SECTOR": "SAN PEDRO SULA", "LATITUDFINAL": 15.53407394, "LATITUDINICIO": 15.53405012, "LONGITUDFINAL": -88.01585583000001, "LONGITUDINICIO": -88.0159525, "TIPO": "RAMAL", "ID_EQUIPO": null, "CIRCUITO_2": null }, "geometry": { "type": "MultiLineString", "coordinates": [ [ [ -88.02914, 15.50772 ], [ -88.02895, 15.50771 ], [ -88.02894, 15.5077 ] ], [ [ -88.02884, 15.50954 ], [ -88.02866, 15.50953 ], [ -88.02856, 15.50951 ] ], [ [ -88.02814, 15.51332 ], [ -88.02811, 15.51363 ], [ -88.02807, 15.51399 ], [ -88.02805, 15.51427 ] ], [ [ -88.02786, 15.51117 ], [ -88.02785, 15.51133 ], [ -88.02784, 15.51159 ] ], [ [ -88.0276, 15.51343 ], [ -88.02762, 15.51327 ], [ -88.02765, 15.51307 ], [ -88.02769, 15.51278 ], [ -88.02772, 15.51252 ] ], [ [ -88.02698, 15.51152 ], [ -88.02702, 15.51123 ], [ -88.02702, 15.51122 ] ], [ [ -88.02614, 15.51314 ], [ -88.02595, 15.51313 ], [ -88.02579, 15.51311 ], [ -88.02564, 15.51309 ] ], [ [ -88.02584, 15.51589 ], [ -88.02583, 15.51592 ], [ -88.02579, 15.51623 ] ], [ [ -88.02539, 15.51091 ], [ -88.02537, 15.51108 ], [ -88.02537, 15.51121 ] ], [ [ -88.02487, 15.51101 ], [ -88.02486, 15.51102 ], [ -88.02485, 15.51124 ] ], [ [ -88.02467, 15.52191 ], [ -88.0246, 15.52215 ], [ -88.02459, 15.52216 ] ], [ [ -88.02414, 15.51716 ], [ -88.02437, 15.51719 ] ], [ [ -88.0241, 15.51759 ], [ -88.02433, 15.51757 ], [ -88.02433, 15.51757 ] ], [ [ -88.02429, 15.51794 ], [ -88.02405, 15.51792 ], [ -88.02381, 15.5179 ] ], [ [ -88.02331, 15.51765 ], [ -88.02352, 15.51745 ], [ -88.02361, 15.51709 ], [ -88.02337, 15.51706 ] ], [ [ -88.01737, 15.53402 ], [ -88.01746, 15.53357 ] ], [ [ -88.01595, 15.53405 ], [ -88.01586, 15.53407 ] ] ] } },
{ "type": "Feature", "properties": { "ID_TRAMOMT": 90440, "ID_APOYO1": 110500, "ID_APOYO2": 110499, "SUBESTACION": "BER", "CIRCUITO": "BER248", "SECTOR": "SAN PEDRO SULA", "LATITUDFINAL": 15.54338156, "LATITUDINICIO": 15.54328316, "LONGITUDFINAL": -88.0165355, "LONGITUDINICIO": -88.01631123, "TIPO": "RAMAL", "ID_EQUIPO": 305960, "CIRCUITO_2": "BER248" }, "geometry": { "type": "MultiLineString", "coordinates": [ [ [ -88.01606, 15.5425 ], [ -88.01636, 15.54267 ], [ -88.01673, 15.54283 ], [ -88.01705, 15.54278 ], [ -88.01743, 15.54271 ], [ -88.01776, 15.54289 ], [ -88.01805, 15.54308 ], [ -88.01831, 15.54326 ] ], [ [ -88.01581, 15.54301 ], [ -88.01563, 15.54332 ], [ -88.01549, 15.5436 ], [ -88.01588, 15.5438 ], [ -88.0162, 15.54396 ], [ -88.01652, 15.5441 ], [ -88.01669, 15.54451 ], [ -88.01705, 15.54479 ], [ -88.01718, 15.54515 ] ], [ [ -88.01581, 15.54301 ], [ -88.01609, 15.54317 ], [ -88.01631, 15.54328 ], [ -88.01654, 15.54338 ] ], [ [ -88.01606, 15.5425 ], [ -88.01619, 15.54225 ] ], [ [ -88.01581, 15.54301 ], [ -88.01592, 15.54276 ], [ -88.01606, 15.5425 ] ] ] } },
{ "type": "Feature", "properties": { "ID_TRAMOMT": 72674, "ID_APOYO1": 64145, "ID_APOYO2": 64162, "SUBESTACION": "BER", "CIRCUITO": "BER207", "SECTOR": "SAN PEDRO SULA", "LATITUDFINAL": 15.51349032, "LATITUDINICIO": 15.51321888, "LONGITUDFINAL": -88.01792736, "LONGITUDINICIO": -88.01798197, "TIPO": "RAMAL", "ID_EQUIPO": 302547, "CIRCUITO_2": "BER207" }, "geometry": { "type": "MultiLineString", "coordinates": [ [ [ -88.01798, 15.51322 ], [ -88.01793, 15.51349 ], [ -88.01784, 15.51388 ], [ -88.01781, 15.51407 ], [ -88.01778, 15.5142 ], [ -88.01767, 15.51466 ], [ -88.01762, 15.51497 ] ] ] } },
{ "type": "Feature", "properties": { "ID_TRAMOMT": 89460, "ID_APOYO1": 112832, "ID_APOYO2": 113211, "SUBESTACION": "BER", "CIRCUITO": "BER282", "SECTOR": "SAN PEDRO SULA", "LATITUDFINAL": 15.51960072, "LATITUDINICIO": 15.51977539, "LONGITUDFINAL": -88.0304912, "LONGITUDINICIO": -88.03043792, "TIPO": "RAMAL", "ID_EQUIPO": 302796, "CIRCUITO_2": "BER282" }, "geometry": { "type": "MultiLineString", "coordinates": [ [ [ -88.03103, 15.52006 ], [ -88.03075, 15.51998 ], [ -88.03041, 15.51992 ], [ -88.03044, 15.51978 ], [ -88.03049, 15.5196 ] ] ] } },
{ "type": "Feature", "properties": { "ID_TRAMOMT": 90268, "ID_APOYO1": 109222, "ID_APOYO2": 109224, "SUBESTACION": "BER", "CIRCUITO": "BER248", "SECTOR": "SAN PEDRO SULA", "LATITUDFINAL": 15.5372224, "LATITUDINICIO": 15.53695966, "LONGITUDFINAL": -88.01723259000001, "LONGITUDINICIO": -88.01736183, "TIPO": "TRONCAL", "ID_EQUIPO": null, "CIRCUITO_2": null }, "geometry": { "type": "MultiLineString", "coordinates": [ [ [ -88.01351, 15.53471 ], [ -88.01373, 15.53472 ], [ -88.01367, 15.53494 ], [ -88.0136, 15.53524 ], [ -88.01401, 15.53546 ], [ -88.01444, 15.53566 ], [ -88.01487, 15.53586 ], [ -88.01521, 15.53602 ], [ -88.01542, 15.5361 ], [ -88.01561, 15.53623 ], [ -88.01588, 15.53626 ], [ -88.01626, 15.53623 ], [ -88.01664, 15.53621 ], [ -88.01721, 15.53626 ], [ -88.01768, 15.53638 ], [ -88.01751, 15.53662 ], [ -88.01736, 15.53696 ], [ -88.01723, 15.53722 ], [ -88.0172, 15.53727 ] ], [ [ -88.00762, 15.54879 ], [ -88.00804, 15.54858 ], [ -88.00849, 15.54837 ], [ -88.00836, 15.54812 ], [ -88.0082, 15.5478 ], [ -88.00905, 15.54741 ] ] ] } },
{ "type": "Feature", "properties": { "ID_TRAMOMT": 3036682, "ID_APOYO1": 115400, "ID_APOYO2": 6193208, "SUBESTACION": "BER", "CIRCUITO": "BER206", "SECTOR": "SAN PEDRO SULA", "LATITUDFINAL": 15.53207543, "LATITUDINICIO": 15.53185315, "LONGITUDFINAL": -88.03286066, "LONGITUDINICIO": -88.03274919, "TIPO": "RAMAL", "ID_EQUIPO": 2005357, "CIRCUITO_2": "BER206" }, "geometry": { "type": "MultiLineString", "coordinates": [ [ [ -88.03275, 15.53185 ], [ -88.03286, 15.53208 ] ] ] } },
{ "type": "Feature", "properties": { "ID_TRAMOMT": 89188, "ID_APOYO1": 107441, "ID_APOYO2": 107442, "SUBESTACION": "BER", "CIRCUITO": "BER290", "SECTOR": "SAN PEDRO SULA", "LATITUDFINAL": 15.55231188, "LATITUDINICIO": 15.55207838, "LONGITUDFINAL": -88.02645431000001, "LONGITUDINICIO": -88.02612679000001, "TIPO": "RAMAL", "ID_EQUIPO": 306600, "CIRCUITO_2": "BER290" }, "geometry": { "type": "MultiLineString", "coordinates": [ [ [ -88.02613, 15.55208 ], [ -88.02645, 15.55231 ], [ -88.02679, 15.55255 ], [ -88.0271, 15.55278 ], [ -88.02739, 15.55299 ] ], [ [ -88.02577, 15.5525 ], [ -88.02593, 15.55261 ], [ -88.02622, 15.5528 ], [ -88.02656, 15.55305 ], [ -88.02686, 15.55327 ], [ -88.02727, 15.55356 ] ], [ [ -88.02613, 15.55208 ], [ -88.02629, 15.55188 ], [ -88.02647, 15.55168 ] ], [ [ -88.02613, 15.55208 ], [ -88.02588, 15.55238 ], [ -88.02577, 15.5525 ] ], [ [ -88.02577, 15.5525 ], [ -88.02564, 15.55264 ], [ -88.02542, 15.5529 ], [ -88.02525, 15.55309 ], [ -88.025, 15.55339 ], [ -88.02482, 15.55358 ], [ -88.02464, 15.55378 ], [ -88.02499, 15.55404 ], [ -88.02533, 15.55428 ] ], [ [ -88.02569, 15.55245 ], [ -88.02577, 15.5525 ] ] ] } },
{ "type": "Feature", "properties": { "ID_TRAMOMT": 90473, "ID_APOYO1": 110447, "ID_APOYO2": 110445, "SUBESTACION": "BER", "CIRCUITO": "BER248", "SECTOR": "SAN PEDRO SULA", "LATITUDFINAL": 15.54623799, "LATITUDINICIO": 15.54600473, "LONGITUDFINAL": -88.02046583000001, "LONGITUDINICIO": -88.02008238000001, "TIPO": "RAMAL", "ID_EQUIPO": 305980, "CIRCUITO_2": "BER248" }, "geometry": { "type": "MultiLineString", "coordinates": [ [ [ -88.01949, 15.54626 ], [ -88.01963, 15.54602 ], [ -88.01977, 15.54583 ], [ -88.02008, 15.546 ], [ -88.02047, 15.54624 ] ], [ [ -88.01949, 15.54626 ], [ -88.01927, 15.54657 ], [ -88.01911, 15.54684 ], [ -88.01887, 15.54719 ], [ -88.0186, 15.54735 ], [ -88.01828, 15.5475 ], [ -88.0184, 15.5477 ], [ -88.0186, 15.54802 ], [ -88.01877, 15.54826 ], [ -88.01902, 15.54843 ], [ -88.01924, 15.54857 ] ], [ [ -88.01831, 15.54326 ], [ -88.01816, 15.54348 ], [ -88.01801, 15.54372 ], [ -88.01778, 15.54409 ], [ -88.01762, 15.54435 ], [ -88.01772, 15.54461 ], [ -88.01781, 15.54491 ], [ -88.01794, 15.5453 ], [ -88.0181, 15.54544 ], [ -88.01836, 15.54558 ], [ -88.01865, 15.54577 ], [ -88.01891, 15.54593 ], [ -88.01925, 15.54614 ], [ -88.01949, 15.54626 ] ] ] } },
{ "type": "Feature", "properties": { "ID_TRAMOMT": 3057457, "ID_APOYO1": 64628, "ID_APOYO2": 6488779, "SUBESTACION": "BER", "CIRCUITO": "BER207", "SECTOR": "SAN PEDRO SULA", "LATITUDFINAL": 15.51769076, "LATITUDINICIO": 15.51764441, "LONGITUDFINAL": -88.01704312, "LONGITUDINICIO": -88.0168569, "TIPO": "RAMAL", "ID_EQUIPO": 2010579, "CIRCUITO_2": "BER207" }, "geometry": { "type": "MultiLineString", "coordinates": [ [ [ -88.01686, 15.51764 ], [ -88.01704, 15.51769 ] ] ] } },
{ "type": "Feature", "properties": { "ID_TRAMOMT": 71426, "ID_APOYO1": 64407, "ID_APOYO2": 64409, "SUBESTACION": "BER", "CIRCUITO": "BER207", "SECTOR": "SAN PEDRO SULA", "LATITUDFINAL": 15.51604837, "LATITUDINICIO": 15.5161101, "LONGITUDFINAL": -88.01795855, "LONGITUDINICIO": -88.01829448, "TIPO": "RAMAL", "ID_EQUIPO": 302565, "CIRCUITO_2": "BER207" }, "geometry": { "type": "MultiLineString", "coordinates": [ [ [ -88.0195, 15.51427 ], [ -88.01925, 15.51423 ], [ -88.01898, 15.51418 ], [ -88.01871, 15.51413 ], [ -88.01865, 15.51443 ], [ -88.0186, 15.51471 ], [ -88.01851, 15.51509 ] ], [ [ -88.01851, 15.51509 ], [ -88.01869, 15.51511 ], [ -88.01897, 15.51516 ] ], [ [ -88.01864, 15.5164 ], [ -88.01824, 15.51639 ] ], [ [ -88.01851, 15.51509 ], [ -88.01845, 15.51541 ], [ -88.01836, 15.51579 ], [ -88.01829, 15.51611 ] ], [ [ -88.01829, 15.51611 ], [ -88.01825, 15.51635 ] ], [ [ -88.01829, 15.51611 ], [ -88.01796, 15.51605 ] ], [ [ -88.01824, 15.51639 ], [ -88.01817, 15.51639 ] ], [ [ -88.01822, 15.51651 ], [ -88.01824, 15.51639 ] ] ] } },
{ "type": "Feature", "properties": { "ID_TRAMOMT": 90406, "ID_APOYO1": 111826, "ID_APOYO2": 110604, "SUBESTACION": "BER", "CIRCUITO": "BER248", "SECTOR": "SAN PEDRO SULA", "LATITUDFINAL": 15.54394151, "LATITUDINICIO": 15.54378887, "LONGITUDFINAL": -88.01468268000001, "LONGITUDINICIO": -88.01445815, "TIPO": "RAMAL", "ID_EQUIPO": 305939, "CIRCUITO_2": "BER248" }, "geometry": { "type": "MultiLineString", "coordinates": [ [ [ -88.01481, 15.54401 ], [ -88.01468, 15.54394 ], [ -88.01446, 15.54379 ] ] ] } },
{ "type": "Feature", "properties": { "ID_TRAMOMT": 3037645, "ID_APOYO1": 6199462, "ID_APOYO2": 6199470, "SUBESTACION": "BER", "CIRCUITO": "BER282", "SECTOR": "SAN PEDRO SULA", "LATITUDFINAL": 15.53076537, "LATITUDINICIO": 15.53090736, "LONGITUDFINAL": -88.02353855, "LONGITUDINICIO": -88.02334144, "TIPO": "RAMAL", "ID_EQUIPO": 2005598, "CIRCUITO_2": "BER282" }, "geometry": { "type": "MultiLineString", "coordinates": [ [ [ -88.02334, 15.53091 ], [ -88.02354, 15.53077 ] ] ] } },
{ "type": "Feature", "properties": { "ID_TRAMOMT": 70632, "ID_APOYO1": 61583, "ID_APOYO2": 61584, "SUBESTACION": "BER", "CIRCUITO": "BER205", "SECTOR": "SAN PEDRO SULA", "LATITUDFINAL": 15.51684284, "LATITUDINICIO": 15.51655433, "LONGITUDFINAL": -87.98021246, "LONGITUDINICIO": -87.98004327, "TIPO": "RAMAL", "ID_EQUIPO": 302759, "CIRCUITO_2": "BER205" }, "geometry": { "type": "MultiLineString", "coordinates": [ [ [ -87.98136, 15.51729 ], [ -87.98139, 15.51747 ], [ -87.9815, 15.5178 ], [ -87.98177, 15.51779 ], [ -87.98215, 15.51776 ], [ -87.98248, 15.5177 ] ], [ [ -87.98167, 15.51675 ], [ -87.98144, 15.51671 ] ], [ [ -87.98157, 15.51639 ], [ -87.98147, 15.51662 ], [ -87.98144, 15.51671 ] ], [ [ -87.98151, 15.5173 ], [ -87.98136, 15.51729 ] ], [ [ -87.98144, 15.51671 ], [ -87.9814, 15.51687 ], [ -87.98135, 15.51718 ], [ -87.98136, 15.51729 ] ], [ [ -87.98144, 15.51671 ], [ -87.98131, 15.51668 ], [ -87.98096, 15.51663 ], [ -87.98063, 15.51657 ], [ -87.98039, 15.51653 ], [ -87.98031, 15.5164 ] ], [ [ -87.98136, 15.51729 ], [ -87.98117, 15.51726 ] ], [ [ -87.9812, 15.5183 ], [ -87.98095, 15.51793 ], [ -87.98077, 15.51771 ], [ -87.9806, 15.51738 ], [ -87.98038, 15.51712 ], [ -87.98021, 15.51684 ], [ -87.98004, 15.51655 ] ], [ [ -87.98031, 15.5164 ], [ -87.98004, 15.51655 ] ], [ [ -87.98031, 15.5164 ], [ -87.98051, 15.51628 ], [ -87.98068, 15.51616 ], [ -87.9806, 15.51595 ], [ -87.98039, 15.51579 ], [ -87.98023, 15.51565 ], [ -87.98008, 15.51542 ], [ -87.97986, 15.51507 ], [ -87.97971, 15.51485 ] ], [ [ -87.98004, 15.51655 ], [ -87.97971, 15.51672 ] ] ] } },
{ "type": "Feature", "properties": { "ID_TRAMOMT": 71291, "ID_APOYO1": 65372, "ID_APOYO2": 64383, "SUBESTACION": "BER", "CIRCUITO": "BER207", "SECTOR": "SAN PEDRO SULA", "LATITUDFINAL": 15.5139113, "LATITUDINICIO": 15.5136941, "LONGITUDFINAL": -88.0187685, "LONGITUDINICIO": -88.01882338, "TIPO": "RAMAL", "ID_EQUIPO": 302560, "CIRCUITO_2": "BER207" }, "geometry": { "type": "MultiLineString", "coordinates": [ [ [ -88.01886, 15.51347 ], [ -88.01882, 15.51369 ], [ -88.01877, 15.51391 ], [ -88.01871, 15.51413 ] ] ] } },
{ "type": "Feature", "properties": { "ID_TRAMOMT": 3037512, "ID_APOYO1": 6197361, "ID_APOYO2": 115384, "SUBESTACION": "BER", "CIRCUITO": "BER290", "SECTOR": "SAN PEDRO SULA", "LATITUDFINAL": 15.53936624, "LATITUDINICIO": 15.53922604, "LONGITUDFINAL": -88.03825992, "LONGITUDINICIO": -88.03812236, "TIPO": "RAMAL", "ID_EQUIPO": 2005535, "CIRCUITO_2": "BER290" }, "geometry": { "type": "MultiLineString", "coordinates": [ [ [ -88.03812, 15.53923 ], [ -88.03826, 15.53937 ] ] ] } },
{ "type": "Feature", "properties": { "ID_TRAMOMT": 91766, "ID_APOYO1": 111825, "ID_APOYO2": 110314, "SUBESTACION": "BER", "CIRCUITO": "BER248", "SECTOR": "SAN PEDRO SULA", "LATITUDFINAL": 15.54343496, "LATITUDINICIO": 15.5433722, "LONGITUDFINAL": -88.0147548, "LONGITUDINICIO": -88.0146426, "TIPO": "RAMAL", "ID_EQUIPO": 305935, "CIRCUITO_2": "BER248" }, "geometry": { "type": "MultiLineString", "coordinates": [ [ [ -88.01464, 15.54337 ], [ -88.01475, 15.54343 ] ] ] } },
{ "type": "Feature", "properties": { "ID_TRAMOMT": 88814, "ID_APOYO1": 108963, "ID_APOYO2": 108964, "SUBESTACION": "BER", "CIRCUITO": "BER280", "SECTOR": "SAN PEDRO SULA", "LATITUDFINAL": 15.54073017, "LATITUDINICIO": 15.54036787, "LONGITUDFINAL": -88.0151798, "LONGITUDINICIO": -88.01533654000001, "TIPO": "RAMAL", "ID_EQUIPO": 302471, "CIRCUITO_2": "BER280" }, "geometry": { "type": "MultiLineString", "coordinates": [ [ [ -88.01534, 15.54037 ], [ -88.01518, 15.54073 ] ] ] } },
{ "type": "Feature", "properties": { "ID_TRAMOMT": 71423, "ID_APOYO1": 64554, "ID_APOYO2": 64560, "SUBESTACION": "BER", "CIRCUITO": "BER207", "SECTOR": "SAN PEDRO SULA", "LATITUDFINAL": 15.51317046, "LATITUDINICIO": 15.51334638, "LONGITUDFINAL": -88.01977193, "LONGITUDINICIO": -88.01973533, "TIPO": "RAMAL", "ID_EQUIPO": 302586, "CIRCUITO_2": "BER207" }, "geometry": { "type": "MultiLineString", "coordinates": [ [ [ -88.01921, 15.51325 ], [ -88.01939, 15.51328 ], [ -88.01974, 15.51335 ], [ -88.01977, 15.51317 ] ] ] } },
{ "type": "Feature", "properties": { "ID_TRAMOMT": 89161, "ID_APOYO1": 107180, "ID_APOYO2": 107405, "SUBESTACION": "BER", "CIRCUITO": "BER290", "SECTOR": "SAN PEDRO SULA", "LATITUDFINAL": 15.55494728, "LATITUDINICIO": 15.55468666, "LONGITUDFINAL": -88.02734392000001, "LONGITUDINICIO": -88.02701625, "TIPO": "RAMAL", "ID_EQUIPO": 306585, "CIRCUITO_2": "BER290" }, "geometry": { "type": "MultiLineString", "coordinates": [ [ [ -88.02569, 15.55375 ], [ -88.02601, 15.554 ], [ -88.02635, 15.55424 ], [ -88.0267, 15.55448 ], [ -88.02702, 15.55469 ], [ -88.02734, 15.55495 ], [ -88.02752, 15.55474 ], [ -88.02771, 15.55451 ], [ -88.02735, 15.55428 ], [ -88.02706, 15.55407 ], [ -88.02673, 15.55385 ], [ -88.02642, 15.55361 ], [ -88.02612, 15.55341 ], [ -88.02591, 15.55325 ], [ -88.02567, 15.55308 ], [ -88.02542, 15.5529 ] ] ] } },
{ "type": "Feature", "properties": { "ID_TRAMOMT": 3031614, "ID_APOYO1": 111823, "ID_APOYO2": 6169094, "SUBESTACION": "BER", "CIRCUITO": "BER248", "SECTOR": "SAN PEDRO SULA", "LATITUDFINAL": 15.54256153, "LATITUDINICIO": 15.542521, "LONGITUDFINAL": -88.01505223, "LONGITUDINICIO": -88.01496478, "TIPO": "RAMAL", "ID_EQUIPO": 305932, "CIRCUITO_2": "BER248" }, "geometry": { "type": "MultiLineString", "coordinates": [ [ [ -88.01496, 15.54252 ], [ -88.01505, 15.54256 ] ] ] } },
{ "type": "Feature", "properties": { "ID_TRAMOMT": 71429, "ID_APOYO1": 65346, "ID_APOYO2": 65343, "SUBESTACION": "BER", "CIRCUITO": "BER207", "SECTOR": "SAN PEDRO SULA", "LATITUDFINAL": 15.51744857, "LATITUDINICIO": 15.51743179, "LONGITUDFINAL": -88.0181612, "LONGITUDINICIO": -88.01788142, "TIPO": "RAMAL", "ID_EQUIPO": 302583, "CIRCUITO_2": "BER207" }, "geometry": { "type": "MultiLineString", "coordinates": [ [ [ -88.01859, 15.517 ], [ -88.01826, 15.517 ] ], [ [ -88.01788, 15.51743 ], [ -88.01816, 15.51745 ], [ -88.01826, 15.517 ] ], [ [ -88.01826, 15.517 ], [ -88.01788, 15.51696 ] ] ] } },
{ "type": "Feature", "properties": { "ID_TRAMOMT": 3095430, "ID_APOYO1": 6635613, "ID_APOYO2": 6635619, "SUBESTACION": "BER", "CIRCUITO": "BER205", "SECTOR": "SAN PEDRO SULA", "LATITUDFINAL": 15.51937021, "LATITUDINICIO": 15.52043278, "LONGITUDFINAL": -87.96413699, "LONGITUDINICIO": -87.96434263, "TIPO": "RAMAL", "ID_EQUIPO": 2021082, "CIRCUITO_2": "BER205" }, "geometry": { "type": "MultiLineString", "coordinates": [ [ [ -87.96434, 15.52043 ], [ -87.96414, 15.51937 ], [ -87.96385, 15.5189 ], [ -87.96353, 15.51829 ], [ -87.96318, 15.51766 ], [ -87.96298, 15.51733 ], [ -87.96261, 15.51677 ], [ -87.96239, 15.5161 ] ] ] } },
{ "type": "Feature", "properties": { "ID_TRAMOMT": 90428, "ID_APOYO1": 110568, "ID_APOYO2": 110567, "SUBESTACION": "BER", "CIRCUITO": "BER248", "SECTOR": "SAN PEDRO SULA", "LATITUDFINAL": 15.54519023, "LATITUDINICIO": 15.54506363, "LONGITUDFINAL": -88.01440906000001, "LONGITUDINICIO": -88.01441776, "TIPO": "RAMAL", "ID_EQUIPO": 305955, "CIRCUITO_2": "BER248" }, "geometry": { "type": "MultiLineString", "coordinates": [ [ [ -88.01442, 15.54506 ], [ -88.01441, 15.54519 ] ] ] } },
{ "type": "Feature", "properties": { "ID_TRAMOMT": 3095423, "ID_APOYO1": 6635611, "ID_APOYO2": 6635612, "SUBESTACION": "BER", "CIRCUITO": "BER205", "SECTOR": "SAN PEDRO SULA", "LATITUDFINAL": 15.52107457, "LATITUDINICIO": 15.52139911, "LONGITUDFINAL": -87.96453231, "LONGITUDINICIO": -87.96482658, "TIPO": "RAMAL", "ID_EQUIPO": 2021081, "CIRCUITO_2": "BER205" }, "geometry": { "type": "MultiLineString", "coordinates": [ [ [ -87.96483, 15.5214 ], [ -87.96453, 15.52107 ], [ -87.96434, 15.52043 ] ] ] } },
{ "type": "Feature", "properties": { "ID_TRAMOMT": 338998, "ID_APOYO1": 107730, "ID_APOYO2": 306044, "SUBESTACION": "BER", "CIRCUITO": "BER280", "SECTOR": "SAN PEDRO SULA", "LATITUDFINAL": 15.53986365, "LATITUDINICIO": 15.53981322, "LONGITUDFINAL": -88.01208659, "LONGITUDINICIO": -88.01210762, "TIPO": "RAMAL", "ID_EQUIPO": 302458, "CIRCUITO_2": "BER280" }, "geometry": { "type": "MultiLineString", "coordinates": [ [ [ -88.01243, 15.53994 ], [ -88.01211, 15.53981 ] ], [ [ -88.01211, 15.53981 ], [ -88.01209, 15.53986 ] ], [ [ -88.01211, 15.53981 ], [ -88.0119, 15.53972 ], [ -88.0117, 15.53964 ], [ -88.01133, 15.5395 ], [ -88.01098, 15.53934 ], [ -88.01075, 15.53924 ], [ -88.01054, 15.53917 ], [ -88.01029, 15.53907 ], [ -88.01005, 15.53898 ] ] ] } },
{ "type": "Feature", "properties": { "ID_TRAMOMT": 3054406, "ID_APOYO1": 6466662, "ID_APOYO2": 110311, "SUBESTACION": "BER", "CIRCUITO": "BER248", "SECTOR": "SAN PEDRO SULA", "LATITUDFINAL": 15.54790519, "LATITUDINICIO": 15.54773323, "LONGITUDFINAL": -88.00979732, "LONGITUDINICIO": -88.00984311000001, "TIPO": "RAMAL", "ID_EQUIPO": 2009893, "CIRCUITO_2": "BER248" }, "geometry": { "type": "MultiLineString", "coordinates": [ [ [ -88.00984, 15.54773 ], [ -88.0098, 15.54791 ], [ -88.00981, 15.5479 ] ] ] } },
{ "type": "Feature", "properties": { "ID_TRAMOMT": 72821, "ID_APOYO1": 65600, "ID_APOYO2": 65599, "SUBESTACION": "BER", "CIRCUITO": "BER208", "SECTOR": "SAN PEDRO SULA", "LATITUDFINAL": 15.50893046, "LATITUDINICIO": 15.50891351, "LONGITUDFINAL": -88.02268765, "LONGITUDINICIO": -88.02244517, "TIPO": "RAMAL", "ID_EQUIPO": 306234, "CIRCUITO_2": "BER208" }, "geometry": { "type": "MultiLineString", "coordinates": [ [ [ -88.02317, 15.50897 ], [ -88.0229, 15.50895 ], [ -88.02269, 15.50893 ], [ -88.02245, 15.50891 ], [ -88.0222, 15.50889 ] ] ] } },
{ "type": "Feature", "properties": { "ID_TRAMOMT": 72666, "ID_APOYO1": 65410, "ID_APOYO2": 65360, "SUBESTACION": "BER", "CIRCUITO": "BER207", "SECTOR": "SAN PEDRO SULA", "LATITUDFINAL": 15.51699613, "LATITUDINICIO": 15.51650818, "LONGITUDFINAL": -88.01826154, "LONGITUDINICIO": -88.01822185, "TIPO": "RAMAL", "ID_EQUIPO": 302573, "CIRCUITO_2": "BER207" }, "geometry": { "type": "MultiLineString", "coordinates": [ [ [ -88.01822, 15.51651 ], [ -88.01826, 15.517 ] ] ] } },
{ "type": "Feature", "properties": { "ID_TRAMOMT": 71431, "ID_APOYO1": 64422, "ID_APOYO2": 65411, "SUBESTACION": "BER", "CIRCUITO": "BER207", "SECTOR": "SAN PEDRO SULA", "LATITUDFINAL": 15.51642321, "LATITUDINICIO": 15.51639777, "LONGITUDFINAL": -88.01900458, "LONGITUDINICIO": -88.01864085, "TIPO": "RAMAL", "ID_EQUIPO": 302575, "CIRCUITO_2": "BER207" }, "geometry": { "type": "MultiLineString", "coordinates": [ [ [ -88.01927, 15.51644 ], [ -88.01924, 15.51644 ] ], [ [ -88.01924, 15.51644 ], [ -88.01925, 15.51638 ] ], [ [ -88.0192, 15.51671 ], [ -88.01924, 15.51644 ] ], [ [ -88.01924, 15.51644 ], [ -88.019, 15.51642 ], [ -88.01864, 15.5164 ] ] ] } },
{ "type": "Feature", "properties": { "ID_TRAMOMT": 90423, "ID_APOYO1": 110558, "ID_APOYO2": 110557, "SUBESTACION": "BER", "CIRCUITO": "BER248", "SECTOR": "SAN PEDRO SULA", "LATITUDFINAL": 15.54505917, "LATITUDINICIO": 15.544925, "LONGITUDFINAL": -88.01538749, "LONGITUDINICIO": -88.01507913, "TIPO": "RAMAL", "ID_EQUIPO": 305952, "CIRCUITO_2": "BER248" }, "geometry": { "type": "MultiLineString", "coordinates": [ [ [ -88.01442, 15.54506 ], [ -88.01474, 15.54475 ], [ -88.01508, 15.54492 ], [ -88.01539, 15.54506 ], [ -88.01571, 15.54524 ], [ -88.01581, 15.54544 ], [ -88.01587, 15.54564 ], [ -88.01586, 15.54573 ] ] ] } },
{ "type": "Feature", "properties": { "ID_TRAMOMT": 88773, "ID_APOYO1": 108012, "ID_APOYO2": 107723, "SUBESTACION": "BER", "CIRCUITO": "BER280", "SECTOR": "SAN PEDRO SULA", "LATITUDFINAL": 15.53953009, "LATITUDINICIO": 15.53931267, "LONGITUDFINAL": -88.01274029, "LONGITUDINICIO": -88.01284179, "TIPO": "RAMAL", "ID_EQUIPO": 302453, "CIRCUITO_2": "BER280" }, "geometry": { "type": "MultiLineString", "coordinates": [ [ [ -88.01284, 15.53931 ], [ -88.01274, 15.53953 ], [ -88.01264, 15.53972 ], [ -88.01262, 15.53979 ] ], [ [ -88.01262, 15.53979 ], [ -88.01243, 15.53994 ] ], [ [ -88.01262, 15.53979 ], [ -88.01252, 15.54004 ], [ -88.0124, 15.54029 ] ] ] } },
{ "type": "Feature", "properties": { "ID_TRAMOMT": 3020018, "ID_APOYO1": 6142935, "ID_APOYO2": 6142928, "SUBESTACION": "BER", "CIRCUITO": "BER290", "SECTOR": "SAN PEDRO SULA", "LATITUDFINAL": 15.55711107, "LATITUDINICIO": 15.5572829, "LONGITUDFINAL": -88.02719067, "LONGITUDINICIO": -88.02742456, "TIPO": "RAMAL", "ID_EQUIPO": 2024276, "CIRCUITO_2": "BER290" }, "geometry": { "type": "MultiLineString", "coordinates": [ [ [ -88.02781, 15.5576 ], [ -88.02742, 15.55728 ], [ -88.02719, 15.55711 ] ] ] } },
{ "type": "Feature", "properties": { "ID_TRAMOMT": 90606, "ID_APOYO1": 112692, "ID_APOYO2": 112693, "SUBESTACION": "BER", "CIRCUITO": "BER248", "SECTOR": "SAN PEDRO SULA", "LATITUDFINAL": 15.55178346, "LATITUDINICIO": 15.5515874, "LONGITUDFINAL": -88.01911638, "LONGITUDINICIO": -88.01894427000001, "TIPO": "RAMAL", "ID_EQUIPO": 2012039, "CIRCUITO_2": "BER248" }, "geometry": { "type": "MultiLineString", "coordinates": [ [ [ -88.01804, 15.55022 ], [ -88.01786, 15.55044 ], [ -88.01789, 15.55054 ], [ -88.01804, 15.5507 ], [ -88.01816, 15.55081 ], [ -88.01829, 15.55095 ], [ -88.01854, 15.5512 ], [ -88.01874, 15.5514 ], [ -88.01894, 15.55159 ], [ -88.01912, 15.55178 ], [ -88.01914, 15.55194 ], [ -88.01903, 15.55222 ], [ -88.01891, 15.55255 ], [ -88.01878, 15.55286 ], [ -88.01871, 15.55311 ], [ -88.0187, 15.55329 ], [ -88.01877, 15.55364 ], [ -88.01886, 15.554 ], [ -88.01897, 15.55436 ] ] ] } },
{ "type": "Feature", "properties": { "ID_TRAMOMT": 3057421, "ID_APOYO1": 125730, "ID_APOYO2": 125810, "SUBESTACION": "BER", "CIRCUITO": "BER288", "SECTOR": "SAN PEDRO SULA", "LATITUDFINAL": 15.51430796, "LATITUDINICIO": 15.51426606, "LONGITUDFINAL": -88.02832127000001, "LONGITUDINICIO": -88.02804674, "TIPO": "RAMAL", "ID_EQUIPO": 2010563, "CIRCUITO_2": "BER288" }, "geometry": { "type": "MultiLineString", "coordinates": [ [ [ -88.02805, 15.51427 ], [ -88.02832, 15.51431 ] ] ] } },
{ "type": "Feature", "properties": { "ID_TRAMOMT": 303742, "ID_APOYO1": 112793, "ID_APOYO2": 112874, "SUBESTACION": "BER", "CIRCUITO": "BER282", "SECTOR": "SAN PEDRO SULA", "LATITUDFINAL": 15.5138592, "LATITUDINICIO": 15.51399488, "LONGITUDFINAL": -88.03000257, "LONGITUDINICIO": -88.0299846, "TIPO": "TRONCAL", "ID_EQUIPO": 306195, "CIRCUITO_2": "BER282" }, "geometry": { "type": "MultiLineString", "coordinates": [ [ [ -88.03063, 15.51393 ], [ -88.03024, 15.51388 ], [ -88.03, 15.51386 ] ], [ [ -88.03008, 15.51333 ], [ -88.03003, 15.51365 ], [ -88.03, 15.51386 ] ], [ [ -88.02998, 15.51399 ], [ -88.03, 15.51386 ] ], [ [ -88.02982, 15.51384 ], [ -88.03, 15.51386 ] ] ] } },
{ "type": "Feature", "properties": { "ID_TRAMOMT": 87498, "ID_APOYO1": 125640, "ID_APOYO2": 126101, "SUBESTACION": "BER", "CIRCUITO": "BER288", "SECTOR": "SAN PEDRO SULA", "LATITUDFINAL": 15.51589441, "LATITUDINICIO": 15.51571354, "LONGITUDFINAL": -88.02583589, "LONGITUDINICIO": -88.02585364, "TIPO": "RAMAL", "ID_EQUIPO": 307490, "CIRCUITO_2": "BER288" }, "geometry": { "type": "MultiLineString", "coordinates": [ [ [ -88.02617, 15.51535 ], [ -88.02594, 15.51532 ], [ -88.0259, 15.51532 ] ], [ [ -88.0259, 15.51532 ], [ -88.02591, 15.51527 ], [ -88.02592, 15.5151 ] ], [ [ -88.0259, 15.51532 ], [ -88.02585, 15.51571 ], [ -88.02584, 15.51589 ] ] ] } },
{ "type": "Feature", "properties": { "ID_TRAMOMT": 3037769, "ID_APOYO1": 107751, "ID_APOYO2": 107752, "SUBESTACION": "BER", "CIRCUITO": "BER280", "SECTOR": "SAN PEDRO SULA", "LATITUDFINAL": 15.53821293, "LATITUDINICIO": 15.53835632, "LONGITUDFINAL": -88.00822093, "LONGITUDINICIO": -88.00849203, "TIPO": "RAMAL", "ID_EQUIPO": 302464, "CIRCUITO_2": "BER280" }, "geometry": { "type": "MultiLineString", "coordinates": [ [ [ -88.01005, 15.53898 ], [ -88.00967, 15.53885 ], [ -88.0094, 15.53875 ], [ -88.00915, 15.53864 ], [ -88.00882, 15.5385 ], [ -88.00849, 15.53836 ], [ -88.00822, 15.53821 ], [ -88.00784, 15.53804 ] ] ] } },
{ "type": "Feature", "properties": { "ID_TRAMOMT": 87501, "ID_APOYO1": 126177, "ID_APOYO2": 126097, "SUBESTACION": "BER", "CIRCUITO": "BER288", "SECTOR": "SAN PEDRO SULA", "LATITUDFINAL": 15.51685306, "LATITUDINICIO": 15.51647324, "LONGITUDFINAL": -88.02573807, "LONGITUDINICIO": -88.02577348, "TIPO": "RAMAL", "ID_EQUIPO": 307493, "CIRCUITO_2": "BER288" }, "geometry": { "type": "MultiLineString", "coordinates": [ [ [ -88.02579, 15.51623 ], [ -88.02577, 15.51647 ], [ -88.02574, 15.51685 ], [ -88.02571, 15.51711 ], [ -88.02565, 15.51753 ] ] ] } },
{ "type": "Feature", "properties": { "ID_TRAMOMT": 71446, "ID_APOYO1": 64722, "ID_APOYO2": 64446, "SUBESTACION": "BER", "CIRCUITO": "BER207", "SECTOR": "SAN PEDRO SULA", "LATITUDFINAL": 15.5118424, "LATITUDINICIO": 15.51157092, "LONGITUDFINAL": -88.01851596, "LONGITUDINICIO": -88.01857989, "TIPO": "RAMAL", "ID_EQUIPO": 302590, "CIRCUITO_2": "BER207" }, "geometry": { "type": "MultiLineString", "coordinates": [ [ [ -88.01878, 15.5106 ], [ -88.01869, 15.51101 ], [ -88.01863, 15.51132 ], [ -88.01858, 15.51157 ], [ -88.01852, 15.51184 ] ] ] } },
{ "type": "Feature", "properties": { "ID_TRAMOMT": 313937, "ID_APOYO1": 64721, "ID_APOYO2": 64720, "SUBESTACION": "BER", "CIRCUITO": "BER207", "SECTOR": "SAN PEDRO SULA", "LATITUDFINAL": 15.51213196, "LATITUDINICIO": 15.51214057, "LONGITUDFINAL": -88.01845211, "LONGITUDINICIO": -88.01854539, "TIPO": "RAMAL", "ID_EQUIPO": 302589, "CIRCUITO_2": "BER207" }, "geometry": { "type": "MultiLineString", "coordinates": [ [ [ -88.01897, 15.5122 ], [ -88.01855, 15.51214 ], [ -88.01845, 15.51213 ] ], [ [ -88.01852, 15.51184 ], [ -88.01847, 15.51205 ], [ -88.01845, 15.51213 ] ], [ [ -88.01845, 15.51213 ], [ -88.01839, 15.5124 ] ], [ [ -88.01845, 15.51213 ], [ -88.01814, 15.51208 ], [ -88.01792, 15.51205 ] ] ] } },
{ "type": "Feature", "properties": { "ID_TRAMOMT": 87198, "ID_APOYO1": 108537, "ID_APOYO2": 108538, "SUBESTACION": "BER", "CIRCUITO": "BER290", "SECTOR": "SAN PEDRO SULA", "LATITUDFINAL": 15.56339649, "LATITUDINICIO": 15.56354877, "LONGITUDFINAL": -88.02986638, "LONGITUDINICIO": -88.03016555000001, "TIPO": "RAMAL", "ID_EQUIPO": 2004509, "CIRCUITO_2": "BER290" }, "geometry": { "type": "MultiLineString", "coordinates": [ [ [ -88.0284, 15.56363 ], [ -88.02855, 15.56343 ], [ -88.02869, 15.56324 ], [ -88.02889, 15.56297 ], [ -88.02907, 15.56273 ], [ -88.02925, 15.56251 ], [ -88.02946, 15.56224 ], [ -88.02964, 15.56195 ], [ -88.02989, 15.56165 ], [ -88.03003, 15.56143 ] ], [ [ -88.02971, 15.56455 ], [ -88.02957, 15.56445 ], [ -88.02952, 15.56442 ] ], [ [ -88.02952, 15.56442 ], [ -88.02957, 15.56436 ], [ -88.0298, 15.56404 ], [ -88.02998, 15.56379 ], [ -88.03017, 15.56355 ], [ -88.02987, 15.5634 ], [ -88.02958, 15.56324 ] ], [ [ -88.02952, 15.56442 ], [ -88.02931, 15.56467 ], [ -88.02911, 15.56494 ], [ -88.02891, 15.5652 ], [ -88.02878, 15.56538 ], [ -88.02862, 15.5656 ], [ -88.02843, 15.56546 ] ], [ [ -88.02952, 15.56442 ], [ -88.02932, 15.56427 ], [ -88.02903, 15.56405 ], [ -88.02872, 15.56384 ], [ -88.0284, 15.56363 ] ], [ [ -88.0284, 15.56363 ], [ -88.02821, 15.56386 ], [ -88.02804, 15.56408 ], [ -88.02785, 15.56434 ], [ -88.02765, 15.56461 ], [ -88.02743, 15.56487 ], [ -88.02725, 15.56514 ], [ -88.02703, 15.5654 ], [ -88.02694, 15.56552 ] ] ] } },
{ "type": "Feature", "properties": { "ID_TRAMOMT": 89982, "ID_APOYO1": 108519, "ID_APOYO2": 108518, "SUBESTACION": "BER", "CIRCUITO": "BER290", "SECTOR": "SAN PEDRO SULA", "LATITUDFINAL": 15.56389986, "LATITUDINICIO": 15.56403427, "LONGITUDFINAL": -88.03047503000001, "LONGITUDINICIO": -88.03072749, "TIPO": "RAMAL", "ID_EQUIPO": 2004508, "CIRCUITO_2": "BER290" }, "geometry": { "type": "MultiLineString", "coordinates": [ [ [ -88.03176, 15.56455 ], [ -88.03121, 15.56429 ], [ -88.0312, 15.56429 ], [ -88.03102, 15.5642 ], [ -88.03073, 15.56403 ], [ -88.03048, 15.5639 ], [ -88.03026, 15.56381 ] ] ] } },
{ "type": "Feature", "properties": { "ID_TRAMOMT": 89994, "ID_APOYO1": 6142960, "ID_APOYO2": 108761, "SUBESTACION": "BER", "CIRCUITO": "BER290", "SECTOR": "SAN PEDRO SULA", "LATITUDFINAL": 15.56549631, "LATITUDINICIO": 15.56540073, "LONGITUDFINAL": -88.02929866, "LONGITUDINICIO": -88.02911374, "TIPO": "RAMAL", "ID_EQUIPO": 2004510, "CIRCUITO_2": "BER290" }, "geometry": { "type": "MultiLineString", "coordinates": [ [ [ -88.02911, 15.5654 ], [ -88.0293, 15.5655 ], [ -88.02941, 15.56553 ], [ -88.02978, 15.5657 ], [ -88.03008, 15.56584 ], [ -88.03041, 15.56599 ], [ -88.03057, 15.56605 ], [ -88.03075, 15.56572 ] ] ] } },
{ "type": "Feature", "properties": { "ID_TRAMOMT": 71122, "ID_APOYO1": 63591, "ID_APOYO2": 63646, "SUBESTACION": "BER", "CIRCUITO": "BER247", "SECTOR": "SAN PEDRO SULA", "LATITUDFINAL": 15.53153984, "LATITUDINICIO": 15.53134144, "LONGITUDFINAL": -88.0145474, "LONGITUDINICIO": -88.01444386, "TIPO": "RAMAL", "ID_EQUIPO": 302251, "CIRCUITO_2": "BER247" }, "geometry": { "type": "MultiLineString", "coordinates": [ [ [ -88.01444, 15.53134 ], [ -88.01455, 15.53154 ] ] ] } },
{ "type": "Feature", "properties": { "ID_TRAMOMT": 303004, "ID_APOYO1": 125619, "ID_APOYO2": 125622, "SUBESTACION": "BER", "CIRCUITO": "BER288", "SECTOR": "SAN PEDRO SULA", "LATITUDFINAL": 15.51160081, "LATITUDINICIO": 15.5118688, "LONGITUDFINAL": -88.02384753, "LONGITUDINICIO": -88.023823, "TIPO": "RAMAL", "ID_EQUIPO": 307475, "CIRCUITO_2": "BER288" }, "geometry": { "type": "MultiLineString", "coordinates": [ [ [ -88.02382, 15.51187 ], [ -88.02385, 15.5116 ] ] ] } },
{ "type": "Feature", "properties": { "ID_TRAMOMT": 96487, "ID_APOYO1": 125940, "ID_APOYO2": 125752, "SUBESTACION": "BER", "CIRCUITO": "BER288", "SECTOR": "SAN PEDRO SULA", "LATITUDFINAL": 15.51598005, "LATITUDINICIO": 15.51579957, "LONGITUDFINAL": -88.02491331, "LONGITUDINICIO": -88.02484716, "TIPO": "RAMAL", "ID_EQUIPO": 307478, "CIRCUITO_2": "BER288" }, "geometry": { "type": "MultiLineString", "coordinates": [ [ [ -88.02485, 15.5158 ], [ -88.02491, 15.51598 ] ] ] } },
{ "type": "Feature", "properties": { "ID_TRAMOMT": 3095319, "ID_APOYO1": 61767, "ID_APOYO2": 6635532, "SUBESTACION": "BER", "CIRCUITO": "BER205", "SECTOR": "SAN PEDRO SULA", "LATITUDFINAL": 15.53058654, "LATITUDINICIO": 15.530211, "LONGITUDFINAL": -87.96242829000001, "LONGITUDINICIO": -87.96206592, "TIPO": "RAMAL", "ID_EQUIPO": 2020856, "CIRCUITO_2": "BER205" }, "geometry": { "type": "MultiLineString", "coordinates": [ [ [ -87.96173, 15.53046 ], [ -87.96207, 15.53021 ], [ -87.96243, 15.53059 ], [ -87.96266, 15.53083 ], [ -87.96295, 15.53113 ], [ -87.96314, 15.53134 ] ] ] } },
{ "type": "Feature", "properties": { "ID_TRAMOMT": 310582, "ID_APOYO1": 66023, "ID_APOYO2": 66021, "SUBESTACION": "BER", "CIRCUITO": "BER208", "SECTOR": "SAN PEDRO SULA", "LATITUDFINAL": 15.50662511, "LATITUDINICIO": 15.50662752, "LONGITUDFINAL": -88.02512903, "LONGITUDINICIO": -88.02517585, "TIPO": "TRONCAL", "ID_EQUIPO": 306512, "CIRCUITO_2": "BER208" }, "geometry": { "type": "MultiLineString", "coordinates": [ [ [ -88.0255, 15.50664 ], [ -88.02518, 15.50663 ] ], [ [ -88.02518, 15.50663 ], [ -88.02518, 15.50674 ] ], [ [ -88.02517, 15.50648 ], [ -88.02518, 15.50659 ], [ -88.02518, 15.50663 ] ], [ [ -88.02518, 15.50663 ], [ -88.02513, 15.50663 ], [ -88.02487, 15.5066 ], [ -88.02457, 15.50656 ], [ -88.02456, 15.50655 ] ] ] } },
{ "type": "Feature", "properties": { "ID_TRAMOMT": 96089, "ID_APOYO1": 125931, "ID_APOYO2": 125934, "SUBESTACION": "BER", "CIRCUITO": "BER288", "SECTOR": "SAN PEDRO SULA", "LATITUDFINAL": 15.53554256, "LATITUDINICIO": 15.53565879, "LONGITUDFINAL": -88.01493994, "LONGITUDINICIO": -88.01522023, "TIPO": "RAMAL", "ID_EQUIPO": 302276, "CIRCUITO_2": "BER288" }, "geometry": { "type": "MultiLineString", "coordinates": [ [ [ -88.01471, 15.53499 ], [ -88.01495, 15.53512 ], [ -88.01522, 15.53522 ], [ -88.01522, 15.53566 ], [ -88.01494, 15.53554 ] ] ] } },
{ "type": "Feature", "properties": { "ID_TRAMOMT": 72593, "ID_APOYO1": 63954, "ID_APOYO2": 64348, "SUBESTACION": "BER", "CIRCUITO": "BER207", "SECTOR": "SAN PEDRO SULA", "LATITUDFINAL": 15.50785466, "LATITUDINICIO": 15.50787884, "LONGITUDFINAL": -88.01879473, "LONGITUDINICIO": -88.0190657, "TIPO": "RAMAL", "ID_EQUIPO": 306740, "CIRCUITO_2": "BER207" }, "geometry": { "type": "MultiLineString", "coordinates": [ [ [ -88.01907, 15.50788 ], [ -88.01879, 15.50785 ] ] ] } },
{ "type": "Feature", "properties": { "ID_TRAMOMT": 72808, "ID_APOYO1": 65638, "ID_APOYO2": 65637, "SUBESTACION": "BER", "CIRCUITO": "BER208", "SECTOR": "SAN PEDRO SULA", "LATITUDFINAL": 15.51374711, "LATITUDINICIO": 15.51374629, "LONGITUDFINAL": -88.02300038, "LONGITUDINICIO": -88.02317752, "TIPO": "RAMAL", "ID_EQUIPO": 306127, "CIRCUITO_2": "BER208" }, "geometry": { "type": "MultiLineString", "coordinates": [ [ [ -88.02331, 15.51395 ], [ -88.02333, 15.51375 ], [ -88.02318, 15.51375 ], [ -88.023, 15.51375 ] ] ] } },
{ "type": "Feature", "properties": { "ID_TRAMOMT": 90184, "ID_APOYO1": 109133, "ID_APOYO2": 109198, "SUBESTACION": "BER", "CIRCUITO": "BER290", "SECTOR": "SAN PEDRO SULA", "LATITUDFINAL": 15.55514462, "LATITUDINICIO": 15.55530637, "LONGITUDFINAL": -88.02573168000001, "LONGITUDINICIO": -88.02593763, "TIPO": "RAMAL", "ID_EQUIPO": 306545, "CIRCUITO_2": "BER290" }, "geometry": { "type": "MultiLineString", "coordinates": [ [ [ -88.02701, 15.55542 ], [ -88.02681, 15.55567 ], [ -88.0266, 15.55593 ], [ -88.0264, 15.55566 ], [ -88.02615, 15.55549 ], [ -88.02594, 15.55531 ], [ -88.02573, 15.55514 ] ] ] } },
{ "type": "Feature", "properties": { "ID_TRAMOMT": 96001, "ID_APOYO1": 125947, "ID_APOYO2": 125637, "SUBESTACION": "BER", "CIRCUITO": "BER288", "SECTOR": "SAN PEDRO SULA", "LATITUDFINAL": 15.51648345, "LATITUDINICIO": 15.51627956, "LONGITUDFINAL": -88.02552181, "LONGITUDINICIO": -88.02553851, "TIPO": "RAMAL", "ID_EQUIPO": 307486, "CIRCUITO_2": "BER288" }, "geometry": { "type": "MultiLineString", "coordinates": [ [ [ -88.02554, 15.51628 ], [ -88.02552, 15.51648 ], [ -88.02549, 15.51683 ], [ -88.02545, 15.51711 ], [ -88.0254, 15.51742 ], [ -88.02535, 15.51772 ] ] ] } },
{ "type": "Feature", "properties": { "ID_TRAMOMT": 3018701, "ID_APOYO1": 6139317, "ID_APOYO2": 112845, "SUBESTACION": "BER", "CIRCUITO": "BER282", "SECTOR": "SAN PEDRO SULA", "LATITUDFINAL": 15.5343874, "LATITUDINICIO": 15.53426754, "LONGITUDFINAL": -88.02746322, "LONGITUDINICIO": -88.02745464, "TIPO": "RAMAL", "ID_EQUIPO": 2003663, "CIRCUITO_2": "BER282" }, "geometry": { "type": "MultiLineString", "coordinates": [ [ [ -88.02745, 15.53427 ], [ -88.02746, 15.53439 ], [ -88.02747, 15.53459 ] ] ] } },
{ "type": "Feature", "properties": { "ID_TRAMOMT": 90188, "ID_APOYO1": 109199, "ID_APOYO2": 109132, "SUBESTACION": "BER", "CIRCUITO": "BER290", "SECTOR": "SAN PEDRO SULA", "LATITUDFINAL": 15.55516592, "LATITUDINICIO": 15.55532015, "LONGITUDFINAL": -88.02668594, "LONGITUDINICIO": -88.02686087, "TIPO": "RAMAL", "ID_EQUIPO": 306547, "CIRCUITO_2": "BER290" }, "geometry": { "type": "MultiLineString", "coordinates": [ [ [ -88.02686, 15.55532 ], [ -88.02701, 15.55542 ], [ -88.02718, 15.55517 ], [ -88.02734, 15.55495 ] ], [ [ -88.02686, 15.55532 ], [ -88.02681, 15.55538 ] ], [ [ -88.02686, 15.55532 ], [ -88.02669, 15.55517 ], [ -88.02644, 15.55503 ] ] ] } },
{ "type": "Feature", "properties": { "ID_TRAMOMT": 3018697, "ID_APOYO1": 112928, "ID_APOYO2": 6139317, "SUBESTACION": "BER", "CIRCUITO": "BER282", "SECTOR": "SAN PEDRO SULA", "LATITUDFINAL": 15.53426754, "LATITUDINICIO": 15.53392089, "LONGITUDFINAL": -88.02745464, "LONGITUDINICIO": -88.02743549, "TIPO": "RAMAL", "ID_EQUIPO": 2003659, "CIRCUITO_2": "BER282" }, "geometry": { "type": "MultiLineString", "coordinates": [ [ [ -88.02744, 15.53392 ], [ -88.02745, 15.53427 ] ] ] } },
{ "type": "Feature", "properties": { "ID_TRAMOMT": 89202, "ID_APOYO1": 107187, "ID_APOYO2": 109147, "SUBESTACION": "BER", "CIRCUITO": "BER290", "SECTOR": "SAN PEDRO SULA", "LATITUDFINAL": 15.555927, "LATITUDINICIO": 15.55616302, "LONGITUDFINAL": -88.02660278, "LONGITUDINICIO": -88.02638948000001, "TIPO": "RAMAL", "ID_EQUIPO": 306541, "CIRCUITO_2": "BER290" }, "geometry": { "type": "MultiLineString", "coordinates": [ [ [ -88.02597, 15.55622 ], [ -88.02621, 15.55639 ], [ -88.02639, 15.55616 ], [ -88.0266, 15.55593 ] ] ] } },
{ "type": "Feature", "properties": { "ID_TRAMOMT": 84906, "ID_APOYO1": 115396, "ID_APOYO2": 115397, "SUBESTACION": "BER", "CIRCUITO": "BER290", "SECTOR": "SAN PEDRO SULA", "LATITUDFINAL": 15.54020619, "LATITUDINICIO": 15.54040492, "LONGITUDFINAL": -88.04033411, "LONGITUDINICIO": -88.04036308000001, "TIPO": "RAMAL", "ID_EQUIPO": 307526, "CIRCUITO_2": "BER290" }, "geometry": { "type": "MultiLineString", "coordinates": [ [ [ -88.04036, 15.5404 ], [ -88.04033, 15.54021 ], [ -88.04044, 15.54003 ] ] ] } },
{ "type": "Feature", "properties": { "ID_TRAMOMT": 84897, "ID_APOYO1": 115383, "ID_APOYO2": 6197361, "SUBESTACION": "BER", "CIRCUITO": "BER290", "SECTOR": "SAN PEDRO SULA", "LATITUDFINAL": 15.53922604, "LATITUDINICIO": 15.53913236, "LONGITUDFINAL": -88.03812236, "LONGITUDINICIO": -88.03801632, "TIPO": "RAMAL", "ID_EQUIPO": 307513, "CIRCUITO_2": "BER290" }, "geometry": { "type": "MultiLineString", "coordinates": [ [ [ -88.03802, 15.53913 ], [ -88.03812, 15.53923 ] ] ] } },
{ "type": "Feature", "properties": { "ID_TRAMOMT": 3034068, "ID_APOYO1": 66047, "ID_APOYO2": 6173225, "SUBESTACION": "BER", "CIRCUITO": "BER208", "SECTOR": "SAN PEDRO SULA", "LATITUDFINAL": 15.50512811, "LATITUDINICIO": 15.50511859, "LONGITUDFINAL": -88.02430521, "LONGITUDINICIO": -88.02403, "TIPO": "TRONCAL", "ID_EQUIPO": 2000386, "CIRCUITO_2": "BER208" }, "geometry": { "type": "MultiLineString", "coordinates": [ [ [ -88.02403, 15.50512 ], [ -88.02431, 15.50513 ] ] ] } },
{ "type": "Feature", "properties": { "ID_TRAMOMT": 91989, "ID_APOYO1": 113358, "ID_APOYO2": 112942, "SUBESTACION": "BER", "CIRCUITO": "BER282", "SECTOR": "SAN PEDRO SULA", "LATITUDFINAL": 15.51762174, "LATITUDINICIO": 15.5176659, "LONGITUDFINAL": -88.02955508, "LONGITUDINICIO": -88.02977905, "TIPO": "RAMAL", "ID_EQUIPO": 305994, "CIRCUITO_2": "BER282" }, "geometry": { "type": "MultiLineString", "coordinates": [ [ [ -88.02978, 15.51767 ], [ -88.02956, 15.51762 ] ] ] } },
{ "type": "Feature", "properties": { "ID_TRAMOMT": 84908, "ID_APOYO1": 115384, "ID_APOYO2": 113671, "SUBESTACION": "BER", "CIRCUITO": "BER290", "SECTOR": "SAN PEDRO SULA", "LATITUDFINAL": 15.53932074, "LATITUDINICIO": 15.53936624, "LONGITUDFINAL": -88.03832496, "LONGITUDINICIO": -88.03825992, "TIPO": "RAMAL", "ID_EQUIPO": 307514, "CIRCUITO_2": "BER290" }, "geometry": { "type": "MultiLineString", "coordinates": [ [ [ -88.03832, 15.53932 ], [ -88.03826, 15.53937 ], [ -88.03844, 15.53956 ], [ -88.03865, 15.53974 ], [ -88.03891, 15.53992 ], [ -88.03911, 15.54003 ], [ -88.03946, 15.54014 ], [ -88.03977, 15.54025 ], [ -88.04004, 15.54033 ], [ -88.04036, 15.5404 ] ] ] } },
{ "type": "Feature", "properties": { "ID_TRAMOMT": 90561, "ID_APOYO1": 112515, "ID_APOYO2": 112517, "SUBESTACION": "BER", "CIRCUITO": "BER248", "SECTOR": "SAN PEDRO SULA", "LATITUDFINAL": 15.54895093, "LATITUDINICIO": 15.5491651, "LONGITUDFINAL": -88.0150315, "LONGITUDINICIO": -88.01496003, "TIPO": "RAMAL", "ID_EQUIPO": 306126, "CIRCUITO_2": "BER248" }, "geometry": { "type": "MultiLineString", "coordinates": [ [ [ -88.01728, 15.55092 ], [ -88.0175, 15.55074 ], [ -88.01786, 15.55044 ] ], [ [ -88.01728, 15.55092 ], [ -88.01709, 15.55108 ], [ -88.01693, 15.55124 ], [ -88.0168, 15.55135 ] ], [ [ -88.0161, 15.55078 ], [ -88.0161, 15.55069 ], [ -88.01632, 15.55051 ], [ -88.01667, 15.55019 ], [ -88.01676, 15.55021 ], [ -88.01692, 15.55052 ], [ -88.01706, 15.55077 ], [ -88.01728, 15.55092 ] ], [ [ -88.0168, 15.55135 ], [ -88.01686, 15.55146 ], [ -88.01698, 15.55173 ], [ -88.0171, 15.55207 ] ], [ [ -88.0168, 15.55135 ], [ -88.01671, 15.55144 ] ], [ [ -88.01669, 15.55115 ], [ -88.0168, 15.55135 ] ], [ [ -88.0161, 15.55078 ], [ -88.01619, 15.55098 ], [ -88.01617, 15.55113 ], [ -88.01619, 15.55115 ] ], [ [ -88.01503, 15.54895 ], [ -88.01496, 15.54917 ], [ -88.01517, 15.54924 ], [ -88.01544, 15.54947 ], [ -88.01557, 15.54975 ], [ -88.01565, 15.54993 ], [ -88.01576, 15.55013 ], [ -88.01586, 15.55034 ], [ -88.01596, 15.55052 ], [ -88.0161, 15.55078 ] ] ] } },
{ "type": "Feature", "properties": { "ID_TRAMOMT": 90563, "ID_APOYO1": 112501, "ID_APOYO2": 112503, "SUBESTACION": "BER", "CIRCUITO": "BER248", "SECTOR": "SAN PEDRO SULA", "LATITUDFINAL": 15.54940236, "LATITUDINICIO": 15.54904986, "LONGITUDFINAL": -88.01447631000001, "LONGITUDINICIO": -88.01446526, "TIPO": "RAMAL", "ID_EQUIPO": 306124, "CIRCUITO_2": "BER248" }, "geometry": { "type": "MultiLineString", "coordinates": [ [ [ -88.01496, 15.54917 ], [ -88.01475, 15.5491 ], [ -88.01456, 15.54902 ], [ -88.01447, 15.54905 ], [ -88.01448, 15.5494 ], [ -88.0145, 15.54979 ], [ -88.01452, 15.5501 ] ] ] } },
{ "type": "Feature", "properties": { "ID_TRAMOMT": 72620, "ID_APOYO1": 64760, "ID_APOYO2": 64736, "SUBESTACION": "BER", "CIRCUITO": "BER207", "SECTOR": "SAN PEDRO SULA", "LATITUDFINAL": 15.51063108, "LATITUDINICIO": 15.51090252, "LONGITUDFINAL": -88.01851934, "LONGITUDINICIO": -88.01846473000001, "TIPO": "RAMAL", "ID_EQUIPO": 302645, "CIRCUITO_2": "BER207" }, "geometry": { "type": "MultiLineString", "coordinates": [ [ [ -88.01836, 15.51145 ], [ -88.01839, 15.51125 ], [ -88.01846, 15.5109 ], [ -88.01852, 15.51063 ], [ -88.01824, 15.5106 ] ] ] } },
{ "type": "Feature", "properties": { "ID_TRAMOMT": 89446, "ID_APOYO1": 113362, "ID_APOYO2": 112875, "SUBESTACION": "BER", "CIRCUITO": "BER282", "SECTOR": "SAN PEDRO SULA", "LATITUDFINAL": 15.51875905, "LATITUDINICIO": 15.51876739, "LONGITUDFINAL": -88.029915, "LONGITUDINICIO": -88.03006422, "TIPO": "RAMAL", "ID_EQUIPO": 302820, "CIRCUITO_2": "BER282" }, "geometry": { "type": "MultiLineString", "coordinates": [ [ [ -88.03006, 15.51877 ], [ -88.02992, 15.51876 ] ] ] } },
{ "type": "Feature", "properties": { "ID_TRAMOMT": 3038120, "ID_APOYO1": 107396, "ID_APOYO2": 109150, "SUBESTACION": "BER", "CIRCUITO": "BER290", "SECTOR": "SAN PEDRO SULA", "LATITUDFINAL": 15.55694916, "LATITUDINICIO": 15.55667461, "LONGITUDFINAL": -88.02697127, "LONGITUDINICIO": -88.02717531, "TIPO": "RAMAL", "ID_EQUIPO": 306534, "CIRCUITO_2": "BER290" }, "geometry": { "type": "MultiLineString", "coordinates": [ [ [ -88.02718, 15.55667 ], [ -88.02697, 15.55695 ], [ -88.02691, 15.55691 ] ] ] } },
{ "type": "Feature", "properties": { "ID_TRAMOMT": 84931, "ID_APOYO1": 115435, "ID_APOYO2": 114190, "SUBESTACION": "BER", "CIRCUITO": "BER290", "SECTOR": "SAN PEDRO SULA", "LATITUDFINAL": 15.53474017, "LATITUDINICIO": 15.53489454, "LONGITUDFINAL": -88.04355143, "LONGITUDINICIO": -88.04340302, "TIPO": "RAMAL", "ID_EQUIPO": 307571, "CIRCUITO_2": "BER290" }, "geometry": { "type": "MultiLineString", "coordinates": [ [ [ -88.04355, 15.53474 ], [ -88.04365, 15.5346 ], [ -88.04388, 15.5344 ], [ -88.04409, 15.53419 ], [ -88.04431, 15.53402 ], [ -88.04454, 15.53384 ], [ -88.04476, 15.53366 ] ], [ [ -88.04355, 15.53474 ], [ -88.0437, 15.53493 ], [ -88.04382, 15.53513 ], [ -88.04387, 15.53518 ] ], [ [ -88.04312, 15.53513 ], [ -88.0434, 15.53489 ], [ -88.04355, 15.53474 ] ], [ [ -88.04345, 15.53464 ], [ -88.04355, 15.53474 ] ] ] } },
{ "type": "Feature", "properties": { "ID_TRAMOMT": 73045, "ID_APOYO1": 66010, "ID_APOYO2": 66119, "SUBESTACION": "BER", "CIRCUITO": "BER208", "SECTOR": "SAN PEDRO SULA", "LATITUDFINAL": 15.50695192, "LATITUDINICIO": 15.50698643, "LONGITUDFINAL": -88.02829022, "LONGITUDINICIO": -88.02864466, "TIPO": "TRONCAL", "ID_EQUIPO": 306538, "CIRCUITO_2": "BER208" }, "geometry": { "type": "MultiLineString", "coordinates": [ [ [ -88.02864, 15.50699 ], [ -88.02829, 15.50695 ], [ -88.02799, 15.50694 ], [ -88.02761, 15.5069 ], [ -88.02752, 15.50689 ] ], [ [ -88.02752, 15.50689 ], [ -88.02753, 15.50668 ] ], [ [ -88.02752, 15.50689 ], [ -88.02712, 15.50685 ], [ -88.02679, 15.50681 ], [ -88.02672, 15.50682 ] ], [ [ -88.02672, 15.50682 ], [ -88.0267, 15.50701 ] ], [ [ -88.02672, 15.50682 ], [ -88.02648, 15.50681 ], [ -88.02602, 15.50676 ] ], [ [ -88.02602, 15.50676 ], [ -88.02607, 15.5067 ] ], [ [ -88.02602, 15.50676 ], [ -88.0257, 15.50675 ], [ -88.02566, 15.50674 ], [ -88.0255, 15.50664 ], [ -88.02545, 15.50671 ] ] ] } },
{ "type": "Feature", "properties": { "ID_TRAMOMT": 91993, "ID_APOYO1": 113052, "ID_APOYO2": 112983, "SUBESTACION": "BER", "CIRCUITO": "BER282", "SECTOR": "SAN PEDRO SULA", "LATITUDFINAL": 15.51752409, "LATITUDINICIO": 15.51753426, "LONGITUDFINAL": -88.02867888, "LONGITUDINICIO": -88.02892999, "TIPO": "RAMAL", "ID_EQUIPO": 305996, "CIRCUITO_2": "BER282" }, "geometry": { "type": "MultiLineString", "coordinates": [ [ [ -88.02952, 15.51777 ], [ -88.02956, 15.51762 ], [ -88.02928, 15.51759 ], [ -88.02893, 15.51753 ] ], [ [ -88.02893, 15.51753 ], [ -88.02893, 15.51768 ] ], [ [ -88.02893, 15.51753 ], [ -88.02868, 15.51752 ] ] ] } },
{ "type": "Feature", "properties": { "ID_TRAMOMT": 3043581, "ID_APOYO1": 6325565, "ID_APOYO2": 113482, "SUBESTACION": "BER", "CIRCUITO": "BER206", "SECTOR": "SAN PEDRO SULA", "LATITUDFINAL": 15.53453005, "LATITUDINICIO": 15.5348182, "LONGITUDFINAL": -88.03442219, "LONGITUDINICIO": -88.03440639, "TIPO": "RAMAL", "ID_EQUIPO": 2007563, "CIRCUITO_2": "BER206" }, "geometry": { "type": "MultiLineString", "coordinates": [ [ [ -88.03535, 15.53641 ], [ -88.03525, 15.53614 ], [ -88.03507, 15.53579 ], [ -88.03491, 15.53552 ], [ -88.03469, 15.53528 ], [ -88.0344, 15.53498 ], [ -88.03441, 15.53482 ], [ -88.03442, 15.53453 ], [ -88.03443, 15.53426 ] ] ] } },
{ "type": "Feature", "properties": { "ID_TRAMOMT": 90699, "ID_APOYO1": 112177, "ID_APOYO2": 112176, "SUBESTACION": "BER", "CIRCUITO": "BER248", "SECTOR": "SAN PEDRO SULA", "LATITUDFINAL": 15.55693172, "LATITUDINICIO": 15.55723131, "LONGITUDFINAL": -88.01852296, "LONGITUDINICIO": -88.01824468, "TIPO": "TRONCAL", "ID_EQUIPO": 2003840, "CIRCUITO_2": "BER248" }, "geometry": { "type": "MultiLineString", "coordinates": [ [ [ -88.02099, 15.55432 ], [ -88.02101, 15.55429 ], [ -88.02103, 15.55426 ] ], [ [ -88.02016, 15.55518 ], [ -88.02041, 15.55494 ], [ -88.02066, 15.5547 ], [ -88.02092, 15.55444 ] ], [ [ -88.01721, 15.55828 ], [ -88.01746, 15.55802 ], [ -88.01771, 15.55778 ], [ -88.01798, 15.55749 ], [ -88.01824, 15.55723 ], [ -88.01852, 15.55693 ] ] ] } },
{ "type": "Feature", "properties": { "ID_TRAMOMT": 88769, "ID_APOYO1": 107790, "ID_APOYO2": 107791, "SUBESTACION": "BER", "CIRCUITO": "BER280", "SECTOR": "SAN PEDRO SULA", "LATITUDFINAL": 15.54071993, "LATITUDINICIO": 15.54060221, "LONGITUDFINAL": -88.01150596, "LONGITUDINICIO": -88.01155201, "TIPO": "RAMAL", "ID_EQUIPO": 302520, "CIRCUITO_2": "BER280" }, "geometry": { "type": "MultiLineString", "coordinates": [ [ [ -88.01174, 15.54082 ], [ -88.01175, 15.54068 ], [ -88.01155, 15.5406 ] ], [ [ -88.01155, 15.5406 ], [ -88.01151, 15.54072 ] ], [ [ -88.01155, 15.5406 ], [ -88.01126, 15.5405 ], [ -88.011, 15.54037 ] ], [ [ -88.011, 15.54037 ], [ -88.01102, 15.54027 ], [ -88.01103, 15.54025 ] ], [ [ -88.011, 15.54037 ], [ -88.01085, 15.5403 ] ], [ [ -88.01085, 15.5403 ], [ -88.01092, 15.54014 ] ], [ [ -88.01085, 15.5403 ], [ -88.01051, 15.54017 ] ] ] } },
{ "type": "Feature", "properties": { "ID_TRAMOMT": 70526, "ID_APOYO1": 62393, "ID_APOYO2": 62938, "SUBESTACION": "BER", "CIRCUITO": "BER205", "SECTOR": "SAN PEDRO SULA", "LATITUDFINAL": 15.51944097, "LATITUDINICIO": 15.5189266, "LONGITUDFINAL": -87.9854645, "LONGITUDINICIO": -87.98526626, "TIPO": "RAMAL", "ID_EQUIPO": 302582, "CIRCUITO_2": "BER205" }, "geometry": { "type": "MultiLineString", "coordinates": [ [ [ -87.98498, 15.51816 ], [ -87.98507, 15.5184 ], [ -87.98527, 15.51893 ], [ -87.98546, 15.51944 ], [ -87.98568, 15.51993 ], [ -87.98587, 15.52044 ], [ -87.98606, 15.52094 ], [ -87.98631, 15.52142 ], [ -87.98646, 15.52174 ], [ -87.98665, 15.52232 ], [ -87.98686, 15.52283 ], [ -87.98708, 15.52334 ], [ -87.98724, 15.52384 ], [ -87.98745, 15.52436 ], [ -87.98766, 15.52488 ], [ -87.98781, 15.52522 ], [ -87.988, 15.52563 ], [ -87.9884, 15.52576 ], [ -87.98881, 15.52593 ] ] ] } },
{ "type": "Feature", "properties": { "ID_TRAMOMT": 88771, "ID_APOYO1": 107771, "ID_APOYO2": 107773, "SUBESTACION": "BER", "CIRCUITO": "BER280", "SECTOR": "SAN PEDRO SULA", "LATITUDFINAL": 15.54145252, "LATITUDINICIO": 15.54131851, "LONGITUDFINAL": -88.01339306, "LONGITUDINICIO": -88.0130474, "TIPO": "RAMAL", "ID_EQUIPO": 302518, "CIRCUITO_2": "BER280" }, "geometry": { "type": "MultiLineString", "coordinates": [ [ [ -88.01305, 15.54132 ], [ -88.01339, 15.54145 ], [ -88.01372, 15.54159 ] ] ] } },
{ "type": "Feature", "properties": { "ID_TRAMOMT": 314275, "ID_APOYO1": 64712, "ID_APOYO2": 65244, "SUBESTACION": "BER", "CIRCUITO": "BER207", "SECTOR": "SAN PEDRO SULA", "LATITUDFINAL": 15.50992532, "LATITUDINICIO": 15.51014248, "LONGITUDFINAL": -88.01866505, "LONGITUDINICIO": -88.0186195, "TIPO": "RAMAL", "ID_EQUIPO": 302639, "CIRCUITO_2": "BER207" }, "geometry": { "type": "MultiLineString", "coordinates": [ [ [ -88.01935, 15.51027 ], [ -88.01896, 15.5102 ], [ -88.01862, 15.51014 ] ], [ [ -88.01862, 15.51014 ], [ -88.01867, 15.50993 ] ], [ [ -88.01852, 15.51063 ], [ -88.0186, 15.51025 ], [ -88.01862, 15.51014 ] ], [ [ -88.01862, 15.51014 ], [ -88.01854, 15.51012 ], [ -88.01827, 15.51006 ] ], [ [ -88.01827, 15.51006 ], [ -88.01826, 15.51017 ] ], [ [ -88.01827, 15.51006 ], [ -88.01803, 15.51001 ], [ -88.01779, 15.50997 ] ], [ [ -88.01779, 15.50997 ], [ -88.0178, 15.50987 ] ], [ [ -88.01767, 15.51076 ], [ -88.01773, 15.51047 ], [ -88.01777, 15.51009 ], [ -88.01779, 15.50997 ] ], [ [ -88.01779, 15.50997 ], [ -88.01767, 15.50994 ], [ -88.01729, 15.50986 ], [ -88.01703, 15.50981 ] ], [ [ -88.01703, 15.50981 ], [ -88.01708, 15.50964 ] ], [ [ -88.01703, 15.50981 ], [ -88.01699, 15.51001 ], [ -88.01692, 15.51031 ], [ -88.01688, 15.51053 ], [ -88.01681, 15.51091 ], [ -88.01671, 15.51136 ] ], [ [ -88.01703, 15.50981 ], [ -88.01694, 15.50979 ], [ -88.01667, 15.50974 ] ] ] } },
{ "type": "Feature", "properties": { "ID_TRAMOMT": 3044008, "ID_APOYO1": 6339961, "ID_APOYO2": 6340034, "SUBESTACION": "BER", "CIRCUITO": "BER290", "SECTOR": "SAN PEDRO SULA", "LATITUDFINAL": 15.57332545, "LATITUDINICIO": 15.57376941, "LONGITUDFINAL": -88.02328519, "LONGITUDINICIO": -88.02306356, "TIPO": "TRONCAL", "ID_EQUIPO": 2007702, "CIRCUITO_2": "BER290" }, "geometry": { "type": "MultiLineString", "coordinates": [ [ [ -88.02112, 15.57597 ], [ -88.02112, 15.57584 ], [ -88.02109, 15.57553 ], [ -88.02113, 15.57514 ], [ -88.02105, 15.5748 ], [ -88.02156, 15.57489 ], [ -88.02203, 15.57475 ], [ -88.02236, 15.57469 ], [ -88.02259, 15.57441 ], [ -88.02282, 15.57408 ], [ -88.02306, 15.57377 ], [ -88.02329, 15.57333 ], [ -88.02381, 15.5735 ] ] ] } },
{ "type": "Feature", "properties": { "ID_TRAMOMT": 75802, "ID_APOYO1": 112635, "ID_APOYO2": 112655, "SUBESTACION": "BER", "CIRCUITO": "BER248", "SECTOR": "SAN PEDRO SULA", "LATITUDFINAL": 15.55021756, "LATITUDINICIO": 15.55002782, "LONGITUDFINAL": -88.01804235, "LONGITUDINICIO": -88.01802277, "TIPO": "RAMAL", "ID_EQUIPO": 306139, "CIRCUITO_2": "BER248" }, "geometry": { "type": "MultiLineString", "coordinates": [ [ [ -88.01802, 15.55003 ], [ -88.01804, 15.55022 ], [ -88.01825, 15.5501 ] ] ] } },
{ "type": "Feature", "properties": { "ID_TRAMOMT": 90147, "ID_APOYO1": 108900, "ID_APOYO2": 108901, "SUBESTACION": "BER", "CIRCUITO": "BER280", "SECTOR": "SAN PEDRO SULA", "LATITUDFINAL": 15.54219764, "LATITUDINICIO": 15.54225068, "LONGITUDFINAL": -88.01451563000001, "LONGITUDINICIO": -88.01477697, "TIPO": "RAMAL", "ID_EQUIPO": 302530, "CIRCUITO_2": "BER280" }, "geometry": { "type": "MultiLineString", "coordinates": [ [ [ -88.01478, 15.54225 ], [ -88.01452, 15.5422 ] ] ] } },
{ "type": "Feature", "properties": { "ID_TRAMOMT": 91881, "ID_APOYO1": 113306, "ID_APOYO2": 112885, "SUBESTACION": "BER", "CIRCUITO": "BER282", "SECTOR": "SAN PEDRO SULA", "LATITUDFINAL": 15.52182117, "LATITUDINICIO": 15.52181652, "LONGITUDFINAL": -88.02503356, "LONGITUDINICIO": -88.02498538, "TIPO": "RAMAL", "ID_EQUIPO": 302809, "CIRCUITO_2": "BER282" }, "geometry": { "type": "MultiLineString", "coordinates": [ [ [ -88.02499, 15.52182 ], [ -88.02503, 15.52182 ] ] ] } },
{ "type": "Feature", "properties": { "ID_TRAMOMT": 92796, "ID_APOYO1": 115280, "ID_APOYO2": 115300, "SUBESTACION": "BER", "CIRCUITO": "BER206", "SECTOR": "SAN PEDRO SULA", "LATITUDFINAL": 15.53047873, "LATITUDINICIO": 15.53047996, "LONGITUDFINAL": -88.03476561, "LONGITUDINICIO": -88.03450455, "TIPO": "RAMAL", "ID_EQUIPO": 306901, "CIRCUITO_2": "BER206" }, "geometry": { "type": "MultiLineString", "coordinates": [ [ [ -88.03392, 15.5305 ], [ -88.03424, 15.53048 ], [ -88.0345, 15.53048 ], [ -88.03477, 15.53048 ], [ -88.03501, 15.53047 ], [ -88.03527, 15.53044 ], [ -88.03527, 15.53029 ] ] ] } },
{ "type": "Feature", "properties": { "ID_TRAMOMT": 3018169, "ID_APOYO1": 6138349, "ID_APOYO2": 6138354, "SUBESTACION": "BER", "CIRCUITO": "BER205", "SECTOR": "SAN PEDRO SULA", "LATITUDFINAL": 15.51666372, "LATITUDINICIO": 15.5169262, "LONGITUDFINAL": -88.00200015, "LONGITUDINICIO": -88.00192684, "TIPO": "RAMAL", "ID_EQUIPO": 2003639, "CIRCUITO_2": "BER205" }, "geometry": { "type": "MultiLineString", "coordinates": [ [ [ -88.00173, 15.51872 ], [ -88.0018, 15.51826 ], [ -88.00186, 15.51779 ], [ -88.0019, 15.51733 ], [ -88.00193, 15.51693 ], [ -88.002, 15.51666 ] ] ] } },
{ "type": "Feature", "properties": { "ID_TRAMOMT": 89457, "ID_APOYO1": 112840, "ID_APOYO2": 113136, "SUBESTACION": "BER", "CIRCUITO": "BER282", "SECTOR": "SAN PEDRO SULA", "LATITUDFINAL": 15.52017135, "LATITUDINICIO": 15.52006458, "LONGITUDFINAL": -88.0313951, "LONGITUDINICIO": -88.03103096, "TIPO": "RAMAL", "ID_EQUIPO": 302803, "CIRCUITO_2": "BER282" }, "geometry": { "type": "MultiLineString", "coordinates": [ [ [ -88.03103, 15.52006 ], [ -88.0314, 15.52017 ], [ -88.03145, 15.51982 ] ] ] } },
{ "type": "Feature", "properties": { "ID_TRAMOMT": 72329, "ID_APOYO1": 64975, "ID_APOYO2": 64974, "SUBESTACION": "BER", "CIRCUITO": "BER207", "SECTOR": "SAN PEDRO SULA", "LATITUDFINAL": 15.51033808, "LATITUDINICIO": 15.51003943, "LONGITUDFINAL": -88.02128682, "LONGITUDINICIO": -88.02135993, "TIPO": "RAMAL", "ID_EQUIPO": 302663, "CIRCUITO_2": "BER207" }, "geometry": { "type": "MultiLineString", "coordinates": [ [ [ -88.02168, 15.50975 ], [ -88.02141, 15.50972 ], [ -88.02136, 15.51004 ], [ -88.02129, 15.51034 ], [ -88.02122, 15.51064 ] ] ] } },
{ "type": "Feature", "properties": { "ID_TRAMOMT": 3125507, "ID_APOYO1": 108959, "ID_APOYO2": 108960, "SUBESTACION": "BER", "CIRCUITO": "BER280", "SECTOR": "SAN PEDRO SULA", "LATITUDFINAL": 15.54018914, "LATITUDINICIO": 15.54014455, "LONGITUDFINAL": -88.0148881, "LONGITUDINICIO": -88.01475734, "TIPO": "TRONCAL", "ID_EQUIPO": 21475, "CIRCUITO_2": "BER280" }, "geometry": { "type": "MultiLineString", "coordinates": [ [ [ -88.01476, 15.54014 ], [ -88.01489, 15.54019 ], [ -88.01508, 15.54028 ], [ -88.01534, 15.54037 ] ] ] } },
{ "type": "Feature", "properties": { "ID_TRAMOMT": 87124, "ID_APOYO1": 108042, "ID_APOYO2": 107043, "SUBESTACION": "BER", "CIRCUITO": "BER280", "SECTOR": "SAN PEDRO SULA", "LATITUDFINAL": 15.54233024, "LATITUDINICIO": 15.54235585, "LONGITUDFINAL": -88.01353932000001, "LONGITUDINICIO": -88.01352802, "TIPO": "RAMAL", "ID_EQUIPO": 302525, "CIRCUITO_2": "BER280" }, "geometry": { "type": "MultiLineString", "coordinates": [ [ [ -88.01353, 15.54236 ], [ -88.01354, 15.54233 ] ] ] } },
{ "type": "Feature", "properties": { "ID_TRAMOMT": 92793, "ID_APOYO1": 115244, "ID_APOYO2": 113514, "SUBESTACION": "BER", "CIRCUITO": "BER206", "SECTOR": "SAN PEDRO SULA", "LATITUDFINAL": 15.53050079, "LATITUDINICIO": 15.53051105, "LONGITUDFINAL": -88.03391726, "LONGITUDINICIO": -88.03365624, "TIPO": "RAMAL", "ID_EQUIPO": 306897, "CIRCUITO_2": "BER206" }, "geometry": { "type": "MultiLineString", "coordinates": [ [ [ -88.03317, 15.53157 ], [ -88.03339, 15.53153 ], [ -88.03368, 15.53153 ], [ -88.03392, 15.53152 ], [ -88.03421, 15.53151 ], [ -88.0345, 15.53149 ], [ -88.03477, 15.53148 ], [ -88.03504, 15.53145 ] ], [ [ -88.03315, 15.53053 ], [ -88.03338, 15.53053 ], [ -88.03366, 15.53051 ], [ -88.03392, 15.5305 ] ], [ [ -88.03316, 15.53103 ], [ -88.0334, 15.53102 ], [ -88.03362, 15.53102 ], [ -88.03391, 15.53102 ] ], [ [ -88.03352, 15.53253 ], [ -88.03384, 15.53252 ] ], [ [ -88.03316, 15.53207 ], [ -88.03339, 15.53203 ], [ -88.03359, 15.53201 ], [ -88.03376, 15.53201 ] ], [ [ -88.03352, 15.53253 ], [ -88.03358, 15.5326 ] ], [ [ -88.03352, 15.53253 ], [ -88.03317, 15.53258 ], [ -88.03317, 15.53236 ], [ -88.03316, 15.53207 ] ], [ [ -88.03317, 15.53157 ], [ -88.03316, 15.53186 ], [ -88.03316, 15.53207 ] ], [ [ -88.03316, 15.53103 ], [ -88.03316, 15.53137 ], [ -88.03317, 15.53157 ] ], [ [ -88.03315, 15.53053 ], [ -88.03316, 15.53082 ], [ -88.03316, 15.53103 ] ], [ [ -88.03274, 15.53056 ], [ -88.03291, 15.53053 ], [ -88.03315, 15.53053 ] ] ] } },
{ "type": "Feature", "properties": { "ID_TRAMOMT": 87137, "ID_APOYO1": 108064, "ID_APOYO2": 108066, "SUBESTACION": "BER", "CIRCUITO": "BER290", "SECTOR": "SAN PEDRO SULA", "LATITUDFINAL": 15.53366725, "LATITUDINICIO": 15.53384868, "LONGITUDFINAL": -88.01190046000001, "LONGITUDINICIO": -88.01176149, "TIPO": "TRONCAL", "ID_EQUIPO": null, "CIRCUITO_2": null }, "geometry": { "type": "MultiLineString", "coordinates": [ [ [ -88.03279, 15.54255 ], [ -88.03282, 15.54268 ], [ -88.03289, 15.54316 ], [ -88.03303, 15.54383 ], [ -88.03318, 15.54442 ], [ -88.03322, 15.54457 ], [ -88.03326, 15.54467 ], [ -88.03344, 15.54516 ], [ -88.03353, 15.54539 ], [ -88.03357, 15.5455 ], [ -88.03366, 15.54568 ] ], [ [ -88.0328, 15.54054 ], [ -88.03321, 15.54056 ] ], [ [ -88.03282, 15.53873 ], [ -88.03282, 15.53904 ], [ -88.03282, 15.53958 ], [ -88.0328, 15.54054 ] ], [ [ -88.0328, 15.54054 ], [ -88.03266, 15.54054 ] ], [ [ -88.0328, 15.54054 ], [ -88.03279, 15.54075 ], [ -88.03278, 15.54102 ], [ -88.03278, 15.54149 ], [ -88.03278, 15.542 ], [ -88.03279, 15.54255 ] ], [ [ -88.01328, 15.53688 ], [ -88.01358, 15.537 ], [ -88.01376, 15.53709 ], [ -88.01412, 15.53724 ], [ -88.01454, 15.53738 ], [ -88.01488, 15.53751 ], [ -88.01527, 15.53767 ], [ -88.01545, 15.53775 ], [ -88.01569, 15.53784 ], [ -88.01579, 15.53789 ], [ -88.01594, 15.53794 ], [ -88.01622, 15.53803 ], [ -88.01645, 15.53799 ], [ -88.01677, 15.53815 ], [ -88.01722, 15.53825 ], [ -88.0175, 15.53837 ], [ -88.0179, 15.53852 ], [ -88.01827, 15.53865 ], [ -88.01858, 15.53879 ], [ -88.01873, 15.53884 ], [ -88.01887, 15.53889 ], [ -88.01907, 15.53898 ], [ -88.01934, 15.53906 ], [ -88.01951, 15.53916 ], [ -88.01961, 15.53934 ], [ -88.01985, 15.53971 ], [ -88.02011, 15.54007 ], [ -88.02042, 15.54046 ], [ -88.02063, 15.54082 ], [ -88.02087, 15.54124 ], [ -88.02115, 15.54161 ], [ -88.02141, 15.54194 ], [ -88.02157, 15.54221 ], [ -88.02196, 15.54249 ], [ -88.02242, 15.54263 ], [ -88.02292, 15.54276 ], [ -88.02319, 15.54284 ], [ -88.02349, 15.54292 ], [ -88.02382, 15.54302 ], [ -88.02414, 15.54313 ], [ -88.02431, 15.54316 ], [ -88.02473, 15.54329 ], [ -88.02507, 15.5434 ], [ -88.02536, 15.54341 ], [ -88.0256, 15.54325 ], [ -88.02587, 15.54323 ], [ -88.02619, 15.54323 ], [ -88.02653, 15.54321 ], [ -88.02688, 15.54321 ], [ -88.02723, 15.5432 ], [ -88.02757, 15.54318 ], [ -88.0279, 15.54317 ], [ -88.0282, 15.54316 ], [ -88.02852, 15.54315 ], [ -88.02885, 15.54313 ], [ -88.0292, 15.54312 ], [ -88.02948, 15.54311 ], [ -88.02976, 15.5431 ], [ -88.03016, 15.54307 ], [ -88.03056, 15.54306 ], [ -88.03062, 15.54306 ], [ -88.03082, 15.54304 ], [ -88.03101, 15.54301 ], [ -88.03129, 15.54295 ], [ -88.03155, 15.5429 ], [ -88.03195, 15.54279 ], [ -88.03225, 15.5427 ], [ -88.03257, 15.54263 ], [ -88.03262, 15.5426 ], [ -88.03279, 15.54255 ] ], [ [ -88.02419, 15.5737 ], [ -88.02465, 15.57389 ], [ -88.0251, 15.5741 ], [ -88.0255, 15.57427 ], [ -88.02595, 15.57447 ], [ -88.02636, 15.57464 ], [ -88.02679, 15.57483 ], [ -88.02721, 15.57503 ], [ -88.02767, 15.57523 ], [ -88.02807, 15.5754 ], [ -88.02852, 15.57561 ], [ -88.02895, 15.5758 ], [ -88.02924, 15.57594 ], [ -88.02947, 15.57604 ], [ -88.02972, 15.57617 ], [ -88.03005, 15.57632 ], [ -88.03041, 15.57659 ], [ -88.03081, 15.57692 ], [ -88.03112, 15.57724 ], [ -88.03145, 15.57758 ] ], [ [ -88.03072, 15.57854 ], [ -88.03056, 15.57875 ], [ -88.03052, 15.57886 ], [ -88.03049, 15.57901 ], [ -88.0305, 15.57916 ], [ -88.0306, 15.57932 ], [ -88.03061, 15.57936 ] ], [ [ -88.03069, 15.5781 ], [ -88.03041, 15.57832 ], [ -88.03011, 15.57859 ], [ -88.02984, 15.57882 ], [ -88.02956, 15.57907 ], [ -88.02937, 15.57922 ], [ -88.02888, 15.57932 ], [ -88.02864, 15.57961 ], [ -88.02821, 15.5799 ], [ -88.02783, 15.58008 ], [ -88.0275, 15.58044 ], [ -88.02718, 15.58078 ], [ -88.02689, 15.58103 ], [ -88.02676, 15.58135 ], [ -88.02678, 15.58171 ], [ -88.02683, 15.58213 ], [ -88.02681, 15.58231 ], [ -88.02684, 15.58276 ], [ -88.02684, 15.58316 ], [ -88.02696, 15.58347 ], [ -88.02717, 15.58378 ], [ -88.02733, 15.58398 ], [ -88.02718, 15.58418 ], [ -88.02684, 15.58445 ], [ -88.0265, 15.58466 ], [ -88.02643, 15.58451 ] ], [ [ -88.01344, 15.53483 ], [ -88.01333, 15.53523 ] ], [ [ -88.01328, 15.53688 ], [ -88.01335, 15.53674 ] ], [ [ -88.01333, 15.53523 ], [ -88.01325, 15.53553 ], [ -88.01322, 15.53588 ], [ -88.01316, 15.53617 ], [ -88.01309, 15.53647 ], [ -88.01301, 15.53677 ], [ -88.01328, 15.53688 ] ], [ [ -88.01333, 15.53523 ], [ -88.01307, 15.53513 ], [ -88.01298, 15.53508 ], [ -88.01256, 15.53488 ], [ -88.01218, 15.5347 ], [ -88.01157, 15.53431 ], [ -88.01166, 15.5341 ], [ -88.01176, 15.53385 ] ], [ [ -88.01328, 15.53688 ], [ -88.01322, 15.53703 ] ], [ [ -88.01176, 15.53385 ], [ -88.01204, 15.53393 ], [ -88.01243, 15.53404 ] ], [ [ -88.01176, 15.53385 ], [ -88.0119, 15.53367 ] ] ] } },
{ "type": "Feature", "properties": { "ID_TRAMOMT": 92705, "ID_APOYO1": 113624, "ID_APOYO2": 113979, "SUBESTACION": "BER", "CIRCUITO": "BER283", "SECTOR": "SAN PEDRO SULA", "LATITUDFINAL": 15.53812845, "LATITUDINICIO": 15.53782034, "LONGITUDFINAL": -88.01873823, "LONGITUDINICIO": -88.01890455, "TIPO": "RAMAL", "ID_EQUIPO": 302324, "CIRCUITO_2": "BER283" }, "geometry": { "type": "MultiLineString", "coordinates": [ [ [ -88.019, 15.53765 ], [ -88.0189, 15.53782 ] ], [ [ -88.0189, 15.53782 ], [ -88.01874, 15.53813 ], [ -88.01857, 15.53809 ] ], [ [ -88.0189, 15.53782 ], [ -88.01876, 15.53775 ] ] ] } },
{ "type": "Feature", "properties": { "ID_TRAMOMT": 89451, "ID_APOYO1": 113193, "ID_APOYO2": 113210, "SUBESTACION": "BER", "CIRCUITO": "BER282", "SECTOR": "SAN PEDRO SULA", "LATITUDFINAL": 15.51839257, "LATITUDINICIO": 15.51876078, "LONGITUDFINAL": -88.03073816, "LONGITUDINICIO": -88.03068135, "TIPO": "RAMAL", "ID_EQUIPO": 305979, "CIRCUITO_2": "BER282" }, "geometry": { "type": "MultiLineString", "coordinates": [ [ [ -88.03068, 15.51876 ], [ -88.03074, 15.51839 ] ] ] } },
{ "type": "Feature", "properties": { "ID_TRAMOMT": 91895, "ID_APOYO1": 113065, "ID_APOYO2": 112905, "SUBESTACION": "BER", "CIRCUITO": "BER282", "SECTOR": "SAN PEDRO SULA", "LATITUDFINAL": 15.52032183, "LATITUDINICIO": 15.52031165, "LONGITUDFINAL": -88.02584873000001, "LONGITUDINICIO": -88.02577459, "TIPO": "RAMAL", "ID_EQUIPO": 302818, "CIRCUITO_2": "BER282" }, "geometry": { "type": "MultiLineString", "coordinates": [ [ [ -88.02577, 15.52031 ], [ -88.02585, 15.52032 ] ], [ [ -88.02583, 15.5198 ], [ -88.0258, 15.52003 ], [ -88.02577, 15.52031 ] ], [ [ -88.02544, 15.51958 ], [ -88.02582, 15.51956 ], [ -88.02583, 15.5198 ] ], [ [ -88.02583, 15.5198 ], [ -88.02572, 15.51977 ] ], [ [ -88.02577, 15.52031 ], [ -88.02573, 15.52077 ], [ -88.02573, 15.52127 ] ] ] } },
{ "type": "Feature", "properties": { "ID_TRAMOMT": 95967, "ID_APOYO1": 126118, "ID_APOYO2": 125678, "SUBESTACION": "BER", "CIRCUITO": "BER288", "SECTOR": "SAN PEDRO SULA", "LATITUDFINAL": 15.51023742, "LATITUDINICIO": 15.51059017, "LONGITUDFINAL": -88.02545367, "LONGITUDINICIO": -88.0254088, "TIPO": "RAMAL", "ID_EQUIPO": 307563, "CIRCUITO_2": "BER288" }, "geometry": { "type": "MultiLineString", "coordinates": [ [ [ -88.02546, 15.51 ], [ -88.02561, 15.50997 ] ], [ [ -88.02546, 15.51 ], [ -88.0255, 15.50967 ], [ -88.02552, 15.50921 ], [ -88.02555, 15.50894 ], [ -88.02556, 15.50861 ] ], [ [ -88.02539, 15.51091 ], [ -88.02539, 15.5108 ], [ -88.02541, 15.51059 ], [ -88.02545, 15.51024 ], [ -88.02546, 15.51 ] ] ] } },
{ "type": "Feature", "properties": { "ID_TRAMOMT": 339640, "ID_APOYO1": 65178, "ID_APOYO2": 64770, "SUBESTACION": "BER", "CIRCUITO": "BER207", "SECTOR": "SAN PEDRO SULA", "LATITUDFINAL": 15.51010706, "LATITUDINICIO": 15.51045998, "LONGITUDFINAL": -88.02041865, "LONGITUDINICIO": -88.02033648, "TIPO": "RAMAL", "ID_EQUIPO": 302653, "CIRCUITO_2": "BER207" }, "geometry": { "type": "MultiLineString", "coordinates": [ [ [ -88.02034, 15.51046 ], [ -88.02042, 15.51011 ] ] ] } },
{ "type": "Feature", "properties": { "ID_TRAMOMT": 312897, "ID_APOYO1": 112404, "ID_APOYO2": 112407, "SUBESTACION": "BER", "CIRCUITO": "BER248", "SECTOR": "SAN PEDRO SULA", "LATITUDFINAL": 15.54811123, "LATITUDINICIO": 15.54779588, "LONGITUDFINAL": -88.01217612000001, "LONGITUDINICIO": -88.01195079, "TIPO": "RAMAL", "ID_EQUIPO": 306096, "CIRCUITO_2": "BER248" }, "geometry": { "type": "MultiLineString", "coordinates": [ [ [ -88.01198, 15.5479 ], [ -88.01195, 15.5478 ], [ -88.01218, 15.54811 ], [ -88.01232, 15.54837 ], [ -88.01246, 15.54864 ] ] ] } },
{ "type": "Feature", "properties": { "ID_TRAMOMT": 73075, "ID_APOYO1": 66170, "ID_APOYO2": 66169, "SUBESTACION": "BER", "CIRCUITO": "BER208", "SECTOR": "SAN PEDRO SULA", "LATITUDFINAL": 15.50647826, "LATITUDINICIO": 15.50634262, "LONGITUDFINAL": -88.02517408, "LONGITUDINICIO": -88.02518273, "TIPO": "TRONCAL", "ID_EQUIPO": 306532, "CIRCUITO_2": "BER208" }, "geometry": { "type": "MultiLineString", "coordinates": [ [ [ -88.02518, 15.50634 ], [ -88.02517, 15.50648 ] ] ] } },
{ "type": "Feature", "properties": { "ID_TRAMOMT": 307293, "ID_APOYO1": 115423, "ID_APOYO2": 115424, "SUBESTACION": "BER", "CIRCUITO": "BER290", "SECTOR": "SAN PEDRO SULA", "LATITUDFINAL": 15.53615187, "LATITUDINICIO": 15.53596968, "LONGITUDFINAL": -88.04131144, "LONGITUDINICIO": -88.04160889000001, "TIPO": "RAMAL", "ID_EQUIPO": 307547, "CIRCUITO_2": "BER290" }, "geometry": { "type": "MultiLineString", "coordinates": [ [ [ -88.04103, 15.53791 ], [ -88.04118, 15.53753 ], [ -88.0413, 15.53712 ], [ -88.04098, 15.53691 ], [ -88.04071, 15.53656 ], [ -88.04084, 15.53645 ], [ -88.04107, 15.53629 ], [ -88.04131, 15.53615 ], [ -88.04161, 15.53597 ], [ -88.04178, 15.53589 ], [ -88.04204, 15.53575 ], [ -88.04224, 15.53565 ], [ -88.04255, 15.53552 ], [ -88.04289, 15.53531 ], [ -88.04312, 15.53513 ] ] ] } },
{ "type": "Feature", "properties": { "ID_TRAMOMT": 3134295, "ID_APOYO1": 113526, "ID_APOYO2": 113849, "SUBESTACION": "BER", "CIRCUITO": "BER282", "SECTOR": "SAN PEDRO SULA", "LATITUDFINAL": 15.53641421, "LATITUDINICIO": 15.53620699, "LONGITUDFINAL": -88.02583478, "LONGITUDINICIO": -88.02581978000001, "TIPO": "RAMAL", "ID_EQUIPO": 25213, "CIRCUITO_2": "BER282" }, "geometry": { "type": "MultiLineString", "coordinates": [ [ [ -88.02585, 15.5367 ], [ -88.02583, 15.53641 ], [ -88.02582, 15.53621 ], [ -88.02572, 15.53621 ], [ -88.02554, 15.53621 ] ] ] } },
{ "type": "Feature", "properties": { "ID_TRAMOMT": 3018156, "ID_APOYO1": 6138281, "ID_APOYO2": 6138286, "SUBESTACION": "BER", "CIRCUITO": "BER205", "SECTOR": "SAN PEDRO SULA", "LATITUDFINAL": 15.5179165, "LATITUDINICIO": 15.51753652, "LONGITUDFINAL": -88.00228603, "LONGITUDINICIO": -88.00234189, "TIPO": "RAMAL", "ID_EQUIPO": 2009816, "CIRCUITO_2": "BER205" }, "geometry": { "type": "MultiLineString", "coordinates": [ [ [ -88.00248, 15.5167 ], [ -88.00243, 15.51693 ], [ -88.00238, 15.51725 ], [ -88.00234, 15.51754 ], [ -88.00229, 15.51792 ], [ -88.00223, 15.51825 ], [ -88.00219, 15.51877 ], [ -88.00218, 15.51898 ], [ -88.0021, 15.51963 ] ] ] } },
{ "type": "Feature", "properties": { "ID_TRAMOMT": 72326, "ID_APOYO1": 64997, "ID_APOYO2": 64983, "SUBESTACION": "BER", "CIRCUITO": "BER207", "SECTOR": "SAN PEDRO SULA", "LATITUDFINAL": 15.50974871, "LATITUDINICIO": 15.50978284, "LONGITUDFINAL": -88.02167548, "LONGITUDINICIO": -88.02211383, "TIPO": "RAMAL", "ID_EQUIPO": 302676, "CIRCUITO_2": "BER207" }, "geometry": { "type": "MultiLineString", "coordinates": [ [ [ -88.02284, 15.50985 ], [ -88.02246, 15.50982 ], [ -88.02211, 15.50978 ], [ -88.02168, 15.50975 ], [ -88.02169, 15.50962 ], [ -88.02173, 15.50962 ] ] ] } },
{ "type": "Feature", "properties": { "ID_TRAMOMT": 72331, "ID_APOYO1": 63895, "ID_APOYO2": 63894, "SUBESTACION": "BER", "CIRCUITO": "BER207", "SECTOR": "SAN PEDRO SULA", "LATITUDFINAL": 15.51102464, "LATITUDINICIO": 15.51094432, "LONGITUDFINAL": -88.02138342000001, "LONGITUDINICIO": -88.02115928000001, "TIPO": "RAMAL", "ID_EQUIPO": 302669, "CIRCUITO_2": "BER207" }, "geometry": { "type": "MultiLineString", "coordinates": [ [ [ -88.02116, 15.51094 ], [ -88.02138, 15.51102 ], [ -88.02149, 15.51067 ] ] ] } },
{ "type": "Feature", "properties": { "ID_TRAMOMT": 70448, "ID_APOYO1": 62656, "ID_APOYO2": 63426, "SUBESTACION": "BER", "CIRCUITO": "BER205", "SECTOR": "SAN PEDRO SULA", "LATITUDFINAL": 15.53304244, "LATITUDINICIO": 15.53377465, "LONGITUDFINAL": -87.9565174, "LONGITUDINICIO": -87.9577481, "TIPO": "RAMAL", "ID_EQUIPO": 306747, "CIRCUITO_2": "BER205" }, "geometry": { "type": "MultiLineString", "coordinates": [ [ [ -87.95853, 15.53431 ], [ -87.95832, 15.53416 ], [ -87.95775, 15.53377 ], [ -87.95652, 15.53304 ], [ -87.95575, 15.53184 ], [ -87.95444, 15.53131 ], [ -87.95324, 15.53028 ], [ -87.95272, 15.52937 ], [ -87.95268, 15.52891 ] ] ] } },
{ "type": "Feature", "properties": { "ID_TRAMOMT": 3060644, "ID_APOYO1": 6508174, "ID_APOYO2": 6508180, "SUBESTACION": "BER", "CIRCUITO": "BER205", "SECTOR": "SAN PEDRO SULA", "LATITUDFINAL": 15.51433003, "LATITUDINICIO": 15.51386881, "LONGITUDFINAL": -88.00232453, "LONGITUDINICIO": -88.00236892, "TIPO": "RAMAL", "ID_EQUIPO": 2007777, "CIRCUITO_2": "BER205" }, "geometry": { "type": "MultiLineString", "coordinates": [ [ [ -88.00237, 15.51387 ], [ -88.00232, 15.51433 ], [ -88.00223, 15.51483 ], [ -88.00221, 15.51506 ], [ -88.00163, 15.51488 ], [ -88.00123, 15.51485 ] ], [ [ -88.00167, 15.51469 ], [ -88.00127, 15.51457 ] ], [ [ -88.00123, 15.51485 ], [ -88.00127, 15.51457 ] ], [ [ -87.99917, 15.51394 ], [ -87.99961, 15.51405 ], [ -88.00004, 15.51416 ], [ -88.00041, 15.51429 ], [ -88.0007, 15.51436 ], [ -88.00088, 15.51441 ], [ -88.00127, 15.51457 ] ], [ [ -88.00123, 15.51485 ], [ -88.00087, 15.51598 ], [ -88.00086, 15.51616 ] ] ] } },
{ "type": "Feature", "properties": { "ID_TRAMOMT": 3020313, "ID_APOYO1": 6144237, "ID_APOYO2": 6144252, "SUBESTACION": "BER", "CIRCUITO": "BER290", "SECTOR": "SAN PEDRO SULA", "LATITUDFINAL": 15.5597998, "LATITUDINICIO": 15.559912, "LONGITUDFINAL": -88.03141009, "LONGITUDINICIO": -88.03162001, "TIPO": "RAMAL", "ID_EQUIPO": 2004365, "CIRCUITO_2": "BER290" }, "geometry": { "type": "MultiLineString", "coordinates": [ [ [ -88.03162, 15.55991 ], [ -88.03141, 15.5598 ], [ -88.03121, 15.55969 ], [ -88.03098, 15.55956 ], [ -88.0306, 15.55935 ], [ -88.03041, 15.55925 ] ], [ [ -88.03041, 15.55925 ], [ -88.03041, 15.55924 ] ], [ [ -88.03041, 15.55925 ], [ -88.03021, 15.55914 ], [ -88.02993, 15.55898 ], [ -88.02961, 15.55881 ], [ -88.02935, 15.55866 ], [ -88.02904, 15.55849 ], [ -88.02865, 15.55821 ], [ -88.02823, 15.5579 ], [ -88.02781, 15.5576 ] ] ] } },
{ "type": "Feature", "properties": { "ID_TRAMOMT": 92698, "ID_APOYO1": 114640, "ID_APOYO2": 114592, "SUBESTACION": "BER", "CIRCUITO": "BER283", "SECTOR": "SAN PEDRO SULA", "LATITUDFINAL": 15.53687203, "LATITUDINICIO": 15.53660627, "LONGITUDFINAL": -88.0193685, "LONGITUDINICIO": -88.01950465, "TIPO": "RAMAL", "ID_EQUIPO": 302321, "CIRCUITO_2": "BER283" }, "geometry": { "type": "MultiLineString", "coordinates": [ [ [ -88.0195, 15.53661 ], [ -88.01937, 15.53687 ] ] ] } },
{ "type": "Feature", "properties": { "ID_TRAMOMT": 92702, "ID_APOYO1": 114592, "ID_APOYO2": 113953, "SUBESTACION": "BER", "CIRCUITO": "BER283", "SECTOR": "SAN PEDRO SULA", "LATITUDFINAL": 15.53743978, "LATITUDINICIO": 15.53687203, "LONGITUDFINAL": -88.01909849, "LONGITUDINICIO": -88.0193685, "TIPO": "RAMAL", "ID_EQUIPO": 302322, "CIRCUITO_2": "BER283" }, "geometry": { "type": "MultiLineString", "coordinates": [ [ [ -88.0193, 15.53719 ], [ -88.01944, 15.53692 ], [ -88.01937, 15.53687 ], [ -88.0191, 15.53744 ], [ -88.019, 15.53765 ] ] ] } },
{ "type": "Feature", "properties": { "ID_TRAMOMT": 92654, "ID_APOYO1": 114859, "ID_APOYO2": 114875, "SUBESTACION": "BER", "CIRCUITO": "BER290", "SECTOR": "SAN PEDRO SULA", "LATITUDFINAL": 15.53723657, "LATITUDINICIO": 15.5376328, "LONGITUDFINAL": -88.03748468000001, "LONGITUDINICIO": -88.03780368, "TIPO": "RAMAL", "ID_EQUIPO": 307466, "CIRCUITO_2": "BER290" }, "geometry": { "type": "MultiLineString", "coordinates": [ [ [ -88.0378, 15.53763 ], [ -88.03809, 15.53736 ] ], [ [ -88.03743, 15.53801 ], [ -88.0378, 15.53763 ] ], [ [ -88.0378, 15.53763 ], [ -88.03748, 15.53724 ], [ -88.03727, 15.53699 ] ] ] } },
{ "type": "Feature", "properties": { "ID_TRAMOMT": 70441, "ID_APOYO1": 63178, "ID_APOYO2": 61949, "SUBESTACION": "BER", "CIRCUITO": "BER205", "SECTOR": "SAN PEDRO SULA", "LATITUDFINAL": 15.53338721, "LATITUDINICIO": 15.53316284, "LONGITUDFINAL": -87.9592368, "LONGITUDINICIO": -87.95881129, "TIPO": "RAMAL", "ID_EQUIPO": 306739, "CIRCUITO_2": "BER205" }, "geometry": { "type": "MultiLineString", "coordinates": [ [ [ -87.95924, 15.53339 ], [ -87.95959, 15.53336 ], [ -87.96008, 15.53363 ], [ -87.9606, 15.53392 ], [ -87.96111, 15.53424 ], [ -87.96165, 15.53454 ] ], [ [ -87.95924, 15.53339 ], [ -87.95887, 15.53386 ] ], [ [ -87.95881, 15.53316 ], [ -87.95924, 15.53339 ] ], [ [ -87.95787, 15.53516 ], [ -87.95751, 15.53523 ], [ -87.95704, 15.53493 ] ], [ [ -87.95718, 15.53601 ], [ -87.95674, 15.53571 ] ], [ [ -87.95646, 15.53687 ], [ -87.95619, 15.53665 ], [ -87.95588, 15.5364 ], [ -87.95555, 15.53675 ], [ -87.9553, 15.53705 ], [ -87.95502, 15.53682 ], [ -87.95479, 15.53665 ], [ -87.95452, 15.53643 ], [ -87.95429, 15.53626 ] ], [ [ -87.94145, 15.53296 ], [ -87.94147, 15.53294 ], [ -87.94169, 15.53264 ] ], [ [ -87.93971, 15.53228 ], [ -87.93965, 15.53208 ], [ -87.93963, 15.53194 ] ], [ [ -87.93299, 15.53578 ], [ -87.93322, 15.5356 ], [ -87.9335, 15.53591 ], [ -87.93372, 15.53616 ], [ -87.9339, 15.536 ], [ -87.93409, 15.53584 ] ], [ [ -87.93398, 15.53459 ], [ -87.93416, 15.53479 ], [ -87.93441, 15.53508 ], [ -87.93461, 15.53532 ], [ -87.93443, 15.53552 ], [ -87.93427, 15.53567 ], [ -87.93409, 15.53584 ] ], [ [ -87.93299, 15.53458 ], [ -87.93325, 15.53489 ], [ -87.9337, 15.53541 ], [ -87.93409, 15.53584 ] ], [ [ -87.93312, 15.53593 ], [ -87.93299, 15.53578 ] ], [ [ -87.93292, 15.53569 ], [ -87.93299, 15.53578 ] ], [ [ -87.93242, 15.5361 ], [ -87.93265, 15.53592 ], [ -87.93292, 15.53569 ] ], [ [ -87.93268, 15.53543 ], [ -87.93292, 15.53569 ] ], [ [ -87.92657, 15.54255 ], [ -87.92633, 15.54277 ], [ -87.92588, 15.54268 ], [ -87.9255, 15.54259 ], [ -87.92515, 15.54253 ], [ -87.92499, 15.5425 ], [ -87.92486, 15.54247 ], [ -87.92457, 15.54242 ], [ -87.92426, 15.54238 ], [ -87.92395, 15.5423 ], [ -87.92367, 15.54219 ] ], [ [ -87.92623, 15.54451 ], [ -87.9262, 15.54463 ] ] ] } },
{ "type": "Feature", "properties": { "ID_TRAMOMT": 75834, "ID_APOYO1": 112416, "ID_APOYO2": 112418, "SUBESTACION": "BER", "CIRCUITO": "BER248", "SECTOR": "SAN PEDRO SULA", "LATITUDFINAL": 15.5488256, "LATITUDINICIO": 15.54873443, "LONGITUDFINAL": -88.01212366, "LONGITUDINICIO": -88.01229106, "TIPO": "RAMAL", "ID_EQUIPO": 306102, "CIRCUITO_2": "BER248" }, "geometry": { "type": "MultiLineString", "coordinates": [ [ [ -88.01456, 15.54902 ], [ -88.01423, 15.54892 ], [ -88.01399, 15.54884 ] ], [ [ -88.01399, 15.54884 ], [ -88.01359, 15.54868 ], [ -88.01335, 15.54858 ], [ -88.01311, 15.54848 ], [ -88.01289, 15.54846 ], [ -88.01246, 15.54864 ], [ -88.01229, 15.54873 ], [ -88.01212, 15.54883 ], [ -88.01193, 15.54892 ], [ -88.01173, 15.54904 ], [ -88.0116, 15.54909 ], [ -88.01136, 15.54921 ], [ -88.01131, 15.54925 ] ], [ [ -88.01391, 15.54883 ], [ -88.01399, 15.54884 ] ], [ [ -88.01131, 15.54925 ], [ -88.01132, 15.54927 ], [ -88.01145, 15.5495 ], [ -88.0114, 15.54965 ] ], [ [ -88.01131, 15.54925 ], [ -88.01104, 15.54938 ], [ -88.01075, 15.54953 ] ], [ [ -88.01131, 15.54925 ], [ -88.01117, 15.549 ] ] ] } },
{ "type": "Feature", "properties": { "ID_TRAMOMT": 92641, "ID_APOYO1": 114810, "ID_APOYO2": 115118, "SUBESTACION": "BER", "CIRCUITO": "BER290", "SECTOR": "SAN PEDRO SULA", "LATITUDFINAL": 15.53956142, "LATITUDINICIO": 15.53957146, "LONGITUDFINAL": -88.03327244, "LONGITUDINICIO": -88.03305803000001, "TIPO": "RAMAL", "ID_EQUIPO": 307458, "CIRCUITO_2": "BER290" }, "geometry": { "type": "MultiLineString", "coordinates": [ [ [ -88.03306, 15.53942 ], [ -88.03306, 15.53957 ], [ -88.03327, 15.53956 ], [ -88.03331, 15.53921 ] ] ] } },
{ "type": "Feature", "properties": { "ID_TRAMOMT": 90534, "ID_APOYO1": 112035, "ID_APOYO2": 112036, "SUBESTACION": "BER", "CIRCUITO": "BER248", "SECTOR": "SAN PEDRO SULA", "LATITUDFINAL": 15.54723797, "LATITUDINICIO": 15.54708679, "LONGITUDFINAL": -88.0133654, "LONGITUDINICIO": -88.01282384, "TIPO": "RAMAL", "ID_EQUIPO": 306067, "CIRCUITO_2": "BER248" }, "geometry": { "type": "MultiLineString", "coordinates": [ [ [ -88.01282, 15.54709 ], [ -88.01337, 15.54724 ] ] ] } },
{ "type": "Feature", "properties": { "ID_TRAMOMT": 72922, "ID_APOYO1": 66126, "ID_APOYO2": 66151, "SUBESTACION": "BER", "CIRCUITO": "BER208", "SECTOR": "SAN PEDRO SULA", "LATITUDFINAL": 15.50558831, "LATITUDINICIO": 15.50587085, "LONGITUDFINAL": -88.02759396, "LONGITUDINICIO": -88.02755839, "TIPO": "TRONCAL", "ID_EQUIPO": 307592, "CIRCUITO_2": "BER208" }, "geometry": { "type": "MultiLineString", "coordinates": [ [ [ -88.02753, 15.50668 ], [ -88.02754, 15.50638 ], [ -88.02754, 15.50608 ], [ -88.02756, 15.50587 ], [ -88.02759, 15.50559 ] ] ] } },
{ "type": "Feature", "properties": { "ID_TRAMOMT": 90532, "ID_APOYO1": 111832, "ID_APOYO2": 112033, "SUBESTACION": "BER", "CIRCUITO": "BER248", "SECTOR": "SAN PEDRO SULA", "LATITUDFINAL": 15.54669981, "LATITUDINICIO": 15.54642078, "LONGITUDFINAL": -88.01244896, "LONGITUDINICIO": -88.01218651000001, "TIPO": "RAMAL", "ID_EQUIPO": 306065, "CIRCUITO_2": "BER248" }, "geometry": { "type": "MultiLineString", "coordinates": [ [ [ -88.01219, 15.54642 ], [ -88.01245, 15.5467 ], [ -88.01282, 15.54709 ] ] ] } },
{ "type": "Feature", "properties": { "ID_TRAMOMT": 72633, "ID_APOYO1": 65263, "ID_APOYO2": 65262, "SUBESTACION": "BER", "CIRCUITO": "BER207", "SECTOR": "SAN PEDRO SULA", "LATITUDFINAL": 15.50926351, "LATITUDINICIO": 15.50943547, "LONGITUDFINAL": -88.01908133000001, "LONGITUDINICIO": -88.01903556000001, "TIPO": "RAMAL", "ID_EQUIPO": 302686, "CIRCUITO_2": "BER207" }, "geometry": { "type": "MultiLineString", "coordinates": [ [ [ -88.01894, 15.50982 ], [ -88.01898, 15.50966 ], [ -88.01904, 15.50944 ], [ -88.01908, 15.50926 ], [ -88.01882, 15.50922 ] ] ] } },
{ "type": "Feature", "properties": { "ID_TRAMOMT": 313913, "ID_APOYO1": 62521, "ID_APOYO2": 62797, "SUBESTACION": "BER", "CIRCUITO": "BER205", "SECTOR": "SAN PEDRO SULA", "LATITUDFINAL": 15.5407227, "LATITUDINICIO": 15.54071326, "LONGITUDFINAL": -87.95198833000001, "LONGITUDINICIO": -87.95208153, "TIPO": "RAMAL", "ID_EQUIPO": 306764, "CIRCUITO_2": "BER205" }, "geometry": { "type": "MultiLineString", "coordinates": [ [ [ -87.95192, 15.53995 ], [ -87.95201, 15.53995 ], [ -87.95224, 15.53994 ] ], [ [ -87.95199, 15.54072 ], [ -87.95201, 15.54094 ], [ -87.95205, 15.54125 ], [ -87.95207, 15.54154 ], [ -87.95209, 15.54174 ] ], [ [ -87.95208, 15.54071 ], [ -87.95199, 15.54072 ] ], [ [ -87.95204, 15.54035 ], [ -87.95196, 15.54036 ] ], [ [ -87.95199, 15.54072 ], [ -87.95173, 15.54075 ] ], [ [ -87.95199, 15.54072 ], [ -87.95198, 15.54057 ], [ -87.95196, 15.54036 ] ], [ [ -87.95196, 15.54036 ], [ -87.95174, 15.54037 ] ], [ [ -87.95196, 15.54036 ], [ -87.95196, 15.54021 ], [ -87.95192, 15.53995 ] ], [ [ -87.95172, 15.53996 ], [ -87.95192, 15.53995 ] ], [ [ -87.9519, 15.53961 ], [ -87.9519, 15.53983 ], [ -87.95192, 15.53995 ] ] ] } },
{ "type": "Feature", "properties": { "ID_TRAMOMT": 358912, "ID_APOYO1": 125720, "ID_APOYO2": 312905, "SUBESTACION": "BER", "CIRCUITO": "BER288", "SECTOR": "SAN PEDRO SULA", "LATITUDFINAL": 15.51309752, "LATITUDINICIO": 15.51309304, "LONGITUDFINAL": -88.02559288, "LONGITUDINICIO": -88.02564491, "TIPO": "RAMAL", "ID_EQUIPO": 307530, "CIRCUITO_2": "BER288" }, "geometry": { "type": "MultiLineString", "coordinates": [ [ [ -88.02564, 15.51309 ], [ -88.02559, 15.5131 ] ] ] } },
{ "type": "Feature", "properties": { "ID_TRAMOMT": 91966, "ID_APOYO1": 112967, "ID_APOYO2": 112972, "SUBESTACION": "BER", "CIRCUITO": "BER282", "SECTOR": "SAN PEDRO SULA", "LATITUDFINAL": 15.51618344, "LATITUDINICIO": 15.51603929, "LONGITUDFINAL": -88.03171092, "LONGITUDINICIO": -88.03160765, "TIPO": "RAMAL", "ID_EQUIPO": 306055, "CIRCUITO_2": "BER282" }, "geometry": { "type": "MultiLineString", "coordinates": [ [ [ -88.03171, 15.51618 ], [ -88.03161, 15.51604 ], [ -88.03187, 15.51612 ], [ -88.03205, 15.51616 ] ] ] } },
{ "type": "Feature", "properties": { "ID_TRAMOMT": 91969, "ID_APOYO1": 112980, "ID_APOYO2": 112984, "SUBESTACION": "BER", "CIRCUITO": "BER282", "SECTOR": "SAN PEDRO SULA", "LATITUDFINAL": 15.51633644, "LATITUDINICIO": 15.51616379, "LONGITUDFINAL": -88.03205817, "LONGITUDINICIO": -88.03204646, "TIPO": "RAMAL", "ID_EQUIPO": 306058, "CIRCUITO_2": "BER282" }, "geometry": { "type": "MultiLineString", "coordinates": [ [ [ -88.03222, 15.51652 ], [ -88.03205, 15.51616 ], [ -88.03206, 15.51634 ] ] ] } },
{ "type": "Feature", "properties": { "ID_TRAMOMT": 96006, "ID_APOYO1": 125971, "ID_APOYO2": 125668, "SUBESTACION": "BER", "CIRCUITO": "BER288", "SECTOR": "SAN PEDRO SULA", "LATITUDFINAL": 15.51301721, "LATITUDINICIO": 15.51298301, "LONGITUDFINAL": -88.0263997, "LONGITUDINICIO": -88.02598, "TIPO": "RAMAL", "ID_EQUIPO": 307537, "CIRCUITO_2": "BER288" }, "geometry": { "type": "MultiLineString", "coordinates": [ [ [ -88.02598, 15.51298 ], [ -88.0264, 15.51302 ] ] ] } },
{ "type": "Feature", "properties": { "ID_TRAMOMT": 3107158, "ID_APOYO1": 107969, "ID_APOYO2": 107967, "SUBESTACION": "BER", "CIRCUITO": "BER281", "SECTOR": "SAN PEDRO SULA", "LATITUDFINAL": 15.54308385, "LATITUDINICIO": 15.54307429, "LONGITUDFINAL": -88.03004511, "LONGITUDINICIO": -88.03015696, "TIPO": "TRONCAL", "ID_EQUIPO": null, "CIRCUITO_2": null }, "geometry": { "type": "MultiLineString", "coordinates": [ [ [ -88.03279, 15.54255 ], [ -88.03278, 15.542 ], [ -88.03278, 15.54149 ], [ -88.03278, 15.54102 ], [ -88.03279, 15.54075 ], [ -88.0328, 15.54054 ], [ -88.03321, 15.54056 ], [ -88.03364, 15.54056 ], [ -88.03401, 15.54058 ], [ -88.03439, 15.54058 ], [ -88.0347, 15.54059 ], [ -88.03504, 15.5406 ], [ -88.0354, 15.54062 ], [ -88.03559, 15.5406 ], [ -88.03584, 15.54059 ], [ -88.03625, 15.54047 ], [ -88.0367, 15.54023 ] ], [ [ -88.03279, 15.54255 ], [ -88.03282, 15.54268 ] ], [ [ -88.0202, 15.5402 ], [ -88.02042, 15.54046 ], [ -88.02063, 15.54082 ], [ -88.02087, 15.54124 ], [ -88.02115, 15.54161 ], [ -88.02141, 15.54194 ], [ -88.02157, 15.54221 ], [ -88.02196, 15.54249 ], [ -88.02242, 15.54263 ], [ -88.02292, 15.54276 ], [ -88.02319, 15.54284 ], [ -88.02327, 15.54287 ], [ -88.02349, 15.54292 ], [ -88.02382, 15.54302 ], [ -88.02414, 15.54313 ], [ -88.02431, 15.54316 ], [ -88.02473, 15.54329 ], [ -88.02507, 15.5434 ], [ -88.02536, 15.54341 ], [ -88.0256, 15.54325 ], [ -88.02587, 15.54323 ], [ -88.02619, 15.54323 ], [ -88.02653, 15.54321 ], [ -88.02688, 15.54321 ], [ -88.02723, 15.5432 ], [ -88.02757, 15.54318 ], [ -88.0279, 15.54317 ], [ -88.0282, 15.54316 ], [ -88.02852, 15.54315 ], [ -88.02885, 15.54313 ], [ -88.0292, 15.54312 ], [ -88.02948, 15.54311 ], [ -88.02976, 15.5431 ], [ -88.03005, 15.54308 ], [ -88.03016, 15.54307 ], [ -88.03056, 15.54306 ], [ -88.03082, 15.54304 ], [ -88.03101, 15.54301 ], [ -88.03129, 15.54295 ], [ -88.03155, 15.5429 ], [ -88.03195, 15.54279 ], [ -88.03225, 15.5427 ], [ -88.03262, 15.5426 ], [ -88.03279, 15.54255 ] ], [ [ -88.02011, 15.54007 ], [ -88.01985, 15.53971 ], [ -88.01961, 15.53934 ], [ -88.01951, 15.53916 ], [ -88.01934, 15.53906 ], [ -88.01907, 15.53898 ], [ -88.01887, 15.53889 ], [ -88.01873, 15.53884 ], [ -88.01858, 15.53879 ], [ -88.01827, 15.53865 ], [ -88.0179, 15.53852 ], [ -88.0175, 15.53837 ], [ -88.01722, 15.53825 ], [ -88.01677, 15.53815 ], [ -88.01645, 15.53799 ], [ -88.01622, 15.53803 ], [ -88.01594, 15.53794 ], [ -88.01579, 15.53789 ], [ -88.01569, 15.53784 ], [ -88.01545, 15.53775 ], [ -88.01527, 15.53767 ], [ -88.01488, 15.53751 ], [ -88.01454, 15.53738 ], [ -88.01412, 15.53724 ], [ -88.01376, 15.53709 ], [ -88.01358, 15.537 ], [ -88.01328, 15.53688 ] ], [ [ -88.01328, 15.53688 ], [ -88.01335, 15.53674 ], [ -88.01339, 15.53657 ], [ -88.01345, 15.5363 ], [ -88.01349, 15.53608 ], [ -88.01356, 15.53582 ], [ -88.01325, 15.53553 ], [ -88.01333, 15.53523 ], [ -88.01336, 15.53512 ], [ -88.01344, 15.53483 ] ], [ [ -88.01328, 15.53688 ], [ -88.01322, 15.53703 ] ], [ [ -88.01328, 15.53688 ], [ -88.01301, 15.53677 ] ] ] } },
{ "type": "Feature", "properties": { "ID_TRAMOMT": 70454, "ID_APOYO1": 62667, "ID_APOYO2": 62668, "SUBESTACION": "BER", "CIRCUITO": "BER205", "SECTOR": "SAN PEDRO SULA", "LATITUDFINAL": 15.53845633, "LATITUDINICIO": 15.53813164, "LONGITUDFINAL": -87.9555678, "LONGITUDINICIO": -87.95539847000001, "TIPO": "RAMAL", "ID_EQUIPO": 306754, "CIRCUITO_2": "BER205" }, "geometry": { "type": "MultiLineString", "coordinates": [ [ [ -87.9554, 15.53813 ], [ -87.95557, 15.53846 ], [ -87.95597, 15.5392 ], [ -87.95637, 15.53986 ], [ -87.95679, 15.54064 ] ] ] } },
{ "type": "Feature", "properties": { "ID_TRAMOMT": 71035, "ID_APOYO1": 63586, "ID_APOYO2": 63587, "SUBESTACION": "BER", "CIRCUITO": "BER247", "SECTOR": "SAN PEDRO SULA", "LATITUDFINAL": 15.53403788, "LATITUDINICIO": 15.53441783, "LONGITUDFINAL": -88.01386964, "LONGITUDINICIO": -88.01380623, "TIPO": "TRONCAL", "ID_EQUIPO": null, "CIRCUITO_2": null }, "geometry": { "type": "MultiLineString", "coordinates": [ [ [ -88.01883, 15.52576 ], [ -88.01891, 15.52575 ] ], [ [ -88.01355, 15.53444 ], [ -88.01381, 15.53442 ], [ -88.01387, 15.53404 ], [ -88.01392, 15.53365 ], [ -88.01402, 15.53325 ], [ -88.01409, 15.5329 ], [ -88.01444, 15.53134 ], [ -88.01454, 15.53084 ] ] ] } },
{ "type": "Feature", "properties": { "ID_TRAMOMT": 90537, "ID_APOYO1": 112395, "ID_APOYO2": 112399, "SUBESTACION": "BER", "CIRCUITO": "BER248", "SECTOR": "SAN PEDRO SULA", "LATITUDFINAL": 15.54755267, "LATITUDINICIO": 15.54712915, "LONGITUDFINAL": -88.0117631, "LONGITUDINICIO": -88.01147197, "TIPO": "RAMAL", "ID_EQUIPO": 306083, "CIRCUITO_2": "BER248" }, "geometry": { "type": "MultiLineString", "coordinates": [ [ [ -88.01179, 15.54759 ], [ -88.01195, 15.5478 ] ], [ [ -88.01179, 15.54759 ], [ -88.0119, 15.5475 ] ], [ [ -88.01174, 15.54762 ], [ -88.01179, 15.54759 ] ], [ [ -88.0116, 15.54716 ], [ -88.01147, 15.54713 ], [ -88.01176, 15.54755 ], [ -88.01179, 15.54759 ] ] ] } },
{ "type": "Feature", "properties": { "ID_TRAMOMT": 73127, "ID_APOYO1": 66138, "ID_APOYO2": 66137, "SUBESTACION": "BER", "CIRCUITO": "BER208", "SECTOR": "SAN PEDRO SULA", "LATITUDFINAL": 15.5049842, "LATITUDINICIO": 15.50500112, "LONGITUDFINAL": -88.0237683, "LONGITUDINICIO": -88.0240201, "TIPO": "RAMAL", "ID_EQUIPO": 307619, "CIRCUITO_2": "BER208" }, "geometry": { "type": "MultiLineString", "coordinates": [ [ [ -88.02435, 15.50504 ], [ -88.02402, 15.505 ], [ -88.02377, 15.50498 ] ] ] } },
{ "type": "Feature", "properties": { "ID_TRAMOMT": 72897, "ID_APOYO1": 66139, "ID_APOYO2": 66141, "SUBESTACION": "BER", "CIRCUITO": "BER208", "SECTOR": "SAN PEDRO SULA", "LATITUDFINAL": 15.50493221, "LATITUDINICIO": 15.50496729, "LONGITUDFINAL": -88.02328327, "LONGITUDINICIO": -88.02351651, "TIPO": "RAMAL", "ID_EQUIPO": 307617, "CIRCUITO_2": "BER208" }, "geometry": { "type": "MultiLineString", "coordinates": [ [ [ -88.02352, 15.50497 ], [ -88.02328, 15.50493 ], [ -88.02309, 15.50492 ], [ -88.02292, 15.5049 ], [ -88.02277, 15.50489 ] ] ] } },
{ "type": "Feature", "properties": { "ID_TRAMOMT": 70482, "ID_APOYO1": 62523, "ID_APOYO2": 62526, "SUBESTACION": "BER", "CIRCUITO": "BER205", "SECTOR": "SAN PEDRO SULA", "LATITUDFINAL": 15.54096415, "LATITUDINICIO": 15.54128945, "LONGITUDFINAL": -87.95259553, "LONGITUDINICIO": -87.952625, "TIPO": "RAMAL", "ID_EQUIPO": 306778, "CIRCUITO_2": "BER205" }, "geometry": { "type": "MultiLineString", "coordinates": [ [ [ -87.95278, 15.54169 ], [ -87.95265, 15.54171 ] ], [ [ -87.95275, 15.54274 ], [ -87.95271, 15.54232 ], [ -87.95268, 15.54203 ], [ -87.95267, 15.54187 ], [ -87.95265, 15.54171 ] ], [ [ -87.95265, 15.54171 ], [ -87.95254, 15.54171 ], [ -87.95233, 15.54172 ], [ -87.95209, 15.54174 ], [ -87.95189, 15.54176 ], [ -87.95166, 15.54178 ], [ -87.9514, 15.5418 ], [ -87.95119, 15.54182 ], [ -87.95107, 15.54184 ] ], [ [ -87.95265, 15.54171 ], [ -87.95264, 15.54153 ], [ -87.95262, 15.54129 ], [ -87.9526, 15.54096 ] ], [ [ -87.95107, 15.54184 ], [ -87.95108, 15.54187 ], [ -87.9511, 15.54216 ], [ -87.95114, 15.54245 ], [ -87.95117, 15.54285 ] ], [ [ -87.95107, 15.54184 ], [ -87.95108, 15.54175 ] ], [ [ -87.95107, 15.54184 ], [ -87.95097, 15.54184 ] ] ] } },
{ "type": "Feature", "properties": { "ID_TRAMOMT": 303807, "ID_APOYO1": 113346, "ID_APOYO2": 112789, "SUBESTACION": "BER", "CIRCUITO": "BER282", "SECTOR": "SAN PEDRO SULA", "LATITUDFINAL": 15.51573157, "LATITUDINICIO": 15.51575747, "LONGITUDFINAL": -88.02975081, "LONGITUDINICIO": -88.03001199000001, "TIPO": "RAMAL", "ID_EQUIPO": 306042, "CIRCUITO_2": "BER282" }, "geometry": { "type": "MultiLineString", "coordinates": [ [ [ -88.03056, 15.51582 ], [ -88.03078, 15.51584 ], [ -88.03105, 15.51588 ], [ -88.03127, 15.51595 ], [ -88.03161, 15.51604 ] ], [ [ -88.03056, 15.51582 ], [ -88.0308, 15.51601 ] ], [ [ -88.03056, 15.51582 ], [ -88.03036, 15.5158 ], [ -88.03001, 15.51576 ], [ -88.02975, 15.51573 ] ] ] } },
{ "type": "Feature", "properties": { "ID_TRAMOMT": 96033, "ID_APOYO1": 126106, "ID_APOYO2": 125963, "SUBESTACION": "BER", "CIRCUITO": "BER288", "SECTOR": "SAN PEDRO SULA", "LATITUDFINAL": 15.51394183, "LATITUDINICIO": 15.51393404, "LONGITUDFINAL": -88.02584489, "LONGITUDINICIO": -88.02557448, "TIPO": "RAMAL", "ID_EQUIPO": 307518, "CIRCUITO_2": "BER288" }, "geometry": { "type": "MultiLineString", "coordinates": [ [ [ -88.02584, 15.51394 ], [ -88.02557, 15.51393 ], [ -88.0253, 15.5139 ], [ -88.02524, 15.51416 ] ] ] } },
{ "type": "Feature", "properties": { "ID_TRAMOMT": 306793, "ID_APOYO1": 114593, "ID_APOYO2": 114182, "SUBESTACION": "BER", "CIRCUITO": "BER282", "SECTOR": "SAN PEDRO SULA", "LATITUDFINAL": 15.53544329, "LATITUDINICIO": 15.53555821, "LONGITUDFINAL": -88.03105463, "LONGITUDINICIO": -88.03106134, "TIPO": "RAMAL", "ID_EQUIPO": 307083, "CIRCUITO_2": "BER282" }, "geometry": { "type": "MultiLineString", "coordinates": [ [ [ -88.03191, 15.53485 ], [ -88.03156, 15.53485 ], [ -88.03124, 15.53486 ], [ -88.03105, 15.53487 ] ], [ [ -88.03105, 15.53544 ], [ -88.0311, 15.53544 ] ], [ [ -88.03106, 15.5359 ], [ -88.03106, 15.53556 ], [ -88.03105, 15.53544 ] ], [ [ -88.03105, 15.53487 ], [ -88.03106, 15.53469 ] ], [ [ -88.03105, 15.53544 ], [ -88.03092, 15.53545 ], [ -88.03057, 15.53545 ] ], [ [ -88.03105, 15.53487 ], [ -88.03106, 15.53499 ], [ -88.03105, 15.53528 ], [ -88.03105, 15.53544 ] ], [ [ -88.03105, 15.53487 ], [ -88.03095, 15.53487 ] ] ] } },
{ "type": "Feature", "properties": { "ID_TRAMOMT": 72597, "ID_APOYO1": 65282, "ID_APOYO2": 65281, "SUBESTACION": "BER", "CIRCUITO": "BER207", "SECTOR": "SAN PEDRO SULA", "LATITUDFINAL": 15.50901604, "LATITUDINICIO": 15.50896339, "LONGITUDFINAL": -88.01785882, "LONGITUDINICIO": -88.01751361, "TIPO": "RAMAL", "ID_EQUIPO": 302728, "CIRCUITO_2": "BER207" }, "geometry": { "type": "MultiLineString", "coordinates": [ [ [ -88.01847, 15.50914 ], [ -88.01861, 15.50917 ] ], [ [ -88.01847, 15.50914 ], [ -88.0184, 15.50924 ] ], [ [ -88.01722, 15.5089 ], [ -88.01751, 15.50896 ], [ -88.01786, 15.50902 ], [ -88.01822, 15.50909 ], [ -88.01847, 15.50914 ] ] ] } },
{ "type": "Feature", "properties": { "ID_TRAMOMT": 72902, "ID_APOYO1": 66145, "ID_APOYO2": 66135, "SUBESTACION": "BER", "CIRCUITO": "BER208", "SECTOR": "SAN PEDRO SULA", "LATITUDFINAL": 15.50466366, "LATITUDINICIO": 15.5048627, "LONGITUDFINAL": -88.02271326, "LONGITUDINICIO": -88.02267695, "TIPO": "RAMAL", "ID_EQUIPO": 307628, "CIRCUITO_2": "BER208" }, "geometry": { "type": "MultiLineString", "coordinates": [ [ [ -88.02277, 15.50489 ], [ -88.02268, 15.50486 ], [ -88.02271, 15.50466 ], [ -88.02248, 15.50461 ] ] ] } },
{ "type": "Feature", "properties": { "ID_TRAMOMT": 72600, "ID_APOYO1": 65278, "ID_APOYO2": 65268, "SUBESTACION": "BER", "CIRCUITO": "BER207", "SECTOR": "SAN PEDRO SULA", "LATITUDFINAL": 15.50921952, "LATITUDINICIO": 15.50913975, "LONGITUDFINAL": -88.01882007, "LONGITUDINICIO": -88.01847474, "TIPO": "RAMAL", "ID_EQUIPO": 302723, "CIRCUITO_2": "BER207" }, "geometry": { "type": "MultiLineString", "coordinates": [ [ [ -88.01871, 15.50968 ], [ -88.01876, 15.50949 ], [ -88.01882, 15.50922 ], [ -88.01847, 15.50914 ] ] ] } },
{ "type": "Feature", "properties": { "ID_TRAMOMT": 303810, "ID_APOYO1": 113110, "ID_APOYO2": 113072, "SUBESTACION": "BER", "CIRCUITO": "BER282", "SECTOR": "SAN PEDRO SULA", "LATITUDFINAL": 15.51582374, "LATITUDINICIO": 15.51569676, "LONGITUDFINAL": -88.02936902, "LONGITUDINICIO": -88.02946162000001, "TIPO": "RAMAL", "ID_EQUIPO": 306046, "CIRCUITO_2": "BER282" }, "geometry": { "type": "MultiLineString", "coordinates": [ [ [ -88.02975, 15.51573 ], [ -88.02946, 15.5157 ], [ -88.02937, 15.51582 ], [ -88.02936, 15.51585 ] ] ] } },
{ "type": "Feature", "properties": { "ID_TRAMOMT": 3037621, "ID_APOYO1": 111938, "ID_APOYO2": 6199311, "SUBESTACION": "BER", "CIRCUITO": "BER248", "SECTOR": "SAN PEDRO SULA", "LATITUDFINAL": 15.5476636, "LATITUDINICIO": 15.54746836, "LONGITUDFINAL": -88.0143785, "LONGITUDINICIO": -88.01437359000001, "TIPO": "RAMAL", "ID_EQUIPO": 306034, "CIRCUITO_2": "BER248" }, "geometry": { "type": "MultiLineString", "coordinates": [ [ [ -88.01437, 15.54747 ], [ -88.01438, 15.54766 ] ] ] } },
{ "type": "Feature", "properties": { "ID_TRAMOMT": 73040, "ID_APOYO1": 66062, "ID_APOYO2": 66161, "SUBESTACION": "BER", "CIRCUITO": "BER208", "SECTOR": "SAN PEDRO SULA", "LATITUDFINAL": 15.50583473, "LATITUDINICIO": 15.50579913, "LONGITUDFINAL": -88.02359536, "LONGITUDINICIO": -88.02347399, "TIPO": "RAMAL", "ID_EQUIPO": 306505, "CIRCUITO_2": "BER208" }, "geometry": { "type": "MultiLineString", "coordinates": [ [ [ -88.0236, 15.50583 ], [ -88.02347, 15.5058 ], [ -88.02346, 15.50578 ] ] ] } },
{ "type": "Feature", "properties": { "ID_TRAMOMT": 92826, "ID_APOYO1": 115407, "ID_APOYO2": 113501, "SUBESTACION": "BER", "CIRCUITO": "BER206", "SECTOR": "SAN PEDRO SULA", "LATITUDFINAL": 15.53449206, "LATITUDINICIO": 15.53456481, "LONGITUDFINAL": -88.03288354, "LONGITUDINICIO": -88.03279066, "TIPO": "RAMAL", "ID_EQUIPO": 2020125, "CIRCUITO_2": "BER206" }, "geometry": { "type": "MultiLineString", "coordinates": [ [ [ -88.03279, 15.53456 ], [ -88.03288, 15.53449 ] ] ] } },
{ "type": "Feature", "properties": { "ID_TRAMOMT": 90203, "ID_APOYO1": 107846, "ID_APOYO2": 107397, "SUBESTACION": "BER", "CIRCUITO": "BER281", "SECTOR": "SAN PEDRO SULA", "LATITUDFINAL": 15.53697593, "LATITUDINICIO": 15.53709374, "LONGITUDFINAL": -88.01382806, "LONGITUDINICIO": -88.01376337000001, "TIPO": "RAMAL", "ID_EQUIPO": 2011976, "CIRCUITO_2": "BER281" }, "geometry": { "type": "MultiLineString", "coordinates": [ [ [ -88.01376, 15.53709 ], [ -88.01383, 15.53698 ], [ -88.01393, 15.53702 ] ] ] } },
{ "type": "Feature", "properties": { "ID_TRAMOMT": 88805, "ID_APOYO1": 107643, "ID_APOYO2": 107645, "SUBESTACION": "BER", "CIRCUITO": "BER280", "SECTOR": "SAN PEDRO SULA", "LATITUDFINAL": 15.53706902, "LATITUDINICIO": 15.53716875, "LONGITUDFINAL": -88.00732025000001, "LONGITUDINICIO": -88.00725546, "TIPO": "RAMAL", "ID_EQUIPO": 302450, "CIRCUITO_2": "BER280" }, "geometry": { "type": "MultiLineString", "coordinates": [ [ [ -88.00791, 15.53694 ], [ -88.00748, 15.53725 ], [ -88.00726, 15.53717 ], [ -88.00732, 15.53707 ] ] ] } },
{ "type": "Feature", "properties": { "ID_TRAMOMT": 3090534, "ID_APOYO1": 6627845, "ID_APOYO2": 108254, "SUBESTACION": "BER", "CIRCUITO": "BER290", "SECTOR": "SAN PEDRO SULA", "LATITUDFINAL": 15.54672837, "LATITUDINICIO": 15.5467189, "LONGITUDFINAL": -88.03356926, "LONGITUDINICIO": -88.03358339, "TIPO": "TRONCAL", "ID_EQUIPO": 2019774, "CIRCUITO_2": "BER290" }, "geometry": { "type": "MultiLineString", "coordinates": [ [ [ -88.03401, 15.54642 ], [ -88.03358, 15.54672 ], [ -88.03357, 15.54673 ] ] ] } },
{ "type": "Feature", "properties": { "ID_TRAMOMT": 72680, "ID_APOYO1": 65284, "ID_APOYO2": 65283, "SUBESTACION": "BER", "CIRCUITO": "BER207", "SECTOR": "SAN PEDRO SULA", "LATITUDFINAL": 15.50890144, "LATITUDINICIO": 15.50918192, "LONGITUDFINAL": -88.0172243, "LONGITUDINICIO": -88.01716974, "TIPO": "RAMAL", "ID_EQUIPO": 302741, "CIRCUITO_2": "BER207" }, "geometry": { "type": "MultiLineString", "coordinates": [ [ [ -88.01717, 15.50918 ], [ -88.01722, 15.5089 ] ], [ [ -88.01722, 15.5089 ], [ -88.01732, 15.5085 ], [ -88.01706, 15.50847 ] ], [ [ -88.01722, 15.5089 ], [ -88.01688, 15.50884 ] ] ] } },
{ "type": "Feature", "properties": { "ID_TRAMOMT": 88799, "ID_APOYO1": 107629, "ID_APOYO2": 107635, "SUBESTACION": "BER", "CIRCUITO": "BER280", "SECTOR": "SAN PEDRO SULA", "LATITUDFINAL": 15.53754402, "LATITUDINICIO": 15.53785707, "LONGITUDFINAL": -88.00821768, "LONGITUDINICIO": -88.00894649, "TIPO": "RAMAL", "ID_EQUIPO": 302445, "CIRCUITO_2": "BER280" }, "geometry": { "type": "MultiLineString", "coordinates": [ [ [ -88.01162, 15.53884 ], [ -88.01139, 15.53884 ], [ -88.011, 15.53867 ], [ -88.01066, 15.53853 ], [ -88.01028, 15.53838 ], [ -88.00985, 15.53821 ], [ -88.00932, 15.53799 ], [ -88.00895, 15.53786 ], [ -88.00822, 15.53754 ], [ -88.00781, 15.53738 ], [ -88.00758, 15.53729 ], [ -88.00748, 15.53725 ] ] ] } },
{ "type": "Feature", "properties": { "ID_TRAMOMT": 70955, "ID_APOYO1": 61229, "ID_APOYO2": 61303, "SUBESTACION": "BER", "CIRCUITO": "BER205", "SECTOR": "SAN PEDRO SULA", "LATITUDFINAL": 15.51320309, "LATITUDINICIO": 15.51303134, "LONGITUDFINAL": -87.98151916, "LONGITUDINICIO": -87.98151835, "TIPO": "RAMAL", "ID_EQUIPO": 302684, "CIRCUITO_2": "BER205" }, "geometry": { "type": "MultiLineString", "coordinates": [ [ [ -87.98152, 15.51303 ], [ -87.98165, 15.51303 ], [ -87.98188, 15.51303 ], [ -87.98188, 15.51294 ], [ -87.98191, 15.51262 ], [ -87.98193, 15.51231 ], [ -87.98196, 15.51193 ], [ -87.98198, 15.51164 ] ], [ [ -87.98152, 15.51303 ], [ -87.98153, 15.51294 ] ], [ [ -87.98152, 15.51303 ], [ -87.98152, 15.5132 ] ], [ [ -87.98152, 15.51303 ], [ -87.98105, 15.513 ], [ -87.9809, 15.51299 ] ], [ [ -87.9809, 15.51299 ], [ -87.9809, 15.51332 ] ], [ [ -87.9809, 15.51299 ], [ -87.9809, 15.51292 ], [ -87.9809, 15.51258 ] ], [ [ -87.9809, 15.51299 ], [ -87.98082, 15.51298 ], [ -87.98041, 15.51295 ] ], [ [ -87.98041, 15.51295 ], [ -87.98042, 15.51285 ], [ -87.98043, 15.51254 ], [ -87.98041, 15.51222 ] ], [ [ -87.98038, 15.51327 ], [ -87.98041, 15.51295 ] ], [ [ -87.98041, 15.51295 ], [ -87.98032, 15.51295 ] ] ] } },
{ "type": "Feature", "properties": { "ID_TRAMOMT": 90531, "ID_APOYO1": 111923, "ID_APOYO2": 111924, "SUBESTACION": "BER", "CIRCUITO": "BER248", "SECTOR": "SAN PEDRO SULA", "LATITUDFINAL": 15.54602742, "LATITUDINICIO": 15.54600926, "LONGITUDFINAL": -88.01320097, "LONGITUDINICIO": -88.01321953, "TIPO": "RAMAL", "ID_EQUIPO": 306022, "CIRCUITO_2": "BER248" }, "geometry": { "type": "MultiLineString", "coordinates": [ [ [ -88.01432, 15.54633 ], [ -88.01439, 15.54633 ], [ -88.01459, 15.54634 ], [ -88.01488, 15.54635 ], [ -88.01516, 15.54635 ], [ -88.01547, 15.54637 ], [ -88.01574, 15.54639 ], [ -88.01593, 15.54639 ], [ -88.01618, 15.5464 ] ], [ [ -88.01436, 15.54744 ], [ -88.01445, 15.54745 ], [ -88.01463, 15.54746 ], [ -88.01495, 15.54747 ], [ -88.01521, 15.54749 ], [ -88.01548, 15.5475 ], [ -88.01584, 15.54752 ], [ -88.01607, 15.54754 ] ], [ [ -88.01435, 15.54687 ], [ -88.0144, 15.54687 ], [ -88.01464, 15.54688 ], [ -88.01491, 15.54689 ] ], [ [ -88.01436, 15.54744 ], [ -88.01437, 15.54747 ] ], [ [ -88.01436, 15.54744 ], [ -88.01436, 15.54716 ], [ -88.01436, 15.54694 ], [ -88.01435, 15.54687 ] ], [ [ -88.01425, 15.54741 ], [ -88.01436, 15.54744 ] ], [ [ -88.01432, 15.54633 ], [ -88.01432, 15.54641 ], [ -88.01433, 15.5466 ], [ -88.01435, 15.54687 ] ], [ [ -88.01423, 15.54685 ], [ -88.01435, 15.54687 ] ], [ [ -88.01432, 15.5462 ], [ -88.01432, 15.54633 ] ], [ [ -88.01322, 15.54601 ], [ -88.01344, 15.54625 ], [ -88.01374, 15.54628 ], [ -88.01405, 15.54629 ], [ -88.01432, 15.54633 ] ], [ [ -88.01329, 15.54584 ], [ -88.01322, 15.54601 ] ], [ [ -88.01322, 15.54601 ], [ -88.0132, 15.54603 ] ] ] } },
{ "type": "Feature", "properties": { "ID_TRAMOMT": 90135, "ID_APOYO1": 107865, "ID_APOYO2": 107862, "SUBESTACION": "BER", "CIRCUITO": "BER280", "SECTOR": "SAN PEDRO SULA", "LATITUDFINAL": 15.53767547, "LATITUDINICIO": 15.53774693, "LONGITUDFINAL": -88.0130669, "LONGITUDINICIO": -88.01325373, "TIPO": "RAMAL", "ID_EQUIPO": 302443, "CIRCUITO_2": "BER280" }, "geometry": { "type": "MultiLineString", "coordinates": [ [ [ -88.01346, 15.53782 ], [ -88.01325, 15.53775 ], [ -88.01307, 15.53768 ], [ -88.01272, 15.53751 ] ] ] } },
{ "type": "Feature", "properties": { "ID_TRAMOMT": 87586, "ID_APOYO1": 125534, "ID_APOYO2": 125536, "SUBESTACION": "BER", "CIRCUITO": "BER288", "SECTOR": "SAN PEDRO SULA", "LATITUDFINAL": 15.5138651, "LATITUDINICIO": 15.51384798, "LONGITUDFINAL": -88.02484694, "LONGITUDINICIO": -88.02464174000001, "TIPO": "RAMAL", "ID_EQUIPO": 307352, "CIRCUITO_2": "BER288" }, "geometry": { "type": "MultiLineString", "coordinates": [ [ [ -88.02464, 15.51385 ], [ -88.02485, 15.51387 ] ], [ [ -88.02464, 15.51385 ], [ -88.02465, 15.51369 ], [ -88.02467, 15.51341 ] ], [ [ -88.02464, 15.51385 ], [ -88.02445, 15.51385 ], [ -88.0241, 15.51382 ] ] ] } },
{ "type": "Feature", "properties": { "ID_TRAMOMT": 72669, "ID_APOYO1": 64963, "ID_APOYO2": 64964, "SUBESTACION": "BER", "CIRCUITO": "BER207", "SECTOR": "SAN PEDRO SULA", "LATITUDFINAL": 15.51731712, "LATITUDINICIO": 15.51738901, "LONGITUDFINAL": -88.01529831000001, "LONGITUDINICIO": -88.0153919, "TIPO": "RAMAL", "ID_EQUIPO": 307898, "CIRCUITO_2": "BER207" }, "geometry": { "type": "MultiLineString", "coordinates": [ [ [ -88.01539, 15.51739 ], [ -88.0153, 15.51732 ] ] ] } },
{ "type": "Feature", "properties": { "ID_TRAMOMT": 316604, "ID_APOYO1": 108201, "ID_APOYO2": 108203, "SUBESTACION": "BER", "CIRCUITO": "BER290", "SECTOR": "SAN PEDRO SULA", "LATITUDFINAL": 15.55784143, "LATITUDINICIO": 15.55759632, "LONGITUDFINAL": -88.03282276, "LONGITUDINICIO": -88.03304534, "TIPO": "RAMAL", "ID_EQUIPO": 2004307, "CIRCUITO_2": "BER290" }, "geometry": { "type": "MultiLineString", "coordinates": [ [ [ -88.03323, 15.55742 ], [ -88.03305, 15.5576 ], [ -88.03282, 15.55784 ] ], [ [ -88.03302, 15.55795 ], [ -88.03296, 15.5579 ], [ -88.03283, 15.55783 ], [ -88.03282, 15.55784 ] ], [ [ -88.03246, 15.5583 ], [ -88.03265, 15.55804 ], [ -88.03282, 15.55784 ] ], [ [ -88.03282, 15.55784 ], [ -88.03265, 15.55773 ] ], [ [ -88.03246, 15.5583 ], [ -88.03223, 15.55862 ] ], [ [ -88.03246, 15.5583 ], [ -88.03223, 15.55815 ], [ -88.03197, 15.558 ], [ -88.03175, 15.55788 ], [ -88.03144, 15.55772 ], [ -88.03117, 15.55759 ], [ -88.03093, 15.55746 ], [ -88.03062, 15.5573 ] ] ] } },
{ "type": "Feature", "properties": { "ID_TRAMOMT": 90527, "ID_APOYO1": 111989, "ID_APOYO2": 111990, "SUBESTACION": "BER", "CIRCUITO": "BER248", "SECTOR": "SAN PEDRO SULA", "LATITUDFINAL": 15.546976, "LATITUDINICIO": 15.54696559, "LONGITUDFINAL": -88.01725248, "LONGITUDINICIO": -88.01755082, "TIPO": "RAMAL", "ID_EQUIPO": 306049, "CIRCUITO_2": "BER248" }, "geometry": { "type": "MultiLineString", "coordinates": [ [ [ -88.01755, 15.54697 ], [ -88.01725, 15.54698 ], [ -88.01699, 15.54698 ] ], [ [ -88.01755, 15.54697 ], [ -88.01758, 15.54722 ], [ -88.0176, 15.5475 ], [ -88.01758, 15.54773 ], [ -88.01759, 15.548 ], [ -88.0176, 15.54828 ], [ -88.01762, 15.54847 ], [ -88.01727, 15.54858 ], [ -88.01696, 15.54866 ], [ -88.01667, 15.54873 ], [ -88.01638, 15.5488 ], [ -88.01614, 15.54885 ], [ -88.01599, 15.54887 ], [ -88.0157, 15.54879 ], [ -88.01543, 15.5487 ] ], [ [ -88.01718, 15.54647 ], [ -88.01753, 15.54648 ], [ -88.01753, 15.54673 ], [ -88.01755, 15.54697 ] ], [ [ -88.01701, 15.54635 ], [ -88.01718, 15.54647 ] ], [ [ -88.01618, 15.5464 ], [ -88.01649, 15.54643 ], [ -88.01683, 15.54645 ], [ -88.01718, 15.54647 ] ] ] } },
{ "type": "Feature", "properties": { "ID_TRAMOMT": 70220, "ID_APOYO1": 61885, "ID_APOYO2": 61764, "SUBESTACION": "BER", "CIRCUITO": "BER205", "SECTOR": "SAN PEDRO SULA", "LATITUDFINAL": 15.53002773, "LATITUDINICIO": 15.52996214, "LONGITUDFINAL": -87.96263383, "LONGITUDINICIO": -87.96316499, "TIPO": "RAMAL", "ID_EQUIPO": 306555, "CIRCUITO_2": "BER205" }, "geometry": { "type": "MultiLineString", "coordinates": [ [ [ -87.96316, 15.52996 ], [ -87.96263, 15.53003 ] ] ] } },
{ "type": "Feature", "properties": { "ID_TRAMOMT": 87579, "ID_APOYO1": 126088, "ID_APOYO2": 125826, "SUBESTACION": "BER", "CIRCUITO": "BER288", "SECTOR": "SAN PEDRO SULA", "LATITUDFINAL": 15.51325121, "LATITUDINICIO": 15.51341396, "LONGITUDFINAL": -88.02467609, "LONGITUDINICIO": -88.02466757000001, "TIPO": "RAMAL", "ID_EQUIPO": 307356, "CIRCUITO_2": "BER288" }, "geometry": { "type": "MultiLineString", "coordinates": [ [ [ -88.02454, 15.51341 ], [ -88.02467, 15.51341 ], [ -88.02468, 15.51325 ], [ -88.02471, 15.5129 ] ] ] } },
{ "type": "Feature", "properties": { "ID_TRAMOMT": 70395, "ID_APOYO1": 61847, "ID_APOYO2": 63045, "SUBESTACION": "BER", "CIRCUITO": "BER205", "SECTOR": "SAN PEDRO SULA", "LATITUDFINAL": 15.53009236, "LATITUDINICIO": 15.52993561, "LONGITUDFINAL": -87.96439636, "LONGITUDINICIO": -87.96427738, "TIPO": "RAMAL", "ID_EQUIPO": 306553, "CIRCUITO_2": "BER205" }, "geometry": { "type": "MultiLineString", "coordinates": [ [ [ -87.9644, 15.53009 ], [ -87.96428, 15.52994 ], [ -87.96413, 15.5298 ], [ -87.96369, 15.52993 ], [ -87.96316, 15.52996 ] ] ] } },
{ "type": "Feature", "properties": { "ID_TRAMOMT": 70605, "ID_APOYO1": 62303, "ID_APOYO2": 62304, "SUBESTACION": "BER", "CIRCUITO": "BER205", "SECTOR": "SAN PEDRO SULA", "LATITUDFINAL": 15.51600595, "LATITUDINICIO": 15.51597917, "LONGITUDFINAL": -87.98342504, "LONGITUDINICIO": -87.98335033, "TIPO": "RAMAL", "ID_EQUIPO": 302677, "CIRCUITO_2": "BER205" }, "geometry": { "type": "MultiLineString", "coordinates": [ [ [ -87.98335, 15.51598 ], [ -87.98343, 15.51601 ], [ -87.98373, 15.51584 ] ], [ [ -87.98356, 15.51631 ], [ -87.98335, 15.51598 ] ], [ [ -87.98316, 15.51567 ], [ -87.9832, 15.51561 ], [ -87.9835, 15.51545 ] ], [ [ -87.98335, 15.51598 ], [ -87.98316, 15.51567 ] ], [ [ -87.98316, 15.51567 ], [ -87.98297, 15.51536 ], [ -87.98277, 15.51503 ] ], [ [ -87.98277, 15.51503 ], [ -87.98285, 15.51507 ], [ -87.98316, 15.5149 ] ], [ [ -87.98258, 15.51474 ], [ -87.98261, 15.51467 ], [ -87.98291, 15.51448 ] ], [ [ -87.98277, 15.51503 ], [ -87.98258, 15.51474 ] ], [ [ -87.98258, 15.51474 ], [ -87.98242, 15.51446 ], [ -87.98216, 15.51411 ] ], [ [ -87.98216, 15.51411 ], [ -87.98228, 15.51415 ] ], [ [ -87.98216, 15.51411 ], [ -87.98204, 15.51389 ], [ -87.98187, 15.51361 ], [ -87.98186, 15.51336 ], [ -87.98188, 15.51303 ] ] ] } },
{ "type": "Feature", "properties": { "ID_TRAMOMT": 73058, "ID_APOYO1": 66041, "ID_APOYO2": 66042, "SUBESTACION": "BER", "CIRCUITO": "BER208", "SECTOR": "SAN PEDRO SULA", "LATITUDFINAL": 15.50650182, "LATITUDINICIO": 15.50653669, "LONGITUDFINAL": -88.02399021, "LONGITUDINICIO": -88.02427006000001, "TIPO": "TRONCAL", "ID_EQUIPO": 306388, "CIRCUITO_2": "BER208" }, "geometry": { "type": "MultiLineString", "coordinates": [ [ [ -88.02427, 15.50654 ], [ -88.02399, 15.5065 ], [ -88.02387, 15.50658 ] ] ] } },
{ "type": "Feature", "properties": { "ID_TRAMOMT": 96456, "ID_APOYO1": 125538, "ID_APOYO2": 125625, "SUBESTACION": "BER", "CIRCUITO": "BER288", "SECTOR": "SAN PEDRO SULA", "LATITUDFINAL": 15.51250059, "LATITUDINICIO": 15.51289896, "LONGITUDFINAL": -88.02474697, "LONGITUDINICIO": -88.02470518, "TIPO": "RAMAL", "ID_EQUIPO": 307358, "CIRCUITO_2": "BER288" }, "geometry": { "type": "MultiLineString", "coordinates": [ [ [ -88.02479, 15.51196 ], [ -88.02475, 15.5125 ], [ -88.02471, 15.5129 ], [ -88.0245, 15.51287 ], [ -88.02419, 15.51286 ] ] ] } },
{ "type": "Feature", "properties": { "ID_TRAMOMT": 91987, "ID_APOYO1": 113355, "ID_APOYO2": 112940, "SUBESTACION": "BER", "CIRCUITO": "BER282", "SECTOR": "SAN PEDRO SULA", "LATITUDFINAL": 15.51674454, "LATITUDINICIO": 15.51661677, "LONGITUDFINAL": -88.02963464, "LONGITUDINICIO": -88.02989505, "TIPO": "RAMAL", "ID_EQUIPO": 306004, "CIRCUITO_2": "BER282" }, "geometry": { "type": "MultiLineString", "coordinates": [ [ [ -88.0299, 15.51662 ], [ -88.02963, 15.51674 ] ] ] } },
{ "type": "Feature", "properties": { "ID_TRAMOMT": 70603, "ID_APOYO1": 62298, "ID_APOYO2": 62299, "SUBESTACION": "BER", "CIRCUITO": "BER205", "SECTOR": "SAN PEDRO SULA", "LATITUDFINAL": 15.51657399, "LATITUDINICIO": 15.51663726, "LONGITUDFINAL": -87.98375405, "LONGITUDINICIO": -87.98375435, "TIPO": "RAMAL", "ID_EQUIPO": 302673, "CIRCUITO_2": "BER205" }, "geometry": { "type": "MultiLineString", "coordinates": [ [ [ -87.98464, 15.51808 ], [ -87.98451, 15.51787 ], [ -87.98444, 15.51777 ], [ -87.98433, 15.51757 ], [ -87.9843, 15.51754 ] ], [ [ -87.98435, 15.5175 ], [ -87.9843, 15.51754 ] ], [ [ -87.9843, 15.51754 ], [ -87.98409, 15.51765 ] ], [ [ -87.9843, 15.51754 ], [ -87.98414, 15.51727 ], [ -87.98394, 15.51693 ], [ -87.98375, 15.51664 ] ], [ [ -87.98375, 15.51664 ], [ -87.98375, 15.51657 ], [ -87.98404, 15.51639 ] ], [ [ -87.98375, 15.51664 ], [ -87.98356, 15.51631 ] ] ] } },
{ "type": "Feature", "properties": { "ID_TRAMOMT": 87574, "ID_APOYO1": 126086, "ID_APOYO2": 125615, "SUBESTACION": "BER", "CIRCUITO": "BER288", "SECTOR": "SAN PEDRO SULA", "LATITUDFINAL": 15.51431807, "LATITUDINICIO": 15.51445862, "LONGITUDFINAL": -88.02463474, "LONGITUDINICIO": -88.02461733, "TIPO": "RAMAL", "ID_EQUIPO": 307330, "CIRCUITO_2": "BER288" }, "geometry": { "type": "MultiLineString", "coordinates": [ [ [ -88.02483, 15.51546 ], [ -88.02481, 15.51549 ], [ -88.0247, 15.51554 ], [ -88.02465, 15.51556 ], [ -88.02457, 15.5155 ] ], [ [ -88.02463, 15.51432 ], [ -88.02464, 15.51409 ], [ -88.02464, 15.51385 ] ], [ [ -88.02463, 15.51432 ], [ -88.02439, 15.51432 ] ], [ [ -88.02457, 15.5155 ], [ -88.02457, 15.51524 ], [ -88.0246, 15.51486 ], [ -88.02462, 15.51446 ], [ -88.02463, 15.51432 ] ], [ [ -88.02451, 15.51577 ], [ -88.02454, 15.51559 ], [ -88.02457, 15.5155 ] ] ] } },
{ "type": "Feature", "properties": { "ID_TRAMOMT": 73039, "ID_APOYO1": 66077, "ID_APOYO2": 66069, "SUBESTACION": "BER", "CIRCUITO": "BER208", "SECTOR": "SAN PEDRO SULA", "LATITUDFINAL": 15.50588058, "LATITUDINICIO": 15.50589706, "LONGITUDFINAL": -88.0254042, "LONGITUDINICIO": -88.02574922, "TIPO": "RAMAL", "ID_EQUIPO": 307545, "CIRCUITO_2": "BER208" }, "geometry": { "type": "MultiLineString", "coordinates": [ [ [ -88.02582, 15.50639 ], [ -88.02583, 15.50627 ], [ -88.02574, 15.50627 ], [ -88.02575, 15.50602 ], [ -88.02575, 15.5059 ], [ -88.0254, 15.50588 ] ] ] } },
{ "type": "Feature", "properties": { "ID_TRAMOMT": 91957, "ID_APOYO1": 113276, "ID_APOYO2": 113285, "SUBESTACION": "BER", "CIRCUITO": "BER282", "SECTOR": "SAN PEDRO SULA", "LATITUDFINAL": 15.51647748, "LATITUDINICIO": 15.51644302, "LONGITUDFINAL": -88.03068683, "LONGITUDINICIO": -88.03032306, "TIPO": "RAMAL", "ID_EQUIPO": 306018, "CIRCUITO_2": "BER282" }, "geometry": { "type": "MultiLineString", "coordinates": [ [ [ -88.03032, 15.51644 ], [ -88.03069, 15.51648 ] ] ] } },
{ "type": "Feature", "properties": { "ID_TRAMOMT": 3090029, "ID_APOYO1": 6627076, "ID_APOYO2": 61776, "SUBESTACION": "BER", "CIRCUITO": "BER205", "SECTOR": "SAN PEDRO SULA", "LATITUDFINAL": 15.52969681, "LATITUDINICIO": 15.53010199, "LONGITUDFINAL": -87.96182111, "LONGITUDINICIO": -87.96178282, "TIPO": "RAMAL", "ID_EQUIPO": 306572, "CIRCUITO_2": "BER205" }, "geometry": { "type": "MultiLineString", "coordinates": [ [ [ -87.96162, 15.53044 ], [ -87.96178, 15.5301 ], [ -87.96182, 15.5297 ] ], [ [ -87.96162, 15.53044 ], [ -87.96118, 15.53056 ], [ -87.96062, 15.53064 ], [ -87.96025, 15.53056 ], [ -87.9599, 15.53046 ], [ -87.95947, 15.53032 ], [ -87.95905, 15.5302 ], [ -87.95866, 15.53007 ], [ -87.95822, 15.52994 ] ], [ [ -87.96162, 15.53044 ], [ -87.96173, 15.53046 ], [ -87.96119, 15.53093 ], [ -87.96096, 15.53116 ] ], [ [ -87.95832, 15.52874 ], [ -87.95854, 15.52846 ], [ -87.95868, 15.52812 ], [ -87.95876, 15.52796 ], [ -87.95889, 15.52777 ] ], [ [ -87.95832, 15.52874 ], [ -87.95821, 15.52876 ] ], [ [ -87.95822, 15.52994 ], [ -87.95834, 15.52967 ], [ -87.95793, 15.52954 ], [ -87.95814, 15.52911 ], [ -87.95832, 15.52874 ] ], [ [ -87.95822, 15.52994 ], [ -87.95809, 15.53027 ], [ -87.95789, 15.5307 ] ] ] } },
{ "type": "Feature", "properties": { "ID_TRAMOMT": 75798, "ID_APOYO1": 112240, "ID_APOYO2": 112239, "SUBESTACION": "BER", "CIRCUITO": "BER248", "SECTOR": "SAN PEDRO SULA", "LATITUDFINAL": 15.55818948, "LATITUDINICIO": 15.55790802, "LONGITUDFINAL": -88.01824939, "LONGITUDINICIO": -88.01851844, "TIPO": "RAMAL", "ID_EQUIPO": 306258, "CIRCUITO_2": "BER248" }, "geometry": { "type": "MultiLineString", "coordinates": [ [ [ -88.01879, 15.55815 ], [ -88.01852, 15.55791 ], [ -88.01825, 15.55819 ] ] ] } }
]
}
